taxa_suavizada,projecao,dp_latente,inferior,superior,p_abaixo,id_municipio,fold,ficou_abaixo,baseline_prevalencia,coberto,gap_ate_meta,taxa_2023_invertida
84.73276374581766,87.33746379406247,11.313251048083595,65.1638991917586,100.0,0.25830735969077356,1100098,0,1,0.4661062906724512,True,-5.299999999999997,-85.3
51.527708246833086,54.132408295077894,11.32185207805451,31.941985983801082,76.3228306063547,0.5696776645790872,1100130,0,0,0.4661062906724512,True,4.719999999999999,-51.4
72.05755687585065,74.66225692409546,11.47662858745041,52.168478228749855,97.15603561944106,0.4624350495304643,1100155,0,1,0.4661062906724512,True,1.1799999999999926,-72.4
62.18802432849886,64.79272437674368,12.722379676973494,39.857318412231294,89.72813034125605,0.5162160129253646,1100254,0,0,0.4661062906724512,True,2.9100000000000037,-62.4
68.65129198583628,71.25599203408109,10.862552232403564,49.96578087838493,92.54620318977723,0.4759224196597202,1100288,0,0,0.4661062906724512,True,1.7999999999999972,-68.8
62.874985882641376,65.47968593088619,11.47662858745041,42.98590723554059,87.97346462623179,0.5114805542360886,1100338,0,1,0.4661062906724512,True,2.8100000000000023,-63.0
61.250139349783964,63.85483939802877,13.84367431019002,36.721736336353956,90.98794245970359,0.5208878779231785,1100403,0,1,0.4661062906724512,True,3.0799999999999983,-61.5
54.92387039882358,57.52857044706839,16.20358169607872,25.770133902201643,89.28700699193513,0.532252997439455,1100601,0,0,0.4661062906724512,True,4.240000000000002,-54.6
79.4721276803958,82.07682772864061,13.237569939500608,56.13166740438935,100.0,0.4376662057416045,1100924,0,1,0.4661062906724512,True,-0.7000000000000028,-80.7
81.78699424639734,84.39169429464215,18.413967925851043,48.300980347498374,100.0,0.4057474379831503,1101476,0,1,0.4661062906724512,True,-6.099999999999994,-86.1
65.5086944260753,68.1133944743201,12.219974541637296,44.162684480714645,92.06410446792556,0.49956271422319193,1101492,0,1,0.4661062906724512,True,2.299999999999997,-65.8
55.907398968884074,58.51209901712888,16.271243703685833,26.62104737423052,90.40315066002724,0.5295884289543105,1101807,0,1,0.4661062906724512,True,4.019999999999996,-55.7
59.06242363144574,61.66712367969055,11.589103551683255,38.95289810528614,84.38134925409496,0.5307059152259564,1300706,0,1,0.4661062906724512,True,3.460000000000001,-59.1
45.35352941531377,47.95822946355858,10.806284363041726,26.778301305298434,69.13815762181872,0.6054966994245045,1301852,0,1,0.4661062906724512,True,5.649999999999999,-45.2
46.380862628989256,48.985562677234064,10.470240719902133,28.46426795676115,69.50685739770697,0.6052243505717692,1301902,0,1,0.4661062906724512,True,5.480000000000004,-46.3
41.503197867484324,44.10789791572913,13.237569939500608,18.162737591477875,70.05305823998039,0.5805764121914714,1302207,0,1,0.4661062906724512,True,6.199999999999996,-40.6
51.90621837889825,54.51091842714306,11.180170589462325,32.598186730782956,76.42365012350317,0.5681438378116274,1302702,0,0,0.4661062906724512,True,4.630000000000003,-51.8
23.003364438212504,25.608064486457316,13.327815097576444,0.0,51.730102070316335,0.5738647559906818,1302801,0,0,0.4661062906724512,True,7.09,-21.0
75.29498296583654,77.89968301408135,12.074814674115471,54.233481132819264,100.0,0.4538589406483443,1303205,0,1,0.4661062906724512,True,0.5999999999999943,-75.9
28.764158017863192,31.368858066108004,13.999258547730667,3.930815502291388,58.80690062992461,0.5720201844257784,1303601,0,0,0.4661062906724512,True,7.209999999999997,-26.7
33.440508899211586,36.045208947456395,10.90238885166801,14.676919452736094,57.41349844217669,0.642629798812937,1303908,0,1,0.4661062906724512,True,6.93,-33.1
41.61678876740695,44.22148881565176,10.476550012201844,23.687828109503478,64.75514952180004,0.6271794406744068,1304062,0,1,0.4661062906724512,True,6.119999999999997,-41.5
49.570252497028235,52.174952545273044,12.046657084463037,28.563938525621193,75.78596656492489,0.5703367344593054,1304104,0,1,0.4661062906724512,True,5.010000000000005,-49.3
57.02540222217324,59.63010227041805,12.638622907973712,34.85885655660668,84.4013479842294,0.5378183451375637,1304302,0,0,0.4661062906724512,True,3.8299999999999983,-57.0
39.8321701413135,42.436870189558306,10.484969642406778,21.886707311445207,62.987033067671405,0.6340854327228354,1500107,0,1,0.4661062906724512,True,6.329999999999998,-39.7
58.9970270606466,61.60172710889141,10.139016022819993,41.72962086548968,81.47383335229313,0.5356902882647894,1500800,0,1,0.4661062906724512,True,3.509999999999998,-59.0
38.9100300954864,41.51473014373121,11.054807903327358,19.847704797200834,63.18175549026158,0.6233789467237814,1500909,0,1,0.4661062906724512,True,6.390000000000001,-38.6
57.22477397817757,59.82947402642238,13.770428217888144,32.83993066766753,86.81901738517722,0.5341591027668241,1501006,0,0,0.4661062906724512,True,3.809999999999995,-57.2
58.07220496919955,60.676905017444355,13.346481793635212,34.51828138159979,86.83552865328892,0.5317436078946974,1501576,0,1,0.4661062906724512,True,3.6400000000000006,-58.1
42.80433470736787,45.40903475561268,10.460203897004423,24.907411846538487,65.91065766468687,0.6223846165132594,1501709,0,1,0.4661062906724512,True,5.969999999999999,-42.7
61.94765392350174,64.55235397174656,10.77432317512964,43.43506859069721,85.66963935279588,0.5154603625566709,1502202,0,1,0.4661062906724512,True,2.969999999999999,-62.0
45.57000372167337,48.17470376991818,13.632161684645371,21.456157836586378,74.89324970324998,0.5671438258037305,1502509,0,0,0.4661062906724512,True,5.68,-44.8
54.75827697177289,57.362977020017695,16.411310269287334,25.197399953102178,89.52855408693321,0.53101183228859,1502608,0,1,0.4661062906724512,True,4.240000000000002,-54.4
51.001856177456816,53.606556225701624,11.875009854649646,30.331964594530092,76.88114785687316,0.5659941612109421,1502772,0,0,0.4661062906724512,True,4.780000000000001,-50.8
53.04132216107816,55.64602220932297,11.8985888708707,32.32521655556729,78.96682786307865,0.5576008486796397,1502954,0,1,0.4661062906724512,True,4.469999999999999,-52.9
33.36775705619224,35.97245710443705,11.462355841278614,13.506652477548649,58.43826173132544,0.6274846430840897,1503200,0,0,0.4661062906724512,True,6.900000000000006,-32.8
37.05112523987435,39.65582528811916,11.08503788527779,17.929550265712642,61.38210031052567,0.6298490240054124,1503309,0,1,0.4661062906724512,True,6.6299999999999955,-36.7
24.0587558936432,26.663455941888014,13.794524761637621,0.0,53.700227658543724,0.5672519057232837,1503408,0,0,0.4661062906724512,True,7.199999999999999,-21.8
40.17287767630651,42.77757772455132,11.67725169481937,19.890584964296043,65.66457048480659,0.6087095497066485,1503457,0,1,0.4661062906724512,True,6.299999999999997,-39.7
49.29873941512943,51.90343946337424,10.766481703172607,30.801523084946467,73.00535584180201,0.5848182187645689,1503903,0,1,0.4661062906724512,True,5.009999999999998,-49.2
38.4750053680259,41.079705416270706,11.54447373132513,18.452952682404714,63.7064581501367,0.6158268619520377,1504505,0,1,0.4661062906724512,True,6.479999999999997,-38.0
32.4045843193271,35.00928436757191,10.778304291023849,13.884196142751637,56.13437259239217,0.6475092487754595,1504703,0,1,0.4661062906724512,True,6.990000000000002,-32.1
61.32577851781374,63.93047856605855,11.253446542787652,41.87412864024796,85.98682849186913,0.5201813042783626,1505031,0,1,0.4661062906724512,True,3.1000000000000014,-61.4
49.01608572941111,51.62078577765592,11.564444132791248,28.954891776159528,74.28667977915231,0.5794735860741506,1505106,0,0,0.4661062906724512,True,5.140000000000001,-48.8
34.80167655269082,37.40637660093563,10.84924835916906,16.14224055763399,58.67051264423726,0.6408484575640059,1505304,0,1,0.4661062906724512,True,6.82,-34.5
48.92828934234959,51.5329893905944,12.893121976126402,26.26293466910476,76.80304411208404,0.5661275902983703,1505403,0,0,0.4661062906724512,True,5.18,-48.5
62.46949861067425,65.07419865891906,10.409035314419143,44.67286432885197,85.47553298898613,0.5101861379952092,1505502,0,1,0.4661062906724512,True,2.8400000000000034,-62.5
58.25644063855776,60.86114068680257,13.723160432194433,33.96424048563635,87.75804088796878,0.5298816943080003,1505635,0,1,0.4661062906724512,True,3.5900000000000034,-58.3
72.21712962014392,74.82182966838873,11.220604313972258,52.829849328228335,96.81381000854911,0.4598265704445907,1505908,0,0,0.4661062906724512,True,1.1899999999999977,-72.5
57.30517300206386,59.90987305030867,11.12955092791687,38.096354067487255,81.72339203313007,0.5425793141246352,1506005,0,1,0.4661062906724512,True,3.8000000000000043,-57.3
42.418802244874676,45.023502293119485,12.435491228330918,20.650387355527123,69.39661723071184,0.5899019670062227,1506161,0,0,0.4661062906724512,True,6.050000000000004,-41.8
43.5375842918831,46.14228434012791,11.073500672125258,24.438621839982318,67.8459468402735,0.6066932455063788,1506203,0,0,0.4661062906724512,True,5.840000000000003,-43.3
41.02554066418197,43.630240712426776,10.872492337610286,22.320547308522908,64.93993411633063,0.6209949337740214,1506500,0,1,0.4661062906724512,True,6.18,-40.8
53.739671843032085,56.34437189127689,12.18773811296392,32.45684413686144,80.23189964569234,0.5543519063090094,1506583,0,1,0.4661062906724512,True,4.409999999999997,-53.6
46.56851200412504,49.17321205236985,12.527623079040723,24.619522005557247,73.72690209918244,0.5755499517838709,1507151,0,1,0.4661062906724512,True,5.460000000000001,-46.1
46.758616891876514,49.36331694012132,11.48751787419599,26.848195634937053,71.87843824530559,0.5887391727119,1507458,0,0,0.4661062906724512,True,5.439999999999998,-46.5
33.86793154707333,36.47263159531814,11.735018065764287,13.472418828493247,59.472844362143036,0.6220277074634989,1507805,0,1,0.4661062906724512,True,6.919999999999995,-33.2
61.69556987723762,64.30026992548243,11.580797513281519,41.602323887199624,86.99821596376522,0.5161771083273282,1508126,0,1,0.4661062906724512,True,2.969999999999999,-61.8
34.606934635931914,37.21163468417672,10.856453761742143,15.933376311337728,58.48989305701571,0.639888824897136,1508308,0,1,0.4661062906724512,True,6.800000000000004,-34.3
65.87696096216246,68.48166101040727,12.979471143435564,43.04236503089664,93.92095698991788,0.49994894651172517,1600154,0,1,0.4661062906724512,True,2.180000000000007,-66.3
36.00467069009169,38.6093707383365,12.496139810135343,14.117386764694036,63.10135471197896,0.6010745539877747,1600204,0,1,0.4661062906724512,True,6.710000000000001,-35.1
47.943636727033265,50.548336775278074,15.201476347093521,20.753990623137263,80.34268292741888,0.5476929237940767,1600212,0,0,0.4661062906724512,True,5.369999999999997,-47.0
29.798869270989822,32.403569319234634,12.368390013150037,8.16197034671567,56.64516829175359,0.6097426236736834,1600808,0,1,0.4661062906724512,True,7.150000000000002,-28.7
61.0247537115986,63.62945375984341,22.813921478968027,18.9149893149413,100.0,0.5244756849364529,1700251,0,0,0.4661062906724512,True,2.9299999999999997,-62.1
85.950955342094,88.55565539033881,23.486690812239882,42.52258728232085,100.0,0.35782567997761344,1700350,0,1,0.4661062906724512,True,-15.5,-95.5
33.32321551741802,35.92791556566283,16.34046767609613,3.901187429973497,67.95464370135215,0.5363777471377519,1702901,0,0,0.4661062906724512,True,7.120000000000001,-30.3
59.241874604345135,61.84657465258994,17.612921303270113,27.325883235642245,96.36726606953764,0.5227158430038502,1703107,0,1,0.4661062906724512,True,3.3500000000000014,-59.5
34.6836263956811,37.28832644392591,22.813921478968027,0.0,82.002790888828,0.45518289757359087,1703826,0,0,0.4661062906724512,True,7.219999999999999,-27.5
50.69557236132777,53.30027240957258,20.72563057925182,12.678782917356983,93.92176190178816,0.5151975836179982,1705102,0,1,0.4661062906724512,True,5.090000000000003,-49.0
61.34280026660608,63.94750031485089,19.260238299527693,26.19812691411763,100.0,0.5226170984898274,1705557,0,1,0.4661062906724512,True,2.940000000000005,-62.1
34.759756821449656,37.364456869694465,22.813921478968027,0.0,82.07892131459656,0.4549026211332472,1705607,0,0,0.4661062906724512,True,7.18,-27.6
49.19227230882208,51.79697235706689,16.072730170161055,20.295000090320883,83.2989446238129,0.5394759998896751,1706001,0,1,0.4661062906724512,True,5.189999999999998,-48.2
40.797092589582235,43.40179263782704,15.344571674967778,13.326984796696738,73.47660047895734,0.5533511409944097,1707108,0,0,0.4661062906724512,True,6.359999999999999,-39.1
49.923753631216805,52.52845367946161,17.71732962534038,17.803125711569933,87.25378164735329,0.5286069325970335,1707207,0,1,0.4661062906724512,True,5.099999999999994,-48.7
38.41887011359743,41.02357016184224,18.413967925851043,4.932856214698461,77.114284108986,0.5150846947701571,1707306,0,0,0.4661062906724512,True,6.719999999999999,-35.0
54.29736691399316,56.90206696223797,19.58472655383971,18.516708269646877,95.28742565482905,0.5211328771257235,1708304,0,1,0.4661062906724512,True,4.339999999999996,-53.6
44.58203637594179,47.1867364241866,10.895716746726182,25.83152401485335,68.54194883351984,0.6078814141298152,1709500,0,0,0.4661062906724512,True,5.770000000000003,-44.4
41.009625110355714,43.61432515860052,34.764906203361406,0.0,100.0,0.3961516396891252,1709807,0,1,0.4661062906724512,True,7.16,-27.3
60.437395525499,63.04209557374381,20.31377276149815,23.227832571076668,100.0,0.5229238508939195,1711506,0,1,0.4661062906724512,True,3.1099999999999923,-61.1
39.87549855730672,42.48019860555153,20.945339077889816,1.4280883689080923,83.53230884219495,0.4925683839597751,1711803,0,0,0.4661062906724512,True,6.690000000000005,-35.4
43.17572565400921,45.78042570225402,18.677103188753584,9.173976116758787,82.38687528774925,0.5189940946088412,1712009,0,1,0.4661062906724512,True,6.170000000000002,-40.5
27.32740642370385,29.93210647194866,15.444592768512429,0.0,60.202952054120786,0.5370879912094316,1712504,0,0,0.4661062906724512,True,7.170000000000002,-24.2
47.66960500689527,50.274305055140076,18.413967925851043,14.1835911079963,86.36501900228384,0.5256705765058374,1714302,0,1,0.4661062906724512,True,5.560000000000002,-45.9
25.90234905905092,28.50704910729573,16.411310269287334,0.0,60.672626174211246,0.513196177267084,1717503,0,0,0.4661062906724512,True,7.150000000000002,-21.9
24.032110466711718,26.63681051495653,26.089712934258404,0.0,77.77170823309181,0.32820297486439565,1717800,0,0,0.4661062906724512,True,5.529999999999999,-9.5
56.80929391815793,59.413993966402735,10.761660799720586,38.32152638511387,80.5064615476916,0.545719070209311,1718204,0,1,0.4661062906724512,True,3.8500000000000014,-56.8
67.38142161968659,69.9861216679314,19.756367345919944,31.264353204585127,100.0,0.5232871390915463,1718402,0,1,0.4661062906724512,True,1.6400000000000006,-69.5
25.007613417805366,27.61231346605018,20.120437475889677,0.0,67.04764627198394,0.43775159370139644,1718659,0,1,0.4661062906724512,True,6.859999999999999,-17.6
29.764361182085008,32.36906123032982,18.677103188753584,0.0,68.97551081582505,0.4874197580979877,1718881,0,0,0.4661062906724512,True,7.18,-24.6
61.56100083258875,64.16570088083357,25.578835819387578,14.032103908370821,100.0,0.5273396262735528,1718899,0,1,0.4661062906724512,True,2.719999999999999,-63.2
45.32788133204029,47.9325813802851,15.656772194944676,17.2458717640454,78.6192909965248,0.5464580215303798,1720101,0,0,0.4661062906724512,True,5.759999999999998,-44.0
64.5616199901519,67.1663200383967,17.31688021239011,33.22585849751776,100.0,0.5173576245198503,1720499,0,1,0.4661062906724512,True,2.3200000000000074,-65.6
36.65353957584772,39.258239624092525,13.894142702206683,12.026220331707396,66.49025891647764,0.5756802259509588,1722081,0,1,0.4661062906724512,True,6.709999999999994,-35.2
67.58568323386635,70.19038328211116,11.922772008488536,46.82217954959134,93.55858701463097,0.48861214165249983,2100303,0,1,0.4661062906724512,False,1.9499999999999886,-67.9
32.81022726893071,35.41492731717552,13.071213174895385,9.795820260135102,61.03403437421593,0.593885110511754,2100832,0,0,0.4661062906724512,True,7.020000000000003,-31.5
67.15341427704517,69.75811432528998,13.291109914574788,43.70801757816015,95.8082110724198,0.4970550542858615,2101301,0,1,0.4661062906724512,True,1.9599999999999937,-67.7
65.41584820081168,68.02054824905649,10.695187183295449,47.05836656188302,88.98272993622996,0.49251976743051545,2101608,0,1,0.4661062906724512,True,2.319999999999993,-65.5
50.48675815484449,53.091458203089296,10.785370489649342,31.95252048345545,74.23039592272313,0.5785876729315371,2101707,0,0,0.4661062906724512,False,4.829999999999998,-50.4
60.869239345706355,63.47393939395116,13.945984786936362,36.14031148261239,90.80756730528994,0.5219031031377692,2101731,0,0,0.4661062906724512,True,3.1399999999999935,-61.1
35.28848504194916,37.89318509019397,14.81602502691131,8.854309643403706,66.93206053698422,0.5605337351807649,2102150,0,0,0.4661062906724512,True,6.850000000000001,-33.3
39.43292253979266,42.03762258803747,10.823833733339498,20.823298296042335,63.251946880032605,0.628270302818145,2102325,0,1,0.4661062906724512,True,6.3799999999999955,-39.2
64.90973129975984,67.51443134800465,17.31688021239011,33.57396980712571,100.0,0.5180915435002695,2102408,0,1,0.4661062906724512,True,2.299999999999997,-66.0
44.99387496752844,47.59857501577325,12.349898158494533,23.393219412386426,71.80393061916007,0.5849962903674875,2102804,0,0,0.4661062906724512,True,5.75,-44.5
91.08733987708435,93.69203992532915,13.13562895308493,67.94668026300111,100.0,0.148622653876668,2103158,0,0,0.4661062906724512,True,-12.900000000000006,-92.9
47.215239540702946,49.819939588947754,10.716584771018313,28.815819400481434,70.82405977741408,0.5972954205618316,2103208,0,1,0.4661062906724512,True,5.359999999999999,-47.1
44.548255714771635,47.15295576301644,12.907159526582848,21.855387948201,72.45052357783189,0.5779144553005754,2103554,0,0,0.4661062906724512,True,5.789999999999999,-43.9
65.55305188406304,68.15775193230785,11.8985888708707,44.83694627855216,91.47855758606353,0.49940480389683084,2103703,0,1,0.4661062906724512,True,2.3400000000000034,-65.8
54.950416990388895,57.5551170386337,11.203623872137909,35.59641775291021,79.51381632435718,0.5530727546540424,2104057,0,0,0.4661062906724512,True,4.149999999999999,-54.9
45.78818409245288,48.39288414069769,13.346481793635212,22.234260504853125,74.55150777654225,0.5695037949947539,2104107,0,0,0.4661062906724512,False,5.6299999999999955,-45.1
81.64195925803752,84.24665930628233,13.255218777675752,58.26690789483881,100.0,0.3743415058358923,2104305,0,0,0.4661062906724512,True,-3.0,-83.0
85.72132917280193,88.32602922104674,16.009440093701553,56.94810322474014,100.0,0.3015073997945542,2104503,0,1,0.4661062906724512,True,-9.0,-89.0
95.1119550731556,97.71665512140041,14.626267452743164,69.0496976857734,100.0,0.11289209258106264,2104628,0,0,0.4661062906724512,True,-18.299999999999997,-98.3
70.57350260432518,73.17820265257,18.167301600408837,37.57094581949178,100.0,0.5158460373948845,2104701,0,0,0.4661062906724512,True,1.1000000000000085,-72.8
42.53322230888641,45.13792235713122,10.574398310818225,24.412482509746308,65.86336220451612,0.6193445713062942,2104800,0,1,0.4661062906724512,True,5.950000000000003,-42.4
45.237730600904676,47.842430649149485,10.200492038466297,27.84983362916798,67.835027669131,0.6148201719702607,2105302,0,0,0.4661062906724512,True,5.619999999999997,-45.2
90.87068841282274,93.47538846106755,16.072730170161055,61.973416194321544,100.0,0.20090284410964487,2105658,0,1,0.4661062906724512,True,-14.799999999999997,-94.8
83.69591995638106,86.30062000462587,14.77680021573578,57.338623775040034,100.0,0.3349133186102805,2105922,0,1,0.4661062906724512,True,-6.0,-86.0
84.40067677260585,87.00537682085066,14.662977662502099,58.26646869623123,100.0,0.31641069631685387,2106003,0,0,0.4661062906724512,True,-6.700000000000003,-86.7
40.01124025418533,42.61594030243014,13.868740293579014,15.43370881607581,69.79817178878446,0.5739041057423561,2106102,0,0,0.4661062906724512,True,6.400000000000006,-38.8
51.90438260215216,54.50908265039697,13.103081726356544,28.82751438025322,80.19065092054072,0.5537544424597577,2106300,0,0,0.4661062906724512,False,4.68,-51.6
95.41498513350278,98.01968518174759,16.20358169607872,66.26124863688085,100.0,0.13305179728889216,2106672,0,0,0.4661062906724512,True,-20.0,-100.0
35.92505829704425,38.52975834528906,12.53829659901323,13.95514858374208,63.104368106836034,0.6019615334477761,2106706,0,0,0.4661062906724512,True,6.770000000000003,-35.0
93.12609171615145,95.73079176439626,12.77270246891937,70.69675494006846,100.0,0.10905027405498358,2107100,0,1,0.4661062906724512,False,-14.799999999999997,-94.8
57.31073709305743,59.91543714130224,12.270166098027971,35.86635350484305,83.96452077776144,0.5374832050430216,2108454,0,0,0.4661062906724512,True,3.770000000000003,-57.3
26.153869208297365,28.758569256542177,12.387177950591939,4.480146603293296,53.036991909791055,0.6053914126090725,2108702,0,0,0.4661062906724512,False,7.170000000000002,-24.9
81.39691490362918,84.00161495187399,13.794524761637621,56.96484323521827,100.0,0.3858747670457665,2108801,0,1,0.4661062906724512,False,-3.0,-83.0
54.86108394878933,57.46578399703414,11.398171971162558,35.1257774439616,79.80579055010666,0.551801941825231,2109106,0,1,0.4661062906724512,True,4.150000000000006,-54.8
67.87154821671301,70.47624826495782,11.391742810707632,48.14884263482777,92.80365389508786,0.4826267305192385,2109452,0,1,0.4661062906724512,True,1.8800000000000097,-68.1
54.4390982047286,57.04379825297341,10.7967371056046,35.88258237544116,78.20501413050565,0.5598621560261807,2110005,0,0,0.4661062906724512,True,4.270000000000003,-54.4
82.33013058530204,84.93483063354685,17.132649939377128,51.35545379263533,100.0,0.38665935243296234,2110237,0,1,0.4661062906724512,True,-5.900000000000006,-85.9
25.04076914361442,27.64546919185923,14.59014724544713,0.0,56.24163232207188,0.55084393382127,2110658,0,0,0.4661062906724512,True,7.210000000000001,-22.3
51.65096891041871,54.25566895866352,13.384461803611284,28.022605871133383,80.48873204619365,0.55302732133046,2110906,0,0,0.4661062906724512,False,4.740000000000002,-51.3
64.73931305734898,67.34401310559379,13.654483375487017,40.58171746213832,94.10630874904925,0.5071865966658051,2111029,0,0,0.4661062906724512,True,2.3900000000000006,-65.2
35.22384110796579,37.8285411562106,14.258440450576778,9.882511397371047,65.77457091505013,0.5704582977172409,2111052,0,0,0.4661062906724512,True,6.859999999999999,-33.5
93.475224133206,96.0799241814508,18.543370768587877,59.73558532304574,100.0,0.19292931980579375,2111722,0,1,0.4661062906724512,True,-20.0,-100.0
33.57369343715419,36.178393485399,13.291109914574788,10.128296738269174,62.22849023252881,0.5902129524701013,2111763,0,0,0.4661062906724512,False,7.009999999999998,-32.2
42.94162254067267,45.54632258891748,12.228183848250852,21.5795226500114,69.51312252782355,0.5916274176577742,2111805,0,0,0.4661062906724512,True,5.980000000000004,-42.4
45.98696861796828,48.59166866621309,14.227953200906141,20.705392818715666,76.4779445137105,0.5600096582173383,2112001,0,0,0.4661062906724512,True,5.640000000000001,-45.1
39.43777827311321,42.04247832135802,11.818560451463348,18.878525487380408,65.20643115533562,0.6092327491874084,2112308,0,0,0.4661062906724512,False,6.420000000000002,-38.9
56.440540248316736,59.045240296561545,12.12601480547822,35.27868800182476,82.81179259129833,0.542516405720395,2112456,0,1,0.4661062906724512,True,3.940000000000005,-56.4
76.23322567048243,78.83792571872723,11.86343981910376,55.58601094052548,100.0,0.44642719003119324,2112605,0,1,0.4661062906724512,False,0.4399999999999977,-76.8
98.33953457152042,100.0,10.881379604816324,79.61712249221654,100.0,0.027128600078701857,2112704,0,0,0.4661062906724512,True,-18.900000000000006,-98.9
49.33102788333396,51.93572793157877,12.396685202054151,27.638671407871982,76.23278445528555,0.5683459908176408,2112902,0,0,0.4661062906724512,True,5.07,-49.0
78.52784349884256,81.13254354708737,17.412820840444216,47.00404183056822,100.0,0.47407076338322085,2200053,0,0,0.4661062906724512,True,-1.7000000000000028,-81.7
54.20631404694266,56.81101409518747,21.415737950172993,14.83693901050075,98.78508917987418,0.5174862612296451,2200954,0,0,0.4661062906724512,True,4.450000000000003,-53.3
42.206254291202804,44.81095433944761,14.320788687377515,16.74272428197904,72.87918439691617,0.5645966515006389,2201101,0,1,0.4661062906724512,True,6.140000000000001,-41.0
42.270574118497734,44.87527416674254,20.945339077889816,3.8231639300991063,85.92738440338596,0.49913767138399967,2201309,0,0,0.4661062906724512,True,6.43,-38.4
41.037342776305266,43.642042824550074,17.935543621624245,8.489023283019463,78.79506236608069,0.5248507520739978,2201408,0,1,0.4661062906724512,True,6.460000000000001,-38.3
58.51431323524809,61.1190132834929,19.260238299527693,23.369639882759635,98.86838668422615,0.5236197358091982,2201770,0,1,0.4661062906724512,True,3.559999999999995,-58.7
82.23310085623942,84.83780090448423,15.656772194944676,54.15109128824453,100.0,0.3786642057710986,2202026,0,0,0.4661062906724512,True,-4.900000000000006,-84.9
21.72640716391044,24.331107212155253,15.827556203801228,0.0,55.35254733488916,0.5060211958089991,2202174,0,0,0.4661062906724512,False,6.870000000000001,-17.7
63.780124037309406,66.38482408555421,20.72563057925182,25.76333459333862,100.0,0.5252985001178383,2202455,0,0,0.4661062906724512,True,2.4000000000000057,-65.3
40.42718212911634,43.03188217736115,15.827556203801228,12.010442054627234,74.05332230009506,0.5479789134364765,2202539,0,0,0.4661062906724512,True,6.439999999999998,-38.5
60.55145572455253,63.15615577279734,18.677103188753584,26.549706187302107,99.76260535829257,0.5235643555330659,2202851,0,1,0.4661062906724512,True,3.1600000000000037,-61.1
78.0578607787705,80.66256082701531,14.855919903660133,51.54549285862969,100.0,0.4806039307758736,2203008,0,1,0.4661062906724512,True,0.03999999999999204,-79.9
69.39906170871772,72.00376175696253,13.818937992031962,44.91914098798763,99.08838252593743,0.4918085885170076,2203305,0,0,0.4661062906724512,True,1.519999999999996,-70.2
35.46128420150442,38.06598424974923,15.394101529634638,7.894099677312376,68.23786882218607,0.5535865133539498,2203354,0,1,0.4661062906724512,True,6.939999999999998,-33.2
90.45226763611585,93.05696768436066,19.58472655383971,54.67160899176957,100.0,0.252484654220844,2203453,0,0,0.4661062906724512,True,-17.400000000000006,-97.4
57.012527464201504,59.61722751244631,11.348346092348411,37.374877887347566,81.85957713754506,0.5418539138948408,2203701,0,0,0.4661062906724512,True,3.8100000000000023,-57.0
45.363407962903004,47.96810801114781,16.137427672810382,16.339330969319438,79.59688505297618,0.5434703260620398,2204204,0,1,0.4661062906724512,True,5.829999999999998,-43.9
24.513315817456196,27.118015865701008,17.412820840444216,0.0,61.24651758222015,0.48721757796846576,2204352,0,0,0.4661062906724512,True,7.059999999999999,-19.5
77.53769032656001,80.14239037480482,14.081988760608219,52.542199573314875,100.0,0.4716262768579543,2205201,0,1,0.4661062906724512,True,0.14000000000000057,-79.0
55.885120169036135,58.48982021728094,15.656772194944676,27.803110601041244,89.17652983352063,0.5310593395922568,2205565,0,1,0.4661062906724512,True,4.009999999999998,-55.7
14.70043785262256,17.305137900867372,18.28867868272067,0.0,53.15028944382532,0.3848330673369313,2205581,0,0,0.4661062906724512,True,4.749999999999999,-7.2
22.88174373660241,25.48644378484722,22.21136395069029,0.0,69.01991717571148,0.38392658407130914,2205599,0,0,0.4661062906724512,True,6.23,-12.7
39.42794644044336,42.032646488688165,11.469457458428286,19.552922947954414,64.5123700294219,0.6157986885107307,2206209,0,0,0.4661062906724512,True,6.409999999999997,-39.0
60.07863224418496,62.68333229242977,14.81602502691131,33.64445684563951,91.72220773922002,0.5241293066654191,2206407,0,1,0.4661062906724512,True,3.280000000000001,-60.3
65.69260647518595,68.29730652343076,11.589103551683255,45.58308094902635,91.01153209783517,0.4969945963515203,2207009,0,0,0.4661062906724512,True,2.309999999999988,-65.9
67.17187546840807,69.77657551665288,24.65934616774623,21.44514514556446,100.0,0.5404312823572145,2207405,0,1,0.4661062906724512,True,1.480000000000004,-70.8
45.60926874014612,48.21396878839093,12.527623079040723,23.660278741578328,72.76765883520352,0.5789633557487269,2207801,0,1,0.4661062906724512,True,5.609999999999999,-45.1
53.07500211215996,55.679702160404766,11.054807903327358,34.01267681387439,77.34672750693514,0.5629012624828378,2208007,0,1,0.4661062906724512,True,4.43,-53.0
60.15741415532683,62.76211420357164,16.712103583515947,30.006993073977604,95.51723533316567,0.523091935437106,2208106,0,1,0.4661062906724512,True,3.229999999999997,-60.5
57.762848849922776,60.367548898167584,19.9347931830373,21.29607222015988,99.43902557617528,0.5214519304870673,2208874,0,1,0.4661062906724512,True,3.6400000000000006,-57.8
70.74336010611944,73.34806015436425,19.260238299527693,35.598686753630986,100.0,0.5226055210204021,2209500,0,0,0.4661062906724512,True,1.039999999999992,-73.4
41.141120440426185,43.745820488670994,23.486690812239882,0.0,89.77888859668894,0.4749483664941516,2209609,0,0,0.4661062906724512,True,6.670000000000002,-35.6
38.783297354484084,41.38799740272889,21.668015323453318,0.0,83.8565270531594,0.48383910789182616,2209658,0,1,0.4661062906724512,True,6.909999999999997,-33.6
35.11415256550324,37.71885261374805,13.794524761637621,10.68208089709233,64.75562433040376,0.5787562590741473,2209971,0,0,0.4661062906724512,False,6.859999999999999,-33.6
95.57292113207599,98.1776211803208,16.009440093701553,66.7996951840142,100.0,0.1280973021399437,2210052,0,0,0.4661062906724512,True,-20.0,-100.0
89.41618371658882,92.02088376483363,16.873912831339112,58.94862233714067,100.0,0.23811024056416125,2210201,0,0,0.4661062906724512,True,-13.799999999999997,-93.8
89.75794265906316,92.36264270730797,17.612921303270113,57.84195129036027,100.0,0.24136840536397575,2210300,0,0,0.4661062906724512,True,-14.799999999999997,-94.8
58.294830547892026,60.899530596136835,22.21136395069029,17.36605720527256,100.0,0.5210132843409474,2210375,0,1,0.4661062906724512,True,3.5700000000000003,-58.5
56.2788161693335,58.88351621757831,24.24372534287553,11.366687694461291,100.0,0.5152420307686075,2210391,0,0,0.4661062906724512,True,4.010000000000005,-55.8
67.95532843396711,70.56002848221192,11.473034270063168,48.07329451949431,93.04676244492951,0.4833132374269439,2210607,0,0,0.4661062906724512,True,1.8799999999999955,-68.2
30.28186667706315,32.88656672530796,17.612921303270113,0.0,67.40725814225564,0.5073255284819991,2210623,0,0,0.4661062906724512,True,7.210000000000001,-26.0
88.9078986878311,91.51259873607592,17.223525611382208,57.755108850963566,100.0,0.2519318446311023,2210631,0,1,0.4661062906724512,True,-13.5,-93.5
42.134710147107036,44.739410195351844,22.21136395069029,1.2059368044875711,88.2728835862161,0.4888761045418014,2211704,0,0,0.4661062906724512,True,6.519999999999996,-37.6
85.87427380110479,88.4789738493496,14.662977662502099,59.74006572473017,100.0,0.28154520970011654,2300101,0,0,0.4661062906724512,True,-8.299999999999997,-88.3
95.41406537368138,98.01876542192619,10.660297367517995,77.12496651710377,100.0,0.045488294087570436,2300200,0,0,0.4661062906724512,True,-15.799999999999997,-95.8
74.06710339476547,76.67180344301028,13.566834081213884,50.081297259600504,100.0,0.47672967543699785,2300408,0,1,0.4661062906724512,True,0.7800000000000011,-75.1
93.10665494200732,95.71135499025213,16.072730170161055,64.20938272350612,100.0,0.16415681740186322,2300804,0,0,0.4661062906724512,True,-17.299999999999997,-97.3
86.4915699790087,89.09627002725351,11.725114346049049,66.11546819438345,100.0,0.21893539749622615,2301208,0,0,0.4661062906724512,True,-7.299999999999997,-87.3
96.46273902471738,99.06743907296219,13.566834081213884,72.47693288955242,100.0,0.07994449726752556,2301257,0,0,0.4661062906724512,True,-18.900000000000006,-98.9
77.85210601426522,80.45680606251003,10.787412995983287,59.313865104023456,100.0,0.42403003216471996,2302206,0,0,0.4661062906724512,True,0.29000000000000625,-78.1
92.5743022474248,95.1790022956696,10.959568377457048,73.69864298974971,100.0,0.08302623238661017,2302503,0,0,0.4661062906724512,True,-13.099999999999994,-93.1
96.5194425595541,99.1241426077989,10.633342404568403,78.28317445956229,100.0,0.03604833633713191,2302800,0,0,0.4661062906724512,True,-16.900000000000006,-96.9
87.30154204801487,89.90624209625967,10.650361871462149,69.03191640587525,100.0,0.17615137920662927,2303501,0,0,0.4661062906724512,True,-7.599999999999994,-87.6
97.1246311158021,99.72933116404691,14.054025332182942,72.18394767515477,100.0,0.08018612961013499,2303659,0,0,0.4661062906724512,True,-20.0,-100.0
98.40736317028274,100.0,12.340761064424134,76.82461599044206,100.0,0.04431628984562137,2304004,0,0,0.4661062906724512,True,-20.0,-100.0
93.3487720058314,95.95347205407622,10.458456330820892,75.45527431178235,100.0,0.06357797801679016,2304202,0,0,0.4661062906724512,True,-13.599999999999994,-93.6
98.76028977350528,100.0,11.138039814968542,79.53483292603858,100.0,0.027542817602622133,2304251,0,0,0.4661062906724512,True,-19.5,-99.5
98.23370863700825,100.0,12.179825893776147,76.96638859548344,100.0,0.043550207496465265,2304509,0,0,0.4661062906724512,True,-19.700000000000003,-99.7
91.00536486004893,93.61006490829374,16.009440093701553,62.232138911987136,100.0,0.1976271084804163,2304806,0,0,0.4661062906724512,True,-14.900000000000006,-94.9
97.99874144217034,100.0,10.950534068369905,79.14078910493126,100.0,0.029951895403855188,2305001,0,0,0.4661062906724512,True,-18.599999999999994,-98.6
95.37931024540609,97.9840102936509,13.237569939500608,72.03884996939964,100.0,0.08714330095471301,2305654,0,0,0.4661062906724512,True,-17.5,-97.5
96.22664747593393,98.83134752417874,13.503857820759766,72.36427254314005,100.0,0.08158090131257623,2306009,0,0,0.4661062906724512,True,-18.599999999999994,-98.6
90.15773904102372,92.76243908926853,11.058494179620736,71.08818877396607,100.0,0.12423271989279727,2306306,0,0,0.4661062906724512,True,-10.700000000000003,-90.7
96.2534967045577,98.85819675280251,12.253183208567938,74.84239896803841,100.0,0.061896691218368695,2307635,0,0,0.4661062906724512,True,-17.700000000000003,-97.7
84.25761412108714,86.86231416933195,11.054807903327358,65.19528882280159,100.0,0.2673808079829344,2308104,0,0,0.4661062906724512,True,-4.700000000000003,-84.7
94.8082052265775,97.41290527482231,12.685834035715585,72.54912745096735,100.0,0.08493432674091439,2308609,0,0,0.4661062906724512,True,-16.5,-96.5
71.78064568322154,74.38534573146634,10.986123702819153,52.85293894423898,95.9177525186937,0.4577616882193201,2308708,0,0,0.4661062906724512,True,1.2199999999999989,-72.0
83.79791873339516,86.40261878163997,14.227953200906141,58.51634293414255,100.0,0.32635421073797444,2309102,0,0,0.4661062906724512,True,-5.799999999999997,-85.8
95.99351611413904,98.59821616238385,13.945984786936362,71.26458825104507,100.0,0.09116924492416612,2310100,0,0,0.4661062906724512,True,-18.700000000000003,-98.7
94.73135558577194,97.33605563401674,15.827556203801228,66.31461551128282,100.0,0.13669076918757422,2310407,0,0,0.4661062906724512,True,-18.900000000000006,-98.9
89.33480944072103,91.93950948896584,11.86343981910376,68.68759471076409,100.0,0.15710868555460944,2310852,0,0,0.4661062906724512,True,-10.299999999999997,-90.3
88.07282484863575,90.67752489688056,10.693593916416162,69.71846595540825,100.0,0.15901913100661325,2311306,0,0,0.4661062906724512,True,-8.400000000000006,-88.4
95.76306677550201,98.36776682374682,14.738228326051523,69.48137010875777,100.0,0.10633320406325553,2312809,0,0,0.4661062906724512,True,-19.099999999999994,-99.1
96.47106654565779,99.0757665939026,12.496139810135343,74.58378262026014,100.0,0.06343862110186312,2313005,0,0,0.4661062906724512,True,-18.099999999999994,-98.1
91.35642046243737,93.96112051068218,15.769447670611738,63.05357102019411,100.0,0.18799009950938828,2313252,0,0,0.4661062906724512,True,-15.099999999999994,-95.1
84.42423030735253,87.02893035559734,12.195708434926882,63.1257810571893,100.0,0.2821911507325834,2313351,0,0,0.4661062906724512,True,-5.400000000000006,-85.4
98.04169681543902,100.0,12.313774898553604,76.51184154878541,100.0,0.04680145027453199,2313955,0,0,0.4661062906724512,True,-19.599999999999994,-99.6
48.85915516252805,51.463855210772856,13.055526715996706,25.875493048218818,77.05221737332688,0.5643817394127393,2400703,0,1,0.4661062906724512,True,5.18,-48.4
31.200002420908913,33.804702469153725,20.120437475889677,0.0,73.24003527508748,0.47315962755370855,2400901,0,0,0.4661062906724512,True,7.2500000000000036,-25.2
38.177176266732125,40.781876314976934,15.602131938722477,10.202259633038782,71.36149299691508,0.5512057613052753,2401305,0,0,0.4661062906724512,True,6.689999999999998,-36.1
30.553332547733042,33.15803259597785,18.04964855241795,0.0,68.53469369232255,0.5013696315934244,2401404,0,0,0.4661062906724512,True,7.219999999999999,-26.0
55.97123252711396,58.57593257535877,25.578835819387578,8.442335602896023,100.0,0.5123827447096053,2401503,0,0,0.4661062906724512,True,4.07,-55.3
62.68575723770436,65.29045728594917,26.640364637529235,13.076302061377412,100.0,0.5323039976456033,2401651,0,1,0.4661062906724512,True,2.450000000000003,-65.0
36.141850633200804,38.74655068144561,11.56850056353225,16.072706221791076,61.420395141100144,0.6206414644293539,2402006,0,0,0.4661062906724512,True,6.699999999999996,-35.6
38.2398470763494,40.84454712459421,11.720204955584723,17.87336752022028,63.81572672896813,0.6130011355895614,2402204,0,1,0.4661062906724512,True,6.509999999999998,-37.7
60.147740445559435,62.752440493804244,15.248285417078657,32.86635025034275,92.63853073726573,0.523730550349028,2402709,0,1,0.4661062906724512,True,3.259999999999998,-60.4
52.39816817304271,55.00286822128752,15.947510581215212,23.746321839034273,86.25941460354076,0.5364008934667953,2403004,0,0,0.4661062906724512,True,4.660000000000004,-51.8
41.74190817864994,44.34660822689475,12.074814674115471,20.680406345632672,68.01281010815683,0.5975751317495972,2403103,0,1,0.4661062906724512,True,6.1299999999999955,-41.2
48.15118153115204,50.75588157939685,11.019310022205042,29.1584308013937,72.35333235739999,0.5888258685763568,2403608,0,1,0.4661062906724512,True,5.229999999999997,-48.0
48.93652005320091,51.54122010144572,26.640364637529235,0.0,100.0,0.4866563736166754,2403905,0,0,0.4661062906724512,True,5.649999999999999,-45.0
29.471113354182144,32.07581340242695,23.486690812239882,0.0,78.10888151044492,0.41594332430792935,2404002,0,0,0.4661062906724512,True,7.09,-20.0
57.87483709999378,60.47953714823859,14.855919903660133,31.362469179852972,89.5966051166242,0.5279178624778812,2404309,0,1,0.4661062906724512,True,3.6200000000000045,-57.9
41.962043815035976,44.566743863280784,15.295975255437837,14.587183254206764,74.54630447235479,0.5541669732661535,2404408,0,0,0.4661062906724512,True,6.25,-40.4
42.37294466445722,44.97764471270203,13.945984786936362,17.644016801363254,72.3112726240408,0.5689476265915444,2404606,0,1,0.4661062906724512,True,6.100000000000001,-41.3
47.80220026910703,50.40690031735184,14.485184658256003,22.016460077757937,78.79734055694574,0.5541743482390097,2405009,0,1,0.4661062906724512,True,5.380000000000003,-47.0
23.887759796634253,26.492459844879065,12.296130137344612,2.392487626466071,50.59243206329205,0.6041527097691446,2405801,0,0,0.4661062906724512,True,7.139999999999997,-22.6
35.65892887122399,38.2636289194688,12.593060680642354,13.58168353028232,62.945574308655274,0.6020221020294131,2406502,0,1,0.4661062906724512,True,6.82,-34.7
58.62564898946293,61.23034903770774,14.026451339649181,33.73900958109174,88.72168849432373,0.5281244537669226,2407708,0,1,0.4661062906724512,True,3.519999999999996,-58.7
32.3862260964077,34.990926144652505,23.140734341188725,0.0,80.34593202919163,0.4381702811141065,2408409,0,1,0.4661062906724512,True,7.190000000000001,-24.2
18.27301011871514,20.87771016695995,14.662977662502099,0.0,49.61661829157937,0.5152947257193267,2408953,0,0,0.4661062906724512,True,6.540000000000001,-14.9
20.512275999009688,23.1169760472545,15.066090191936835,0.0,52.645970211282844,0.518079927776285,2409803,0,1,0.4661062906724512,True,6.800000000000001,-17.0
41.84821820624057,44.452918254485375,13.443106260519198,18.104914143522816,70.80092236544793,0.5763038516324317,2409902,0,1,0.4661062906724512,True,6.140000000000001,-40.9
58.3097757918002,60.91447584004501,16.411310269287334,28.74889877312949,93.08005290696052,0.5249132356688149,2410256,0,1,0.4661062906724512,True,3.539999999999999,-58.4
55.977242755328355,58.58194280357316,20.31377276149815,18.767679800906024,98.39620580624029,0.5209659200902296,2410504,0,1,0.4661062906724512,True,4.049999999999997,-55.6
22.27043997133816,24.87514001958297,11.532735160910434,2.2713944609597725,47.47888557820617,0.623357395332016,2411205,0,0,0.4661062906724512,True,7.100000000000001,-21.4
24.637903280988585,27.242603329233397,14.81602502691131,0.0,56.28147877602365,0.5437319861829439,2411403,0,0,0.4661062906724512,True,7.170000000000002,-21.7
53.53163915414362,56.13633920238843,22.50461461169605,12.028105077510311,100.0,0.5137120863439578,2411429,0,1,0.4661062906724512,True,4.609999999999999,-52.3
57.769031174807566,60.373731223052374,18.413967925851043,24.2830172759086,96.46444517019614,0.5233043077275359,2411601,0,1,0.4661062906724512,True,3.6500000000000057,-57.8
50.58098427445271,53.18568432269752,17.511461039657277,18.863851368292913,87.50751727710211,0.5294599910087519,2412104,0,0,0.4661062906724512,True,4.979999999999997,-49.5
39.69148176977397,42.29618181801878,18.815397070519058,5.418681204980977,79.17368243105658,0.5138600972288763,2412401,0,0,0.4661062906724512,True,6.650000000000006,-36.3
28.16295404067592,30.767654088920732,21.932880799635484,0.0,73.75531053341635,0.42965509892271236,2412807,0,1,0.4661062906724512,True,7.079999999999998,-19.8
24.106546199749793,26.711246247994605,16.137427672810382,0.0,58.34002328982297,0.5115866914966285,2412906,0,0,0.4661062906724512,True,7.079999999999998,-20.1
58.630292943781804,61.23499299202661,13.794524761637621,34.1982212753709,88.27176470868233,0.5296162904450294,2414803,0,1,0.4661062906724512,True,3.559999999999995,-58.7
44.32387161951583,46.928571667760636,16.558092359716458,14.475306990028535,79.38183634549273,0.5397228110551612,2500536,0,1,0.4661062906724512,True,5.979999999999997,-42.6
44.403867451135206,47.008567499380014,17.132649939377128,13.429190658468492,80.58794434029153,0.5339889593395378,2500775,0,0,0.4661062906724512,True,5.969999999999999,-42.5
37.95158786335066,40.55628791159547,16.558092359716458,8.103023233863368,73.00955258932757,0.5366597993514101,2500908,0,0,0.4661062906724512,True,6.68,-35.4
49.4571002008711,52.06180024911591,16.558092359716458,19.60853557138381,84.515064926848,0.5358077147290905,2501351,0,0,0.4661062906724512,False,5.149999999999999,-48.4
32.55381118779257,35.15851123603738,18.543370768587877,0.0,71.50285009444244,0.5011077284044979,2501575,0,0,0.4661062906724512,True,7.210000000000001,-28.0
60.74841902593418,63.35311907417899,19.419472473486998,25.291652427377507,100.0,0.5227268075305916,2502052,0,0,0.4661062906724512,True,3.059999999999995,-61.4
32.197904310841764,34.80260435908657,21.17512372487933,0.0,76.3050842280297,0.4619517176433728,2502201,0,0,0.4661062906724512,True,7.18,-25.6
32.41694110158522,35.02164114983003,16.791995534581208,2.1099346734934485,67.93334762616661,0.5256019259669937,2502607,0,0,0.4661062906724512,False,7.100000000000001,-29.0
53.850375424503454,56.45507547274826,13.770428217888144,29.465532113993415,83.4446188315031,0.5432244527166679,2502805,0,1,0.4661062906724512,True,4.350000000000001,-53.6
60.49445548461213,63.09915553285694,16.957936503366554,29.862210734141392,96.33610033157248,0.5216525950613244,2503100,0,0,0.4661062906724512,True,3.1199999999999974,-60.9
78.24809487183798,80.85279492008279,13.46311702770482,54.4655704261334,100.0,0.4617503849143702,2503506,0,1,0.4661062906724512,True,0.060000000000002274,-79.5
34.338787972144,36.943488020388806,14.352670922616655,8.812769930104885,65.07420611067272,0.5704124225245832,2503555,0,0,0.4661062906724512,True,6.990000000000002,-32.5
55.22636168105031,57.831061729295115,16.873912831339112,24.758800301602157,90.90332315698807,0.5295011432470702,2503803,0,1,0.4661062906724512,True,4.18,-54.9
50.00500427118406,52.60970431942887,19.58472655383971,14.224345626837781,90.99506301201995,0.5197569096573647,2504074,0,0,0.4661062906724512,True,5.18,-48.4
76.77990514469295,79.38460519293776,13.087063967861177,53.73443115255799,100.0,0.4624204006460808,2504405,0,0,0.4661062906724512,True,0.3500000000000085,-77.8
62.30050707157616,64.90520711982097,11.327649085248694,42.703422883225436,87.1069913564165,0.5131972176303817,2504603,0,0,0.4661062906724512,True,2.8800000000000026,-62.4
57.29503158202053,59.899731630265336,31.161389431106706,0.0,100.0,0.5131875616211007,2505279,0,1,0.4661062906724512,True,3.8299999999999983,-57.1
43.99055657577457,46.59525662401938,26.089712934258404,0.0,97.73015434215466,0.46906252730721976,2505303,0,0,0.4661062906724512,True,6.469999999999999,-38.1
20.27198288159135,22.87668292983616,20.72563057925182,0.0,63.49817242205175,0.38726995562895766,2505808,0,0,0.4661062906724512,True,5.840000000000002,-11.1
60.31378660138663,62.91848664963144,17.044152084994906,29.51256241601815,96.32441088324472,0.5229610050574327,2506103,0,1,0.4661062906724512,True,3.1999999999999957,-60.7
71.09458442283075,73.69928447107556,13.040002015323122,48.14135016271251,99.2572187794386,0.4801441720436463,2507101,0,0,0.4661062906724512,True,1.25,-71.8
36.39322788811898,38.99792793636379,14.168301712391939,11.228566857978407,66.76728901474917,0.5717499930720721,2507309,0,0,0.4661062906724512,True,6.760000000000005,-34.8
66.15818539961525,68.76288544786006,18.04964855241795,33.386224351515345,100.0,0.5187164745413261,2508208,0,1,0.4661062906724512,True,2.010000000000005,-67.6
28.748260982664565,31.352961030909377,21.668015323453318,0.0,73.8214906813399,0.4366936054491576,2508406,0,0,0.4661062906724512,False,7.099999999999998,-20.8
47.645653379678414,50.25035342792322,12.65026761873688,25.456284500405662,75.04442235544079,0.5718146028783253,2508604,0,1,0.4661062906724512,True,5.339999999999996,-47.2
38.89491538515249,41.499615433397295,12.811698443656354,16.38914790304297,66.61008296375161,0.5916725057733005,2509107,0,0,0.4661062906724512,False,6.469999999999999,-38.0
75.7817014805947,78.38640152883951,18.958501731694067,41.22842093387889,100.0,0.5208986479594433,2509339,0,1,0.4661062906724512,True,0.0799999999999983,-79.3
51.26887668152322,53.873576729768025,15.548577018661994,23.398925762343342,84.3482276971927,0.5411440768507135,2509396,0,0,0.4661062906724512,True,4.8799999999999955,-50.6
64.79106133371901,67.39576138196382,17.511461039657277,33.07392842755922,100.0,0.5178603824647549,2509503,0,0,0.4661062906724512,True,2.280000000000001,-65.9
63.12939131261389,65.7340913608587,18.958501731694067,28.576110765898072,100.0,0.5215775845606122,2510402,0,0,0.4661062906724512,True,2.5600000000000023,-64.2
73.4199173657713,76.0246174140161,16.873912831339112,42.95235598632315,100.0,0.5060376643410456,2511103,0,0,0.4661062906724512,True,0.6800000000000068,-75.6
72.26032612203116,74.86502617027597,14.28938212624431,46.85835184150673,100.0,0.4878564709267954,2511509,0,1,0.4661062906724512,False,1.0300000000000011,-73.4
18.122471669786492,20.727171718031304,16.137427672810382,0.0,52.35594875985967,0.475610793768562,2513158,0,0,0.4661062906724512,True,6.339999999999998,-13.4
36.40522156988849,39.0099216181333,18.28867868272067,3.1647700751753405,74.85507316109124,0.5135235629100855,2513604,0,0,0.4661062906724512,True,6.93,-32.7
40.949264992092495,43.5539650403373,10.58214002341122,22.81335171509146,64.29457836558313,0.6276540188747856,2513703,0,1,0.4661062906724512,True,6.200000000000003,-40.8
56.764269710996274,59.36896975924108,19.106685633555962,21.920554053542524,96.81738546493963,0.5231849358036792,2513984,0,0,0.4661062906724512,False,3.8799999999999955,-56.6
73.75625704817328,76.36095709641809,28.588681037765735,20.328171896894062,100.0,0.5506444199639271,2514552,0,0,0.4661062906724512,True,-2.4000000000000057,-82.4
18.552359165109085,21.157059213353897,19.756367345919944,0.0,59.87882767670016,0.39177365525021074,2515005,0,0,0.4661062906724512,False,5.630000000000001,-10.1
63.74935318662986,66.35405323487467,15.548577018661994,35.87940226744999,96.82870420229935,0.5152869400013748,2515104,0,1,0.4661062906724512,True,2.549999999999997,-64.4
43.89330963071336,46.49800967895817,21.932880799635484,3.510353234462549,89.48566612345378,0.49585275351163893,2515708,0,0,0.4661062906724512,True,6.270000000000003,-40.0
56.2077265437564,58.81242659200121,19.9347931830373,19.740949913993504,97.8839032700089,0.5221537607277156,2516409,0,0,0.4661062906724512,True,4.020000000000003,-55.9
32.24399280950907,34.84869285775388,17.71732962534038,0.12336488986220218,69.57402082564556,0.511511538743729,2517209,0,0,0.4661062906724512,True,7.16,-28.2
54.725453786246696,57.330153834491504,12.593060680642354,32.64820844530502,82.01209922367798,0.5464585299853821,2600203,0,0,0.4661062906724512,True,4.199999999999996,-54.6
71.09532490974483,73.70002495798964,12.65026761873688,48.90595603047208,98.4940938855072,0.47824997123980334,2600302,0,1,0.4661062906724512,True,1.3100000000000023,-71.7
43.76153475532522,46.36623480357003,13.545587183570078,19.817371774325327,72.91509783281472,0.5710052111663428,2600609,0,0,0.4661062906724512,True,5.890000000000001,-42.9
51.614486173332914,54.21918622157772,11.208426966242264,32.25107304439534,76.1872993987601,0.569437015664433,2601904,0,0,0.4661062906724512,True,4.68,-51.5
66.24387391160596,68.84857395985077,14.738228326051523,39.96217724486173,97.7349706748398,0.5073466905470397,2602407,0,0,0.4661062906724512,True,2.1200000000000045,-67.0
55.110219762110724,57.71491981035553,10.269889037098915,37.58630717241892,77.84353244829214,0.5594101418040023,2602902,0,1,0.4661062906724512,True,4.149999999999999,-55.1
48.591348337551764,51.19604838579657,11.973046605589708,27.729308253621195,74.66278851797195,0.5746604983387344,2603702,0,0,0.4661062906724512,True,5.150000000000006,-48.3
51.27751150844445,53.882211556689256,12.604301447222259,29.178234669847544,78.58618844353097,0.5585891674739946,2603801,0,0,0.4661062906724512,True,4.740000000000002,-51.0
77.44867061659211,80.05337066483692,15.444592768512429,49.78252508266479,100.0,0.4867417963458876,2604155,0,0,0.4661062906724512,True,0.04000000000000625,-79.5
47.62522691351644,50.22992696176125,14.054025332182942,22.68454347286911,77.7753104506534,0.559111542345882,2604304,0,0,0.4661062906724512,True,5.420000000000002,-46.9
62.719336303172376,65.32403635141719,13.168877078400799,39.51351156091657,91.1345611419178,0.5141131105511898,2604403,0,1,0.4661062906724512,True,2.7900000000000063,-63.0
74.45906428827578,77.06376433652059,15.947510581215212,45.807217954267344,100.0,0.4976544086600087,2604908,0,0,0.4661062906724512,True,0.5699999999999932,-76.4
58.14666922578852,60.75136927403333,15.155523223110782,31.047089589875792,90.45564895819086,0.5270561060473077,2605509,0,1,0.4661062906724512,True,3.5799999999999983,-58.2
34.242600031224335,36.84730007946914,12.179825893776147,12.975279989699516,60.71932016923877,0.6119089836808819,2605707,0,0,0.4661062906724512,True,6.910000000000004,-33.4
52.3310012966603,54.935701344905105,10.385246694906394,34.58099185232494,75.29041083748527,0.5734998247724209,2606002,0,0,0.4661062906724512,True,4.560000000000002,-52.3
75.66593836419001,78.27063841243482,17.824822106704524,43.33462905246057,100.0,0.5113986114203622,2607109,0,0,0.4661062906724512,True,0.18000000000000682,-78.6
74.19002896979732,76.79472901804213,15.947510581215212,45.538182635788885,100.0,0.4981305887452226,2608057,0,1,0.4661062906724512,True,0.6200000000000045,-76.1
72.04335170006445,74.64805174830926,12.313774898553604,50.513496433410836,98.78260706320768,0.4712537768566993,2609006,0,0,0.4661062906724512,True,1.1600000000000108,-72.6
56.931915772607674,59.53661582085248,12.824945156334277,34.400185210735884,84.67304643096908,0.5370687937473777,2609154,0,1,0.4661062906724512,True,3.8299999999999983,-56.9
53.481842348422745,56.086542396667554,11.253446542787652,34.03019247085697,78.14289232247813,0.5601588934600362,2609402,0,1,0.4661062906724512,True,4.390000000000001,-53.4
54.80741179024205,57.41211183848686,12.313774898553604,33.27755652358843,81.54666715338527,0.5490523593586496,2609501,0,1,0.4661062906724512,True,4.229999999999997,-54.7
61.05108274998753,63.65578279823234,12.559919291591822,39.03879333798253,88.27277225848214,0.5217221316595476,2609709,0,0,0.4661062906724512,False,3.1400000000000006,-61.2
46.59461282347659,49.199312871721396,13.588342157464785,22.566651633483115,75.83197410995967,0.5654877706263345,2609808,0,1,0.4661062906724512,True,5.539999999999999,-45.9
76.19597561591016,78.80067566415497,11.979517559760714,55.321252694858806,100.0,0.4501548512549696,2610202,0,0,0.4661062906724512,True,0.5,-76.8
47.59069694006375,50.19539698830856,13.384461803611284,23.96233390077842,76.42846007583869,0.5633560861614155,2611309,0,1,0.4661062906724512,True,5.329999999999998,-47.0
62.39570482709991,65.00040487534473,10.05758656097449,45.28789744444066,84.7129123062488,0.5114854370466977,2611606,0,1,0.4661062906724512,True,2.8900000000000077,-62.4
63.6635635274715,66.26826357571632,13.202849318575431,40.391154417999275,92.14537273343336,0.5100228184441744,2611705,0,0,0.4661062906724512,True,2.5999999999999943,-64.0
61.453229827075226,64.05792987532004,12.287409154722134,39.975050468756905,88.14080928188318,0.5179183450050198,2611804,0,0,0.4661062906724512,True,3.009999999999998,-61.6
91.95900210486637,94.56370215311118,12.340761064424134,70.37625492502569,100.0,0.11897426048465748,2611903,0,0,0.4661062906724512,True,-13.299999999999997,-93.3
42.55552353125066,45.160223579495465,12.935652990014054,19.80680960256005,70.51363755643088,0.5826619677796192,2612406,0,0,0.4661062906724512,True,6.060000000000002,-41.8
73.88832209522214,76.49302214346694,14.979805805570425,47.1331422691449,100.0,0.48900178524552856,2612471,0,0,0.4661062906724512,True,0.6799999999999926,-75.4
52.84059391493426,55.44529396317907,10.554892735525462,34.75808434086571,76.13250358549243,0.5701151970466602,2612505,0,1,0.4661062906724512,True,4.510000000000005,-52.8
58.82543477222211,61.43013482046692,13.46311702770482,35.04291032651753,87.81735931441631,0.5290099837427629,2612554,0,1,0.4661062906724512,True,3.509999999999998,-58.9
45.2769705690256,47.88167061727041,14.738228326051523,18.99527390228137,76.76806733225945,0.5555353734664938,2614303,0,0,0.4661062906724512,True,5.739999999999995,-44.2
72.99097385004423,75.59567389828904,15.496074493154987,45.22392598995548,100.0,0.49624971980863564,2614402,0,0,0.4661062906724512,True,0.8500000000000085,-74.6
46.7433492098783,49.34804925812311,14.28938212624431,21.341374929353876,77.35472358689233,0.5584729753602935,2614709,0,1,0.4661062906724512,True,5.550000000000004,-45.9
59.633109790944566,62.237809839189374,11.999189282004314,38.71983100278189,85.75578867559686,0.5259874113191501,2615003,0,1,0.4661062906724512,True,3.3200000000000003,-59.7
59.65581362490001,62.26051367314482,11.345349875572328,40.02403652501707,84.49699082127256,0.5277387189015037,2615607,0,0,0.4661062906724512,True,3.3499999999999943,-59.7
81.00559037125144,83.61029041949625,15.947510581215212,52.353744037243004,100.0,0.4104506739452387,2616183,0,0,0.4661062906724512,True,-3.700000000000003,-83.7
53.65585526279027,56.26055531103508,13.677086733196402,29.45395790053954,83.0671527215306,0.5459680902562162,2700201,0,1,0.4661062906724512,True,4.440000000000005,-53.4
55.448562574918064,58.05326262316287,17.824822106704524,23.117253263188623,92.98927198313712,0.5258710997152944,2700805,0,0,0.4661062906724512,True,4.109999999999999,-55.1
42.99408306100096,45.598783109245765,16.271243703685833,13.707731466347404,77.48983475214412,0.5430977679281285,2701357,0,0,0.4661062906724512,True,6.159999999999997,-41.2
46.06084259210704,48.66554264035185,12.85182154651324,23.47643527345004,73.85465000725367,0.5745102819668997,2701605,0,0,0.4661062906724512,True,5.579999999999998,-45.5
46.0487943960938,48.653494444338605,11.852012467568507,25.42397686358463,71.88301202509257,0.5870336306291528,2702355,0,0,0.4661062906724512,True,5.559999999999995,-45.7
36.096289255903656,38.700989304148464,13.677086733196402,11.894391893652926,65.50758671464399,0.5810770603533649,2702801,0,0,0.4661062906724512,True,6.799999999999997,-34.7
38.32751177802896,40.93221182627377,18.958501731694067,3.774231231313145,78.09019242123439,0.5096322649492467,2703908,0,0,0.4661062906724512,True,6.789999999999999,-34.6
35.96228593963399,38.5669859878788,11.875009854649646,15.29239435670727,61.84157761905033,0.6134236783141211,2705101,0,0,0.4661062906724512,True,6.690000000000005,-35.3
33.13276616733791,35.73746621558272,16.48383098587137,3.429751156029454,68.04518127513597,0.5331797684475056,2705309,0,1,0.4661062906724512,True,7.109999999999999,-30.0
53.30039025846638,55.90509030671119,11.458830783308546,33.446194666487536,78.36398594693483,0.5587942738686799,2705507,0,0,0.4661062906724512,False,4.399999999999999,-53.2
29.494335360146934,32.09903540839174,14.13911808975584,4.386873179311522,59.811197637471956,0.5690883360342307,2705606,0,0,0.4661062906724512,True,7.160000000000004,-27.4
48.01230761290327,50.61700766114808,11.986031369542225,27.124817859278014,74.10919746301815,0.576510332255811,2706406,0,0,0.4661062906724512,True,5.229999999999997,-47.7
42.691399508658094,45.2960995569029,12.73478626429307,20.3363771280731,70.2558219857327,0.5859096523838716,2706505,0,1,0.4661062906724512,True,6.060000000000002,-42.0
39.12355442672879,41.728254474973596,15.712532150808999,10.93225735346028,72.5242515964869,0.5491758538495217,2706604,0,1,0.4661062906724512,True,6.57,-37.1
25.628619875924823,28.233319924169635,11.786301387467109,5.1325936937996275,51.334046154539635,0.624069867276789,2707107,0,1,0.4661062906724512,True,7.260000000000002,-24.7
65.95406522858363,68.55876527682844,17.31688021239011,34.618303735949496,100.0,0.516150469325401,2708204,0,0,0.4661062906724512,True,2.0600000000000023,-67.2
43.36219666111519,45.96689670936,11.979517559760714,22.48747374006384,69.44631967865615,0.5950943209862404,2708907,0,0,0.4661062906724512,True,5.950000000000003,-42.9
43.95158293728896,46.55628298553377,16.791995534581208,13.644576509197186,79.46798946187035,0.5361506751423688,2709004,0,0,0.4661062906724512,True,5.979999999999997,-42.1
34.66478482083112,37.26948486907593,12.964718442281194,11.859103652502554,62.67986608564931,0.595402312981708,2801405,0,1,0.4661062906724512,True,6.899999999999999,-33.5
29.337166088066265,31.941866136311077,20.945339077889816,0.0,72.9939763729545,0.45170408748499025,2801603,0,0,0.4661062906724512,True,7.199999999999999,-22.2
21.519946838691077,24.12464688693589,16.48383098587137,0.0,56.43236194648915,0.4906916067385604,2804904,0,0,0.4661062906724512,True,6.84,-16.9
39.236503866874784,41.84120391511959,13.794524761637621,14.804432198463875,68.8779756317753,0.5749999224689466,2805802,0,1,0.4661062906724512,True,6.450000000000003,-38.0
40.7765478041065,43.38124785235131,15.022565175855132,13.93756115226962,72.82493455243299,0.5571315649308706,2806107,0,1,0.4661062906724512,True,6.339999999999996,-39.2
35.15146573189824,37.75616578014305,13.443106260519198,11.40816166918049,64.1041698911056,0.5846397306966733,2806206,0,0,0.4661062906724512,True,6.830000000000005,-33.8
31.037044815564084,33.641744863808896,20.120437475889677,0.0,73.07707766974266,0.4718334909708959,2806503,0,1,0.4661062906724512,True,7.219999999999999,-25.0
48.11420388043121,50.71890392867602,15.602131938722477,20.13928724673787,81.29852061061416,0.5436647141140514,2807204,0,1,0.4661062906724512,True,5.329999999999998,-47.1
28.788226984209686,31.392927032454498,25.103304391597813,0.0,80.59449953293239,0.38845571542689034,2807303,0,0,0.4661062906724512,True,6.880000000000003,-17.4
33.07832838438082,35.683028432625626,17.511461039657277,1.3611954782210205,70.00486138703022,0.5161016976985747,2900603,0,1,0.4661062906724512,True,7.09,-29.3
45.726549915412484,48.33124996365729,12.171971139375716,24.47462490961992,72.18787501769467,0.5848529421666302,2900801,0,1,0.4661062906724512,True,5.640000000000001,-45.3
51.31785517750496,53.92255522574977,12.103763502546155,30.19961468336892,77.64549576813062,0.5629359840335437,2901007,0,1,0.4661062906724512,True,4.740000000000002,-51.1
38.7173639283427,41.32206397658751,13.654483375487017,14.559768333132041,68.08435962004296,0.5783155418024073,2901106,0,0,0.4661062906724512,True,6.520000000000003,-37.5
33.190626351867245,35.79532640011205,12.425671253510037,11.441458259497708,60.1491945407264,0.6067214364361871,2901155,0,0,0.4661062906724512,True,6.959999999999994,-32.2
45.61305299944959,48.2177530476944,13.818937992031962,21.133132278719497,75.3023738166693,0.5650188138093022,2901304,0,1,0.4661062906724512,True,5.68,-44.8
45.43242707593971,48.037127124184515,15.712532150808999,17.2411300026712,78.83312424569783,0.5469357650041728,2901601,0,1,0.4661062906724512,True,5.789999999999999,-44.1
43.18076351511794,45.78546356336275,14.485184658256003,17.395023323768843,74.17590380295664,0.5604824446026141,2902005,0,1,0.4661062906724512,True,5.990000000000002,-42.0
21.20648328798308,23.81118333622789,11.54842678082999,1.1766827677032694,46.445683904752514,0.6210214675305987,2902104,0,1,0.4661062906724512,True,7.07,-20.3
21.462975534016774,24.067675582261586,16.411310269287334,0.0,56.233252649177096,0.4908199005858579,2902252,0,1,0.4661062906724512,True,6.790000000000003,-16.9
41.85981833138394,44.46451837962875,13.794524761637621,17.427746662973032,71.50129009628446,0.5723473919966898,2902658,0,1,0.4661062906724512,True,6.18,-40.8
25.415353321243924,28.020053369488735,15.295975255437837,0.0,57.99961397856275,0.5359423429722339,2903607,0,0,0.4661062906724512,True,7.199999999999999,-22.2
34.89563392821685,37.50033397646166,13.723160432194433,10.603433775295443,64.39723417762787,0.5805425322174903,2903805,0,1,0.4661062906724512,True,6.890000000000001,-33.4
34.20298491344853,36.80768496169334,10.831753810433916,15.577837603838365,58.03753231954831,0.6413660732349351,2903904,0,1,0.4661062906724512,True,6.829999999999998,-33.9
45.96667069561872,48.571370743863525,14.13911808975584,20.859208514783305,76.28353297294373,0.5595552389962635,2904001,0,1,0.4661062906724512,True,5.589999999999996,-45.1
40.47881913099093,43.083519179235736,13.291109914574788,17.033422432105912,69.13361592636555,0.580973007814907,2904100,0,1,0.4661062906724512,True,6.299999999999997,-39.5
42.84212736593786,45.44682741418267,16.072730170161055,13.944855147436662,76.94879968092867,0.5441696133788443,2904407,0,1,0.4661062906724512,True,6.1299999999999955,-41.1
27.100735142799167,29.70543519104398,14.937791546958058,0.4279017504393181,58.98296863164863,0.5475470875392197,2904704,0,1,0.4661062906724512,True,7.189999999999998,-24.3
38.87396723848636,41.47866728673117,18.677103188753584,4.8722177012359325,78.0851168722264,0.5132691977952485,2905107,0,1,0.4661062906724512,True,6.700000000000003,-35.4
33.683080874554555,36.287780922799364,10.228143882897266,16.240987283627053,56.334574561971664,0.6572548054447802,2905701,0,1,0.4661062906724512,True,6.829999999999998,-33.6
34.57254667383155,37.17724672207636,17.71732962534038,2.451918754184682,71.90257468996803,0.5178445233419645,2906402,0,1,0.4661062906724512,True,7.07,-30.9
33.087543625882624,35.69224367412743,11.007443702334704,14.118050455699176,57.26643689255569,0.6387090773447339,2906501,0,1,0.4661062906724512,True,6.899999999999999,-32.7
38.165007987579045,40.769708035823854,16.009440093701553,9.391782039517256,72.14763403213044,0.5445198172091459,2906857,0,0,0.4661062906724512,True,6.660000000000004,-35.9
27.26877845520214,29.87347850344695,12.133537656003586,6.09218169261937,53.65477531427453,0.6146527742852659,2906873,0,1,0.4661062906724512,True,7.209999999999997,-26.2
29.46983564016034,32.07453568840515,11.89263837865409,8.765392785084305,55.38367859172598,0.6197595927384459,2907103,0,1,0.4661062906724512,True,7.100000000000001,-28.6
44.502314422218014,47.10701447046282,12.304918455393873,22.989817465188594,71.22421147573704,0.586301695516033,2907301,0,1,0.4661062906724512,True,5.789999999999999,-44.0
49.0280136977479,51.63271374599271,12.921335833357558,26.307360880465044,76.95806661152037,0.5653838151247228,2908101,0,1,0.4661062906724512,True,5.159999999999997,-48.6
29.114830166338425,31.719530214583237,11.14449075388154,9.87672971093578,53.56233071823069,0.6405245321006083,2908408,0,1,0.4661062906724512,True,7.1299999999999955,-28.6
34.94167856744379,37.546378615688596,11.745036688503518,14.526529709120116,60.56622752225707,0.6195375732505055,2908507,0,1,0.4661062906724512,True,6.82,-34.3
67.66501943481856,70.26971948306337,17.824822106704524,35.33371012308912,100.0,0.5170108907610614,2909000,0,1,0.4661062906724512,True,1.730000000000004,-69.3
30.869675053942085,33.4743751021869,14.451284779519014,5.150377403997769,61.79837280037602,0.565287338409138,2909208,0,0,0.4661062906724512,True,7.150000000000002,-28.7
30.277643412557254,32.88234346080206,11.327649085248694,10.680559224206526,55.08412769739759,0.6342762424803203,2909901,0,1,0.4661062906724512,True,7.070000000000004,-29.7
20.314962647746523,22.919662695991335,16.957936503366554,0.0,56.156607494706876,0.4722703268675608,2911006,0,0,0.4661062906724512,True,6.639999999999999,-15.1
46.46731975346607,49.07201980171088,16.271243703685833,17.18096815881252,80.96307144460923,0.5400926667244929,2911303,0,0,0.4661062906724512,True,5.609999999999999,-45.1
38.24320328607297,40.84790333431778,13.894142702206683,13.615884041932649,68.0799226267029,0.5759716345935622,2911600,0,1,0.4661062906724512,True,6.609999999999999,-36.9
45.10830805577311,47.713008104017916,14.054025332182942,20.167624615125774,75.25839159291004,0.5626722424041254,2912509,0,1,0.4661062906724512,True,5.729999999999997,-44.2
33.910095431016316,36.514795479261124,12.759946020353471,11.505760834693124,61.523830123829114,0.5991674125011535,2912905,0,1,0.4661062906724512,True,6.920000000000002,-32.8
33.36049658110829,35.9651966293531,16.411310269287334,3.7996195624375844,68.13077369626862,0.5343498793356636,2913457,0,0,0.4661062906724512,True,7.080000000000002,-30.3
34.82940824190775,37.43410829015256,14.81602502691131,8.395232843362297,66.47298373694281,0.5618396232752151,2915304,0,1,0.4661062906724512,True,6.940000000000005,-32.8
59.332638475749974,61.93733852399478,19.58472655383971,23.551979831403692,100.0,0.5224494319779035,2915700,0,1,0.4661062906724512,True,3.3399999999999963,-59.7
23.404948842400373,26.009648890645185,12.133537656003586,2.228352079817604,49.790945701472765,0.60972243377154,2915809,0,1,0.4661062906724512,True,7.190000000000001,-22.2
33.102286871684406,35.706986919929214,15.394101529634638,5.535102347492362,65.87887149236606,0.5502203279082417,2916203,0,1,0.4661062906724512,True,7.049999999999997,-30.6
39.23680311260491,41.84150316084972,13.255218777675752,15.8617517494062,67.82125457229323,0.5836048032455514,2916807,0,1,0.4661062906724512,True,6.439999999999998,-38.2
51.84004598417056,54.44474603241537,12.485820707252593,29.972987128775852,78.91650493605488,0.5587449441233977,2916856,0,1,0.4661062906724512,True,4.689999999999998,-51.6
44.77759048883178,47.382290537076585,13.071213174895385,21.76318348003617,73.001397594117,0.5751709432980057,2917300,0,1,0.4661062906724512,True,5.759999999999998,-44.1
31.279784819452132,33.88448486769694,10.199086374115064,13.894642899218205,53.87432683617567,0.6642565103393978,2918407,0,1,0.4661062906724512,True,7.010000000000002,-31.2
65.22303252410104,67.82773257234585,23.140734341188725,22.472726687806727,100.0,0.5312112711368143,2918704,0,1,0.4661062906724512,True,1.9399999999999977,-67.7
55.45400100296265,58.05870105120746,17.935543621624245,22.905681509676846,93.21172059273806,0.5253689169317742,2919058,0,1,0.4661062906724512,True,4.100000000000001,-55.1
29.564538791233762,32.169238839478574,10.384019157224301,11.816935276544974,52.521542402412166,0.6627387395128741,2919553,0,1,0.4661062906724512,True,7.130000000000003,-29.4
41.97918995908078,44.583890007325586,14.485184658256003,16.193449767731682,72.97433024691948,0.5635181442098216,2919926,0,1,0.4661062906724512,True,6.199999999999996,-40.7
26.514435900128646,29.119135948373458,12.517039872718216,4.586188604793925,53.652083291952984,0.6049213556071348,2920205,0,0,0.4661062906724512,True,7.2500000000000036,-25.2
26.059936666084656,28.66463671432947,17.511461039657277,0.0,62.98646966873406,0.4914657592233183,2920809,0,1,0.4661062906724512,True,7.09,-21.2
48.2429017772929,50.84760182553771,12.785578870223844,25.788327718402655,75.90687593267276,0.5686894414173128,2921203,0,1,0.4661062906724512,True,5.260000000000005,-47.8
38.29375037391477,40.89845042215958,15.886896875145872,9.76070472077173,72.03619612354741,0.5458911015389917,2922607,0,0,0.4661062906724512,True,6.6299999999999955,-36.1
47.56565697263752,50.17035702088233,13.746642130073639,23.227433537577017,77.11328050418763,0.5609846225229018,2923605,0,1,0.4661062906724512,True,5.380000000000003,-46.9
43.938990244258555,46.54369029250336,13.503857820759766,20.076615311464675,73.01076527354205,0.5712962572754832,2924801,0,1,0.4661062906724512,True,5.869999999999997,-43.1
32.45903024586324,35.06373029410805,14.485184658256003,6.673290054514144,63.45417053370194,0.5662401177604356,2925709,0,1,0.4661062906724512,True,7.079999999999998,-30.4
28.291133948276013,30.895833996520825,11.86343981910376,7.643919218319073,54.14774877472257,0.6206453584741339,2925808,0,1,0.4661062906724512,True,7.140000000000001,-27.4
30.616349189223545,33.22104923746836,11.42785576284367,10.822863521776252,55.61923495316046,0.6331863863597534,2929206,0,1,0.4661062906724512,True,7.109999999999999,-30.0
30.584494312957087,33.1891943612019,13.36536277276033,6.993564686279253,59.38482403612454,0.5870768292512691,2930303,0,1,0.4661062906724512,True,7.130000000000003,-29.0
25.74437133154831,28.349071379793124,11.08503788527779,6.622796357386605,50.075346402199635,0.6432819927874441,2930501,0,1,0.4661062906724512,True,7.220000000000002,-25.2
34.677319887778005,37.28201993602281,14.485184658256003,8.89157969642891,65.6724601756167,0.5681870220876308,2930600,0,1,0.4661062906724512,True,6.970000000000006,-32.8
45.363810717347185,47.968510765591994,15.444592768512429,17.69766518341986,78.23935634776412,0.5479671229562618,2930766,0,1,0.4661062906724512,True,5.729999999999997,-44.1
37.464038241957816,40.068738290202624,14.519619578780976,11.610806846569275,68.52666973383597,0.5673033566552403,2930907,0,0,0.4661062906724512,True,6.730000000000004,-35.8
58.6412933690728,61.24599341731761,13.237569939500608,35.300833093066345,87.19115374156885,0.5305293827081579,2931004,0,1,0.4661062906724512,True,3.559999999999995,-58.7
63.23822362929856,65.84292367754337,12.73478626429307,40.88320124871356,90.80264610637316,0.5102451840904519,2931053,0,1,0.4661062906724512,True,2.6700000000000017,-63.5
43.318137101354885,45.922837149599694,17.824822106704524,10.986827789625444,80.85884650957394,0.5281136003959316,2931400,0,1,0.4661062906724512,True,6.18,-41.0
33.27408046105976,35.87878050930457,14.258440450576778,7.9327507504650185,63.82481026814411,0.5715531077147695,2932309,0,0,0.4661062906724512,True,7.050000000000004,-31.4
59.0987419553013,61.70344200354611,13.794524761637621,34.666670286890394,88.74021372020182,0.5282188120903805,2932606,0,1,0.4661062906724512,True,3.479999999999997,-59.2
34.07588644717349,36.6805864954183,14.385039963010485,8.486426251748348,64.87474673908824,0.569788760237538,2933000,0,1,0.4661062906724512,True,7.009999999999998,-32.2
54.19106967529016,56.79576972353497,13.237569939500608,30.85060939928371,82.74093004778622,0.5461339800294682,2933455,0,1,0.4661062906724512,True,4.329999999999998,-54.0
61.36522025825966,63.96992030650447,13.545587183570078,37.42105727725976,90.51878333574916,0.5185503079022268,3102001,0,0,0.4661062906724512,True,2.999999999999993,-61.6
71.54447185048241,74.14917189872722,30.21523419105126,14.928401099823503,100.0,0.5767704663354178,3103306,0,0,0.4661062906724512,True,0.0,-80.0
48.481176975113165,51.08587702335797,17.412820840444216,16.957375306838827,85.2143787398771,0.5307644260487607,3103702,0,0,0.4661062906724512,False,5.329999999999998,-47.1
55.69562390780026,58.30032395604507,22.813921478968027,13.585859511142964,100.0,0.5167767066969027,3104403,0,0,0.4661062906724512,True,4.159999999999997,-55.1
66.51643603869199,69.1211360869368,13.699977217491673,42.26967415163385,95.97259802223974,0.5022964983852524,3104700,0,1,0.4661062906724512,True,2.1000000000000085,-67.1
71.72966423463481,74.33436428287962,18.543370768587877,37.99002542447455,100.0,0.5171120647904761,3105004,0,0,0.4661062906724512,True,0.8299999999999983,-74.3
58.76835089699064,61.37305094523545,11.667997439818118,38.50419619148637,84.24190569898451,0.5309784356092272,3105400,0,0,0.4661062906724512,True,3.480000000000004,-58.8
62.30937298046255,64.91407302870736,20.945339077889816,23.861962792063927,100.0,0.5252378460204505,3105509,0,0,0.4661062906724512,True,2.739999999999995,-63.5
63.104299198837076,65.70899924708189,16.411310269287334,33.543422180166374,97.87457631399741,0.5182496957385608,3106002,0,0,0.4661062906724512,True,2.6599999999999966,-63.8
59.179839595567614,61.78453964381242,19.260238299527693,24.03516624307916,99.53391304454567,0.522471523928406,3106606,0,0,0.4661062906724512,True,3.3699999999999974,-59.5
79.89103161966852,82.49573166791333,24.24372534287553,34.97890314479631,100.0,0.4590039437211293,3107000,0,1,0.4661062906724512,True,-8.0,-88.0
68.59084312774507,71.19554317598988,11.201236631671586,49.24152279560282,93.14956355637693,0.4791548388377401,3107307,0,1,0.4661062906724512,True,1.8100000000000023,-68.8
52.30259021743404,54.907290265678846,18.815397070519058,18.029789652641043,91.78479087871665,0.5229439978367794,3107604,0,0,0.4661062906724512,True,4.690000000000005,-51.3
51.31387157604681,53.918571624291616,13.723160432194433,27.021671423125397,80.81547182545782,0.5504890534749327,3108909,0,0,0.4661062906724512,True,4.759999999999998,-50.9
70.89091350539661,73.49561355364142,14.55460260692341,44.96911663477874,100.0,0.4932680415009185,3109501,0,0,0.4661062906724512,True,1.25,-72.0
54.711121623148074,57.31582167139288,12.313774898553604,33.18126635649446,81.4503769862913,0.5495760916267226,3110509,0,1,0.4661062906724512,True,4.25,-54.6
68.51220651046802,71.11690655871283,14.026451339649181,43.62556710209683,98.60824601532882,0.49667496588977605,3110707,0,0,0.4661062906724512,True,1.7000000000000028,-69.3
42.8857432374767,45.49044328572151,13.443106260519198,19.14243917475895,71.83844739668406,0.5740441620465533,3110905,0,0,0.4661062906724512,True,6.0,-42.0
74.86231528807721,77.46701533632202,13.723160432194433,50.5701151351558,100.0,0.47394166751366545,3111408,0,1,0.4661062906724512,True,0.5699999999999932,-76.0
46.53661441681717,49.14131446506198,15.022565175855132,19.697627764980293,78.58500116514367,0.551078205101175,3111804,0,0,0.4661062906724512,True,5.57,-45.5
86.13899994030734,88.74369998855215,15.155523223110782,59.03942030439461,100.0,0.2819928374791471,3112000,0,0,0.4661062906724512,True,-8.900000000000006,-88.9
59.74536565294316,62.350065701187965,19.58472655383971,23.964707008596875,100.0,0.5225973437257634,3112059,0,0,0.4661062906724512,True,3.259999999999998,-60.2
61.64599455798542,64.25069460623023,13.566834081213884,37.660188422820454,90.84120078964,0.5179110314580606,3112703,0,1,0.4661062906724512,True,2.960000000000001,-61.9
71.18524076940204,73.78994081764685,12.67387174304025,48.94960865660808,98.63027297868562,0.47797878105550784,3113206,0,0,0.4661062906724512,True,1.2900000000000063,-71.8
62.88943972295345,65.49413977119826,13.36536277276033,39.29851009627562,91.6897694461209,0.5139026317087859,3114402,0,0,0.4661062906724512,True,2.759999999999991,-63.2
60.74862605278282,63.353326101027626,18.28867868272067,27.50817455806967,99.19847764398557,0.5217303086669689,3115474,0,0,0.4661062906724512,True,3.049999999999997,-61.3
69.70432795097948,72.30902799922428,16.634160155344194,39.70667318167847,100.0,0.5081770657980216,3115706,0,0,0.4661062906724512,True,1.3500000000000085,-71.3
76.69223109330957,79.29693114155438,14.59014724544713,50.70076801134172,100.0,0.4793123108295777,3115805,0,0,0.4661062906724512,True,0.2400000000000091,-78.3
35.497500024314995,38.1022000725598,22.50461461169605,0.0,82.2104341974379,0.46190574056116374,3115904,0,0,0.4661062906724512,True,7.150000000000002,-28.8
42.90502570991211,45.50972575815692,16.271243703685833,13.618674115258557,77.40077740105527,0.5428310308249334,3116100,0,0,0.4661062906724512,True,6.159999999999997,-41.1
49.61465401362066,52.21935406186547,13.02463655117763,26.691535509833326,77.7471726138976,0.561341989254359,3116159,0,0,0.4661062906724512,True,5.029999999999994,-49.2
68.79450298823107,71.39920303647588,16.009440093701553,40.02127704016928,100.0,0.505751074190483,3116506,0,1,0.4661062906724512,True,1.5300000000000011,-70.1
63.37954595646927,65.98424600471408,16.34046767609613,33.95751786902475,98.0109741404034,0.5167373410436079,3116803,0,0,0.4661062906724512,True,2.5700000000000074,-64.1
58.14407731871758,60.748777366962386,21.932880799635484,17.761120922466766,100.0,0.5203853005100958,3117009,0,0,0.4661062906724512,True,3.5700000000000003,-58.3
74.56776840680962,77.17246845505443,36.324414319011154,5.977924630281521,100.0,0.5310227647225015,3117405,0,1,0.4661062906724512,True,-10.0,-90.0
88.09899171407022,90.70369176231503,13.384461803611284,64.47062867478489,100.0,0.21193933632372813,3117702,0,1,0.4661062906724512,True,-9.900000000000006,-89.9
53.03813473901956,55.64283478726437,16.072730170161055,24.14086252051836,87.14480705401037,0.5353772662807234,3117876,0,0,0.4661062906724512,True,4.57,-52.5
64.95093103429828,67.55563108254309,10.435622413773238,47.10218699528859,88.00907516979758,0.49519737894275484,3118304,0,0,0.4661062906724512,True,2.430000000000007,-65.0
60.72274335864406,63.32744340688887,29.362349019112628,5.778296827933119,100.0,0.5278651136859034,3118502,0,1,0.4661062906724512,True,2.8799999999999955,-62.5
53.7071234293378,56.31182347758261,10.119890310092293,36.47720294230583,76.14644401285938,0.5693513111798558,3118601,0,0,0.4661062906724512,True,4.3799999999999955,-53.7
69.97566463056921,72.58036467881402,15.602131938722477,42.00074799687587,100.0,0.5022919382343998,3118700,0,0,0.4661062906724512,True,1.3700000000000045,-71.3
68.03442957503029,70.6391296232751,16.20358169607872,38.88069307840835,100.0,0.508637972309411,3118908,0,0,0.4661062906724512,True,1.6899999999999977,-69.3
42.355808144468234,44.96050819271304,11.835133218100534,21.76407333300236,68.15694305242371,0.599056145805907,3119302,0,0,0.4661062906724512,True,6.030000000000001,-41.9
78.23532356737925,80.84002361562406,21.932880799635484,37.85236717112844,100.0,0.4847243493418331,3119807,0,1,0.4661062906724512,True,-4.099999999999994,-84.1
50.0875497066227,52.69224975486751,19.58472655383971,14.30689106227642,91.0776084474586,0.5190947429859353,3120102,0,0,0.4661062906724512,True,5.130000000000003,-48.5
53.64190346183418,56.24660351007899,17.824822106704524,21.31059415010474,91.18261287005322,0.5271364029893729,3120151,0,1,0.4661062906724512,True,4.460000000000001,-53.0
66.58314115418108,69.18784120242589,14.385039963010485,40.99368095875594,97.38200144609583,0.5039424452016302,3120201,0,0,0.4661062906724512,True,2.030000000000001,-67.3
77.61457862812556,80.21927867637037,14.59014724544713,51.623115546157706,100.0,0.47651808989445404,3120870,0,0,0.4661062906724512,True,0.060000000000002274,-79.3
77.94419396431826,80.54889401256307,15.344571674967778,50.47408617143276,100.0,0.4857323916953439,3121001,0,0,0.4661062906724512,True,0.0,-80.0
59.467993858120764,62.07269390636557,11.08503788527779,40.34641888395905,83.79896892877208,0.5308230793657981,3121605,0,0,0.4661062906724512,True,3.4299999999999997,-59.5
66.23322165620925,68.83792170445406,17.223525611382208,35.08043181934171,100.0,0.5162574826955252,3122207,0,0,0.4661062906724512,True,2.0400000000000063,-67.5
64.66039500940683,67.26509505765164,10.366943909124425,46.94625836602088,87.58393174928239,0.4986494693411041,3122306,0,0,0.4661062906724512,True,2.530000000000001,-64.7
65.45211303482837,68.05681308307318,18.167301600408837,32.44955624999497,100.0,0.5198252379409443,3122702,0,0,0.4661062906724512,True,2.1599999999999966,-66.8
57.88826626479554,60.49296631304035,12.396685202054151,36.19590978933356,84.79002283674713,0.5346168616897982,3123601,0,0,0.4661062906724512,True,3.6700000000000017,-57.9
71.13542033253377,73.74012038077858,12.081976403946761,50.05988176698017,97.42035899457699,0.47392910886882184,3124203,0,1,0.4661062906724512,True,1.3500000000000085,-71.6
64.10774571972246,66.71244576796727,11.81310285645103,43.55918962365601,89.86570191227852,0.5039698781912751,3124302,0,1,0.4661062906724512,True,2.530000000000001,-64.3
65.65741680025496,68.26211684849977,15.496074493154987,37.89036894016622,98.63386475683332,0.5107569858220702,3124401,0,1,0.4661062906724512,True,2.180000000000007,-66.5
25.506303254368465,28.111003302613277,23.486690812239882,0.0,74.14407141063123,0.3860732253030144,3125309,0,0,0.4661062906724512,True,6.609999999999999,-14.7
52.39410213511686,54.99880218336167,14.197910234313744,27.171409468374083,82.82619489834924,0.5462920729089811,3125705,0,0,0.4661062906724512,True,4.649999999999999,-52.0
65.40392312466525,68.00862317291006,14.81602502691131,38.969747726119806,97.04749861970032,0.5099987955546754,3125952,0,0,0.4661062906724512,True,2.280000000000001,-66.1
58.89310179007924,61.49780183832405,22.813921478968027,16.783337393421945,100.0,0.5208382355100086,3126406,0,0,0.4661062906724512,True,3.3900000000000006,-59.3
48.51426169069242,51.11896173893723,16.712103583515947,18.363840609343193,83.87408286853126,0.5353083203501311,3127305,0,0,0.4661062906724512,True,5.300000000000004,-47.3
77.99362203891866,80.59832208716347,16.271243703685833,48.707270444265106,100.0,0.4853334999747842,3128402,0,1,0.4661062906724512,True,-0.5,-80.5
46.447602445426526,49.052302493671334,17.612921303270113,14.531611076723635,83.57299391061903,0.5307221605992001,3129004,0,0,0.4661062906724512,True,5.709999999999994,-44.7
38.664785327605195,41.26948537585,14.519619578780976,12.811553932216654,69.72741681948335,0.5653864481208526,3129301,0,0,0.4661062906724512,True,6.559999999999995,-37.1
63.54823655134049,66.1529365995853,16.411310269287334,33.987359532669785,98.31851366650082,0.5174255381084596,3129657,0,1,0.4661062906724512,True,2.5700000000000074,-64.3
34.22607681600106,36.83077686424587,13.483366097068652,10.403864923622912,63.25768880486882,0.5851249975915113,3129707,0,0,0.4661062906724512,False,6.93,-32.8
52.00132195040906,54.606021998653866,11.14665736290586,32.75897501935016,76.45306897795757,0.5681667255583503,3130101,0,0,0.4661062906724512,True,4.6200000000000045,-51.9
53.46853021392751,56.073230262172316,16.873912831339112,23.00096883447936,89.14549168986527,0.5301573097392929,3131505,0,0,0.4661062906724512,True,4.450000000000003,-52.9
42.75327934905095,45.35797939729576,22.21136395069029,1.8245060064314842,88.89145278816002,0.49087688650516415,3131604,0,0,0.4661062906724512,True,6.450000000000003,-38.4
73.45110585885638,76.05580590710119,23.140734341188725,30.700800022562063,100.0,0.5468563848302256,3132008,0,0,0.4661062906724512,True,0.18000000000000682,-78.6
49.90202049440913,52.50672054265394,13.040002015323122,26.948786234290893,78.06465485101698,0.5607451985954723,3132107,0,0,0.4661062906724512,True,5.0,-49.5
59.77140742437713,62.37610747262194,10.843335730964714,41.12355996765479,83.62865497758908,0.5269803861093094,3132404,0,0,0.4661062906724512,True,3.3100000000000023,-59.8
51.830895275671054,54.43559532391586,12.396685202054151,30.138538800209076,78.73265184762263,0.5594554587824446,3132701,0,0,0.4661062906724512,True,4.689999999999998,-51.6
87.47772326236957,90.08242331061437,14.28938212624431,62.07574898184514,100.0,0.24022204744775366,3133105,0,0,0.4661062906724512,True,-9.799999999999997,-89.8
63.39755352907509,66.0022535773199,14.700292804426885,37.1902091184499,94.81429803618991,0.5137766811536114,3133402,0,0,0.4661062906724512,True,2.6100000000000065,-63.9
69.64800382391452,72.25270387215933,10.810601325596291,51.06431462276963,93.44109312154903,0.46966914044159214,3133808,0,0,0.4661062906724512,True,1.6300000000000097,-69.8
69.65404363541963,72.25874368366443,15.444592768512429,41.987898101492306,100.0,0.501065671953459,3134806,0,0,0.4661062906724512,True,1.3999999999999915,-70.9
59.71919933444028,62.32389938268509,12.287409154722134,38.241019976121954,86.40677878924822,0.5277730324702051,3134905,0,0,0.4661062906724512,True,3.3800000000000026,-59.8
69.00495554523299,71.6096555934778,18.28867868272067,35.76450405051984,100.0,0.5183245049308608,3135308,0,0,0.4661062906724512,True,1.4500000000000028,-71.0
60.057439513871074,62.66213956211588,11.096825896143963,40.9127604629623,84.41151866126947,0.5261485787004504,3136306,0,0,0.4661062906724512,True,3.289999999999999,-60.1
77.30524729418673,79.90994734243154,13.46311702770482,53.52272284848215,100.0,0.4647850538416785,3136900,0,0,0.4661062906724512,True,0.21999999999999886,-78.5
72.3487898829412,74.95348993118601,11.081164680167626,53.23480625130016,96.67217361107187,0.4560414480054883,3137205,0,0,0.4661062906724512,True,1.1300000000000097,-72.6
43.84208366872773,46.44678371697254,19.419472473486998,8.385317070171055,84.50825036377401,0.5152644740092341,3137304,0,0,0.4661062906724512,True,6.189999999999998,-41.0
63.388588676520094,65.99328872476491,14.77680021573578,37.03129249517907,94.95528495435073,0.515026469455662,3137403,0,0,0.4661062906724512,True,2.6499999999999986,-63.9
65.32799238476308,67.93269243300789,12.824945156334277,42.79626182289128,93.06912304312448,0.5036490055242938,3137809,0,0,0.4661062906724512,True,2.3499999999999943,-65.7
53.890714053468976,56.495414101713784,21.415737950172993,14.521339017027067,98.4694891864005,0.5172182650345857,3138351,0,0,0.4661062906724512,True,4.520000000000003,-52.9
42.58198472916141,45.18668477740622,17.935543621624245,10.03366523587561,80.33970431893682,0.526523472402589,3139250,0,0,0.4661062906724512,True,6.280000000000001,-40.1
48.49217220944868,51.09687225769349,10.655292053366555,30.2128835883392,71.98086092704779,0.5921355008472334,3139409,0,0,0.4661062906724512,True,5.18,-48.4
68.47787222324115,71.08257227148596,17.31688021239011,37.142110730607016,100.0,0.5128396736386522,3139706,0,0,0.4661062906724512,True,1.5400000000000063,-70.1
60.723825748393544,63.32852579663835,14.77680021573578,34.36652956705252,92.29052202622418,0.5216274998325691,3139904,0,0,0.4661062906724512,True,3.1299999999999955,-61.0
62.223328862926635,64.82802891117144,18.815397070519058,27.95052829813364,100.0,0.522081593481044,3140100,0,1,0.4661062906724512,True,2.770000000000003,-63.1
55.15241204254055,57.757112090785355,15.444592768512429,27.486266508613223,88.02795767295748,0.5330996297295939,3140555,0,0,0.4661062906724512,True,4.140000000000001,-54.9
58.70314551646741,61.30784556471222,14.738228326051523,32.42144884972318,90.19424227970126,0.5281861054369067,3140803,0,0,0.4661062906724512,True,3.5500000000000043,-58.8
68.28530257077604,70.89000261902085,13.770428217888144,43.900459260266004,97.87954597777569,0.49681315437293805,3141009,0,1,0.4661062906724512,True,1.7800000000000011,-69.0
54.19680958501354,56.80150963325835,22.21136395069029,13.268036242394075,100.0,0.5145182340168704,3141702,0,0,0.4661062906724512,True,4.409999999999997,-53.2
69.82557634608668,72.43027639433149,11.875009854649646,49.155684763159954,95.70486802550302,0.47615240553018556,3141801,0,0,0.4661062906724512,True,1.519999999999996,-70.2
58.86426102616023,61.46896107440504,15.602131938722477,30.889344392466885,92.04857775634318,0.5253235663666428,3142007,0,1,0.4661062906724512,True,3.460000000000001,-59.0
62.24536966572602,64.85006971397083,15.201476347093521,35.055723561830014,94.64441586611163,0.5181000773097214,3142601,0,0,0.4661062906724512,True,2.8400000000000034,-62.7
51.29681399796782,53.901514046212625,19.9347931830373,14.83003736820492,92.97299072422032,0.5183745712677115,3143153,0,0,0.4661062906724512,True,4.920000000000002,-49.9
54.05917117596609,56.6638712242109,12.662016754960854,31.846774412844894,81.4809680355769,0.5498437842757213,3143401,0,0,0.4661062906724512,True,4.350000000000001,-53.9
58.4053821570966,61.010082205341405,24.24372534287553,13.493253682224385,100.0,0.5197371718170963,3144201,0,0,0.4661062906724512,True,3.509999999999998,-58.7
50.72387420095915,53.32857424920396,19.9347931830373,14.257097571196255,92.40005092721165,0.5190330496884138,3144375,0,0,0.4661062906724512,True,5.079999999999998,-49.2
83.29969235317236,85.90439240141717,17.71732962534038,51.17906443352549,100.0,0.3694708230761754,3144508,0,0,0.4661062906724512,True,-7.400000000000006,-87.4
45.98648300026535,48.59118304851016,14.626267452743164,19.924225612883156,77.25814048413716,0.5551605419025967,3145356,0,0,0.4661062906724512,True,5.619999999999997,-45.0
83.89211330673407,86.49681335497888,13.677086733196402,59.69021594448334,100.0,0.31738834936766525,3147600,0,1,0.4661062906724512,True,-5.599999999999994,-85.6
77.65777046829565,80.26247051654046,17.223525611382208,46.50498063142811,100.0,0.4939207258664621,3147709,0,1,0.4661062906724512,True,-0.5999999999999943,-80.6
65.43042886199964,68.03512891024445,10.57658920276357,47.30539499355265,88.76486282693625,0.49188603254732804,3147907,0,0,0.4661062906724512,True,2.319999999999993,-65.5
73.71393815865687,76.31863820690168,19.106685633555962,38.87022250120312,100.0,0.5221495471674261,3147956,0,0,0.4661062906724512,True,0.47999999999998977,-76.9
70.437614828928,73.04231487717281,18.04964855241795,37.6656537808281,100.0,0.5165209823011759,3148202,0,0,0.4661062906724512,True,1.190000000000012,-72.6
68.58345760223992,71.18815765048473,17.935543621624245,36.035138108954115,100.0,0.5158294322182779,3148400,0,0,0.4661062906724512,True,1.5,-70.4
64.25781854762396,66.86251859586876,13.746642130073639,39.91959511256346,93.80544207917407,0.50863255523861,3148608,0,1,0.4661062906724512,True,2.4599999999999937,-64.7
78.9574382904508,81.5621383386956,13.103081726356544,55.880570068551854,100.0,0.45255086546806417,3149705,0,0,0.4661062906724512,True,-0.09999999999999432,-80.1
38.70527083003448,41.30997087827929,18.677103188753584,4.703521292784053,77.91642046377451,0.513668324801448,3150208,0,0,0.4661062906724512,False,6.75,-35.2
70.90857752475999,73.5132775730048,17.044152084994906,40.10735333939151,100.0,0.5097530010650351,3150505,0,0,0.4661062906724512,True,1.1300000000000097,-72.8
48.79247644454426,51.39717649278907,14.855919903660133,22.280108524403452,80.51424446117468,0.5485611869330094,3150570,0,0,0.4661062906724512,True,5.210000000000001,-48.0
46.52888664603376,49.13358669427857,13.273064317318989,23.118858667849626,75.1483147207075,0.5689754950267147,3151602,0,0,0.4661062906724512,True,5.539999999999999,-45.9
63.35985532707046,65.96455537531527,11.513563685611755,43.398385217807984,88.53072553282256,0.5095431812984822,3152204,0,0,0.4661062906724512,True,2.739999999999995,-63.5
73.61640079938459,76.2211008476294,26.640364637529235,24.00694562305764,100.0,0.5564002132939541,3153202,0,1,0.4661062906724512,True,-0.9000000000000057,-80.9
76.30925134775421,78.91395139599902,13.346481793635212,52.75532776015446,100.0,0.4655499419757155,3153400,0,0,0.4661062906724512,True,0.35999999999999943,-77.4
45.76078358176484,48.36548363000965,21.668015323453318,5.8969539795791235,90.83401328044016,0.5019243034802666,3153707,0,0,0.4661062906724512,True,5.969999999999999,-42.5
55.907019483534384,58.51171953177919,18.543370768587877,22.167380673374126,94.85605839018424,0.5242588689183902,3154408,0,0,0.4661062906724512,True,4.039999999999999,-55.6
55.00710551410199,57.611805562346795,10.18022937272367,37.65892263745161,77.56468848724197,0.5596626426967943,3154606,0,0,0.4661062906724512,True,4.140000000000001,-55.0
83.88750328974793,86.49220333799273,15.602131938722477,55.912586656054586,100.0,0.3386647513116635,3156601,0,1,0.4661062906724512,True,-6.700000000000003,-86.7
51.714071823209906,54.318771871454715,18.815397070519058,17.44127125841691,91.19627248449251,0.5237593025078664,3157302,0,0,0.4661062906724512,True,4.839999999999996,-50.6
63.126299993577135,65.73100004182194,16.957936503366554,32.494055243106395,98.96794484053748,0.5183198441054618,3157336,0,1,0.4661062906724512,True,2.6100000000000065,-63.9
45.70293079909715,48.30763084734196,19.260238299527693,10.5582574466087,86.05700424807522,0.5186841691436076,3157500,0,0,0.4661062906724512,True,5.910000000000004,-43.3
38.626499911174406,41.231199959419214,21.668015323453318,0.0,83.69972960984973,0.4821246649488234,3157609,0,0,0.4661062906724512,True,6.859999999999999,-33.4
59.02851472285274,61.63321477109755,18.815397070519058,24.755714158059746,98.51071538413535,0.5236652662963148,3157658,0,0,0.4661062906724512,True,3.450000000000003,-59.3
51.52245535772562,54.12715540597043,10.242770445771132,34.05169423034773,74.20261658159312,0.5801868378359447,3157807,0,0,0.4661062906724512,True,4.700000000000003,-51.5
54.84296963114875,57.447669679393556,14.77680021573578,28.48567344980772,86.40966590897938,0.537803193724701,3158003,0,0,0.4661062906724512,True,4.25,-54.6
77.12744421492361,79.73214426316842,25.578835819387578,29.598547290705675,100.0,0.5041775562526133,3158409,0,1,0.4661062906724512,True,-5.200000000000003,-85.2
60.32205178690242,62.92675183514723,25.103304391597813,13.725179334669328,100.0,0.5240340174164657,3159100,0,0,0.4661062906724512,True,3.039999999999999,-61.4
59.0924758882979,61.697175936542706,30.21523419105126,2.4764051376389915,100.0,0.5212845711000159,3160504,0,0,0.4661062906724512,True,3.3100000000000023,-60.0
59.085002169434055,61.689702217678864,19.58472655383971,23.304343525087774,100.0,0.5230114714460055,3161403,0,0,0.4661062906724512,True,3.4200000000000017,-59.4
79.17427637875691,81.77897642700172,13.503857820759766,55.31190144596303,100.0,0.4475956114402962,3161908,0,0,0.4661062906724512,True,-0.5,-80.5
55.62625199276271,58.23095204100752,10.855244391137209,36.955063990998156,79.50684009101687,0.5527321121596743,3162500,0,0,0.4661062906724512,True,4.07,-55.6
68.14946594947699,70.7541659977218,12.53829659901323,46.17955623617482,95.32877575926878,0.48841463119224793,3162906,0,1,0.4661062906724512,True,1.7900000000000063,-68.6
69.62223777471519,72.22693782296,20.515315336804335,32.017658631341284,100.0,0.5284267130803354,3163003,0,1,0.4661062906724512,True,1.1899999999999977,-72.5
72.14406750841923,74.74876755666403,18.815397070519058,37.87126694362623,100.0,0.5191014992205354,3163805,0,0,0.4661062906724512,True,0.75,-74.9
65.47551505237192,68.08021510061673,18.958501731694067,30.9222345056561,100.0,0.522079258545573,3164100,0,0,0.4661062906724512,True,2.1299999999999955,-67.0
66.05084013432635,68.65554018257116,15.827556203801228,37.634100059837245,99.67698030530507,0.5106974614459296,3164407,0,0,0.4661062906724512,True,2.0799999999999983,-67.0
70.78678365857198,73.39148370681679,23.85364868312077,26.639191388028777,100.0,0.5453678159511821,3165909,0,0,0.4661062906724512,True,0.7099999999999937,-75.4
48.67881094959456,51.28351099783937,20.31377276149815,11.469247995172232,91.0977740005065,0.5140682139519417,3166105,0,0,0.4661062906724512,True,5.399999999999999,-46.6
94.99866584874042,97.60336589698522,16.712103583515947,64.84824476739118,100.0,0.14609480709358336,3166204,0,1,0.4661062906724512,True,-20.0,-100.0
46.35898015681303,48.96368020505784,32.21859914045992,0.0,100.0,0.44981514541939294,3167004,0,0,0.4661062906724512,True,6.399999999999999,-38.5
46.947514197047575,49.55221424529238,21.415737950172993,7.578139160605666,91.5262893299791,0.506292168511901,3168051,0,0,0.4661062906724512,True,5.789999999999999,-44.1
56.29397638696351,58.898676435208316,17.31688021239011,24.958214894329373,92.83913797608724,0.5269641185100364,3168101,0,0,0.4661062906724512,True,3.969999999999999,-56.1
73.93601972171041,76.54071976995522,15.110402165413062,46.924875733829566,100.0,0.4904772421780184,3168507,0,1,0.4661062906724512,True,0.6800000000000068,-75.5
55.92293553114124,58.52763557938605,10.87882198033095,37.20553630371468,79.84973485505742,0.5505572298549475,3168705,0,0,0.4661062906724512,True,4.009999999999998,-55.9
59.10152031411661,61.70622036236142,16.634160155344194,29.103865544815605,94.30857517990722,0.5238199579665759,3168903,0,0,0.4661062906724512,True,3.4000000000000057,-59.3
62.649462324416824,65.25416237266164,14.81602502691131,36.21528692587138,94.2930378194519,0.5171155671329954,3169109,0,0,0.4661062906724512,True,2.789999999999999,-63.1
54.05548823558241,56.66018828382722,12.604301447222259,31.956211396985506,81.36416517066893,0.5505004579157126,3169703,0,0,0.4661062906724512,True,4.359999999999999,-53.9
69.3218048507491,71.92650489899391,14.55460260692341,43.400007980131235,100.0,0.49653253896320093,3170008,0,1,0.4661062906724512,True,1.5,-70.3
56.41250561610949,59.0172056643543,10.683412708970602,38.07810152279443,79.95630980591417,0.5488995529119393,3170404,0,1,0.4661062906724512,True,3.9299999999999997,-56.4
55.79078845873577,58.39548850698058,15.548577018661994,27.920837539555894,88.87013947440525,0.5313858242869949,3170503,0,0,0.4661062906724512,True,4.019999999999996,-55.6
71.49379728953018,74.09849733777499,17.412820840444216,39.96999562125584,100.0,0.5103431443777978,3171154,0,0,0.4661062906724512,True,0.9500000000000028,-73.6
52.95967118112569,55.5643712293705,22.21136395069029,12.030897838506228,99.09784462023475,0.5124922705450818,3171501,0,0,0.4661062906724512,True,4.659999999999997,-51.6
56.33208398162331,58.93678402986812,11.576677086052795,36.24691388055454,81.6266541791817,0.5455000696633756,3172004,0,0,0.4661062906724512,True,3.960000000000001,-56.3
52.14049217830734,54.74519222655215,20.72563057925182,14.123702734336554,95.36668171876774,0.5162569834737168,3172103,0,0,0.4661062906724512,True,4.790000000000006,-50.8
66.89084509857345,69.49554514681826,13.168877078400799,43.68502035631764,95.30606993731888,0.49710554938644036,3201159,0,0,0.4661062906724512,True,2.0,-67.4
65.26528656784828,67.86998661609309,10.296854125787334,47.68852337548724,88.05144985669892,0.49341432176728073,3201209,0,0,0.4661062906724512,True,2.4000000000000057,-65.3
81.87411594017173,84.47881598841654,15.295975255437837,54.49925537934252,100.0,0.3848336552787006,3202009,0,0,0.4661062906724512,True,-4.299999999999997,-84.3
64.1716073212674,66.77630736951221,10.28326879699182,46.62147088406371,86.93114385496071,0.49936735131773624,3203205,0,0,0.4661062906724512,True,2.5600000000000023,-64.2
77.241987898869,79.84668794711381,13.632161684645371,53.128142013782,100.0,0.4673568782957168,3203353,0,1,0.4661062906724512,True,0.23000000000000398,-78.5
87.21002811044889,89.8147281586937,12.032864865148772,66.23074639216469,100.0,0.20734727321998397,3203700,0,0,0.4661062906724512,True,-8.200000000000003,-88.2
63.12215903281068,65.7268590810555,13.84367431019002,38.59375601938068,92.85996214273031,0.5133441476322553,3203809,0,0,0.4661062906724512,True,2.6899999999999977,-63.5
83.08244644604234,85.68714649428715,11.04210574366311,64.04501692322458,100.0,0.30326189036123,3203908,0,0,0.4661062906724512,True,-3.5,-83.5
76.32995096565068,78.93465101389549,14.81602502691131,49.89577556710523,100.0,0.4837234405656787,3204401,0,1,0.4661062906724512,True,0.3299999999999983,-78.0
85.24381739455525,87.84851744280006,11.266554398515758,65.76647659184783,100.0,0.24302003141769335,3204559,0,1,0.4661062906724512,True,-5.799999999999997,-85.8
59.09793990600383,61.70263995424864,10.089291573227218,41.92799184119983,81.47728806729745,0.5330722144261547,3205002,0,1,0.4661062906724512,True,3.4399999999999977,-59.1
67.00020085656702,69.60490090481183,11.3334972632539,47.39165444995091,91.81814735967274,0.4885649633506631,3205010,0,0,0.4661062906724512,True,2.0799999999999983,-67.2
82.12533466094551,84.73003470919032,12.156431519666329,60.90386675011679,100.0,0.3486020845262483,3205069,0,0,0.4661062906724512,True,-3.0,-83.0
50.62709258534813,53.23179263359294,11.986031369542225,29.739602831722873,76.723982435463,0.5684980006689072,3300506,0,0,0.4661062906724512,True,4.899999999999999,-50.4
50.713561900310154,53.31826194855496,11.04932639252367,31.661980165780687,74.97454373132923,0.5757838841753541,3300803,0,1,0.4661062906724512,True,4.829999999999998,-50.6
51.36323972113021,53.96793976937502,13.346481793635212,27.80931613353046,80.12656340521957,0.5542948492227239,3300936,0,0,0.4661062906724512,True,4.789999999999999,-51.0
33.29823942091873,35.90293946916354,13.309359003344689,9.817075165294039,61.98880377303304,0.5899586036257018,3301157,0,1,0.4661062906724512,True,7.030000000000001,-31.9
54.94605838458759,57.550758432832396,11.10281652659955,35.789637913741174,79.31187895192362,0.5551308002766184,3301306,0,1,0.4661062906724512,True,4.190000000000005,-54.9
54.71801674196673,57.32271679021154,14.197910234313744,29.49532407522395,85.15010950519911,0.5391985025156065,3302056,0,0,0.4661062906724512,True,4.219999999999999,-54.5
64.8362238251107,67.4409238733555,11.41450842964531,45.06889845002184,89.81294929668915,0.5003172147361002,3302254,0,0,0.4661062906724512,True,2.450000000000003,-65.0
46.38521196213367,48.989912010378475,15.548577018661994,18.515261042953792,79.46456297780315,0.5468478383144015,3302304,0,1,0.4661062906724512,True,5.619999999999997,-45.2
57.40707314723812,60.01177319548293,12.261642504885344,35.97939549460216,84.0441508963637,0.5369799958075142,3302908,0,0,0.4661062906724512,True,3.75,-57.4
50.847141560970066,53.451841609214874,11.36660806343883,31.173699178492193,75.72998403993755,0.5732245541703302,3303807,0,1,0.4661062906724512,True,4.849999999999994,-50.7
51.586469867707834,54.19116991595264,11.8985888708707,30.870364262196958,77.51197556970833,0.5630647309491564,3303955,0,0,0.4661062906724512,True,4.68,-51.4
37.168840906640526,39.773540954885334,14.700292804426885,10.961496496015325,68.58558541375534,0.563141779894292,3304102,0,0,0.4661062906724512,True,6.710000000000001,-35.4
63.81080074080674,66.41550078905155,15.769447670611738,35.50795129856348,97.3230502795396,0.5163002806448498,3304607,0,1,0.4661062906724512,True,2.5600000000000023,-64.5
43.753238447974795,46.3579384962196,11.157614738066902,24.48941545623516,68.22646153620404,0.6060580266027426,3304755,0,1,0.4661062906724512,True,5.859999999999999,-43.5
40.348317587830614,42.95301763607542,11.941320011228713,19.548460486199705,66.35757478595113,0.6032862242051472,3304805,0,0,0.4661062906724512,True,6.280000000000001,-39.8
70.88995074274212,73.49465079098692,12.304918455393873,49.377453785712696,97.61184779626115,0.4761957596250673,3305158,0,0,0.4661062906724512,True,1.3599999999999994,-71.4
56.211911680719346,58.816611728964155,10.559514786933374,38.120343052356596,79.5128804055717,0.550991852610649,3305208,0,1,0.4661062906724512,True,3.969999999999999,-56.2
65.2088898490079,67.81358989725271,12.994373507883349,42.34508582013994,93.28209397436548,0.5038808749973231,3305406,0,1,0.4661062906724512,True,2.3400000000000034,-65.6
74.65684796878196,77.26154801702677,17.31688021239011,43.321086476147826,100.0,0.5089483164600525,3305901,0,0,0.4661062906724512,True,0.45000000000000284,-77.2
60.091624485848634,62.69632453409344,10.220323394757642,42.664858770016316,82.72779029817056,0.5278351371846532,3306305,0,1,0.4661062906724512,True,3.309999999999995,-60.1
69.66106178095389,72.2657618291987,18.677103188753584,35.65931224370346,100.0,0.5190936012519433,4100905,0,0,0.4661062906724512,True,1.259999999999991,-71.9
88.13332417923755,90.73802422748236,15.602131938722477,60.15840754554421,100.0,0.24565056812742125,4101309,0,0,0.4661062906724512,True,-11.400000000000006,-91.4
75.86417828888452,78.46887833712933,10.484580509542546,57.919478145415326,99.01827852884333,0.4288887775569913,4101507,0,1,0.4661062906724512,True,0.5900000000000034,-76.0
74.95413733247882,77.55883738072363,11.593289509113324,54.83640748051547,100.0,0.4506142876429557,4101606,0,1,0.4661062906724512,True,0.7199999999999989,-75.4
75.23312391234353,77.83782396058834,12.879221130138516,52.59501439658959,100.0,0.46325847211975735,4101705,0,0,0.4661062906724512,True,0.5500000000000114,-76.1
79.78608069927978,82.39078074752459,12.697905112689456,57.503344047546236,100.0,0.4253279895408083,4102901,0,1,0.4661062906724512,True,-0.7999999999999972,-80.8
71.4904959650281,74.09519601327291,20.945339077889816,33.043085776629475,100.0,0.5316758799086719,4103024,0,0,0.4661062906724512,True,0.7600000000000051,-75.0
72.68866837614995,75.29336842439476,16.957936503366554,42.05642362567921,100.0,0.5067428020962597,4103040,0,1,0.4661062906724512,True,0.7800000000000011,-74.8
53.83823236423844,56.44293241248325,14.855919903660133,27.325864444097633,85.56000038086887,0.5393328315474387,4103206,0,0,0.4661062906724512,True,4.409999999999997,-53.5
78.24487089685265,80.84957094509745,18.543370768587877,44.50523208669239,100.0,0.48172871371516407,4103222,0,1,0.4661062906724512,True,-2.0,-82.0
75.56212441905284,78.16682446729764,20.945339077889816,37.11471423065421,100.0,0.5348716542871366,4103404,0,1,0.4661062906724512,True,-0.09999999999999432,-80.1
84.43180237424096,87.03650242248577,13.723160432194433,60.13960222131955,100.0,0.30406433042428527,4103800,0,0,0.4661062906724512,True,-6.200000000000003,-86.2
73.21475390136516,75.81945394960997,10.35736245304094,55.519396566822294,96.11951133239764,0.4443519954176262,4104204,0,1,0.4661062906724512,True,1.0700000000000074,-73.3
72.7529527569674,75.35765280521221,12.53829659901323,50.78304304366523,99.93226256675919,0.4695590975274255,4104428,0,1,0.4661062906724512,True,1.0,-73.4
65.34586941416072,67.95056946240553,12.697905112689456,43.06313276242717,92.83800616238388,0.5018671794616533,4104451,0,0,0.4661062906724512,True,2.3100000000000023,-65.7
72.90887073533278,75.51357078357759,13.009427854579922,50.01556072912875,100.0,0.4741494883417032,4104709,0,1,0.4661062906724512,True,0.9699999999999989,-73.7
80.03324042984433,82.63794047808913,10.195367447158429,62.65538747250653,100.0,0.39791826393248847,4104808,0,1,0.4661062906724512,True,-0.09999999999999432,-80.1
72.44457694848191,75.04927699672672,12.615641185402003,50.323074631458596,99.77547936199484,0.47253273787165234,4105706,0,0,0.4661062906724512,True,1.0800000000000125,-73.1
73.89429183493203,76.49899188317684,12.570870871935213,51.86053771988019,100.0,0.4664321210156631,4106308,0,0,0.4661062906724512,True,0.8400000000000034,-74.6
78.78130334049585,81.38600338874066,16.873912831339112,48.313741961047704,100.0,0.4672681593983024,4106571,0,0,0.4661062906724512,True,-1.7000000000000028,-81.7
70.39085348894064,72.99555353718544,10.045581775143573,53.30657505415209,92.6845320202188,0.4577626690712843,4106902,0,1,0.4661062906724512,True,1.5300000000000011,-70.4
50.86170303136681,53.46640307961162,14.55460260692341,24.939906160748944,81.99289999847429,0.5471336729004659,4107256,0,0,0.4661062906724512,True,4.890000000000001,-50.3
76.65867678081574,79.26337682906055,16.48383098587137,46.95566176950728,100.0,0.49967625352936507,4107306,0,1,0.4661062906724512,True,0.15000000000000568,-79.1
69.783563543323,72.3882635915678,18.543370768587877,36.04392473316274,100.0,0.5176730615736498,4107546,0,0,0.4661062906724512,True,1.2099999999999937,-72.0
78.71756338096904,81.32226342921385,15.444592768512429,51.05141784704172,100.0,0.465886890182099,4107736,0,1,0.4661062906724512,True,-0.9000000000000057,-80.9
75.30461169695687,77.90931174520168,13.524596659014227,51.40158938810305,100.0,0.47113793989319497,4107900,0,1,0.4661062906724512,True,0.5300000000000011,-76.4
77.78852084444728,80.39322089269209,13.677086733196402,53.58662348219654,100.0,0.4649488778295157,4108502,0,1,0.4661062906724512,True,0.09000000000000341,-79.1
70.1445359114666,72.74923595971141,11.745036688503518,49.72938705314293,95.76908486627988,0.47456804013555787,4108601,0,1,0.4661062906724512,True,1.5,-70.5
63.07663630644448,65.6813363546893,11.40792813627354,43.32220806937201,88.04046464000658,0.5107928410977187,4108809,0,0,0.4661062906724512,True,2.789999999999992,-63.2
77.75432254346033,80.35902259170514,14.700292804426885,51.546978132835136,100.0,0.47941049777883415,4108957,0,1,0.4661062906724512,True,0.09999999999999432,-79.5
78.46894270980556,81.07364275805037,21.932880799635484,38.08598631355475,100.0,0.480479058075119,4109104,0,1,0.4661062906724512,True,-4.400000000000006,-84.4
67.26535232883877,69.87005237708358,10.891760599404376,48.52259387401861,91.21751088014855,0.4827883131234589,4109609,0,1,0.4661062906724512,True,2.0,-67.4
51.73288155600986,54.337581604254666,17.044152084994906,20.931657370641375,87.74350583786796,0.5320886978113342,4110003,0,0,0.4661062906724512,True,4.810000000000002,-50.9
74.61566939012663,77.22036943837143,13.02463655117763,51.69255088633929,100.0,0.4678622115005065,4111209,0,1,0.4661062906724512,True,0.6700000000000017,-75.5
75.51658899509053,78.12128904333534,12.593060680642354,53.43934365414886,100.0,0.4585339225790959,4111902,0,1,0.4661062906724512,True,0.5100000000000051,-76.3
62.130483552593,64.73518360083781,13.403782744906728,38.46425216422119,91.00611503745444,0.5168058882834373,4112702,0,1,0.4661062906724512,True,2.8999999999999986,-62.4
80.74326581593256,83.34796586417737,10.982923524909552,61.821831310396945,100.0,0.38024638418882356,4113205,0,1,0.4661062906724512,True,-1.0999999999999943,-81.1
84.53044606422843,87.13514611247324,11.327649085248694,64.9333618758777,100.0,0.26438405113441027,4114203,0,0,0.4661062906724512,True,-5.099999999999994,-85.1
78.83044024206941,81.43514029031422,11.658845163465742,58.584223668592365,100.0,0.4330738911810347,4114302,0,1,0.4661062906724512,True,0.06999999999999318,-79.4
72.91399316954278,75.51869321778759,11.180170589462325,53.605961521427474,97.43142491414768,0.456244608347537,4114807,0,1,0.4661062906724512,True,1.0900000000000034,-73.2
77.39531724147862,80.00001728972343,12.697905112689456,55.11258058974508,100.0,0.45516656297472075,4115408,0,0,0.4661062906724512,True,0.269999999999996,-78.3
70.1722001784756,72.77690022672041,11.14665736290586,50.92985324741671,94.62394720602411,0.4690046245751447,4115705,0,1,0.4661062906724512,True,1.509999999999991,-70.4
53.938819508051324,56.54351955629613,19.260238299527693,18.79414615556287,94.29289295702938,0.5231130020263017,4116307,0,0,0.4661062906724512,True,4.459999999999994,-53.2
77.40552675381177,80.01022680205658,15.548577018661994,49.5355758346319,100.0,0.48870625764328246,4116802,0,0,0.4661062906724512,True,0.06999999999999318,-79.5
76.7070090794161,79.3117091276609,13.02463655117763,53.78389057562876,100.0,0.46019515856338067,4117107,0,1,0.4661062906724512,True,0.3100000000000023,-77.7
68.35334700751814,70.95804705576295,10.873750967810942,49.64588678199594,92.27020732952995,0.47697066202141797,4117503,0,1,0.4661062906724512,True,1.8299999999999983,-68.5
55.72396534945644,58.32866539770125,10.822714575223053,37.11653461530735,79.54079618009514,0.550414611839704,4117602,0,1,0.4661062906724512,True,4.0,-55.7
78.01452346075892,80.61922350900373,10.589517386348298,59.86415081810034,100.0,0.4199531575475205,4118501,0,1,0.4661062906724512,True,0.28000000000000114,-78.2
75.4872386920328,78.09193874027761,16.072730170161055,46.589966473531604,100.0,0.4954841831401561,4118600,0,1,0.4661062906724512,True,0.3100000000000023,-77.6
62.665442173868605,65.27014222211342,10.44493754246101,44.79844081811953,85.74184362610731,0.5118332195741987,4119152,0,1,0.4661062906724512,True,2.8799999999999955,-62.7
72.13765551546469,74.7423555637095,16.48383098587137,42.43464050415623,100.0,0.5035732482687996,4119202,0,0,0.4661062906724512,True,0.8900000000000006,-74.0
59.937114050952445,62.54181409919725,19.106685633555962,25.093398393498695,99.9902298048958,0.5229171973692649,4120200,0,0,0.4661062906724512,True,3.240000000000002,-60.4
82.28878059093732,84.89348063918213,11.058494179620736,63.21923032387967,100.0,0.3290605433329391,4120606,0,0,0.4661062906724512,True,-2.700000000000003,-82.7
76.68558179572466,79.29028184396947,18.04964855241795,43.913620747624755,100.0,0.5134737304414981,4120655,0,1,0.4661062906724512,True,0.0,-79.9
66.51346852154184,69.11816856978665,11.960231572287743,45.676545441343805,92.55979169822949,0.4933902447030035,4120804,0,1,0.4661062906724512,True,2.1200000000000045,-66.8
85.20287796477066,87.80757801301547,23.486690812239882,41.77450990499751,100.0,0.3697839436043145,4122107,0,1,0.4661062906724512,True,-14.5,-94.5
79.80315004798152,82.40785009622633,14.227953200906141,54.5215742487289,100.0,0.43280638587613707,4122701,0,1,0.4661062906724512,True,-1.5,-81.5
85.08976227675504,87.69446232499985,17.612921303270113,53.17377090805215,100.0,0.3311047626824458,4122800,0,0,0.4661062906724512,True,-9.400000000000006,-89.4
63.488913699854606,66.09361374809941,18.167301600408837,30.486356915021204,100.0,0.5209919318054291,4122909,0,0,0.4661062906724512,True,2.549999999999997,-64.5
84.15820245142078,86.76290249966559,12.950113132904997,61.381147163452624,100.0,0.30075604326480376,4123006,0,1,0.4661062906724512,True,-5.5,-85.5
91.44945897495322,94.05415902319803,20.945339077889816,53.00204878655459,100.0,0.25111275114493603,4123105,0,0,0.4661062906724512,True,-20.0,-100.0
58.62564898946293,61.23034903770774,14.026451339649181,33.73900958109174,88.72168849432373,0.5281244537669226,4123402,0,0,0.4661062906724512,True,3.519999999999996,-58.7
86.02809862974235,88.63279867798715,24.65934616774623,40.30136830689873,100.0,0.363138496583468,4123600,0,0,0.4661062906724512,True,-16.799999999999997,-96.8
75.88929907248281,78.49399912072762,16.634160155344194,45.891644303181806,100.0,0.5006235869889746,4124004,0,1,0.4661062906724512,True,0.21999999999999886,-78.3
77.6024278118529,80.20712786009771,21.17512372487933,38.70464799115458,100.0,0.4960977444941235,4124202,0,0,0.4661062906724512,True,-2.799999999999997,-82.8
87.92970117368901,90.53440122193382,15.496074493154987,60.162653313600266,100.0,0.24831208415716832,4124509,0,0,0.4661062906724512,True,-11.099999999999994,-91.1
72.40359794283827,75.00829799108308,16.48383098587137,42.700582931529816,100.0,0.5046394744494751,4125357,0,0,0.4661062906724512,True,0.9000000000000057,-74.3
81.21386547896495,83.81856552720976,15.344571674967778,53.74375768607945,100.0,0.4017366706308882,4125803,0,0,0.4661062906724512,True,-3.5999999999999943,-83.6
71.58149276052151,74.18619280876632,16.271243703685833,42.29514116586796,100.0,0.5042613656265942,4126207,0,0,0.4661062906724512,True,1.0600000000000023,-73.3
84.79926023573758,87.40396028398239,12.615641185402003,62.67775791871426,100.0,0.2786396815020244,4127205,0,0,0.4661062906724512,True,-6.0,-86.0
77.15105507460561,79.75575512285042,12.019258510286086,56.198441321813135,100.0,0.44488687287349343,4127502,0,1,0.4661062906724512,True,0.29000000000000625,-77.8
74.63996846208022,77.24466851032503,10.973446388591197,55.73710880240515,98.7522282182449,0.44438810034714604,4128203,0,1,0.4661062906724512,True,0.8099999999999881,-74.9
64.53271866673401,67.13741871497882,12.313774898553604,43.0028634000804,91.27197402987724,0.5052671633772472,4200101,0,1,0.4661062906724512,True,2.5,-64.8
74.71959311447941,77.32429316272422,17.824822106704524,42.38828380274997,100.0,0.5126591162442351,4200804,0,0,0.4661062906724512,True,0.39000000000000057,-77.5
73.67844856862027,76.28314861686508,12.979471143435564,50.84385263735445,100.0,0.4704234203412202,4201208,0,1,0.4661062906724512,True,0.8199999999999932,-74.5
63.28294515964566,65.88764520789047,14.081988760608219,38.28745440640053,93.48783600938042,0.5130961431140948,4201257,0,0,0.4661062906724512,True,2.6499999999999915,-63.7
82.78194209412366,85.38664214236847,16.791995534581208,52.47493566603189,100.0,0.3741861705273173,4202131,0,0,0.4661062906724512,True,-6.200000000000003,-86.2
61.11431697828311,63.719017026527915,14.451284779519014,35.39501932833879,92.04301472471704,0.5207223145722794,4202206,0,0,0.4661062906724512,True,3.0700000000000003,-61.4
43.940616684557334,46.54531673280214,17.612921303270113,12.024625315854443,81.06600814974983,0.5290729957735794,4203402,0,0,0.4661062906724512,True,6.030000000000001,-41.8
60.67423362583126,63.27893367407607,14.081988760608219,35.67874287258613,90.87912447556602,0.5218333732080259,4203501,0,1,0.4661062906724512,True,3.1499999999999986,-60.9
64.14800914677332,66.75270919501813,11.448357122729028,44.31434155231663,89.19107683771962,0.5037387208836027,4203600,0,1,0.4661062906724512,True,2.5600000000000023,-64.3
59.190917698454584,61.79561774669939,13.84367431019002,34.662514685024576,88.92872080837421,0.5263312084893589,4203709,0,1,0.4661062906724512,True,3.4100000000000037,-59.3
71.80128195355283,74.40598200179764,12.12601480547822,50.639429707060856,98.17253429653442,0.46989309935778134,4203907,0,1,0.4661062906724512,True,1.1899999999999977,-72.3
67.61979334070159,70.2244933889464,13.818937992031962,43.1398726199715,97.3091141579213,0.4987155117570826,4204004,0,0,0.4661062906724512,True,1.8800000000000097,-68.3
68.0390764103118,70.6437764585566,16.957936503366554,37.40683165984105,100.0,0.5133181619225908,4204103,0,1,0.4661062906724512,True,1.7099999999999937,-69.5
33.55147416495011,36.156174213194916,18.958501731694067,0.0,73.31415480815554,0.4981866489646983,4204178,0,0,0.4661062906724512,True,7.170000000000002,-28.9
76.21812223821759,78.8228222864624,10.632680087741191,57.983152255353474,99.66249231757132,0.42972324489693847,4204301,0,1,0.4661062906724512,True,0.539999999999992,-76.4
59.09358015914999,61.698280207394795,10.281145627933856,41.54760505683299,81.84895535795658,0.5326250473866474,4204608,0,1,0.4661062906724512,True,3.4399999999999977,-59.1
48.765536237835086,51.370236286079894,11.184787759722841,29.448455102298684,73.2920174698611,0.5828506675347983,4204806,0,1,0.4661062906724512,True,5.109999999999999,-48.6
53.374447471043105,55.97914751928791,12.465438883857507,31.547336255442023,80.4109587831338,0.5533140537116288,4206702,0,0,0.4661062906724512,True,4.449999999999996,-53.2
65.25807730956419,67.862777357809,11.928914934104196,44.48253371232278,91.24302100329521,0.5005759817888844,4208104,0,1,0.4661062906724512,True,2.3799999999999955,-65.5
72.7307055490861,75.3354055973309,10.300267208517223,55.14725283749823,95.52355835716358,0.4449679559327656,4208906,0,0,0.4661062906724512,True,1.1099999999999994,-72.8
59.14772154057971,61.75242158882452,12.046657084463037,38.14140756917267,85.36343560847637,0.5283759666920247,4209003,0,0,0.4661062906724512,True,3.4099999999999966,-59.2
66.37244696894679,68.9771470171916,25.578835819387578,18.84355004472885,100.0,0.5406808034804987,4209201,0,0,0.4661062906724512,True,1.5900000000000034,-70.0
33.9238646850922,36.52856473333701,11.631983543326172,13.730295919655102,59.32683354701891,0.622553447494907,4209409,0,1,0.4661062906724512,True,6.859999999999999,-33.3
41.63301847313379,44.237718521378596,12.710086481260172,19.326406777719228,69.14903026503796,0.5872501505692472,4209706,0,0,0.4661062906724512,True,6.140000000000001,-40.9
59.68930497712121,62.29400502536602,13.071213174895385,36.6748979683256,87.91311208240643,0.526715960317439,4209904,0,1,0.4661062906724512,True,3.3700000000000045,-59.8
71.550163085835,74.1548631340798,15.155523223110782,44.45058344992226,100.0,0.4961867928806437,4210035,0,0,0.4661062906724512,True,1.1099999999999994,-72.9
52.67756700885028,55.28226705709509,21.17512372487933,13.779787188151957,96.78474692603822,0.5157788891364313,4210209,0,0,0.4661062906724512,True,4.719999999999999,-51.4
67.77589195941529,70.3805920076601,16.957936503366554,37.14364720894455,100.0,0.5119822259166721,4211405,0,0,0.4661062906724512,True,1.6899999999999977,-69.2
69.01968577326211,71.62438582150692,12.964718442281194,46.21400460493354,97.03476703808029,0.4878660753681698,4211603,0,0,0.4661062906724512,True,1.6300000000000097,-69.6
70.85296544497295,73.45766549321776,16.634160155344194,40.855310675671944,100.0,0.5067709919227028,4211801,0,0,0.4661062906724512,True,1.1400000000000006,-72.6
74.95701361783843,77.56171366608324,21.415737950172993,35.58763858139652,100.0,0.5384691838422487,4213153,0,0,0.4661062906724512,True,0.030000000000001137,-79.6
66.18507078854869,68.7897708367935,12.211825987045298,44.85503171671441,92.72450995687257,0.4967406706913639,4213708,0,1,0.4661062906724512,True,2.1899999999999977,-66.5
64.88709103656734,67.49179108481215,15.201476347093521,37.69744493267134,97.28613723695295,0.512285570121747,4213807,0,0,0.4661062906724512,True,2.3599999999999994,-65.6
66.39791463163402,69.00261467987883,14.385039963010485,40.80845443620888,97.19677492354877,0.5057512462161508,4214201,0,0,0.4661062906724512,True,2.1099999999999994,-67.1
79.4339760295962,82.038676077841,14.855919903660133,52.921608109455384,100.0,0.44542454749200977,4214607,0,1,0.4661062906724512,True,-1.4000000000000057,-81.4
68.61819277396533,71.22289282221014,13.524596659014227,44.71517046511151,97.73061517930877,0.4928356453000177,4215455,0,1,0.4661062906724512,True,1.6800000000000068,-69.3
55.64423078443951,58.248930832684316,14.110350103076552,30.59315282140323,85.9047088439654,0.5367331023628634,4215653,0,0,0.4661062906724512,True,4.049999999999997,-55.5
81.43259124071861,84.03729128896342,14.896502607712538,54.84068268223984,100.0,0.39318676262452934,4215679,0,1,0.4661062906724512,True,-3.5999999999999943,-83.6
54.892699937200454,57.49739998544526,22.21136395069029,13.96392659458099,100.0,0.516386761403403,4215687,0,0,0.4661062906724512,True,4.309999999999995,-54.1
58.18481602430186,60.78951607254667,11.597497659287914,38.058838349554776,83.52019379553856,0.5350583769574705,4215703,0,1,0.4661062906724512,True,3.6099999999999994,-58.2
55.36980778576939,57.9745078340142,16.20358169607872,26.21607128914745,89.73294437888094,0.5306346241806146,4216354,0,0,0.4661062906724512,True,4.119999999999997,-55.1
66.21811575914803,68.82281580739284,19.419472473486998,30.761349160591358,100.0,0.5227330275511312,4217105,0,0,0.4661062906724512,True,1.9300000000000068,-68.0
61.42973312392602,64.03443317217084,13.945984786936362,36.700805260832055,91.3680610835096,0.5190321438290384,4217600,0,1,0.4661062906724512,True,3.0,-61.7
50.061457560405465,52.66615760865027,12.103763502546155,28.943217066269426,76.38909815103112,0.5689954403107855,4218301,0,1,0.4661062906724512,True,4.970000000000006,-49.8
46.66962844414588,49.27432849239069,18.815397070519058,12.396827879352884,86.15182910542848,0.5208896072707907,4219358,0,0,0.4661062906724512,True,5.659999999999997,-44.6
67.91487307476143,70.51957312300624,19.260238299527693,32.77019972227298,100.0,0.5213333200559453,4300034,0,1,0.4661062906724512,True,1.5499999999999972,-70.0
56.190586087170026,58.795286135414834,13.654483375487017,32.03299049195937,85.55758177887029,0.5374801069910504,4300109,0,1,0.4661062906724512,True,3.979999999999997,-56.1
49.79672951348758,52.401429561732385,15.394101529634638,22.229544989295533,82.57331413416924,0.5431569305948885,4300646,0,0,0.4661062906724512,True,5.07,-49.0
64.73987625972532,67.34457630797013,29.362349019112628,9.79542972901438,100.0,0.5434653089802225,4300661,0,1,0.4661062906724512,True,1.75,-68.8
74.35170156473092,76.95640161297572,14.417907295904582,48.69782258056546,100.0,0.4829494135590486,4300877,0,1,0.4661062906724512,False,0.6400000000000006,-75.7
41.489478373945836,44.094178422190645,13.503857820759766,17.627103441151956,70.56125340322933,0.5765082504210425,4301107,0,1,0.4661062906724512,True,6.200000000000003,-40.5
79.56554567642686,82.17024572467167,23.140734341188725,36.81523984013255,100.0,0.462640111808467,4301552,0,1,0.4661062906724512,True,-6.700000000000003,-86.7
88.31994082103105,90.92464086927586,16.411310269287334,58.759063802360345,100.0,0.25280861193336435,4301701,0,1,0.4661062906724512,True,-12.200000000000003,-92.2
66.25890902292005,68.86360907116486,22.21136395069029,25.330135680300586,100.0,0.5302604932289589,4301958,0,1,0.4661062906724512,True,1.75,-68.8
71.67248625935595,74.27718630760076,13.723160432194433,47.38028610643454,100.0,0.4846780783341717,4302303,0,1,0.4661062906724512,False,1.1500000000000057,-72.6
82.54769420398138,85.15239425222619,32.21859914045992,22.005100304591586,100.0,0.43647209717456753,4302584,0,1,0.4661062906724512,True,-20.0,-100.0
51.54985715095528,54.15455719920009,12.465438883857507,29.7227459353542,78.58636846304597,0.5585297051656595,4302709,0,1,0.4661062906724512,True,4.690000000000005,-51.3
58.58656798451778,61.191268032762586,10.868738090625722,39.888932817737526,82.49360324778763,0.5355107511766697,4303509,0,1,0.4661062906724512,True,3.559999999999995,-58.6
31.12798003863167,33.73268008687648,18.28867868272067,0.0,69.57783162983444,0.49863272310292345,4304101,0,0,0.4661062906724512,True,7.170000000000002,-26.5
81.39211392825781,83.99681397650262,14.979805805570425,54.636934102180575,100.0,0.39480639103145515,4305009,0,1,0.4661062906724512,True,-3.5999999999999943,-83.6
69.17397944504289,71.7786794932877,10.147368546470183,51.89020260435157,91.66715638222382,0.4651063085492896,4305108,0,1,0.4661062906724512,False,1.6899999999999977,-69.2
69.19551369237955,71.80021374062436,20.31377276149815,31.985950737957218,100.0,0.5264889650930729,4305132,0,1,0.4661062906724512,True,1.25,-71.9
75.71589049781423,78.32059054605904,30.21523419105126,19.099819747155323,100.0,0.5221624173603623,4305504,0,0,0.4661062906724512,True,-6.700000000000003,-86.7
76.22778802448927,78.83248807273408,17.71732962534038,44.1071601048424,100.0,0.5109759531729461,4305900,0,1,0.4661062906724512,False,0.11999999999999034,-79.2
83.94096102767192,86.54566107591673,21.668015323453318,44.0771314254862,100.0,0.3812922496566194,4306452,0,1,0.4661062906724512,True,-11.200000000000003,-91.2
57.50388521348467,60.10858526172948,12.527623079040723,35.55489521491688,84.66227530854208,0.5343949417058111,4306601,0,1,0.4661062906724512,True,3.6899999999999977,-57.5
63.65193751483534,66.25663756308015,12.44539181797079,41.864117826367924,90.64915729979236,0.5084415638854657,4306908,0,1,0.4661062906724512,False,2.6199999999999974,-63.9
86.79427276662277,89.39897281486758,18.413967925851043,53.3082588677238,100.0,0.3048764310544756,4307203,0,1,0.4661062906724512,False,-12.0,-92.0
63.331016024273,65.9357160725178,10.77432317512964,44.818430691468464,87.05300145356713,0.5064529524783046,4307708,0,1,0.4661062906724512,True,2.710000000000001,-63.4
87.90883109095736,90.51353113920217,22.21136395069029,46.9800577483379,100.0,0.3179852481454106,4307815,0,1,0.4661062906724512,True,-16.799999999999997,-96.8
78.42773665768388,81.03243670592869,11.69607307141433,58.10855472540783,100.0,0.4360679480667974,4308201,0,1,0.4661062906724512,True,0.15000000000000568,-79.0
74.63397712588527,77.23867717413007,31.161389431106706,16.163476180933834,100.0,0.5353054993886908,4308250,0,1,0.4661062906724512,True,-5.700000000000003,-85.7
61.67814625933613,64.28284630758094,15.444592768512429,34.01200072540881,94.55369188975307,0.5187758408032274,4308300,0,1,0.4661062906724512,True,2.9100000000000037,-62.1
84.82803690609133,87.43273695433614,18.167301600408837,51.825480121257925,100.0,0.3412231637269456,4308409,0,1,0.4661062906724512,False,-9.5,-89.5
78.65162786355633,81.25632791180114,11.336440754243995,59.037312320610816,100.0,0.42837655263468133,4309100,0,1,0.4661062906724512,False,0.10999999999999943,-79.1
73.64081376632873,76.24551381457354,21.932880799635484,33.25785737007792,100.0,0.54093527609235,4310363,0,1,0.4661062906724512,True,0.29999999999999716,-78.2
49.65591514389539,52.2606151921402,21.932880799635484,9.27295874764458,95.24827163663582,0.507809681470471,4310652,0,0,0.4661062906724512,True,5.289999999999999,-47.4
76.6682652654846,79.27296531372942,12.304918455393873,55.15576830845519,100.0,0.45203637375807904,4310801,0,1,0.4661062906724512,True,0.39000000000000057,-77.4
64.1787915193093,66.78349156755411,15.712532150808999,35.98749444604079,97.57948868906742,0.5148880323315722,4311106,0,1,0.4661062906724512,True,2.469999999999999,-64.9
78.31898783046125,80.92368787870606,22.50461461169605,36.815453753827946,100.0,0.4836302590957297,4311254,0,1,0.4661062906724512,True,-4.599999999999994,-84.6
66.46421706482806,69.06891711307287,16.48383098587137,36.761202053519604,100.0,0.5118834481033823,4311627,0,1,0.4661062906724512,False,1.960000000000008,-67.6
65.50221705931826,68.10691710756306,18.815397070519058,31.22941649452526,100.0,0.5206230526051474,4311718,0,1,0.4661062906724512,True,2.0799999999999983,-67.0
72.41634894441043,75.02104899265524,21.668015323453318,32.55251934222471,100.0,0.5365683598365081,4312138,0,1,0.4661062906724512,True,0.5100000000000051,-76.5
84.8064747525636,87.41117480080841,17.511461039657277,53.089341846403805,100.0,0.336067914201791,4312153,0,1,0.4661062906724512,True,-9.0,-89.0
75.6741539052184,78.27885395346321,20.515315336804335,38.0695747618445,100.0,0.5334303073387452,4312443,0,1,0.4661062906724512,True,0.0,-80.0
82.46300277944316,85.06770282768797,22.50461461169605,40.95946870280985,100.0,0.4109176585294035,4312757,0,1,0.4661062906724512,True,-10.0,-90.0
83.7057648627074,86.3104649109522,21.668015323453318,43.84193526052168,100.0,0.385436142691239,4313011,0,1,0.4661062906724512,True,-10.900000000000006,-90.9
78.16177175993927,80.76647180818408,11.8985888708707,57.445666154428395,100.0,0.4396635240754245,4313300,0,1,0.4661062906724512,True,0.1599999999999966,-78.8
79.38625686207153,81.99095691031634,16.712103583515947,49.235835780722304,100.0,0.4525851385444671,4314027,0,1,0.4661062906724512,True,-2.299999999999997,-82.3
58.495870793702174,61.10057084194698,10.300718145641104,40.9115342615922,81.28960742230176,0.5386468058326991,4314100,0,1,0.4661062906724512,False,3.6000000000000014,-58.5
82.12042360111694,84.72512364936175,17.511461039657277,50.40329069495714,100.0,0.39364538657992393,4314423,0,1,0.4661062906724512,True,-5.900000000000006,-85.9
77.59398764474093,80.19868769298574,25.103304391597813,30.99711519250784,100.0,0.496842483661958,4314753,0,1,0.4661062906724512,True,-5.5,-85.5
56.038063057676126,58.642763105920935,11.52117425001467,36.061676516281906,81.22384969555995,0.5475760770984534,4314803,0,1,0.4661062906724512,True,4.020000000000003,-56.0
74.50792261744881,77.11262266569362,23.140734341188725,31.757616781154496,100.0,0.5493068854231843,4315172,0,1,0.4661062906724512,True,-0.01999999999999602,-80.0
73.16761921293217,75.77231926117697,38.14399002576359,1.0114725840252703,100.0,0.5441263175583451,4315552,0,0,0.4661062906724512,True,-8.900000000000006,-88.9
71.6939875794429,74.29868762768771,21.932880799635484,31.311031183192092,100.0,0.5374385687472683,4316303,0,1,0.4661062906724512,True,0.6599999999999966,-75.7
74.32581363089103,76.93051367913584,21.415737950172993,34.956438594449125,100.0,0.5381205832401397,4316428,0,1,0.4661062906724512,True,0.18000000000000682,-78.8
46.819264016870086,49.423964065114895,24.24372534287553,1.9071355419978744,96.9407925882319,0.4895690020727515,4316436,0,0,0.4661062906724512,True,5.890000000000001,-42.9
91.05261328499714,93.65731333324194,21.415737950172993,51.68323824855523,100.0,0.26182693425878734,4316477,0,1,0.4661062906724512,False,-20.0,-100.0
68.6932451465037,71.29794519474851,29.362349019112628,13.748798615792758,100.0,0.5603928025477968,4316733,0,1,0.4661062906724512,True,0.7600000000000051,-75.0
49.89109352374518,52.495793571989985,10.761660799720586,31.403325990701116,73.58826115327885,0.581869616624122,4317103,0,1,0.4661062906724512,True,4.920000000000002,-49.8
56.04394388140222,58.64864392964703,11.745036688503518,35.62879502307855,81.6684928362155,0.5454628334784889,4317301,0,1,0.4661062906724512,True,3.990000000000002,-56.0
67.29852490602029,69.9032249542651,27.88296034774111,15.25362689033409,100.0,0.5504679063630282,4317558,0,1,0.4661062906724512,True,1.2399999999999949,-72.2
76.84305378402726,79.44775383227207,11.480240539954035,56.9468958401055,100.0,0.44018584394531707,4317608,0,1,0.4661062906724512,True,0.4200000000000017,-77.3
71.75960746269922,74.36430751094403,16.271243703685833,42.47325586804567,100.0,0.5028365524699503,4317707,0,1,0.4661062906724512,True,0.980000000000004,-73.5
72.44431757688072,75.04901762512553,22.813921478968027,30.334553180223423,100.0,0.5439943406946437,4317756,0,1,0.4661062906724512,True,0.46999999999999886,-77.1
74.85452786208164,77.45922791032645,13.746642130073639,50.51630442702114,100.0,0.4756598275304037,4317905,0,1,0.4661062906724512,True,0.6200000000000045,-76.0
80.67766476201318,83.28236481025799,12.85182154651324,58.09325744335618,100.0,0.3992067973393952,4318408,0,1,0.4661062906724512,True,-1.7999999999999972,-81.8
72.50557500612462,75.11027505436942,25.103304391597813,25.908702553891523,100.0,0.5563822097010921,4318457,0,1,0.4661062906724512,True,0.269999999999996,-78.4
74.61702266465615,77.22172271290096,20.72563057925182,36.60023322068536,100.0,0.5330368230919833,4318481,0,1,0.4661062906724512,True,0.14000000000000057,-78.8
57.002565301547364,59.60726534979217,10.283938828059538,39.451115627582425,79.76341507200192,0.5473217200745008,4318705,0,1,0.4661062906724512,False,3.8299999999999983,-57.0
79.52980167538867,82.13450172363348,18.677103188753584,45.52805213813824,100.0,0.4545061701604495,4319109,0,1,0.4661062906724512,True,-3.5999999999999943,-83.6
57.8531201748462,60.457820223091005,18.543370768587877,24.11348136468594,96.80215908149606,0.5236983530252609,4319208,0,1,0.4661062906724512,False,3.6600000000000037,-57.9
65.9645043539529,68.56920440219771,31.161389431106706,7.494003409001472,100.0,0.5537449094850315,4319737,0,1,0.4661062906724512,True,1.3799999999999955,-71.4
79.45431352483865,82.05901357308346,21.415737950172993,40.084938488396745,100.0,0.4617027533193529,4320230,0,1,0.4661062906724512,False,-5.299999999999997,-85.3
66.03800264851981,68.64270269676462,11.8985888708707,45.32189704300893,91.9635083505203,0.49454498656609075,4320800,0,1,0.4661062906724512,True,2.180000000000007,-66.3
49.87218169009246,52.47688173833727,12.133537656003586,28.69558492750969,76.25817854916485,0.5694520614593243,4321303,0,1,0.4661062906724512,False,5.0,-49.6
79.30097390236965,81.90567395061446,19.756367345919944,43.183905487268184,100.0,0.46157812793725106,4321329,0,0,0.4661062906724512,True,-4.0,-84.0
82.63346841958742,85.23816846783222,11.875009854649646,61.96357683666069,100.0,0.3295672042762535,4321451,0,1,0.4661062906724512,True,-3.4000000000000057,-83.4
79.42842052327536,82.03312057152017,24.65934616774623,33.70169020043175,100.0,0.46714512411625353,4321626,0,1,0.4661062906724512,True,-7.700000000000003,-87.7
81.72027750578927,84.32497755403408,33.40975495898807,18.843061102108976,100.0,0.44849978925635003,4321634,0,1,0.4661062906724512,True,-20.0,-100.0
55.567777712523224,58.17247776076803,12.032864865148772,34.58849599423902,81.75645952729704,0.5455713457775268,4321709,0,1,0.4661062906724512,True,4.049999999999997,-55.5
77.62705627017347,80.23175631841828,18.04964855241795,44.855095222073565,100.0,0.49487774770351406,4321857,0,1,0.4661062906724512,True,-1.0,-81.0
66.15559965709191,68.76029970533672,12.406269205832027,44.4444588793976,93.07614053127583,0.4967747469748912,4322707,0,1,0.4661062906724512,False,2.1599999999999966,-66.5
75.50004331586132,78.10474336410613,25.578835819387578,27.97114639164338,100.0,0.5295324910737128,4323770,0,1,0.4661062906724512,True,-2.9000000000000057,-82.9
64.72013009353522,67.32483014178003,13.794524761637621,40.288058425124305,94.36160185843573,0.5082466205129957,5000807,0,0,0.4661062906724512,True,2.4099999999999966,-65.2
78.39762615953028,81.00232620777508,11.781036365639487,57.91191923056503,100.0,0.43686314586512776,5003157,0,1,0.4661062906724512,True,0.12999999999999545,-79.0
41.61256670476855,44.217266753013355,10.459503281212125,23.717017025659064,64.71751648036764,0.6271704623427891,5003207,0,1,0.4661062906724512,True,6.109999999999999,-41.5
95.24448297351815,97.84918302176295,12.74730783729018,72.86491876082903,100.0,0.08072199063895968,5003454,0,1,0.4661062906724512,False,-17.0,-97.0
39.0160969886631,41.62079703690791,12.604301447222259,16.916820150066197,66.32477392374962,0.5943480017568084,5003488,0,1,0.4661062906724512,True,6.43,-38.2
14.941782302638853,17.546482350883664,13.055526715996706,0.0,43.1348445134377,0.5415898621450258,5004809,0,0,0.4661062906724512,True,6.210000000000001,-12.7
75.14363469714462,77.74833474538943,13.999258547730667,50.31029218157281,100.0,0.4764083914867875,5006275,0,0,0.4661062906724512,True,0.519999999999996,-76.4
34.88585044388455,37.49055049212936,11.342366972732968,15.259919726136136,59.72118125812258,0.6268481649284527,5007109,0,0,0.4661062906724512,True,6.759999999999998,-34.4
40.47312977617108,43.077829824415886,11.0158912161007,21.48707978324737,64.66857986558439,0.6195515195734237,5007208,0,0,0.4661062906724512,True,6.229999999999997,-40.2
47.93900179423737,50.54370184248218,12.685834035715585,25.679924018627222,75.40747966633714,0.5705834047494728,5007935,0,0,0.4661062906724512,False,5.299999999999997,-47.5
40.964943937440864,43.56964398568567,18.413967925851043,7.478930038541897,79.66035793282944,0.5205805152488798,5100102,0,1,0.4661062906724512,True,6.520000000000003,-38.0
66.75056888818818,69.35526893643299,14.979805805570425,39.995389062110945,98.71514881075504,0.5057185231618399,5100508,0,1,0.4661062906724512,True,1.9699999999999989,-67.6
43.48678638588724,46.09148643413205,13.91988848507892,18.80900633456355,73.37396653370055,0.5684024554051703,5102793,0,0,0.4661062906724512,False,5.990000000000002,-42.5
62.45076236805786,65.05546241630267,16.712103583515947,32.30034128670864,97.8105835458967,0.5196749318904561,5102850,0,1,0.4661062906724512,True,2.779999999999994,-63.1
58.357236537554755,60.96193658579956,13.237569939500608,35.0167762615483,86.90709691005083,0.5303507943489302,5103056,0,0,0.4661062906724512,True,3.5700000000000003,-58.4
43.51311847091297,46.11781851915778,18.677103188753584,9.511368933662546,82.724268104653,0.519263073988426,5103361,0,0,0.4661062906724512,True,6.1200000000000045,-40.9
58.35845077032567,60.963150818570476,13.152163976320281,35.185383106217614,86.74091853092334,0.5296033745420624,5103379,0,0,0.4661062906724512,True,3.539999999999999,-58.4
53.905358747899044,56.51005879614385,10.094689954269597,36.724830050677156,76.29528754161055,0.5688128773453012,5103403,0,1,0.4661062906724512,True,4.359999999999999,-53.9
80.51568680962097,83.12038685786578,20.515315336804335,42.91110766624707,100.0,0.43955388995140743,5103809,0,1,0.4661062906724512,True,-6.0,-86.0
47.485555458171326,50.090255506416135,21.668015323453318,7.621725855985609,92.55878515684665,0.5057026896260604,5104500,0,0,0.4661062906724512,True,5.699999999999996,-44.7
56.035107880672406,58.639807928917214,14.700292804426885,29.827763470047206,87.45185238778721,0.5338873455834889,5104906,0,1,0.4661062906724512,True,3.990000000000002,-55.9
45.696355127772414,48.30105517601722,11.04932639252367,26.644773393242946,69.9573369587915,0.5996373669108178,5105150,0,0,0.4661062906724512,True,5.590000000000003,-45.5
83.47923086290643,86.08393091115124,16.957936503366554,52.846986112435694,100.0,0.3598850778637097,5105234,0,1,0.4661062906724512,False,-7.099999999999994,-87.1
47.2303374684009,49.835037516645706,12.475587423941867,25.383335479738808,74.2867395535526,0.5742333981087613,5105507,0,0,0.4661062906724512,True,5.3700000000000045,-46.8
47.94102375834562,50.54572380659043,19.9347931830373,11.474247128582725,89.61720048459813,0.5158911373279741,5106174,0,0,0.4661062906724512,True,5.540000000000006,-45.8
50.95271184389699,53.5574118921418,12.287409154722134,29.474532485578663,77.64029129870494,0.5647324657998708,5106232,0,0,0.4661062906724512,True,4.859999999999999,-50.7
72.48373949739553,75.08843954564034,12.824945156334277,49.952008935523736,100.0,0.47486872305908673,5106240,0,1,0.4661062906724512,True,1.0799999999999983,-73.2
31.979386879758753,34.584086928003565,11.41450842964531,12.212061504669904,56.956112351337225,0.6325761584705109,5106505,0,1,0.4661062906724512,True,7.050000000000004,-31.4
70.3547186677732,72.959418716018,27.88296034774111,18.309820652086998,100.0,0.561147135082685,5106703,0,0,0.4661062906724512,True,0.45000000000000284,-76.8
32.35413195320717,34.95883200145198,12.907159526582848,9.661264186636537,60.25639981626742,0.5970391322439467,5106778,0,0,0.4661062906724512,True,7.030000000000001,-31.1
73.8028392672806,76.40753931552541,15.769447670611738,45.499989825037346,100.0,0.4960145688236901,5106802,0,1,0.4661062906724512,True,0.6500000000000057,-75.6
83.80431492739018,86.40901497563499,19.260238299527693,48.65964157490173,100.0,0.36965815682850023,5106851,0,1,0.4661062906724512,True,-9.099999999999994,-89.1
47.42670813006411,50.031408178308915,11.960231572287743,26.58978504986607,73.47303130675175,0.5807809302430991,5107008,0,1,0.4661062906724512,True,5.369999999999997,-47.1
71.45359236744136,74.05829241568617,23.85364868312077,27.30600009689816,100.0,0.5460854218525113,5107156,0,0,0.4661062906724512,True,0.519999999999996,-76.3
53.18404537945925,55.78874542770406,20.72563057925182,15.167255935488463,96.41023491991965,0.5173425493851052,5107263,0,0,0.4661062906724512,True,4.589999999999996,-52.1
75.93547852248012,78.54017857072493,21.17512372487933,37.0376987017818,100.0,0.5274814684520286,5107297,0,1,0.4661062906724512,True,-0.7000000000000028,-80.7
54.10951573926618,56.71421578751099,18.28867868272067,20.86906424455303,92.55936733046894,0.5260658085582285,5107743,0,0,0.4661062906724512,True,4.409999999999997,-53.5
69.54138148364565,72.14608153189046,11.357415526886447,49.88595614173701,94.40620692204389,0.4734613704414958,5107875,0,0,0.4661062906724512,True,1.5900000000000034,-69.8
55.975900376634286,58.580600424879094,12.759946020353471,33.57156578031109,83.58963506944708,0.5417998213111729,5108006,0,0,0.4661062906724512,True,4.020000000000003,-55.9
58.64263452584861,61.247334574093415,13.168877078400799,35.43680978359279,87.05785936459404,0.5303457525496189,5108055,0,1,0.4661062906724512,True,3.549999999999997,-58.7
88.55372262102722,91.15842266927203,19.58472655383971,52.77306397668094,100.0,0.28442320814114974,5108204,0,0,0.4661062906724512,True,-15.099999999999994,-95.1
60.08935593799325,62.694055986238055,16.34046767609613,30.667327850548723,94.72078412192738,0.5228379984506852,5108303,0,0,0.4661062906724512,True,3.230000000000004,-60.4
47.9228375312339,50.52753757947871,10.15488608445948,30.624326586831156,70.43074857212626,0.6030310954048465,5108402,0,0,0.4661062906724512,True,5.280000000000001,-47.9
76.02021996325018,78.62492001149499,13.632161684645371,51.90637407816319,100.0,0.46945055845195727,5108956,0,0,0.4661062906724512,True,0.37999999999999545,-77.2
48.92619616856871,51.53089621681352,10.198423839040425,31.542352793219568,71.51943964040746,0.595651144257014,5200258,0,1,0.4661062906724512,True,5.100000000000001,-48.9
81.50633710330088,84.11103715154569,13.346481793635212,57.952413515701124,100.0,0.3790320224855592,5200605,0,1,0.4661062906724512,True,-2.9000000000000057,-82.9
72.1660990067802,74.77079905502501,10.152611641465455,54.87204588873063,94.66955222131938,0.44746665786187656,5201108,0,1,0.4661062906724512,True,1.230000000000004,-72.2
73.9254157014039,76.53011574964871,19.419472473486998,38.46864910284723,100.0,0.5236087523872666,5201603,0,0,0.4661062906724512,True,0.38000000000000966,-77.3
45.237333457420704,47.84203350566551,17.612921303270113,13.321342088717813,82.36272492261321,0.5298248240247194,5202155,0,0,0.4661062906724512,True,5.859999999999999,-43.3
72.02435533613622,74.62905538438103,21.668015323453318,32.16052573395051,100.0,0.5360548555193485,5202601,0,0,0.4661062906724512,True,0.5900000000000034,-76.0
63.106823559689914,65.71152360793472,19.756367345919944,26.98975514458845,100.0,0.5231782422054183,5203104,0,0,0.4661062906724512,True,2.5600000000000023,-64.3
61.094643648261005,63.699343696505814,11.84635147109573,40.48092146495509,86.91776592805653,0.5208919016910901,5203302,0,1,0.4661062906724512,True,3.1199999999999903,-61.2
50.5439657443932,53.148665792638006,20.31377276149815,13.334402789970866,92.96292879530515,0.5173030981319595,5203609,0,0,0.4661062906724512,True,5.130000000000003,-48.9
62.68575723770436,65.29045728594917,26.640364637529235,13.076302061377412,100.0,0.5323039976456033,5204201,0,1,0.4661062906724512,True,2.450000000000003,-65.0
77.9702170926453,80.57491714089011,15.066090191936835,51.04592297686175,100.0,0.48239905171724395,5204805,0,1,0.4661062906724512,True,0.009999999999990905,-79.9
76.45080222351521,79.05550227176002,16.558092359716458,46.60223759402792,100.0,0.4991446269234541,5205000,0,0,0.4661062906724512,True,0.11999999999999034,-78.9
60.00759960376074,62.61229965200555,14.385039963010485,34.4181394083356,90.80645989567549,0.5237726346132487,5205307,0,0,0.4661062906724512,True,3.269999999999996,-60.2
86.27634398920037,88.88104403744518,13.610116340402428,62.20570618485633,100.0,0.25702883814317395,5205406,0,0,0.4661062906724512,True,-8.099999999999994,-88.1
70.09376612667069,72.6984661749155,15.496074493154987,42.32671826658194,100.0,0.5023565000656401,5205901,0,0,0.4661062906724512,True,1.3900000000000006,-71.4
85.12526968220973,87.72996973045454,22.21136395069029,44.19649633959027,100.0,0.36391307455702493,5206800,0,0,0.4661062906724512,True,-13.200000000000003,-93.2
73.60315800796225,76.20785805620706,18.958501731694067,39.04987746124643,100.0,0.5198172627112267,5207352,0,0,0.4661062906724512,True,0.45000000000000284,-76.7
80.76676847250467,83.37146852074947,13.945984786936362,56.037840609410694,100.0,0.40448620025194537,5207402,0,1,0.4661062906724512,True,-2.4000000000000057,-82.4
91.06446467821554,93.66916472646035,18.04964855241795,58.29250363011564,100.0,0.22443232317052603,5207600,0,0,0.4661062906724512,True,-16.700000000000003,-96.7
63.25717100820522,65.86187105645003,10.492885134784492,45.29619409835671,86.42754801454335,0.5063920335822079,5208004,0,1,0.4661062906724512,True,2.730000000000004,-63.3
68.58039943508096,71.18509948332577,19.260238299527693,33.43572608259251,100.0,0.5222531389724266,5208103,0,0,0.4661062906724512,True,1.460000000000008,-70.8
66.9544969877702,69.55919703601501,13.346481793635212,43.400573400170444,95.71782067185956,0.4979316272186527,5208905,0,0,0.4661062906724512,True,1.9899999999999949,-67.5
37.88204688374256,40.48674693198737,22.21136395069029,0.0,84.02022032285163,0.4749293030634746,5209408,0,0,0.4661062906724512,True,6.990000000000002,-32.1
54.443014042047956,57.047714090292764,21.415737950172993,15.073639005606047,99.02178917497947,0.5169893457687876,5209606,0,0,0.4661062906724512,True,4.359999999999999,-53.6
77.8581179555421,80.46281800378691,11.654306739343879,57.62079652989047,100.0,0.4365037726599931,5210208,0,0,0.4661062906724512,True,0.19999999999998863,-78.4
81.60224178113634,84.20694182938115,18.28867868272067,48.361790286423194,100.0,0.40903429124338464,5210562,0,1,0.4661062906724512,True,-5.799999999999997,-85.8
77.79266468610159,80.3973647343464,18.958501731694067,43.23938413938577,100.0,0.4916388969280227,5210604,0,0,0.4661062906724512,True,-1.7000000000000028,-81.7
91.88835779437464,94.49305784261945,17.31688021239011,60.55259630174051,100.0,0.20131528797832254,5211404,0,0,0.4661062906724512,True,-17.0,-97.0
58.93552496414476,61.54022501238957,12.824945156334277,36.403794402272965,86.67665562250616,0.5285866970183775,5212204,0,0,0.4661062906724512,True,3.460000000000001,-59.0
73.92822573936883,76.53292578761364,26.089712934258404,25.398028069478336,100.0,0.5528599980288179,5212253,0,1,0.4661062906724512,True,-1.0,-81.0
68.72742373084003,71.33212377908484,14.320788687377515,43.26389372161627,99.4003538365534,0.4979908157370138,5212808,0,0,0.4661062906724512,True,1.6600000000000108,-69.6
85.2222625158566,87.82696256410141,20.945339077889816,46.77485232745797,100.0,0.3543192805061076,5212907,0,0,0.4661062906724512,True,-12.200000000000003,-92.2
63.94900268483741,66.55370273308222,26.089712934258404,15.41880501494692,100.0,0.5347631418634694,5213053,0,0,0.4661062906724512,True,2.1299999999999955,-66.7
51.437255941952756,54.041955990197565,12.313774898553604,29.90740067529914,78.17651130509599,0.56189051363672,5214002,0,0,0.4661062906724512,True,4.759999999999998,-51.2
60.4157103054502,63.020410353695006,22.813921478968027,18.3059459087929,100.0,0.5237607948341997,5214903,0,0,0.4661062906724512,True,3.0799999999999983,-61.3
52.344910192928765,54.94961024117357,10.55591326839249,34.260400411195796,75.63882007115134,0.5721794023352884,5215231,0,0,0.4661062906724512,True,4.57,-52.3
81.0267163884498,83.63141643669461,17.612921303270113,49.11072501974691,100.0,0.41832550258982865,5215256,0,0,0.4661062906724512,True,-4.700000000000003,-84.7
84.55454512945744,87.15924517770225,14.026451339649181,59.66790572108625,100.0,0.3048820226408763,5215306,0,1,0.4661062906724512,True,-6.5,-86.5
75.831522138736,78.43622218698081,19.419472473486998,40.37475554017933,100.0,0.5240987300281508,5215652,0,1,0.4661062906724512,True,0.010000000000005116,-79.6
67.73206815781712,70.33676820606193,11.636399664101699,47.52984395470861,93.14369245741524,0.4853719598768147,5215702,0,0,0.4661062906724512,True,1.9099999999999966,-68.0
83.9839343116729,86.5886343599177,19.106685633555962,49.14021865421915,100.0,0.36510959469532633,5215900,0,0,0.4661062906724512,True,-9.200000000000003,-89.2
61.529035342946955,64.13373539119176,13.868740293579014,36.95150390483744,91.31596687754609,0.5200200411847821,5216403,0,0,0.4661062906724512,True,3.030000000000001,-61.8
76.57296780756299,79.1776678558078,14.417907295904582,50.91908882339753,100.0,0.4779398519346242,5217203,0,1,0.4661062906724512,True,0.28000000000000114,-78.1
76.75241929388454,79.35711934212935,12.340761064424134,55.16967211404386,100.0,0.453004630288443,5218904,0,0,0.4661062906724512,True,0.4000000000000057,-77.5
69.01844841729607,71.62314846554088,22.813921478968027,26.908684020638773,100.0,0.5371380058474527,5219209,0,0,0.4661062906724512,True,1.1500000000000057,-72.6
46.656372104721676,49.261072152966484,14.738228326051523,20.374675437977444,78.14746886795552,0.5534061581142559,5219803,0,0,0.4661062906724512,True,5.539999999999999,-45.7
79.28337265280355,81.88807270104836,24.65934616774623,33.556642329959935,100.0,0.4694843198787206,5220058,0,0,0.4661062906724512,True,-7.5,-87.5
72.27049865969923,74.87519870794404,12.179825893776147,51.00317861817441,98.74721879771366,0.46809209571786564,5220405,0,0,0.4661062906724512,True,1.1000000000000085,-72.8
54.7628038866312,57.367503934876005,14.979805805570425,28.007624060553955,86.72738380919805,0.5354402997385099,5220504,0,0,0.4661062906724512,True,4.200000000000003,-54.5
67.99699335318762,70.60169340143243,17.511461039657277,36.27986044702782,100.0,0.514766206107272,5221007,0,0,0.4661062906724512,True,1.6500000000000057,-69.6
43.17160178168888,45.776301829933686,22.50461461169605,1.6680677050555701,89.8845359548118,0.49049380628939837,5221577,0,0,0.4661062906724512,True,6.440000000000005,-38.8
87.44041848421425,90.04511853245906,13.040002015323122,64.48718422409601,100.0,0.22055176916328584,5222005,0,0,0.4661062906724512,True,-9.0,-89.0
76.85306587761899,79.4577659258638,13.91988848507892,52.175285826295294,100.0,0.4725721903507153,5222054,0,0,0.4661062906724512,True,0.29999999999999716,-78.2
72.33775577495462,74.94245582319942,16.957936503366554,41.705511024483876,100.0,0.5081755442921753,5222302,0,0,0.4661062906724512,True,0.8900000000000006,-74.4
64.33935896109756,66.28918862928187,12.403129196556861,41.979502108433195,90.59887515013054,0.5254189456966023,1100015,1,0,0.4703171591217132,True,2.480000000000004,-64.6
58.17717116662979,60.1270008348141,14.219282175588388,32.25771988464851,87.99628178497969,0.5473875224100684,1100072,1,0,0.4703171591217132,True,3.6199999999999974,-58.2
79.76328594451755,81.71311561270186,12.532914361770903,57.149054842306086,100.0,0.4456381836104021,1100080,1,1,0.4703171591217132,True,-0.7000000000000028,-80.7
68.91245641678405,70.86228608496836,13.071847890121422,45.24193500894447,96.48263716099224,0.5100005174277441,1100379,1,0,0.4703171591217132,True,1.6899999999999977,-69.5
59.21830678905153,61.16813645723584,13.460513355670289,34.78601506670168,87.55025784776998,0.5467755313693631,1100700,1,0,0.4703171591217132,True,3.450000000000003,-59.3
49.242000717470496,51.191830385654804,11.727982830006143,28.20540642753862,74.17825434377099,0.5962704011356039,1100809,1,1,0.4703171591217132,True,5.049999999999997,-49.0
68.43330638389786,70.38313605208216,17.580380710182663,35.92622302562144,100.0,0.5300812601552103,1100908,1,1,0.4703171591217132,True,1.6099999999999994,-70.1
53.79272622329459,55.7425558914789,16.11479199267306,24.15814396748525,87.32696781547254,0.5498142510206153,1101484,1,0,0.4703171591217132,True,4.460000000000001,-53.3
40.615639133920254,42.56546880210456,12.46129979206637,18.141770009098007,66.98916759511111,0.6144219547295168,1300029,1,0,0.4703171591217132,True,6.289999999999999,-39.9
56.84396410847426,58.79379377665857,12.512021813111128,34.270681649181206,83.31690590413592,0.5586528518849159,1300144,1,1,0.4703171591217132,True,3.8400000000000034,-56.8
48.94962623426302,50.89945590244733,12.33871625746036,26.716016422366174,75.08289538252848,0.5913520635672292,1300409,1,1,0.4703171591217132,True,5.149999999999999,-48.6
47.65659556317848,49.606425231362785,11.562668605530211,26.944011199351596,72.26883926337396,0.6054765657070846,1301001,1,1,0.4703171591217132,True,5.300000000000004,-47.4
38.96533767070804,40.915167338892346,10.587831853397464,20.16339823186734,61.666936445917344,0.6561066966680134,1301209,1,1,0.4703171591217132,True,6.3700000000000045,-38.8
61.70637567600266,63.656205344186965,12.937430311417037,38.29930788131275,89.01310280706117,0.5367600181103107,1301654,1,1,0.4703171591217132,True,2.9499999999999957,-61.9
64.17829103621348,66.12812070439779,11.228365710773042,44.12092830603814,88.13531310275744,0.5274031797171286,1302405,1,1,0.4703171591217132,True,2.6000000000000085,-64.3
44.09348434885435,46.04331401703866,10.464899433693022,25.532488025166725,66.5541400089106,0.639122002203365,1302504,1,1,0.4703171591217132,True,5.770000000000003,-44.0
34.6210859912726,36.57091565945691,11.156284897148224,14.704999059778245,58.43683225913557,0.654317566441944,1303536,1,1,0.4703171591217132,True,6.799999999999997,-34.2
39.36630837184439,41.3161380400287,11.255325383947067,19.256105653212984,63.3761704268444,0.6416371214816975,1500206,1,1,0.4703171591217132,True,6.399999999999999,-39.0
31.343827570979695,33.293657239164006,11.296781939853032,11.152371495849529,55.434942982478475,0.6569731450584291,1500305,1,0,0.4703171591217132,True,7.059999999999999,-30.8
27.675612978641613,29.62544264682592,11.78273996908824,6.531696668212376,52.71918862543946,0.6450971145328008,1500701,1,1,0.4703171591217132,True,7.209999999999997,-26.8
38.69031916548345,40.64014883366776,14.7256742944728,11.778357568433794,69.50194009890171,0.5793849477426791,1501600,1,1,0.4703171591217132,True,6.590000000000003,-37.0
61.29890962428607,63.248739292470376,14.7256742944728,34.386948027236414,92.11053055770434,0.5370960452293637,1501758,1,0,0.4703171591217132,True,3.020000000000003,-61.6
42.96993994777688,44.91976961596119,11.156284897148224,23.053853016282524,66.78568621563984,0.6299316306962646,1503705,1,1,0.4703171591217132,True,5.919999999999995,-42.7
40.80031576472899,42.7501454329133,11.12540301136374,20.944756217146903,64.5555346486797,0.6383797952218682,1503804,1,1,0.4703171591217132,True,6.189999999999998,-40.5
54.046826006888296,55.9966556750726,10.802185786065222,34.82476058007427,77.16855077007094,0.5833426427556916,1504802,1,1,0.4703171591217132,True,4.270000000000003,-54.0
44.99040542980738,46.94023509799169,12.689749077905628,22.068783932446294,71.81168626353708,0.5980153242219846,1504976,1,0,0.4703171591217132,True,5.690000000000005,-44.4
50.775110522612245,52.72494019079655,13.74175221658191,25.791600761822547,79.65827961977055,0.5717534556060925,1505007,1,1,0.4703171591217132,True,4.910000000000004,-50.3
19.198904950439786,21.148734618624093,11.154171982566558,0.0,43.01050998182028,0.6527633060006935,1505205,1,0,0.4703171591217132,True,7.030000000000001,-18.5
35.959259540919035,37.90908920910334,15.185498507148997,8.146059047804545,67.67211937040213,0.5718765724109002,1505494,1,0,0.4703171591217132,True,6.859999999999999,-33.8
49.42345931308764,51.37328898127195,13.500922800100916,24.911966535018486,77.8346114275254,0.5768404895946642,1506112,1,1,0.4703171591217132,True,5.090000000000003,-48.9
53.1265832604642,55.07641292864851,18.91743440128125,17.998922822238214,92.15390303505879,0.5354576882026746,1506906,1,0,0.4703171591217132,True,4.559999999999995,-52.2
26.695376932200887,28.645206600385194,11.945710291313896,5.2320446596604775,52.05836854110991,0.6403991832674533,1507003,1,1,0.4703171591217132,True,7.239999999999998,-25.7
34.93430825361853,36.88413792180284,13.74175221658191,9.950798492828834,63.81747735077684,0.5970290616626948,1507102,1,0,0.4703171591217132,False,6.859999999999999,-33.4
38.990343642672656,40.94017331085696,10.993344734839134,19.393613560939226,62.4867330607747,0.6474314092845458,1507607,1,0,0.4703171591217132,True,6.399999999999999,-38.7
48.340099249775804,50.28992891796011,11.566604039742147,27.619801576630003,72.96005625929021,0.6026599423450869,1507706,1,1,0.4703171591217132,True,5.199999999999996,-48.1
77.94470578598126,79.89453545416556,15.13988097002535,50.22091402269253,100.0,0.5001439930956877,1507755,1,1,0.4703171591217132,True,0.0,-79.9
62.69761876737509,64.6474484355594,11.341147642604652,42.41920751270294,86.87568935841585,0.5338186230387894,1507904,1,1,0.4703171591217132,True,2.8100000000000023,-62.8
37.873719127495285,39.82354879567959,10.584215504518346,19.078867602213194,60.56822998914599,0.6600295137263644,1507953,1,1,0.4703171591217132,True,6.489999999999995,-37.7
70.23417435726219,72.1840040254465,12.689749077905628,47.3125528599011,97.05545519099189,0.5033322789776147,1508050,1,1,0.4703171591217132,True,1.490000000000009,-70.8
37.45044301571635,39.40027268390066,10.501621790889399,18.81747219449641,59.9830731733049,0.6634194756305931,1508100,1,0,0.4703171591217132,True,6.530000000000001,-37.3
30.034539045951714,31.98436871413602,11.430038664419747,9.58190458997301,54.38683283829903,0.65360328535775,1600402,1,0,0.4703171591217132,True,7.100000000000001,-29.4
26.820325530615964,28.77015519880027,11.453335863082778,6.322029404317046,51.21828099328349,0.6537646648212257,1600501,1,1,0.4703171591217132,True,7.199999999999996,-26.1
64.99315976067125,66.94298942885555,11.787894391101483,43.83914096873493,90.04683788897617,0.5228997413762042,1600535,1,0,0.4703171591217132,True,2.4200000000000017,-65.2
48.636366624179864,50.58619629236417,14.343039401413193,22.47435563675537,78.69803694797297,0.5698373845975241,1700707,1,0,0.4703171591217132,True,5.210000000000001,-47.9
40.89128164380204,42.841111311986346,13.32631887581643,16.722006268889835,68.96021635508285,0.6000784012421522,1701002,1,0,0.4703171591217132,True,6.32,-39.9
43.70870612062135,45.65853578880566,20.673936830663436,5.138364182049166,86.17870739556214,0.514497715040518,1701051,1,0,0.4703171591217132,True,6.209999999999994,-40.2
33.19741247376353,35.147242141947835,16.316429064639124,3.1676288189525827,67.12685546494308,0.5490880910562348,1701101,1,1,0.4703171591217132,True,7.059999999999995,-30.1
35.50153745054443,37.45136711872874,10.322425613984306,17.21978468222574,57.68294955523173,0.675860976642905,1702109,1,0,0.4703171591217132,True,6.759999999999998,-35.4
40.0958498799648,42.04567954814911,16.68553188681861,9.342637987089972,74.74872110920823,0.5520771622407171,1702158,1,1,0.4703171591217132,True,6.529999999999994,-37.7
39.36810179800116,41.31793146618547,15.749390850387792,10.449692620980738,72.1861703113902,0.564113738259662,1702307,1,0,0.4703171591217132,True,6.560000000000002,-37.3
50.3418752703558,52.29170493854011,12.666137842852034,27.466530943330262,77.11687893374994,0.5828089232596769,1702554,1,0,0.4703171591217132,True,4.939999999999998,-50.0
40.02157313357109,41.971402801755396,20.673936830663436,1.451231194998904,82.49157440851188,0.5071123955652794,1703057,1,1,0.4703171591217132,True,6.740000000000002,-35.6
33.349086877143925,35.29891654532823,22.151134513592943,0.0,78.71434240867256,0.46476581363076885,1703305,1,1,0.4703171591217132,True,7.240000000000002,-26.1
40.611079621171314,42.56090928935562,17.103262901962296,9.0391299833895,76.08268859532173,0.5467555067412597,1703701,1,0,0.4703171591217132,True,6.469999999999999,-38.1
38.623267277194664,40.57309694537897,20.264505349532666,0.8553962957756767,80.29079759498225,0.5070258985041216,1703891,1,1,0.4703171591217132,True,6.829999999999998,-34.1
52.869199182167534,54.81902885035184,29.264329351964015,0.0,100.0,0.5015127965813954,1704600,1,1,0.4703171591217132,True,4.93,-50.0
35.58760334615372,37.53743301433803,22.151134513592943,0.0,80.95285887768236,0.4753881428879569,1706258,1,0,0.4703171591217132,False,7.170000000000002,-29.0
52.005419332546545,53.95524900073085,12.112833346678016,30.214531890506166,77.69596611095554,0.5822334348922833,1707009,1,0,0.4703171591217132,True,4.670000000000002,-51.8
42.207580648503416,44.157410316687724,14.802889537050682,15.144279956943588,73.17054067643186,0.5761404036762612,1707405,1,0,0.4703171591217132,True,6.200000000000003,-40.8
31.1269426153481,33.07677228353241,20.07231898201761,0.0,72.4177945744866,0.48297660941997744,1712454,1,0,0.4703171591217132,True,7.219999999999999,-25.0
26.956297549023436,28.906127217207743,20.673936830663436,0.0,69.42629882396423,0.45099163318981245,1712801,1,1,0.4703171591217132,True,7.059999999999999,-19.3
42.264960413318406,44.21479008150271,12.854311509119169,19.020802477570424,69.408777685435,0.604759456169879,1713205,1,1,0.4703171591217132,True,6.130000000000003,-41.5
35.366039551376495,37.3158692195608,21.360039359649807,0.0,79.18077707283243,0.48383255508016465,1713700,1,0,0.4703171591217132,True,7.150000000000002,-29.3
26.385611569407512,28.33544123759182,21.360039359649807,0.0,70.20034909086344,0.4346371772958212,1713957,1,0,0.4703171591217132,True,6.920000000000002,-17.9
30.241821605563718,32.19165127374803,14.074451694277165,4.606232850816035,59.777069696680016,0.5896071311072086,1714203,1,0,0.4703171591217132,True,7.180000000000003,-28.2
43.32562572739363,45.275455395577936,13.913623546394232,18.005254350196772,72.54565644095909,0.5854837705015866,1716208,1,0,0.4703171591217132,True,5.980000000000004,-42.3
15.523556639800463,17.47338630798477,19.53982669603317,0.0,55.77074289636407,0.37117874559846575,1716307,1,0,0.4703171591217132,True,4.550000000000001,-6.5
38.772291499428036,40.72212116761234,18.637784519434753,4.192734757902059,77.25150757732263,0.5266909365759233,1716653,1,0,0.4703171591217132,True,6.769999999999996,-35.2
18.524837147139948,20.474666815324255,21.610870512321316,0.0,62.8311946940327,0.35588701701643455,1718006,1,0,0.4703171591217132,True,4.890000000000001,-7.6
13.781219557795847,15.731049225980156,19.375576379473525,0.0,53.70648110945324,0.3497086449379327,1718501,1,0,0.4703171591217132,True,3.6500000000000004,-4.6
25.46795413285844,27.41778380104275,16.929712730441107,0.0,60.599411021316584,0.5134814914662795,1718907,1,0,0.4703171591217132,True,7.09,-20.9
40.52567952258682,42.47550919077113,13.363558128166748,16.283416554256796,68.66760182728545,0.5996782559180962,1720804,1,0,0.4703171591217132,True,6.350000000000001,-39.5
56.43112342006488,58.380953088249186,24.17228128575389,11.004152343999998,100.0,0.5243951474712295,1720937,1,1,0.4703171591217132,True,3.960000000000001,-55.9
58.69753671705354,60.647366385237845,10.224645836453933,40.60742879111072,80.68730397936497,0.560348193020326,1721000,1,1,0.4703171591217132,True,3.5,-58.7
36.97128067804314,38.92111034622745,29.264329351964015,0.0,96.2781419077953,0.4094400497726097,1721307,1,0,0.4703171591217132,True,7.219999999999999,-25.0
36.51505206616599,38.4648817343503,11.505974013114136,15.913587061592796,61.01617640710779,0.6439171518100166,2100477,1,0,0.4703171591217132,True,6.710000000000001,-36.0
48.006079038876024,49.95590870706033,16.1804873953186,18.24273615993156,81.6690812541891,0.554420228898022,2100501,1,1,0.4703171591217132,True,5.3700000000000045,-46.8
45.807066832076586,47.75689650026089,10.595741904806152,26.989623977359003,68.52416902316278,0.6281052345594468,2101202,1,0,0.4703171591217132,True,5.519999999999996,-45.7
82.607913942633,84.55774361081731,20.89236230968509,43.609465931872464,100.0,0.4136547262897967,2101350,1,0,0.4703171591217132,True,-8.900000000000006,-88.9
56.17199792793487,58.121827596119175,15.279310007648922,28.174930272504863,88.06872491973348,0.5483974920752747,2101806,1,1,0.4703171591217132,True,3.979999999999997,-56.0
23.912925113922928,25.862754782107235,23.075317336990707,0.0,71.08954569444172,0.3847331388272437,2101939,1,0,0.4703171591217132,False,6.300000000000001,-12.8
63.4716372724378,65.42146694062211,11.439928877266945,42.99961835547916,87.84331552576506,0.5306068151803846,2102036,1,1,0.4703171591217132,True,2.6999999999999957,-63.6
61.20479936203888,63.154629030223184,13.344832134576619,36.99923866672023,89.31001939372612,0.538664243924434,2102358,1,1,0.4703171591217132,True,3.0500000000000043,-61.4
53.684395586415256,55.63422525459956,14.882768427752989,26.464535145953892,84.80391536324522,0.5551971371920685,2102507,1,1,0.4703171591217132,True,4.400000000000006,-53.3
53.20974325447073,55.15957292265504,12.642946766723668,30.37985260141952,79.93929324389055,0.5734314497842017,2102705,1,0,0.4703171591217132,True,4.5,-53.0
55.65643933409732,57.60626900228163,11.578532978074609,34.912761371446095,80.29977663311716,0.5693749357287294,2102903,1,0,0.4703171591217132,True,4.030000000000001,-55.6
95.24601699782228,97.19584666600659,16.386785379162117,65.07833750046129,100.0,0.1470032886034915,2103125,1,0,0.4703171591217132,True,-20.0,-100.0
59.4623644713981,61.412194139582404,11.487999359309462,38.896129140916635,83.92825913824817,0.5515227736310613,2103505,1,1,0.4703171591217132,True,3.3999999999999986,-59.5
84.67306417710337,86.62289384528768,13.071847890121422,61.00254276926379,100.0,0.30619907909851396,2105351,1,1,0.4703171591217132,True,-6.099999999999994,-86.1
54.75477986528381,56.704609533468116,12.881477656413736,31.457377259239767,81.95184180769647,0.5636925899157905,2105609,1,0,0.4703171591217132,True,4.170000000000002,-54.6
57.99684062763279,59.9466702958171,11.681102919450181,37.05212927398906,82.84121131764513,0.5566159622330362,2106326,1,1,0.4703171591217132,True,3.6099999999999994,-58.0
75.23930810963805,77.18913777782235,13.74175221658191,50.255798348848344,100.0,0.49305784634475625,2106375,1,0,0.4703171591217132,True,0.5499999999999972,-76.4
69.27567178722192,71.22550145540623,12.236130197777175,47.24312695761999,95.20787595319246,0.5034069906295302,2106409,1,0,0.4703171591217132,True,1.6299999999999955,-69.7
55.2843377518382,57.23416742002251,11.976940765197103,33.759794875266586,80.70853996477842,0.5674868108253495,2106755,1,1,0.4703171591217132,True,4.07,-55.2
88.82572177754642,90.77555144573073,14.65098863651402,62.06014138025765,100.0,0.23102272865164208,2106805,1,1,0.4703171591217132,True,-11.5,-91.5
50.74080126789476,52.69063093607907,10.397447035331316,32.31200921566692,73.0692526564912,0.6079750056020969,2107506,1,0,0.4703171591217132,True,4.839999999999996,-50.7
65.46898347094614,67.41881313913045,12.575784175966783,42.77072907688682,92.06689720137406,0.5225489994073661,2108256,1,1,0.4703171591217132,True,2.3299999999999983,-65.8
53.072678562144986,55.022508230329294,10.978105215180396,33.505817390084374,76.53919907057421,0.5892731771828981,2108603,1,1,0.4703171591217132,True,4.5,-53.0
86.53678307464187,88.48661274282618,15.095090268791182,58.90077947261442,100.0,0.28698642837694543,2108900,1,1,0.4703171591217132,True,-9.299999999999997,-89.3
73.02299632010813,74.97282598829244,17.79090972166848,40.10328368161869,100.0,0.5263776299404781,2109239,1,1,0.4703171591217132,True,0.6500000000000057,-75.5
74.07368228190218,76.02351195008649,14.7256742944728,47.161720684852526,100.0,0.5053230204037152,2109403,1,1,0.4703171591217132,True,0.7199999999999989,-75.5
57.13053812683447,59.08036779501878,12.42220467338828,34.7332940265926,83.42744156344494,0.5591826472601767,2109809,1,0,0.4703171591217132,True,3.8299999999999983,-57.1
47.21323155081074,49.16306121899505,10.704012888056804,28.183581468351136,70.14254096963896,0.6220283377903549,2109908,1,1,0.4703171591217132,True,5.390000000000001,-47.1
87.73920199832203,89.68903166650634,12.677890222508173,64.84082343043782,100.0,0.22236021711601717,2110104,1,0,0.4703171591217132,True,-9.099999999999994,-89.1
59.46591041956818,61.41574008775249,11.355657638303684,39.15906009591009,83.67242007959487,0.552692887083397,2110203,1,1,0.4703171591217132,True,3.4200000000000017,-59.5
53.06742758635653,55.01725725454084,14.189471728579246,27.206403706876202,82.82811080220546,0.5619608567154154,2110302,1,0,0.4703171591217132,True,4.529999999999994,-52.7
62.41729011426786,64.36711978245216,13.52149333820623,37.86547982236968,90.86875974253465,0.5336797808016215,2110856,1,1,0.4703171591217132,True,2.8100000000000023,-62.7
53.73107567066282,55.680905338847126,11.927451151860838,32.30353065383909,79.05828002385515,0.5751115011826771,2111102,1,1,0.4703171591217132,True,4.339999999999996,-53.6
47.51474255996845,49.464572228152754,10.121276344504102,29.6272351153475,69.301909340958,0.6287551553852775,2111300,1,0,0.4703171591217132,True,5.289999999999999,-47.5
34.18608913558921,36.135918803773514,12.909178542784103,10.83439378991941,61.43744381762761,0.6138079664676444,2111532,1,0,0.4703171591217132,True,6.869999999999997,-33.0
70.54846612220749,72.4982957903918,12.149845616395991,48.685035964533796,96.31155561624979,0.49808585499292807,2111607,1,0,0.4703171591217132,True,1.4399999999999977,-71.0
81.04938815026448,82.99921781844878,11.235599810016463,60.97784684611143,100.0,0.3947581311986491,2114007,1,1,0.4703171591217132,True,-1.5,-81.5
88.02368336044754,89.97351302863184,15.051103551188998,60.47389214071849,100.0,0.253779513569399,2200301,1,0,0.4703171591217132,True,-10.900000000000006,-90.9
67.16711263316398,69.11694230134829,16.60811610689055,36.565632880783234,100.0,0.5267166721242714,2200459,1,1,0.4703171591217132,True,1.8299999999999983,-68.4
23.85089612624833,25.800725794432637,12.677890222508173,0.9525175583641179,50.64893403050115,0.612965573494893,2200509,1,0,0.4703171591217132,True,7.140000000000001,-22.3
82.47065134753359,84.4204810157179,14.47454085133442,56.0509022543487,100.0,0.3800319120456773,2201051,1,1,0.4703171591217132,True,-4.5,-84.5
44.32404664942373,46.273876317608035,12.701715878386334,21.378970654110276,71.16878198110578,0.5999446639616168,2201507,1,1,0.4703171591217132,True,5.789999999999999,-43.7
34.99206138190552,36.94189105008983,14.2802370609854,8.95314071986433,64.93064138031532,0.5866950783753313,2201960,1,0,0.4703171591217132,True,6.869999999999997,-33.2
23.20848866610152,25.158318334285827,15.051103551188998,0.0,54.657939222199175,0.5468517066780938,2202059,1,0,0.4703171591217132,True,7.030000000000001,-19.9
84.03032469924447,85.98015436742878,30.112957223845537,26.959842740696267,100.0,0.4212914500594772,2202075,1,1,0.4703171591217132,True,-20.0,-100.0
82.94620060105989,84.89603026924419,22.442736687082565,40.909074648046584,100.0,0.4136535643575221,2202109,1,0,0.4703171591217132,True,-10.599999999999994,-90.6
42.813273711936425,44.76310338012073,21.874227296827137,1.890405688696589,87.63580107154486,0.503590953168169,2202117,1,0,0.4703171591217132,True,6.460000000000001,-38.5
51.98572159078204,53.93555125896635,19.71043046758019,15.303817422728194,92.5672850952045,0.5322367365710363,2202251,1,0,0.4703171591217132,True,4.829999999999998,-50.7
54.041444670316125,55.99127433850043,14.763957559113045,27.05444925336097,84.92809942363988,0.5551822100921389,2202406,1,1,0.4703171591217132,True,4.339999999999996,-53.7
60.965274929162625,62.91510459734693,16.929712730441107,29.733477377073093,96.09673181762076,0.5370583581504106,2202554,1,1,0.4703171591217132,True,3.0899999999999963,-61.4
25.364423554118243,27.31425322230255,17.38158648184932,0.0,61.38153672089548,0.5035746531700463,2202653,1,0,0.4703171591217132,True,7.07,-20.4
54.82421530182212,56.77404497000643,16.846251683187738,23.755998396461187,89.79209154355166,0.5448042044427933,2202752,1,0,0.4703171591217132,True,4.270000000000003,-54.4
48.114993705031324,50.06482337321563,11.964326432123167,26.615174466973613,73.51447227945764,0.5978688916649528,2202901,1,1,0.4703171591217132,True,5.230000000000004,-47.8
74.75755091744782,76.70738058563212,16.846251683187738,43.68933401208688,100.0,0.5201825770213149,2203404,1,1,0.4703171591217132,True,0.46000000000000796,-77.1
86.02819441624304,87.97802408442735,18.775216882127772,51.1792751935285,100.0,0.3354463532029578,2203420,1,0,0.4703171591217132,True,-11.400000000000006,-91.4
78.42016416238357,80.36999383056788,19.71043046758019,41.738259994329724,100.0,0.4925117051816517,2203602,1,1,0.4703171591217132,True,-2.9000000000000057,-82.9
59.06185109137896,61.01168075956327,21.874227296827137,18.138983068139126,100.0,0.5325790802134395,2204154,1,0,0.4703171591217132,True,3.3999999999999986,-59.4
49.552083052655206,51.50191272083951,14.2802370609854,23.513162390614013,79.49066305106501,0.5694339307824903,2204501,1,0,0.4703171591217132,True,5.100000000000001,-48.9
83.36962783986964,85.31945750805394,14.343039401413193,57.20761685244514,100.0,0.3553657656122112,2204808,1,0,0.4703171591217132,True,-5.400000000000006,-85.4
49.95710710729513,51.90693677547944,11.257836630867152,29.84198243514407,73.9718911158148,0.600717856308225,2205508,1,1,0.4703171591217132,True,4.980000000000004,-49.8
96.88153136240979,98.8313610305941,12.995654420447135,73.36034641098895,100.0,0.0736617240295576,2205953,1,0,0.4703171591217132,True,-18.900000000000006,-98.9
47.6105333567821,49.560363024966406,17.9009190121264,14.475206471030326,84.64551957890248,0.5422562389919441,2206050,1,0,0.4703171591217132,True,5.560000000000002,-45.9
44.92023993010534,46.870069598289646,29.264329351964015,0.0,100.0,0.4613437992053475,2206357,1,1,0.4703171591217132,True,6.530000000000001,-37.5
66.4650645062369,68.4148941744212,14.614554989895327,39.770892744146224,97.05889560469618,0.5225114492313422,2206605,1,1,0.4703171591217132,True,2.039999999999992,-67.2
67.74496327209357,69.69479294027788,16.386785379162117,37.577283774732585,100.0,0.5259146035198214,2206902,1,0,0.4703171591217132,True,1.7600000000000051,-69.0
81.90807706536177,83.85790673354607,18.637784519434753,47.32852032383579,100.0,0.4180073315698369,2207207,1,0,0.4703171591217132,True,-6.400000000000006,-86.4
51.32025412040389,53.270083788588195,13.606321622867581,26.60218344569915,79.93798413147724,0.5708691154787351,2207504,1,1,0.4703171591217132,True,4.800000000000004,-50.9
31.16480194827672,33.114631616461025,10.426235160654622,12.679586207232777,53.54967702568927,0.6816798575287303,2207702,1,0,0.4703171591217132,True,7.039999999999999,-31.0
25.802985537257488,27.752815205441795,11.379555220381661,5.449296813408978,50.056333597474605,0.6555952754963971,2207900,1,0,0.4703171591217132,True,7.210000000000001,-25.1
95.27646029571483,97.22628996389913,15.231966625375104,67.37218396444781,100.0,0.12904225070478265,2208700,1,0,0.4703171591217132,True,-19.0,-99.0
30.059756408810827,32.009586076995134,14.578707502973128,3.435844430023934,60.58332772396633,0.579116803328964,2209203,1,0,0.4703171591217132,False,7.220000000000002,-27.7
38.12659020318567,40.07641987136998,20.89236230968509,0.0,81.02469755031481,0.49892265678466796,2209351,1,0,0.4703171591217132,True,6.920000000000002,-33.1
60.766603382975276,62.716433051159584,17.286275985759563,28.835954692251214,96.59691141006795,0.5367251983429946,2209401,1,1,0.4703171591217132,True,3.1099999999999994,-61.2
78.13463521486713,80.08446488305144,18.775216882127772,43.28571599215259,100.0,0.4982052671024941,2209856,1,0,0.4703171591217132,True,-2.0,-82.0
71.14108404761762,73.09091371580193,24.17228128575389,25.714112971552744,100.0,0.5577116123439341,2210102,1,1,0.4703171591217132,True,0.5999999999999943,-76.0
49.68881443377691,51.63864410196122,12.775869349026927,26.598400306679252,76.67888789724319,0.582506982690351,2210508,1,0,0.4703171591217132,True,5.0,-49.3
66.31243443253815,68.26226410072246,20.673936830663436,27.74209249396597,100.0,0.5392583485843672,2210904,1,1,0.4703171591217132,True,1.8999999999999915,-68.4
31.17698774755895,33.12681741574326,17.38158648184932,0.0,67.19410091433619,0.5264484494980909,2210938,1,0,0.4703171591217132,True,7.18,-27.1
66.36982369265932,68.31965336084363,21.874227296827137,25.446955669419488,100.0,0.5406067023951476,2210953,1,1,0.4703171591217132,True,1.75,-68.8
96.67842618253626,98.62825585072056,14.614554989895327,69.98425442044558,100.0,0.10121883726879255,2300606,1,0,0.4703171591217132,True,-20.0,-100.0
79.49723896410597,81.44706863229028,13.421050409960692,55.14229319407079,100.0,0.45706891443039355,2300903,1,1,0.4703171591217132,True,-0.7999999999999972,-80.8
88.77396386879629,90.7237935369806,10.700241612574493,69.7517053504578,100.0,0.158123246839858,2301109,1,0,0.4703171591217132,True,-9.099999999999994,-89.1
89.68828128198541,91.63811095016972,11.939584758290364,68.23695483355723,100.0,0.16484212752775157,2301604,1,0,0.4703171591217132,True,-10.700000000000003,-90.7
95.04039601097112,96.99022567915543,11.44996020375011,74.54871605538831,100.0,0.06892201619145892,2302305,1,0,0.4703171591217132,True,-15.900000000000006,-95.9
95.08478753830131,97.03461720648562,12.564928183052356,72.4078104993707,100.0,0.08759296171375652,2303006,1,0,0.4703171591217132,True,-16.700000000000003,-96.7
97.99531949951289,99.9451491676972,12.384358299479457,75.67225292907774,100.0,0.05364313867116346,2303105,1,0,0.4703171591217132,True,-19.599999999999994,-99.6
89.2713103248393,91.22113999302361,11.636752175862428,68.41352483131514,100.0,0.16745164970280296,2303204,1,0,0.4703171591217132,True,-10.099999999999994,-90.1
94.00403392633775,95.95386359452206,16.386785379162117,63.83635442897677,100.0,0.16513230141905,2304277,1,0,0.4703171591217132,True,-18.599999999999994,-98.6
73.99220622700949,75.9420358951938,10.05988469949713,56.22502419555387,95.65904759483372,0.4607227547608412,2304400,1,1,0.4703171591217132,True,0.9500000000000028,-74.0
96.0196048794272,97.96943454761151,12.32095540830087,73.8208056922178,100.0,0.07235897646045436,2304459,1,0,0.4703171591217132,True,-17.5,-97.5
55.8606222106392,57.81045187882351,16.458809986105535,25.55177707766846,90.06912667997855,0.5447367050249948,2305100,1,0,0.4703171591217132,False,4.059999999999995,-55.6
97.14592311095157,99.09575277913588,12.763222440060016,74.08029646994481,100.0,0.06730669825497855,2305209,1,0,0.4703171591217132,True,-19.0,-99.0
81.46514710162666,83.41497676981096,11.903643336001121,60.08426454643854,100.0,0.38710018645622113,2305357,1,1,0.4703171591217132,True,-2.200000000000003,-82.2
85.97912558443527,87.92895525261957,13.81347230488433,60.85504703360479,100.0,0.2829833581011132,2305704,1,0,0.4703171591217132,True,-7.900000000000006,-87.9
97.09457282330925,99.04440249149356,11.299466481574564,76.89785514308988,100.0,0.04595330867183437,2305902,1,0,0.4703171591217132,True,-17.900000000000006,-97.9
95.43493087692056,97.38476054510487,11.747492243203826,74.36009883976172,100.0,0.06945398068989246,2306108,1,0,0.4703171591217132,True,-16.5,-96.5
83.47414781300353,85.42397748118783,11.747492243203826,62.399315775844684,100.0,0.3221433417854352,2307007,1,0,0.4703171591217132,True,-4.200000000000003,-84.2
60.589996219654665,62.53982588783897,10.268255836339963,42.41441426456943,82.66523751110851,0.5480663579289214,2307304,1,1,0.4703171591217132,True,3.1799999999999997,-60.6
74.8372053759868,76.7870350441711,12.015797126687374,53.23650543032398,100.0,0.47653892758104205,2307502,1,1,0.4703171591217132,True,0.6799999999999926,-75.4
82.32890184117056,84.27873150935487,10.21772215022699,64.2523640908728,100.0,0.33769726610519474,2307650,1,0,0.4703171591217132,True,-2.4000000000000057,-82.4
85.32614468395961,87.27597435214392,12.909178542784103,61.974449338289816,100.0,0.2865036669692756,2308377,1,0,0.4703171591217132,True,-6.700000000000003,-86.7
74.4275704072806,76.3774000754649,11.41386053939836,54.0066444936812,98.7481556572486,0.4711056566136034,2308401,1,0,0.4703171591217132,True,0.75,-74.8
96.01187853475682,97.96170820294113,12.881477656413736,72.71447592871277,100.0,0.08160105102283238,2309003,1,0,0.4703171591217132,True,-17.900000000000006,-97.9
97.82666615471298,99.77649582289729,11.37652090165207,77.47892458629208,100.0,0.04107364632878253,2309409,1,0,0.4703171591217132,True,-18.700000000000003,-98.7
94.20297790152573,96.15280756971003,15.327554322181848,66.11135312715237,100.0,0.14597782361335787,2309904,1,0,0.4703171591217132,True,-17.900000000000006,-97.9
92.33757508004358,94.28740474822789,11.39183082191956,71.95982661929222,100.0,0.10488831983877495,2310704,1,0,0.4703171591217132,True,-13.099999999999994,-93.1
96.82510761673548,98.77493728491979,12.543494471256299,74.19013988098015,100.0,0.06722436754982297,2311264,1,0,0.4703171591217132,True,-18.5,-98.5
78.29460783282634,80.24443750101065,12.867828724320914,55.02395664211167,100.0,0.47383861810002753,2311355,1,0,0.4703171591217132,True,0.10000000000000853,-79.3
98.1272193060804,100.0,10.620291297751967,79.2616605253467,100.0,0.029349408606243632,2311405,1,0,0.4703171591217132,True,-18.5,-98.5
84.38226690728104,86.33209657546534,11.46013569749623,63.87064335043091,100.0,0.29029181243668795,2311603,1,0,0.4703171591217132,True,-5.0,-85.0
95.30153283904498,97.25136250722929,12.098390363103915,73.53895312463914,100.0,0.07694541094758824,2311959,1,0,0.4703171591217132,True,-16.599999999999994,-96.6
81.78320757080994,83.73303723899424,10.60831482224484,62.94112225073192,100.0,0.36245764576768114,2312403,1,0,0.4703171591217132,True,-2.0,-82.0
89.56825657002031,91.51808623820462,10.695032049549985,70.55620860758503,100.0,0.14074980906080292,2313500,1,0,0.4703171591217132,True,-9.900000000000006,-89.9
84.02537614678593,85.97520581497024,16.764884938147368,53.11663513124338,100.0,0.36076602992055173,2313708,1,0,0.4703171591217132,True,-7.599999999999994,-87.6
94.46028897619452,96.41011864437883,11.280910553928027,74.2999402458621,100.0,0.07287889080669889,2314003,1,0,0.4703171591217132,True,-15.200000000000003,-95.2
21.264366502130663,23.21419617031497,21.610870512321316,0.0,65.57072404902343,0.3872000820947459,2400604,1,0,0.4703171591217132,True,5.92,-11.1
52.47803621166446,54.42786587984877,12.980877823155078,28.985812858750112,79.86991890094741,0.5731036410579744,2401107,1,1,0.4703171591217132,True,4.619999999999997,-52.2
26.873308282414623,28.82313795059893,13.74175221658191,1.8897985216249253,55.75647737957293,0.5905655643295128,2401206,1,1,0.4703171591217132,True,7.169999999999998,-24.8
28.185033008624934,30.13486267680924,16.929712730441107,0.0,63.31648989708307,0.5264939309890295,2402105,1,0,0.4703171591217132,True,7.260000000000002,-24.0
44.384162417392155,46.33399208557646,10.430487956528731,25.890611349601357,66.77737282155155,0.6388195667308345,2403251,1,1,0.4703171591217132,True,5.740000000000002,-44.3
19.775200502441358,21.725030170625665,15.98769596138747,0.0,53.06033845072158,0.5061125129392918,2405405,1,0,0.4703171591217132,True,6.669999999999998,-15.3
49.30348914736108,51.253318815545384,18.637784519434753,14.7239324058351,87.78270522525565,0.5371199832909913,2406304,1,1,0.4703171591217132,True,5.289999999999999,-47.7
26.40425062272267,28.35408029090698,15.866011732035192,0.0,59.450891863985916,0.5418118074986233,2406601,1,0,0.4703171591217132,False,7.219999999999999,-22.8
31.223425001380726,33.17325466956503,14.343039401413193,5.061414013956231,61.28509532517383,0.5849258574403023,2406700,1,1,0.4703171591217132,True,7.149999999999999,-29.1
32.8855332004092,34.835362868593506,11.69489163047851,11.913796469756711,57.756929267430294,0.643592616039262,2408201,1,0,0.4703171591217132,True,6.939999999999998,-32.2
31.69917860815503,33.64900827633934,12.689749077905628,8.777557110793943,58.520459441884725,0.6225333383933949,2408300,1,1,0.4703171591217132,True,7.109999999999999,-30.5
43.776267375998955,45.72609704418326,19.71043046758019,7.094363207945108,84.3578308804214,0.5227356554752947,2408508,1,0,0.4703171591217132,True,6.149999999999999,-40.7
27.41866171803707,29.36849138622138,14.923751302235237,0.1184763196075771,58.61850645283518,0.5644489352564763,2409100,1,0,0.4703171591217132,True,7.189999999999998,-24.6
50.38527236440493,52.33510203258924,25.027249696426637,3.282593995502019,100.0,0.5062945373809616,2409209,1,1,0.4703171591217132,True,5.329999999999998,-47.4
63.28540686527751,65.23523653346182,21.120813185375166,23.839203365927787,100.0,0.5372462127037224,2410009,1,1,0.4703171591217132,True,2.509999999999991,-64.7
31.97868513712504,33.92851480530935,21.360039359649807,0.0,75.79342265858097,0.4681239961851609,2410702,1,0,0.4703171591217132,True,7.219999999999999,-25.0
34.54071489311506,36.490544561299366,17.015353171173818,3.14106516156928,69.84002396102944,0.5404791343182436,2411007,1,0,0.4703171591217132,True,7.02,-31.2
58.13060439357717,60.08043406176148,21.610870512321316,17.723906183053025,100.0,0.532446190930355,2411106,1,1,0.4703171591217132,True,3.6400000000000006,-58.2
40.45166662494685,42.40149629313116,12.244326692620147,18.40305696065323,66.39993562560909,0.6196298079590754,2412500,1,1,0.4703171591217132,True,6.330000000000005,-39.8
62.23322631059142,64.18305597877573,18.251802639944955,28.410180151550527,99.95593180600092,0.5344255211667658,2413003,1,1,0.4703171591217132,True,2.760000000000005,-63.0
56.42260237877157,58.37243204695588,17.38158648184932,24.305148548362936,92.43971554554881,0.5404994160977857,2413508,1,1,0.4703171591217132,True,3.9399999999999977,-56.2
33.21838062549762,35.16821029368193,18.504889216149067,0.0,71.43712669523774,0.5153415131422263,2413706,1,0,0.4703171591217132,True,7.180000000000003,-28.7
46.19738135782376,48.147211026008065,16.764884938147368,15.288640342281205,81.00578170973492,0.5520318706401972,2414159,1,1,0.4703171591217132,True,5.740000000000002,-44.6
25.560662106923125,27.510491775107432,11.649804172361959,4.677295170333537,50.34368837988133,0.6471534063176796,2414407,1,0,0.4703171591217132,True,7.210000000000001,-24.7
25.790487829497746,27.740317497682053,19.06470422814867,0.0,65.10645116076194,0.4726022612054186,2415008,1,0,0.4703171591217132,True,7.030000000000001,-19.4
48.41777870047949,50.367608368663795,14.65098863651402,21.652198303190715,79.08301843413687,0.5688827250001907,2500106,1,1,0.4703171591217132,True,5.309999999999995,-47.6
46.937917182172626,48.88774685035693,20.464857064928335,8.777364054337312,88.99812964637655,0.5228394327393936,2500577,1,0,0.4703171591217132,True,5.760000000000005,-44.3
57.323621896068325,59.27345156425263,12.512021813111128,34.75033943677527,83.79656369172999,0.5577172974536347,2500601,1,1,0.4703171591217132,False,3.7900000000000063,-57.3
80.66237847112299,82.6122081393073,19.2173144781621,44.94696388252943,100.0,0.44593833866521637,2500734,1,1,0.4703171591217132,False,-5.299999999999997,-85.3
63.585257541401596,65.53508720958591,14.019348578659638,38.057668908700215,93.0125055104716,0.5316931597591489,2500809,1,1,0.4703171591217132,True,2.6500000000000057,-64.0
51.55211759707323,53.501947265257535,14.688023285476529,24.713950621637853,82.2899439088772,0.5627003830194103,2501500,1,1,0.4703171591217132,True,4.82,-51.0
59.14767486827331,61.09750453645762,19.06470422814867,23.731370873377728,98.46363819953751,0.5351617471024503,2501534,1,0,0.4703171591217132,True,3.3800000000000026,-59.4
56.69382664023312,58.64365630841743,20.673936830663436,18.123484701660935,99.16382791517391,0.5321204358869833,2501609,1,1,0.4703171591217132,True,3.9100000000000037,-56.4
60.21489049230873,62.16472016049304,16.1804873953186,30.45154761336427,93.87789270762181,0.5385330599529867,2501708,1,0,0.4703171591217132,True,3.229999999999997,-60.5
56.87012570763447,58.81995537581878,13.862879625452969,31.64921058791684,85.99070016372072,0.5525119768236253,2501906,1,1,0.4703171591217132,True,3.8500000000000014,-56.8
35.2788424538765,37.22867212206081,22.151134513592943,0.0,80.64409798540515,0.4730294690515982,2502102,1,0,0.4703171591217132,True,7.1299999999999955,-28.6
42.70536679198622,44.65519646017053,16.05054445843828,13.196707389372545,76.11368553096851,0.5590578076560733,2502409,1,0,0.4703171591217132,True,6.140000000000001,-40.9
39.2545895540871,41.204419222271405,13.765348553384563,14.224831822997121,68.18400662154568,0.5940433332323684,2502508,1,1,0.4703171591217132,True,6.479999999999997,-38.0
77.30730987851217,79.25713954669648,21.610870512321316,36.900611667988024,100.0,0.5137106966907902,2502706,1,1,0.4703171591217132,True,-2.700000000000003,-82.7
36.61897618603586,38.568805854220166,18.376300227356886,2.5519192395054517,74.58569246893487,0.5249756369216214,2504207,1,0,0.4703171591217132,False,6.920000000000002,-32.8
53.579428168476376,55.52925783666068,16.68553188681861,22.826216275601546,88.2322993977198,0.5462977084457374,2504355,1,0,0.4703171591217132,True,4.469999999999999,-53.0
56.455903639999114,58.40573330818342,18.376300227356886,22.388846693468707,94.42261992289812,0.5384588716892649,2504504,1,1,0.4703171591217132,True,3.979999999999997,-56.2
51.30719800395432,53.257027672138626,22.442736687082565,9.270072050941017,97.24398329333621,0.5195985557532748,2504702,1,1,0.4703171591217132,True,5.060000000000002,-49.3
56.47095184693081,58.42078151511512,12.923234532347792,33.09170726794911,83.74985576228111,0.5590295145428287,2504900,1,1,0.4703171591217132,True,3.940000000000005,-56.4
21.4301737597142,23.380003427898508,22.442736687082565,0.0,67.3669590490961,0.3719817564053285,2505238,1,0,0.4703171591217132,True,5.75,-10.3
46.388550825941664,48.33838049412597,19.06470422814867,10.972246831046078,85.70451415720586,0.5320157672276603,2505501,1,0,0.4703171591217132,True,5.769999999999996,-44.1
49.66770004711934,51.61752971530365,14.965454871790135,22.285777154335484,80.9492822762718,0.5627170616893417,2505709,1,0,0.4703171591217132,False,5.079999999999998,-48.9
75.7777371873735,77.72756685555781,16.929712730441107,44.54593963528397,100.0,0.5186665710755602,2506251,1,1,0.4703171591217132,True,0.21999999999999886,-78.3
36.767318066860156,38.71714773504446,14.311401978165085,10.667315289565604,66.76698018052332,0.586638377454987,2506400,1,1,0.4703171591217132,True,6.75,-35.1
70.5390881161918,72.48891778437611,19.71043046758019,33.85718394813796,100.0,0.537612706389102,2506509,1,0,0.4703171591217132,True,1.0499999999999972,-73.3
20.53673087089059,22.486560539074897,19.06470422814867,0.0,59.85269420215478,0.4350730946281364,2506608,1,0,0.4703171591217132,True,6.270000000000001,-13.1
66.28132987381608,68.23115954200038,15.13988097002535,38.557538110527354,97.90478097347341,0.5260378515160113,2506707,1,1,0.4703171591217132,True,2.1200000000000045,-67.1
77.19010051908775,79.13993018727206,18.637784519434753,42.61054377756177,100.0,0.5184032856597985,2508554,1,0,0.4703171591217132,True,-0.7999999999999972,-80.8
67.24123959090193,69.19106925908623,16.247681855030187,37.346197990962125,100.0,0.5269623634292205,2508802,1,1,0.4703171591217132,True,1.8900000000000006,-68.4
46.42855528557787,48.37838495376218,11.265432614942517,26.29854275821196,70.45822714931239,0.6145888704625831,2508901,1,0,0.4703171591217132,True,5.459999999999994,-46.2
68.13620621344752,70.08603588163183,14.102591860633867,42.44546374612173,97.72660801714191,0.5173626874260892,2509057,1,1,0.4703171591217132,False,1.7999999999999972,-68.9
65.5170516582851,67.4668813264694,14.189471728579246,39.65602777880477,95.27773487413404,0.5256549633563558,2510105,1,1,0.4703171591217132,True,2.280000000000001,-66.1
37.77113404819973,39.720963716384034,11.467001001102775,17.246054743537847,62.195872689230214,0.6406062987845014,2511202,1,0,0.4703171591217132,True,6.550000000000004,-37.3
43.02591739367483,44.97574706185914,14.47454085133442,16.606168300489937,73.34532582322834,0.5778907367060666,2511608,1,0,0.4703171591217132,True,6.020000000000003,-41.8
37.47568980963294,39.42551947781725,16.929712730441107,6.243892257543408,72.60714669809107,0.5466566632435869,2511806,1,0,0.4703171591217132,True,6.809999999999995,-34.6
28.757903189239183,30.70773285742349,18.775216882127772,0.0,67.50648174832233,0.4945237753903435,2512036,1,0,0.4703171591217132,False,7.25,-23.2
58.67448325698518,60.624312925169484,11.958080736689297,37.18690535703626,84.0617204933027,0.5520851736141602,2512101,1,0,0.4703171591217132,True,3.489999999999995,-58.7
74.74641108971721,76.69624075790152,12.937430311417037,51.339343295027305,100.0,0.4859341457571903,2512408,1,1,0.4703171591217132,True,0.6400000000000006,-75.6
66.54621851497487,68.49604818315917,18.775216882127772,31.697299292260325,100.0,0.5346749962201667,2512762,1,0,0.4703171591217132,True,1.9299999999999926,-68.2
65.96637676633367,67.91620643451797,34.6404941998288,0.02208539618487748,100.0,0.5681181491641474,2513000,1,0,0.4703171591217132,True,1.1599999999999966,-72.7
77.08837831702759,79.0382079852119,20.264505349532666,39.3205073356086,100.0,0.5189274539914193,2513505,1,0,0.4703171591217132,True,-1.5999999999999943,-81.6
44.305684740370545,46.25551440855485,23.419369079676393,0.35439447173816063,92.15663434537154,0.4956474711948247,2513653,1,0,0.4703171591217132,True,6.299999999999997,-39.7
49.58215059370443,51.531980261888734,17.9009190121264,16.446823707952653,86.61713681582481,0.5413338464298296,2514305,1,1,0.4703171591217132,True,5.189999999999998,-48.2
45.61703942964783,47.56686909783214,26.556229238832767,0.0,99.6161219711339,0.4805254601121986,2514651,1,1,0.4703171591217132,True,6.270000000000003,-40.0
28.930399734934834,30.88022940311914,25.027249696426637,0.0,79.93273744020635,0.3959971778389846,2515609,1,0,0.4703171591217132,True,6.880000000000003,-17.4
77.76077089549722,79.71060056368152,12.501707104671988,55.20770489325591,100.0,0.47001276669662767,2516003,1,1,0.4703171591217132,False,0.1700000000000017,-78.6
34.77925800492188,36.729087673106186,13.81347230488433,9.655179454091403,63.80299589212096,0.5963965066520259,2516300,1,0,0.4703171591217132,False,6.899999999999999,-33.2
77.3654883785293,79.31531804671361,12.801521982245296,54.22479601421503,100.0,0.4767862769885894,2516508,1,0,0.4703171591217132,True,0.269999999999996,-78.3
51.03584580757473,52.98567547575904,16.764884938147368,20.127104792032178,85.84424615948589,0.5478183950456835,2516805,1,0,0.4703171591217132,True,4.899999999999999,-50.1
69.31021402882523,71.26004369700954,15.426853653339439,41.023966141694075,100.0,0.518353168305091,2601805,1,0,0.4703171591217132,True,1.4699999999999989,-70.5
45.53654221853991,47.486371886724214,11.685673600296646,24.582872495052275,70.38987127839614,0.6132661718774487,2602001,1,1,0.4703171591217132,True,5.649999999999999,-45.2
60.824461609368925,62.77429127755323,11.594730413447746,40.049037256744434,85.49954529836202,0.5451728957236593,2602209,1,0,0.4703171591217132,True,3.190000000000005,-60.9
70.43512976066609,72.3849594288504,14.578707502973128,43.81121778187919,100.0,0.5113559359351423,2602506,1,0,0.4703171591217132,True,1.2999999999999972,-71.5
62.72917452086716,64.67900418905147,13.20238575797138,38.802803593423015,90.55520478467992,0.5335318674804719,2602704,1,0,0.4703171591217132,True,2.7900000000000063,-63.0
46.08732117083759,48.0371508390219,11.520677036587442,25.45703876979287,70.61726290825092,0.6121598476409716,2603207,1,0,0.4703171591217132,True,5.520000000000003,-45.8
57.46275132362466,59.412580991808966,17.286275985759563,25.532102632900596,93.29305935071733,0.5391111160413034,2603306,1,1,0.4703171591217132,True,3.710000000000001,-57.4
72.5122094455263,74.4620391137106,16.458809986105535,42.20336431255556,100.0,0.5195761629360033,2603405,1,0,0.4703171591217132,True,0.8699999999999903,-74.4
90.72914639415279,92.6789760623371,11.983310217492134,69.19211962048166,100.0,0.14501566411642547,2603900,1,0,0.4703171591217132,True,-11.799999999999997,-91.8
55.38119154015173,57.33102120833604,11.976940765197103,33.85664866358012,80.80539375309196,0.5692310146958608,2604502,1,1,0.4703171591217132,True,4.1200000000000045,-55.3
61.48271930281291,63.43254897099722,14.7256742944728,34.570757705763256,92.29434023623118,0.5372630222058588,2604809,1,0,0.4703171591217132,True,3.010000000000005,-61.8
77.4533637073765,79.4031933755608,11.723174846187739,56.426192892566945,100.0,0.4614971431929014,2605004,1,0,0.4703171591217132,True,0.269999999999996,-78.0
81.47707207168268,83.42690173986699,11.636752175862428,60.61928657815852,100.0,0.3841919293787998,2605103,1,0,0.4703171591217132,True,-2.0999999999999943,-82.1
54.56657528105463,56.51640494923894,11.273123326438725,34.42148923614066,78.6113206623372,0.5781830575756615,2605202,1,1,0.4703171591217132,False,4.240000000000002,-54.5
58.47047305520644,60.42030272339075,12.909178542784103,35.118777709536644,85.72182773724485,0.5517628765038126,2605905,1,0,0.4703171591217132,True,3.6000000000000014,-58.5
70.13423393502053,72.08406360320484,12.277736097887706,48.02014303965759,96.14798416675208,0.49954302937760164,2606101,1,1,0.4703171591217132,True,1.4699999999999989,-70.6
41.72598230408617,43.67581197227048,17.286275985759563,9.79533361336211,77.55629033117884,0.5461503470484045,2606705,1,0,0.4703171591217132,True,6.380000000000003,-39.3
71.70480905207901,73.65463872026332,11.346913274800018,51.415097365955845,95.8941800745708,0.48577645900035593,2607307,1,1,0.4703171591217132,True,1.25,-72.0
63.536352373304815,65.48618204148913,19.887784116644696,26.506841440557785,100.0,0.535934655769432,2607406,1,1,0.4703171591217132,True,2.480000000000004,-64.8
48.86553960331075,50.81536927149506,11.808820399034584,27.67050658948536,73.96023195350475,0.5968199680532174,2607653,1,1,0.4703171591217132,True,5.109999999999999,-48.6
64.71490026279272,66.66472993097703,14.614554989895327,38.02072850070205,95.308731361252,0.5276921607654841,2607703,1,0,0.4703171591217132,True,2.3800000000000097,-65.3
77.18880574071365,79.13863540889795,11.641079314271343,56.32253921175189,100.0,0.46206417999422794,2607752,1,0,0.4703171591217132,True,0.3299999999999983,-77.7
48.86563005509376,50.81545972327807,13.542313773275463,24.27301246031743,77.3579069862387,0.5779910114824122,2607802,1,0,0.4703171591217132,True,5.18,-48.3
49.03783099796254,50.987660666146844,13.992369017888706,23.563121332690887,78.41219999960279,0.5726496585704162,2608453,1,0,0.4703171591217132,True,5.149999999999999,-48.4
69.46445588888479,71.41428555706909,13.992369017888706,43.98974622361314,98.83882489052505,0.5129907682753886,2608503,1,0,0.4703171591217132,True,1.5700000000000074,-70.3
68.26719093382754,70.21702060201184,14.802889537050682,41.203890242267704,99.23015096175598,0.519207580300653,2609204,1,1,0.4703171591217132,True,1.730000000000004,-69.2
43.38929073196179,45.3391204001461,11.663070828677435,22.4799216267986,68.1983191734936,0.6205886531772669,2610004,1,0,0.4703171591217132,True,5.920000000000002,-43.0
73.09036697979629,75.0401966479806,13.718458147077783,48.15251275628805,100.0,0.49999428134029583,2610301,1,1,0.4703171591217132,True,0.9400000000000119,-74.1
74.18206773786088,76.13189740604518,12.597780571854498,51.440701200071956,100.0,0.4853760648294542,2610509,1,0,0.4703171591217132,True,0.769999999999996,-74.9
62.92173001977882,64.87155968796313,11.00272589939015,43.30661319339235,86.43650618253389,0.5332626304579883,2610608,1,0,0.4703171591217132,True,2.7900000000000063,-63.0
62.227824758951016,64.17765442713532,14.614554989895327,35.53365299686034,92.82165585741029,0.5338722529985337,2611200,1,1,0.4703171591217132,True,2.8200000000000003,-62.6
75.25794989383213,77.20777956201644,16.458809986105535,44.949104760861395,100.0,0.5167736676362396,2611408,1,1,0.4703171591217132,True,0.4000000000000057,-77.5
78.94135567699286,80.89118534517716,13.628189413950402,54.18042491934435,100.0,0.47393063178116607,2611533,1,0,0.4703171591217132,True,-0.29999999999999716,-80.3
87.90011168435707,89.84994135254138,18.504889216149067,53.581024950985565,100.0,0.29726306745996245,2612109,1,0,0.4703171591217132,True,-13.400000000000006,-93.4
58.087212420969614,60.03704208915392,13.500922800100916,33.57571964290046,86.49836453540738,0.5496016690044674,2612307,1,0,0.4703171591217132,True,3.6199999999999974,-58.1
45.86838614713142,47.818215815315725,11.404332344713985,25.46613515195108,70.17029647868037,0.6155845465356656,2612604,1,0,0.4703171591217132,True,5.57,-45.6
55.926952643474216,57.87678231165852,10.898423668370702,36.51626443339305,79.237300189924,0.573277861224971,2613008,1,0,0.4703171591217132,True,3.990000000000002,-55.9
68.13587742679418,70.08570709497849,12.142337525798402,46.287162856284425,93.88425133367255,0.5086827836142019,2613305,1,0,0.4703171591217132,True,1.8499999999999943,-68.5
55.47256252625721,57.422392194441514,11.846671713038189,34.20334230021723,80.6414420886658,0.5692757936984677,2614501,1,1,0.4703171591217132,True,4.090000000000003,-55.4
56.08782298522139,58.0376526534057,12.854311509119169,32.843665049473415,83.23164025733799,0.5612804963992585,2614808,1,0,0.4703171591217132,True,4.020000000000003,-56.0
45.45265363598965,47.402483304173956,12.62016461963915,22.667415170714587,72.13755143763332,0.5987821717036917,2614857,1,0,0.4703171591217132,True,5.660000000000004,-44.9
50.327423916432075,52.27725358461638,11.083056701640828,30.55486161078507,73.9996455584477,0.6008672534368525,2615409,1,0,0.4703171591217132,True,4.909999999999997,-50.2
53.82244287288607,55.77227254107038,15.426853653339439,25.536194985754914,86.00835009638584,0.5522869354307519,2616100,1,0,0.4703171591217132,True,4.399999999999999,-53.4
55.21363230305335,57.16346197123766,12.522423857194578,32.61996221199114,81.70696173048418,0.5642812107001687,2616209,1,1,0.4703171591217132,True,4.089999999999996,-55.1
57.51078910624168,59.46061877442599,11.793079369406314,36.34660794356728,82.5746296052847,0.5582933850170393,2616308,1,0,0.4703171591217132,True,3.6899999999999977,-57.5
46.20547378704318,48.15530345522749,10.60608834262107,27.367752286840073,68.9428546236149,0.6269711603264272,2616407,1,1,0.4703171591217132,True,5.490000000000002,-46.1
39.470621946773576,41.420451614957884,10.277495341620883,21.27693089410277,61.56397233581299,0.6639293143636287,2700300,1,1,0.4703171591217132,True,6.3700000000000045,-39.4
82.04021295685376,83.99004262503807,14.219282175588388,56.12076167487248,100.0,0.38950558574659094,2700904,1,0,0.4703171591217132,True,-3.9000000000000057,-83.9
73.0804532038048,75.0302828719891,12.070101167018002,51.37331929487894,98.68724644909926,0.48545094974080966,2701001,1,0,0.4703171591217132,True,0.9900000000000091,-73.6
37.04488335440724,38.99471302259155,16.1804873953186,7.281540475462776,70.7078855697203,0.5573790115700357,2702207,1,0,0.4703171591217132,True,6.829999999999998,-34.5
36.22596686700081,38.175796535185114,14.131135918639735,10.479279074010893,65.87231399635932,0.588864411715114,2702553,1,1,0.4703171591217132,True,6.75,-34.6
90.39719753235315,92.34702720053745,15.051103551188998,62.8474063126241,100.0,0.20601106171142958,2703007,1,1,0.4703171591217132,False,-13.5,-93.5
30.648518337986385,32.598348006170696,12.105586550678206,8.871834355108945,56.32486165723244,0.6372861121601179,2703106,1,1,0.4703171591217132,True,7.150000000000002,-29.7
48.22750929691302,50.17733896509733,12.056246734812346,26.5475295761365,73.80714835405814,0.5980198118158395,2703205,1,1,0.4703171591217132,True,5.270000000000003,-47.9
54.694421481756656,56.64425114994096,16.247681855030187,24.799379881816854,88.48912241806507,0.5466862957497891,2703502,1,0,0.4703171591217132,True,4.25,-54.3
38.558361092207306,40.508190760391614,16.386785379162117,8.39068159484632,72.62569992593689,0.553684249284491,2703700,1,1,0.4703171591217132,True,6.619999999999997,-36.1
46.26898505299531,48.21881472117962,13.289916018054418,22.171057968230986,74.26657147412824,0.5869883492299552,2704104,1,1,0.4703171591217132,True,5.539999999999999,-45.6
39.226850767009786,41.17668043519409,10.122398535505036,21.33714386844323,61.01621700194495,0.6682215184138421,2704302,1,1,0.4703171591217132,True,6.3799999999999955,-39.2
40.78532758935114,42.73515725753545,10.717947493271302,21.728366182532337,63.741948332538556,0.6477510057412184,2704708,1,1,0.4703171591217132,True,6.199999999999996,-40.6
41.229850025485675,43.17967969366998,13.789253185544691,16.153240076298168,70.20611931104179,0.5914835209975287,2705002,1,1,0.4703171591217132,True,6.269999999999996,-40.1
31.84161959474679,33.791449262931096,12.384358299479457,9.518553024311647,58.06434550155054,0.6287419995818487,2705200,1,0,0.4703171591217132,True,7.059999999999999,-30.8
40.73337782342634,42.683207491610645,12.219919347950578,18.732605675643327,66.63380930757796,0.6188728571895398,2705705,1,1,0.4703171591217132,True,6.280000000000001,-40.1
80.37470334073586,82.32453300892017,23.784321137436546,35.70812018280979,100.0,0.46107182233402044,2705903,1,0,0.4703171591217132,True,-8.299999999999997,-88.3
23.48870565481991,25.438535323004217,14.802889537050682,0.0,54.45166568274835,0.5559117867376447,2706109,1,0,0.4703171591217132,True,7.120000000000001,-20.4
37.251628808173095,39.2014584763574,11.927451151860838,15.82408379134937,62.578833161365424,0.6303284395640022,2707305,1,0,0.4703171591217132,True,6.57,-36.6
78.23395180347488,80.18378147165919,12.775869349026927,55.14353767637722,100.0,0.4733594509851412,2708303,1,0,0.4703171591217132,True,0.12999999999999545,-79.2
50.22306520588989,52.172894874074196,11.035360486895568,30.543985763342484,73.8018039848059,0.6010964000539494,2708600,1,0,0.4703171591217132,True,4.899999999999999,-50.1
37.293059213960994,39.2428888821453,11.77252171400061,16.16917031548835,62.316607448802245,0.6338535976392803,2708808,1,1,0.4703171591217132,True,6.57,-36.7
40.627184473059934,42.57701414124424,12.188207452621127,18.68856649800415,66.46546178448432,0.6199913353554045,2709400,1,0,0.4703171591217132,True,6.299999999999997,-40.0
24.379494040473347,26.329323708657654,14.763957559113045,0.0,55.26614879379711,0.5608486882872463,2800209,1,1,0.4703171591217132,True,7.190000000000001,-21.4
28.42902488430952,30.378854552493827,12.654490496383302,5.5765089368781595,55.181200168109484,0.6213665237014778,2800506,1,0,0.4703171591217132,True,7.189999999999998,-27.1
30.551309215971358,32.501138884155665,16.05054445843828,1.0426498133576807,63.959627954953646,0.5485676296236359,2800704,1,0,0.4703171591217132,True,7.16,-27.3
40.46608154636631,42.41591121455062,14.019348578659638,14.938492913664923,69.8933295154363,0.5881704584352985,2801009,1,1,0.4703171591217132,True,6.339999999999996,-39.2
41.72598230408617,43.67581197227048,17.286275985759563,9.79533361336211,77.55629033117884,0.5461503470484045,2802007,1,1,0.4703171591217132,True,6.380000000000003,-39.3
27.040732512622967,28.990562180807274,10.928364287604246,7.571361767169222,50.409762594445326,0.6713875407658548,2802908,1,0,0.4703171591217132,True,7.240000000000002,-26.6
18.095340121882188,20.045169790066495,12.654490496383302,0.0,44.84751540568216,0.5938468050531868,2803609,1,0,0.4703171591217132,True,6.75,-16.3
35.89817983766981,37.848009505854115,14.019348578659638,10.37059120496842,65.32542780673981,0.5919941762956723,2803906,1,1,0.4703171591217132,True,6.810000000000002,-34.3
26.570477319477053,28.52030698766136,13.236818501951067,2.576619453943831,54.46399452137888,0.6033872293185588,2804201,1,0,0.4703171591217132,True,7.189999999999998,-24.8
18.92202858009724,20.871858248281548,20.07231898201761,0.0,60.21288053923574,0.39718105424551164,2804300,1,0,0.4703171591217132,True,5.640000000000001,-10.0
22.641126123049045,24.590955791233352,12.431858976671943,0.2249599360753649,48.95695164639133,0.6182024186587858,2804409,1,1,0.4703171591217132,True,7.129999999999999,-21.2
33.62950991835975,35.57933958654406,12.294824974319463,11.481925440654312,59.676753732433795,0.6294035128987455,2804607,1,1,0.4703171591217132,True,6.939999999999998,-32.7
25.50932081041226,27.459150478596566,18.91743440128125,0.0,64.53664058500685,0.47304504409633275,2804706,1,0,0.4703171591217132,True,6.98,-19.2
31.57725153164289,33.5270811998272,15.327554322181848,3.4856267572695323,63.56853564238486,0.5648570641581836,2806404,1,1,0.4703171591217132,True,7.130000000000003,-28.9
55.9231669690412,57.872996637225505,10.77901812292438,36.74650932758918,78.99948394686183,0.5734904450526561,2806701,1,0,0.4703171591217132,True,3.969999999999999,-55.9
41.92240058386403,43.87223025204834,19.375576379473525,5.896798368575247,81.84766213552143,0.5244408187809009,2807006,1,0,0.4703171591217132,True,6.460000000000001,-38.6
42.177171086221264,44.12700075440557,11.129422303794637,22.31373387023128,65.94026763857985,0.6343902719775719,2807402,1,1,0.4703171591217132,True,6.050000000000004,-41.9
26.901507487437,28.85133715562131,12.827664588513692,3.7095765563746568,53.99309775486796,0.6155415045275047,2807600,1,0,0.4703171591217132,True,7.219999999999999,-25.4
45.543398355276615,47.49322802346092,13.81347230488433,20.41931980444614,74.5671362424757,0.5824864037639472,2900355,1,1,0.4703171591217132,True,5.669999999999995,-44.7
66.43308244094376,68.38291210912807,18.91743440128125,31.305422002717776,100.0,0.5334302470240367,2900504,1,1,0.4703171591217132,True,1.8700000000000045,-68.1
33.807066999194085,35.75689666737839,10.579129666807253,15.02218353265695,56.49160980209983,0.6709991453249331,2900702,1,1,0.4703171591217132,True,6.839999999999996,-33.6
37.66470656971271,39.61453623789702,13.289916018054418,13.566779484948388,65.66229299084564,0.605469803406813,2901205,1,1,0.4703171591217132,True,6.670000000000002,-36.5
39.30671411978624,41.25654378797055,13.650331605488123,14.502385464185007,68.01070211175609,0.5947603763266622,2901403,1,1,0.4703171591217132,True,6.43,-38.1
47.96479560601179,49.9146252741961,12.21190363826705,25.979733960519024,73.84951658787317,0.5956129020262756,2902807,1,1,0.4703171591217132,True,5.269999999999996,-47.6
40.659919141492125,42.60974880967643,14.311401978165085,14.559916364197573,70.65958125515529,0.5827531937320453,2903003,1,1,0.4703171591217132,True,6.300000000000004,-39.3
41.06270875859723,43.01253842678154,18.251802639944955,7.23966259955634,78.78541425400672,0.5348722949610056,2903102,1,1,0.4703171591217132,True,6.509999999999998,-38.1
43.24583162838145,45.19566129656576,14.2802370609854,17.20691096634026,73.18441162679125,0.5808552724655901,2903276,1,1,0.4703171591217132,True,6.009999999999998,-42.1
53.75372145746222,55.70355112564653,13.480597616470279,29.282065307288278,82.12503694400476,0.5635464101388936,2904308,1,1,0.4703171591217132,True,4.359999999999999,-53.5
53.36196584555503,55.311795513739334,10.89341905681886,33.961086493872074,76.66250453360658,0.5867659945903794,2904605,1,1,0.4703171591217132,True,4.400000000000006,-53.3
37.12283894286211,39.07266861104642,11.004307220530443,17.50462278399268,60.64071443810015,0.6522574491524031,2906006,1,1,0.4703171591217132,True,6.580000000000005,-36.8
20.962149750810873,22.91197941899518,13.20238575797138,0.0,48.78818001462363,0.5883468596032809,2906824,1,0,0.4703171591217132,True,6.960000000000001,-18.9
47.46720288382239,49.417032552006695,14.508714083698127,20.980475485969308,77.85358961804408,0.5711910021408985,2906899,1,1,0.4703171591217132,True,5.420000000000002,-46.6
43.95089590297161,45.90072557115592,11.970612973415609,22.43875527039339,69.36269587191843,0.6124227014687701,2907509,1,1,0.4703171591217132,True,5.82,-43.5
54.378784881948135,56.32861455013244,16.764884938147368,23.470043866405582,89.1871852338593,0.5439667462598823,2908309,1,1,0.4703171591217132,True,4.280000000000001,-53.9
30.31328167966471,32.26311134784902,20.07231898201761,0.0,71.6041336388032,0.47927723307364034,2908804,1,0,0.4703171591217132,True,7.219999999999999,-24.0
37.24324470452287,39.19307437270718,11.632448310268597,16.39389463255692,61.99225411285744,0.6386216863586313,2909307,1,1,0.4703171591217132,True,6.619999999999997,-36.7
57.45126959359409,59.4010992617784,23.784321137436546,12.784686435668021,100.0,0.5283047016632403,2909505,1,1,0.4703171591217132,True,3.7900000000000063,-57.3
45.289978357630396,47.2398080258147,13.542313773275463,20.697360762854068,73.78225528877533,0.587377329610892,2909703,1,1,0.4703171591217132,True,5.729999999999997,-44.5
48.88838259163903,50.83821225982334,13.672753484123037,24.040107861447638,77.63631665819904,0.5777501026417666,2910107,1,1,0.4703171591217132,True,5.220000000000006,-48.3
20.393890910401947,22.343720578586254,13.20238575797138,0.0,48.219921174214704,0.5871161724002981,2910859,1,0,0.4703171591217132,True,6.949999999999999,-18.3
34.21473380408302,36.164563472267325,12.312177948008845,12.033138122921716,60.29598882161292,0.6272243821656843,2911204,1,0,0.4703171591217132,True,6.859999999999999,-33.3
48.69976441827651,50.649594086460816,10.719531368196341,29.639698673648613,71.65948949927301,0.6130831349502769,2911709,1,1,0.4703171591217132,True,5.1299999999999955,-48.6
28.811932918879133,30.76176258706344,11.915471656215264,7.407867282073688,54.115657892053186,0.6402207592458242,2912202,1,1,0.4703171591217132,True,7.140000000000001,-27.9
31.45785205428527,33.407681722469576,13.542313773275463,6.86523445950894,59.95012898543021,0.6017509920155151,2912400,1,1,0.4703171591217132,True,7.099999999999998,-29.8
26.490083831790717,28.439913499975024,19.2173144781621,0.0,66.10515775675287,0.47365637585389175,2912608,1,1,0.4703171591217132,True,7.07,-20.1
60.296929084617844,62.24675875280215,14.543431826435327,33.74215616137532,90.75136134422897,0.5400706961266083,2912806,1,1,0.4703171591217132,True,3.210000000000001,-60.5
34.38273784050192,36.332567508686225,12.022425466301529,12.769046587918059,59.89608842945439,0.6358808834849298,2913903,1,1,0.4703171591217132,True,6.909999999999997,-33.6
30.51893859535841,32.46876826354272,11.207175788610433,10.50310734945699,54.434429177628445,0.6593028468223552,2914000,1,1,0.4703171591217132,True,7.07,-30.0
42.215148279849736,44.16497794803404,10.894664797210055,22.81182732186596,65.51812857420212,0.6393038315743548,2914604,1,1,0.4703171591217132,True,6.049999999999997,-42.0
31.812820019317183,33.762649687501494,11.6902697657025,10.850141977167095,56.67515739783589,0.6459629599824774,2914653,1,1,0.4703171591217132,True,7.039999999999999,-31.1
42.41212498847053,44.36195465665484,10.89341905681886,23.01124563678758,65.71266367652208,0.638735517770738,2914703,1,1,0.4703171591217132,True,6.029999999999994,-42.2
39.73303875328182,41.682868421466125,15.530091670001546,11.244448071657587,72.12128877127466,0.5658996429433104,2915106,1,1,0.4703171591217132,True,6.460000000000001,-37.8
37.67760580179355,39.627435469977854,12.303468064641326,15.51308117834213,63.741789761613575,0.6238342829008037,2915205,1,0,0.4703171591217132,True,6.609999999999999,-36.9
23.76696322007435,25.716792888258656,14.543431826435327,0.0,54.22139547968548,0.5629163937535042,2915353,1,0,0.4703171591217132,True,7.120000000000001,-20.9
36.160755145796855,38.11058481398116,14.407776379138927,9.871862013561952,66.34930761440037,0.5843516448425322,2915502,1,1,0.4703171591217132,True,6.780000000000001,-34.4
29.01804283662137,30.967872504805676,11.939584758290364,7.566716388193193,54.36902862141815,0.640071387923115,2916500,1,0,0.4703171591217132,True,7.149999999999999,-28.1
28.78006023129526,30.729889899479566,12.042580455252494,7.126865926258706,54.33291387270042,0.6376157977320822,2917003,1,1,0.4703171591217132,True,7.169999999999998,-27.8
42.19452955858179,44.1443592267661,14.47454085133442,15.774780465396898,72.5139379881353,0.5798197388788181,2917359,1,1,0.4703171591217132,True,6.160000000000004,-40.9
35.3750481984818,37.32487786666611,12.084147692420968,13.6403836056582,61.009372127674006,0.6329630434748215,2918357,1,0,0.4703171591217132,True,6.829999999999998,-34.6
49.47912347443927,51.42895314262358,12.654490496383302,26.62660752700791,76.23129875823923,0.5845103393647456,2919702,1,1,0.4703171591217132,True,5.030000000000001,-49.1
69.2073674000685,71.15719706825281,15.47796540328883,40.82094232384973,100.0,0.5188808337636566,2920304,1,1,0.4703171591217132,True,1.4899999999999949,-70.4
32.68935503629333,34.639184704477636,14.311401978165085,6.589352258998776,62.689017149956484,0.5863107507385321,2920452,1,1,0.4703171591217132,True,7.059999999999999,-30.7
52.67656237587341,54.62639204405772,12.056246734812346,30.99658265509689,78.25620143301853,0.5786874298324054,2920502,1,1,0.4703171591217132,True,4.520000000000003,-52.5
47.81533012780452,49.76515979598883,12.451405545223425,25.360853370448595,74.16946622152906,0.5944146468350819,2920601,1,0,0.4703171591217132,True,5.340000000000003,-47.4
51.72380783613494,53.673637504319245,12.188207452621127,29.785189861079154,77.56208514755933,0.5811427814136902,2921104,1,1,0.4703171591217132,True,4.670000000000002,-51.5
36.02944860163769,37.979278269822,15.13988097002535,8.305656838348966,67.65289970129501,0.5718266657756382,2921302,1,0,0.4703171591217132,True,6.82,-33.9
35.36345951033216,37.31328917851647,14.074451694277165,9.727870755584476,64.89870760144845,0.5920465669651093,2921401,1,1,0.4703171591217132,True,6.890000000000001,-33.7
36.93242898036374,38.882258648548046,12.112833346678016,15.14154153832336,62.622975758772725,0.6290038725381252,2921708,1,1,0.4703171591217132,True,6.669999999999995,-36.2
28.334959850941058,30.284789519125365,13.344832134576619,4.129399155622416,56.440179882628314,0.6044614974950165,2922102,1,1,0.4703171591217132,True,7.219999999999999,-26.6
48.09866380712468,50.04849347530899,16.60811610689055,17.497184054743933,82.59980289587403,0.5517751762376437,2922730,1,1,0.4703171591217132,True,5.410000000000004,-46.8
51.63132099655641,53.58115066474072,19.53982669603317,15.283794076361417,91.87850725312,0.5334210006032245,2922755,1,1,0.4703171591217132,True,4.920000000000002,-50.3
24.310072382747745,26.25990205093205,12.801521982245296,1.1693800184334648,51.35042408343063,0.6104311961652217,2923357,1,0,0.4703171591217132,True,7.150000000000002,-22.7
44.947131552253296,46.8969612204376,15.095090268791182,17.311127950225835,76.48279449064937,0.5697568189434095,2923506,1,1,0.4703171591217132,True,5.849999999999994,-43.7
31.47175528447906,33.421584952663366,14.802889537050682,4.408454592919231,62.4347153124075,0.5762945250425365,2924207,1,1,0.4703171591217132,True,7.170000000000002,-29.1
70.23530101789108,72.18513068607538,13.500922800100916,45.72380823982192,98.64645313232884,0.5081216237967403,2924504,1,1,0.4703171591217132,False,1.4599999999999937,-71.0
54.278253704452226,56.22808337263653,16.60811610689055,23.67677395207148,88.77939279320158,0.5453474861850657,2924900,1,1,0.4703171591217132,True,4.32,-53.8
60.4255186023547,62.37534827053901,11.798295178042396,39.25111464260332,85.49958189847469,0.5467127376846522,2925204,1,1,0.4703171591217132,True,3.259999999999998,-60.5
29.753652956420428,31.703482624604735,13.695460475136471,4.86087334164543,58.54609190756403,0.5968037146713788,2925402,1,1,0.4703171591217132,True,7.160000000000004,-27.9
40.50839398444717,42.458223652631474,15.426853653339439,12.22214609731601,72.69430120794694,0.5687489470155884,2925931,1,0,0.4703171591217132,False,6.43,-38.7
21.314807000408308,23.264636668592615,14.219282175588388,0.0,51.133917618758204,0.5613502216468147,2926103,1,1,0.4703171591217132,True,6.960000000000001,-18.5
39.650836728484656,41.60066639666896,18.13119601152206,6.0641752174494385,77.13715757588848,0.5336102014138775,2926905,1,1,0.4703171591217132,True,6.630000000000003,-36.5
39.03765559257072,40.98748526075503,12.33871625746036,16.804045780673874,65.17092474083618,0.618557269280992,2927200,1,1,0.4703171591217132,True,6.410000000000004,-38.3
26.28615518921059,28.235984857394897,12.25258482111759,4.2213598904822724,52.25060982430752,0.6299369457307255,2928000,1,1,0.4703171591217132,True,7.199999999999996,-25.1
47.34232711012777,49.292156778312076,11.976940765197103,25.817784233556154,72.766529323068,0.6001135402776305,2928406,1,1,0.4703171591217132,True,5.329999999999998,-47.0
31.25000865579809,33.1998383239824,19.887784116644696,0.0,72.17917892491374,0.4857639039507416,2928950,1,0,0.4703171591217132,True,7.190000000000001,-25.3
37.05995899909247,39.00978866727678,11.933498504792304,15.620561388321274,62.39901594623228,0.6322138534026729,2929305,1,1,0.4703171591217132,True,6.640000000000001,-36.4
50.27122940819126,52.22105907637557,12.149845616395991,28.407799250517566,76.03431890223357,0.5869354127104223,2929503,1,1,0.4703171591217132,True,4.890000000000001,-50.0
19.26222597525775,21.212055643442056,15.692878541503317,0.0,51.96953239855001,0.5106236701779964,2929800,1,1,0.4703171591217132,True,6.629999999999999,-15.0
48.88807395011044,50.837903618294746,11.32136029557154,28.648445182972782,73.0273620536167,0.603199670451938,2929909,1,1,0.4703171591217132,True,5.099999999999994,-48.7
40.24261884667003,42.192448514854334,14.440899140476857,13.888806295144267,70.4960907345644,0.5833002666309381,2931202,1,0,0.4703171591217132,True,6.43,-38.8
34.621873550880494,36.5717032190648,13.672753484123037,9.773598820689102,63.3698076174405,0.5981436855483668,2931301,1,0,0.4703171591217132,True,6.869999999999997,-33.1
51.93972384698131,53.889553515165616,10.458966293083485,33.390356265203586,74.38875076512764,0.5985475280619366,2931350,1,1,0.4703171591217132,True,4.600000000000001,-51.9
29.317012187364465,31.266841855548773,12.522423857194578,6.72334209630225,55.81034161479529,0.6241827601543133,2931509,1,1,0.4703171591217132,True,7.1299999999999955,-28.1
26.28393979716448,28.233769465348786,15.007898815710703,0.0,57.648710627763094,0.5589616928861764,2931707,1,1,0.4703171591217132,True,7.16,-23.3
30.024795007994477,31.974624676178784,12.21190363826705,8.03973336250171,55.909515989855855,0.6328659977210032,2931905,1,1,0.4703171591217132,True,7.119999999999997,-29.0
38.96315272488448,40.91298239306879,13.219507718465916,15.003223371526325,66.82274141461124,0.6034415276924487,2932507,1,0,0.4703171591217132,True,6.480000000000004,-37.9
31.41724336811007,33.36707303629438,11.017145341927796,11.773864953672675,54.96028111891607,0.665594764389743,2932903,1,1,0.4703171591217132,True,7.079999999999998,-31.0
46.791759495760594,48.7415891639449,18.376300227356886,12.724702549230187,84.7584757786596,0.5381162337841324,2933109,1,1,0.4703171591217132,True,5.700000000000003,-44.8
34.29034012328414,36.240169791468446,13.563388762170039,9.65641630929986,62.82392327363703,0.6015255580766288,2933158,1,1,0.4703171591217132,True,6.93,-32.8
66.55798037347198,68.50781004165628,17.015353171173818,35.1583306419262,100.0,0.5302676128930279,2933257,1,1,0.4703171591217132,True,2.0,-67.8
53.881969447958994,55.8317991161433,16.11479199267306,24.24738719214965,87.41621104013694,0.5490958675068683,2933406,1,1,0.4703171591217132,True,4.420000000000002,-53.4
60.88135188116387,62.83118154934818,18.13119601152206,27.294690370128656,98.3676727285677,0.5362291543034496,3100104,1,0,0.4703171591217132,True,3.0800000000000054,-61.4
55.812120925938494,57.7619505941228,20.673936830663436,17.24177898736631,98.28212220087929,0.5315761855260019,3101201,1,0,0.4703171591217132,True,4.100000000000001,-55.3
68.57029260719155,70.52012227537585,11.886178071238215,47.22364134191918,93.81660320883252,0.5063726986373945,3101508,1,1,0.4703171591217132,True,1.809999999999988,-68.9
70.40500080409666,72.35483047228097,31.054434033795488,11.489258205766887,100.0,0.5819561113490185,3103108,1,0,0.4703171591217132,True,0.18000000000000682,-78.6
77.6386806031738,79.5885102713581,23.784321137436546,32.97209744524773,100.0,0.5069017089318485,3103207,1,1,0.4703171591217132,True,-4.599999999999994,-84.6
47.985274234130884,49.93510390231519,10.58013937375152,29.198411778348046,70.67179602628234,0.6201031648498405,3103504,1,0,0.4703171591217132,True,5.270000000000003,-47.9
83.98654065193871,85.93637032012302,15.583263872696598,55.393734368053515,100.0,0.3516219381790294,3104106,1,0,0.4703171591217132,True,-6.799999999999997,-86.8
73.73791043386834,75.68774010205264,14.046706742455877,48.15670078544318,100.0,0.4992121503936143,3104601,1,0,0.4703171591217132,True,0.7599999999999909,-74.9
71.90604275228138,73.85587242046569,15.530091670001546,43.41745207065715,100.0,0.5147450259507794,3105301,1,0,0.4703171591217132,True,1.0300000000000011,-73.4
72.91311087138463,74.86294053956894,13.025662505966343,49.33311115310116,100.0,0.49409094745001053,3105905,1,0,0.4703171591217132,True,0.9699999999999989,-73.7
57.60014238051106,59.549972048695366,10.06145357617427,39.829885407272066,79.27005869011866,0.5702126519005772,3106200,1,0,0.4703171591217132,True,3.729999999999997,-57.6
57.12320486643499,59.073034534619296,11.87471533042694,35.79902016031684,82.34704890892175,0.5611373406095088,3106309,1,0,0.4703171591217132,True,3.799999999999997,-57.1
89.22041741330533,91.17024708148963,16.247681855030187,59.325375813365525,100.0,0.24588451325412264,3106408,1,0,0.4703171591217132,True,-13.099999999999994,-93.1
64.82443389726907,66.77426356545338,29.264329351964015,9.417232003885516,100.0,0.5513298002599196,3106804,1,0,0.4703171591217132,True,1.75,-68.8
43.191260181189186,45.14108984937349,11.257836630867152,23.076135509038128,67.20604418970885,0.627077084358005,3107406,1,0,0.4703171591217132,True,5.890000000000001,-42.9
74.6416712807047,76.591500948889,11.6902697657025,53.67899323855461,99.5040086592234,0.47335034064801723,3108602,1,0,0.4703171591217132,True,0.710000000000008,-75.1
70.02662441811414,71.97645408629845,11.41386053939836,49.60569850451474,94.34720966808214,0.4945317191128021,3109006,1,0,0.4703171591217132,True,1.519999999999996,-70.3
52.27352656000719,54.2233562281915,11.891963330345774,30.91553639524278,77.53117606114021,0.5841284430542969,3109303,1,0,0.4703171591217132,True,4.649999999999999,-52.1
38.34601865405463,40.29584832223894,12.00921302621643,16.758223308185457,63.833473336292414,0.6277609909500749,3109402,1,0,0.4703171591217132,True,6.509999999999998,-37.7
74.32381650547391,76.27364617365822,24.58566392627173,28.08663034216,100.0,0.5602354237310196,3109808,1,0,0.4703171591217132,True,-0.5999999999999943,-80.6
73.1155373804125,75.06536704859681,11.570559807165939,52.38748654558485,97.74324755160876,0.4801700451260375,3110004,1,1,0.4703171591217132,True,0.9899999999999949,-73.5
51.823555950103284,53.77338561828759,13.888081081362447,26.5532468844451,80.99352435213008,0.5665218960209015,3110301,1,0,0.4703171591217132,True,4.700000000000003,-51.4
81.78090264552951,83.73073231371382,25.027249696426637,34.678224276626594,100.0,0.44075045690381776,3110400,1,0,0.4703171591217132,True,-11.299999999999997,-91.3
64.9788318893092,66.92866155749351,11.903643336001121,43.59794933412109,90.25937378086593,0.5221528983587334,3110608,1,0,0.4703171591217132,True,2.3900000000000006,-65.2
69.3837719599887,71.33360162817301,13.087565855081857,45.68244390691641,96.98475934942961,0.507510405120744,3111002,1,0,0.4703171591217132,True,1.5799999999999983,-70.0
69.26089590485941,71.21072557304372,11.326952492054614,49.01030663402045,93.41114451206698,0.4985656231906294,3111200,1,0,0.4703171591217132,True,1.6700000000000017,-69.5
65.32502136137134,67.27485102955565,12.219919347950578,43.32424921358833,91.22545284552297,0.5207263016485888,3111606,1,0,0.4703171591217132,True,2.3100000000000023,-65.6
77.7473575715459,79.69718723973021,21.360039359649807,37.83227938645858,100.0,0.5056554561874259,3112208,1,1,0.4703171591217132,True,-3.0999999999999943,-83.1
43.94917131542898,45.899000983613284,20.673936830663436,5.3788293768567925,86.41917259036977,0.5148744201812143,3112653,1,0,0.4703171591217132,True,6.170000000000002,-40.5
42.84499494238913,44.794824610573436,13.219507718465916,18.885065589030972,70.70458363211588,0.5978373179067848,3113008,1,0,0.4703171591217132,False,6.07,-42.0
50.373705490924415,52.32353515910872,10.654788809251297,31.44053283009577,73.20653748812167,0.6049631928998397,3113404,1,0,0.4703171591217132,True,4.859999999999999,-50.3
93.29364527551424,95.24347494369854,15.92619989130242,64.02869674616007,100.0,0.16925032657664002,3113602,1,1,0.4703171591217132,True,-17.400000000000006,-97.4
76.99084582356797,78.94067549175227,15.692878541503317,48.183198736644314,100.0,0.5063380279932836,3114006,1,1,0.4703171591217132,True,0.09000000000000341,-79.1
66.83068740500015,68.78051707318446,12.451405545223425,44.37621064764422,93.18482349872468,0.5159991117355516,3114204,1,0,0.4703171591217132,True,2.0799999999999983,-67.2
64.82443389726907,66.77426356545338,29.264329351964015,9.417232003885516,100.0,0.5513298002599196,3114907,1,0,0.4703171591217132,True,1.75,-68.8
65.4690526451757,67.41888231336,20.89236230968509,26.470604634415153,100.0,0.5377730745691828,3115359,1,0,0.4703171591217132,True,2.0,-67.4
71.36076990268835,73.31059957087265,16.458809986105535,41.05192476971761,100.0,0.5208213982482047,3116308,1,0,0.4703171591217132,True,1.0700000000000074,-73.1
61.02118013500098,62.97100980318529,11.562668605530211,40.3085957711741,85.63342383519648,0.541637438508887,3116605,1,0,0.4703171591217132,True,3.0800000000000054,-61.1
57.89557781318227,59.84540748136658,22.151134513592943,16.429981618022232,100.0,0.5312081404608543,3117207,1,0,0.4703171591217132,True,3.6799999999999997,-57.9
58.6721132267893,60.62194289497361,12.127480930454361,36.85251704808675,84.39136874186046,0.5537216784865174,3117504,1,0,0.4703171591217132,True,3.559999999999995,-58.7
61.54651001075049,63.496339678934795,15.095090268791182,33.91050640872302,93.08217294914655,0.5375696612548577,3117801,1,0,0.4703171591217132,True,3.020000000000003,-61.9
67.20195745256802,69.15178712075233,17.684111669539096,34.49156514987121,100.0,0.5312850623331205,3118205,1,1,0.4703171591217132,True,1.8400000000000034,-68.7
66.53787629167356,68.48770595985786,12.481335290664818,44.02473831118604,92.95067360852967,0.517008616437591,3118403,1,1,0.4703171591217132,True,2.1199999999999903,-66.9
40.71165907415489,42.661488742339195,12.46129979206637,18.23778994933264,67.08518753534574,0.6148509118341627,3119104,1,0,0.4703171591217132,False,6.299999999999997,-40.0
47.51748968275454,49.467319350938844,10.748477212994004,28.400691124821137,70.53394757705655,0.6185548307207066,3119401,1,0,0.4703171591217132,True,5.310000000000002,-47.4
88.364606836084,90.3144365042683,24.58566392627173,42.12742067277008,100.0,0.3374142252969138,3119609,1,1,0.4703171591217132,True,-20.0,-100.0
69.50319564261619,71.4530253108005,19.887784116644696,32.473684709869154,100.0,0.5379950536936821,3120409,1,0,0.4703171591217132,True,1.25,-72.1
94.8786216356092,96.82845130379351,13.542313773275463,70.28600404083288,100.0,0.10699712382900406,3120805,1,1,0.4703171591217132,True,-17.200000000000003,-97.2
62.84139970503469,64.791229373219,16.60811610689055,32.23991995265394,97.34253879378404,0.5333207165295881,3121100,1,0,0.4703171591217132,True,2.680000000000007,-63.5
51.52454859684815,53.474378265032456,14.47454085133442,25.104799503663255,81.84395702640165,0.5630068848288029,3121258,1,1,0.4703171591217132,True,4.770000000000003,-51.0
65.16632146494123,67.11615113312554,25.500259858035417,17.136560214963644,100.0,0.5462641493061616,3121506,1,0,0.4703171591217132,True,1.8799999999999955,-68.2
55.009429955047935,56.95925962323224,15.583263872696598,26.416623671162736,87.50189557530175,0.5487939734046972,3123007,1,0,0.4703171591217132,True,4.169999999999995,-54.7
65.11664094767266,67.06647061585697,15.007898815710703,37.651529453442656,96.48141177827128,0.5274517374997636,3123205,1,0,0.4703171591217132,True,2.299999999999997,-65.8
75.84862244181052,77.79845210999483,16.532565089208177,45.39521996308257,100.0,0.5159593510499394,3123528,1,1,0.4703171591217132,True,0.2599999999999909,-78.2
46.74091071733303,48.69074038551734,18.504889216149067,12.421823983961524,84.95965678707314,0.5359384044768138,3123809,1,0,0.4703171591217132,True,5.659999999999997,-44.7
71.32690375990198,73.27673342808629,14.688023285476529,44.48873678446661,100.0,0.5095941695300343,3124500,1,0,0.4703171591217132,True,1.1299999999999955,-72.5
78.69514201609196,80.64497168427627,17.79090972166848,45.77542937760252,100.0,0.48554036145952345,3125408,1,1,0.4703171591217132,True,-2.0999999999999943,-82.1
42.41872284650228,44.368552514686584,13.056293040370225,18.778688383959977,69.9584166454132,0.6009960888843341,3126703,1,1,0.4703171591217132,True,6.109999999999999,-41.6
83.40422773967813,85.35405740786244,19.2173144781621,47.688813151084574,100.0,0.3902736379573267,3126752,1,1,0.4703171591217132,True,-8.599999999999994,-88.6
71.18997583392937,73.13980550211367,21.874227296827137,30.26710781068953,100.0,0.5476730898808001,3127388,1,0,0.4703171591217132,True,0.7600000000000051,-75.0
65.27158070311415,67.22141037129846,17.38158648184932,33.15412687270552,100.0,0.5322946056763963,3127503,1,0,0.4703171591217132,True,2.2299999999999898,-66.4
72.99596049011696,74.94579015830126,14.343039401413193,46.83394950269246,100.0,0.5051235356759051,3127602,1,0,0.4703171591217132,True,0.9299999999999926,-74.2
72.85835664865532,74.80818631683962,12.881477656413736,49.56095404261127,100.0,0.49386236702291497,3128303,1,1,0.4703171591217132,True,1.0100000000000051,-73.6
59.99478376388283,61.944613432067136,21.874227296827137,19.071915740642993,100.0,0.5337980189067172,3130002,1,0,0.4703171591217132,True,3.1999999999999957,-60.6
54.377530344835364,56.32736001301967,15.583263872696598,25.784724060950165,86.86999596508917,0.5503663912892428,3130051,1,0,0.4703171591217132,True,4.299999999999997,-54.0
64.57754318747942,66.52737285566373,17.38158648184932,32.460089357070785,100.0,0.53238697009394,3130556,1,0,0.4703171591217132,True,2.3400000000000034,-65.6
67.84558363694944,69.79541330513375,14.160092805523094,42.04214138856375,97.54868522170375,0.517028273419043,3130903,1,0,0.4703171591217132,True,1.8000000000000114,-68.6
48.578076484303324,50.52790615248763,18.014293149280036,15.220540372952122,85.83527193202312,0.5405034853525043,3131000,1,0,0.4703171591217132,True,5.359999999999999,-47.0
78.09489784999157,80.04472751817588,12.375084777826446,55.790007048006174,100.0,0.4670030196419087,3131208,1,1,0.4703171591217132,True,0.11999999999999034,-78.9
64.67151636787473,66.62134603605904,10.30048271719697,46.432770886975696,86.80992118514237,0.5212395684583533,3131307,1,0,0.4703171591217132,True,2.469999999999999,-64.7
71.83585804198792,73.78568771017223,20.464857064928335,33.675304914152605,100.0,0.5411432349109442,3131406,1,0,0.4703171591217132,True,0.7000000000000028,-75.2
59.96919086136278,61.91902052954709,10.956128972661304,40.44540233315511,83.39263872593907,0.5497910942145737,3131901,1,0,0.4703171591217132,True,3.289999999999999,-60.0
60.90095047660813,62.85078014479244,13.695460475136471,36.008170861833136,89.69338942775174,0.5406878162733134,3132909,1,0,0.4703171591217132,True,3.1499999999999986,-61.1
42.547988749612614,44.49781841779692,15.007898815710703,15.082877255382606,73.91275958021123,0.571966620432341,3133204,1,0,0.4703171591217132,False,6.119999999999997,-41.1
52.60582190772007,54.55565157590438,13.308014694611918,28.472422068735206,80.63888108307354,0.5684398429398086,3134004,1,0,0.4703171591217132,True,4.550000000000004,-52.3
59.04130516988999,60.991134838074295,16.764884938147368,28.132564154347435,93.84970552180116,0.5396473308361558,3134301,1,0,0.4703171591217132,True,3.4599999999999937,-59.2
73.5500939598308,75.49992362801511,14.923751302235237,46.24990856140131,100.0,0.505882876621314,3135357,1,1,0.4703171591217132,True,0.7199999999999989,-75.0
53.194884103016044,55.14471377120035,18.014293149280036,19.837347991664842,90.45207955073585,0.5410144179383077,3135704,1,0,0.4703171591217132,True,4.600000000000001,-52.4
61.6117287567124,63.56155842489671,16.532565089208177,31.15832627798445,95.96479057180896,0.5349072390974335,3135902,1,0,0.4703171591217132,True,2.9100000000000037,-62.1
82.5176478295453,84.4674774977296,22.750316582052942,39.87767636002145,100.0,0.42216032513567703,3136579,1,0,0.4703171591217132,True,-10.299999999999997,-90.3
61.64385459828412,63.59368426646843,10.96625640012284,42.1002166769958,85.08715185594106,0.5409024016645833,3137601,1,0,0.4703171591217132,True,3.019999999999996,-61.7
71.3505689936252,73.30039866180951,12.81453115547437,48.184379118313295,98.41641820530572,0.4993649486568133,3137700,1,1,0.4703171591217132,True,1.2800000000000011,-72.0
43.117463013018735,45.06729268120304,18.775216882127772,8.268543790304193,81.86604157210188,0.5302012702921003,3138005,1,0,0.4703171591217132,False,6.190000000000005,-40.3
77.3666318354266,79.31646150361091,17.103262901962296,45.79468219764479,100.0,0.5159396387267174,3138104,1,1,0.4703171591217132,True,-0.20000000000000284,-80.2
56.455903639999114,58.40573330818342,18.376300227356886,22.388846693468707,94.42261992289812,0.5371621504655486,3138500,1,0,0.4703171591217132,True,3.9199999999999946,-56.2
47.17625874949206,49.126088417676364,13.563388762170039,22.54233493550778,75.70984189984495,0.5821761524632403,3138609,1,0,0.4703171591217132,True,5.439999999999998,-46.5
64.64200110609393,66.59183077427824,14.47454085133442,38.22225201290904,94.96140953564743,0.5280393024489244,3138625,1,1,0.4703171591217132,True,2.4099999999999966,-65.2
63.52558768375679,65.4754173519411,14.543431826435327,36.97081476051427,93.98001994336792,0.5319116712596824,3138658,1,0,0.4703171591217132,True,2.6400000000000006,-64.0
67.49776804579069,69.447597713975,19.375576379473525,31.472165830501908,100.0,0.5348022301953654,3139102,1,1,0.4703171591217132,True,1.6400000000000006,-69.5
56.11950152678908,58.06933119497339,13.789253185544691,31.042891577601573,85.0957708123452,0.555674971408045,3140506,1,0,0.4703171591217132,True,4.0,-56.0
40.48959347271315,42.43942314089746,18.91743440128125,5.361933034487166,79.51691324730774,0.526143294239764,3140605,1,1,0.4703171591217132,True,6.579999999999998,-37.1
81.78090264552951,83.73073231371382,25.027249696426637,34.678224276626594,100.0,0.44075045690381776,3141207,1,0,0.4703171591217132,True,-11.299999999999997,-91.3
77.26696646854165,79.21679613672596,20.89236230968509,38.26851845778111,100.0,0.5149518739608845,3141306,1,1,0.4703171591217132,True,-2.200000000000003,-82.2
75.63419579722957,77.58402546541387,20.07231898201761,38.243003174459666,100.0,0.5419777515458901,3141504,1,1,0.4703171591217132,True,0.0,-79.7
49.02583823000194,50.975667898186245,18.91743440128125,13.89817779177595,88.05315800459653,0.5342128510517202,3142106,1,0,0.4703171591217132,True,5.300000000000004,-47.3
73.7814014255341,75.7312310937184,13.606321622867581,49.063330750829365,100.0,0.4955659408277396,3142809,1,1,0.4703171591217132,True,0.7800000000000011,-74.8
78.99271871689706,80.94254838508137,12.788635293785385,55.87728379784419,100.0,0.47062374164565207,3142908,1,1,0.4703171591217132,True,0.0,-80.0
52.20106379989388,54.15089346807819,23.784321137436546,7.534480641967811,100.0,0.5160830519521746,3143005,1,0,0.4703171591217132,True,4.909999999999997,-50.2
61.59101763682154,63.54084730500585,10.186196585742463,43.57626885750575,83.50542575250594,0.5421860740472223,3143302,1,0,0.4703171591217132,True,3.020000000000003,-61.6
75.97285505552571,77.92268472371002,15.530091670001546,47.48426437390148,100.0,0.5078939042248468,3143807,1,0,0.4703171591217132,True,0.3299999999999983,-77.9
61.38373042651524,63.33356009469955,12.015797126687374,39.783030480852425,86.88408970854667,0.5396580355417175,3144003,1,0,0.4703171591217132,True,3.030000000000001,-61.5
53.85814556793745,55.807975236121756,12.347701277122455,31.606925441102508,80.009025031141,0.5714058669118369,3144607,1,0,0.4703171591217132,True,4.329999999999998,-53.7
50.100759057037266,52.05058872522157,15.376726272944651,21.912759030119233,82.1884184203239,0.5584091584430524,3144656,1,0,0.4703171591217132,True,5.010000000000005,-49.3
60.16247959436362,62.112309262547925,13.421050409960692,35.80753382432843,88.4170847007674,0.543540476521681,3144706,1,0,0.4703171591217132,True,3.280000000000001,-60.3
56.811428576469005,58.76125824465331,10.708594717879807,37.77279827257303,79.7497182167336,0.5689001651557045,3144805,1,0,0.4703171591217132,True,3.8200000000000003,-56.8
68.77475736575983,70.72458703394413,12.81453115547437,45.60856749044792,95.84060657744034,0.5088847484818293,3145109,1,0,0.4703171591217132,True,1.710000000000008,-69.3
71.53924101403497,73.48907068221928,18.13119601152206,37.952579502999754,100.0,0.5290388319948214,3145851,1,0,0.4703171591217132,True,0.9099999999999966,-73.9
51.95409649777976,53.903926165964066,15.692878541503317,23.146449410856107,84.66140292107201,0.5528761206653221,3146206,1,0,0.4703171591217132,True,4.690000000000005,-51.3
48.44985481490946,50.399684483093765,17.015353171173818,17.05020508336368,83.74916388282384,0.5479556562045949,3146255,1,0,0.4703171591217132,True,5.350000000000001,-47.1
49.40042763226668,51.350257300450984,12.763222440060016,26.334800991259918,76.36571360964204,0.58345556818543,3146305,1,1,0.4703171591217132,True,5.039999999999999,-49.0
65.62992323389285,67.57975290207716,10.606643357826053,46.791113923877106,88.36839188027722,0.5165540367385264,3147006,1,1,0.4703171591217132,True,2.319999999999993,-65.7
53.54365800982749,55.493487678011796,10.670151449377236,34.58037512764455,76.40660022837903,0.5892191683064217,3147105,1,0,0.4703171591217132,True,4.399999999999999,-53.5
62.2917114115116,64.2415410796959,12.763222440060016,39.22608477050484,89.25699738888696,0.5342923833493304,3147204,1,0,0.4703171591217132,True,2.8400000000000034,-62.5
61.76571332681415,63.71554299499846,10.59308047884311,42.95348677113165,84.47759921886527,0.5418938767727486,3148103,1,0,0.4703171591217132,True,3.030000000000001,-61.8
54.391834226386,56.34166389457031,18.014293149280036,21.0342981150348,91.6490296741058,0.5395393124235779,3148301,1,0,0.4703171591217132,True,4.330000000000005,-53.8
83.74135927848563,85.69118894666994,16.1804873953186,53.97801639954117,100.0,0.3625197745773802,3148509,1,0,0.4703171591217132,True,-6.900000000000006,-86.9
60.95322609604419,62.9030557642285,17.103262901962296,29.381276458262377,96.4248350701946,0.5360341212585382,3148756,1,0,0.4703171591217132,True,3.0500000000000043,-61.4
75.60218197651909,77.5520116447034,23.075317336990707,32.32522073236889,100.0,0.5422432885438926,3148905,1,0,0.4703171591217132,True,-1.4000000000000057,-81.4
54.63042089698554,56.58025056516985,21.874227296827137,13.707552873745705,99.45294825659397,0.5275129730268271,3149002,1,0,0.4703171591217132,True,4.390000000000001,-53.7
36.459700737627266,38.40953040581157,19.375576379473525,0.43409852233848056,76.38496228928466,0.512155861830273,3149507,1,0,0.4703171591217132,True,7.0,-32.0
70.61102389529523,72.56085356347954,12.713792120710096,47.642278899958626,97.47942822700044,0.5018559316470367,3149903,1,0,0.4703171591217132,True,1.4200000000000017,-71.2
53.21868358596431,55.168513254148614,14.802889537050682,26.15538289440448,84.18164361389275,0.5580463685180266,3150158,1,0,0.4703171591217132,True,4.530000000000001,-52.8
37.41680127031563,39.36663093849994,16.60811610689055,6.815321517934883,71.91794035906499,0.5508666700597127,3150539,1,0,0.4703171591217132,False,6.789999999999999,-34.7
62.76925946766683,64.71908913585114,16.458809986105535,32.46041433469609,96.97776393700617,0.534156987905528,3150703,1,0,0.4703171591217132,True,2.729999999999997,-63.4
68.44209197636951,70.39192164455382,14.842487273431109,41.301181147634736,99.4826621414729,0.5176822984261907,3151008,1,0,0.4703171591217132,True,1.6499999999999915,-69.4
49.625614829517076,51.57544449770138,10.984142796103882,30.046920216292683,73.10396877911008,0.6056785546409369,3151206,1,0,0.4703171591217132,True,5.020000000000003,-49.5
73.63123002203271,75.58105969021702,13.789253185544691,48.5546200728452,100.0,0.49881208778885266,3151305,1,0,0.4703171591217132,True,0.8400000000000034,-74.7
58.09841775695963,60.048247425143934,10.495380059883194,39.47768050371303,80.61881434657482,0.5636529715448702,3151800,1,0,0.4703171591217132,True,3.6299999999999955,-58.1
58.89302167140833,60.842851339592634,10.471976924972658,40.31815371971172,81.36754895947355,0.559480273219711,3152501,1,0,0.4703171591217132,True,3.509999999999998,-58.9
62.130904676967056,64.08073434515137,15.692878541503317,33.32325759004341,94.83821110025931,0.5350184176616616,3152907,1,0,0.4703171591217132,True,2.8599999999999923,-62.6
41.74604916697967,43.695878835163974,17.103262901962296,10.174099529197854,77.21765814113007,0.5482616056085197,3154150,1,0,0.4703171591217132,False,6.3700000000000045,-39.4
57.89844431909734,59.848273987281644,14.688023285476529,31.060277343661962,88.63627063090132,0.5453080094322063,3154200,1,0,0.4703171591217132,True,3.6200000000000045,-57.9
45.7927378089541,47.74256747713841,20.673936830663436,7.222395870381916,88.2627390838949,0.5194326038713255,3154705,1,0,0.4703171591217132,True,5.950000000000003,-42.8
64.88344401682879,66.8332736850131,13.382500600758368,40.60405448444105,93.06249288558513,0.5261171789256256,3155801,1,0,0.4703171591217132,True,2.4099999999999966,-65.3
93.12976947599398,95.07959914417829,18.91743440128125,58.002109037767994,100.0,0.21268861678614814,3156502,1,1,0.4703171591217132,True,-20.0,-100.0
41.78878706358712,43.73861673177143,14.074451694277165,16.153198308839436,71.32403515470341,0.5855421720185914,3156809,1,0,0.4703171591217132,True,6.18,-40.6
71.18735490515508,73.13718457333938,13.460513355670289,46.75506318280522,99.51930596387353,0.5030472108188868,3157906,1,1,0.4703171591217132,True,1.2399999999999949,-72.0
46.41144210104859,48.3612717692329,17.580380710182663,13.904358742772175,82.81818479569361,0.543679969334559,3158508,1,0,0.4703171591217132,True,5.689999999999998,-44.6
72.7964817167936,74.7463113849779,20.264505349532666,35.028610735374606,100.0,0.5407530547228555,3158805,1,0,0.4703171591217132,True,0.519999999999996,-76.3
82.58958708859403,84.53941675677834,12.854311509119169,59.34542915284605,100.0,0.3619904255497778,3159902,1,0,0.4703171591217132,True,-3.799999999999997,-83.8
58.47806186134845,60.42789152953276,28.494559053357634,4.579582029602044,100.0,0.5266109858043555,3160603,1,0,0.4703171591217132,True,3.530000000000001,-58.8
56.05034889090358,58.000178559087885,11.699539411867654,35.06950267612035,80.93085444205542,0.5661804094001999,3160702,1,0,0.4703171591217132,True,3.950000000000003,-56.0
68.43761829384061,70.38744796202492,13.542313773275463,43.845000699064286,96.92989522498556,0.5121514683525875,3161007,1,0,0.4703171591217132,True,1.7000000000000028,-69.1
60.88498710279353,62.83481677097784,13.965760107958092,35.462429942653756,90.20720359930192,0.5400724749963757,3161809,1,0,0.4703171591217132,True,3.1399999999999935,-61.1
79.7625046006332,81.71233426881751,16.11479199267306,50.12792234482386,100.0,0.45768861281099926,3162203,1,0,0.4703171591217132,True,-2.4000000000000057,-82.4
48.42846091694896,50.378290585133264,11.50962242481544,27.81984515684043,72.9367360134261,0.6032116126350435,3162922,1,0,0.4703171591217132,False,5.189999999999998,-48.2
83.23043174586181,85.18026141404611,14.965454871790135,55.84850885307795,100.0,0.36461576742726315,3162948,1,1,0.4703171591217132,True,-5.599999999999994,-85.6
62.26565454336038,64.21548421154469,11.87471533042694,40.94146983724224,87.48949858584714,0.5367192921338714,3162955,1,0,0.4703171591217132,True,2.9100000000000037,-62.4
55.610394014612005,57.56022368279631,16.764884938147368,24.701652999069452,90.41879436652317,0.542982488045738,3163508,1,0,0.4703171591217132,True,4.07,-55.3
63.97427664505433,65.92410631323864,11.304869908537492,43.76696844259453,88.08124418388275,0.5284154498786553,3163706,1,0,0.4703171591217132,True,2.6300000000000097,-64.1
69.20504333574614,71.15487300393045,18.251802639944955,35.38199717670525,100.0,0.5306825219502587,3164308,1,0,0.4703171591217132,True,1.3599999999999994,-71.2
54.63775995946394,56.58758962764825,24.58566392627173,8.400573796150027,100.0,0.5195032835904339,3164431,1,0,0.4703171591217132,True,4.390000000000001,-53.4
59.82950221852108,61.779331886705386,16.846251683187738,28.761285313160144,94.79737846025063,0.5380847912456558,3165305,1,0,0.4703171591217132,True,3.289999999999999,-60.1
49.38843225349543,51.33826192167974,14.407776379138927,23.099539121260527,79.57698472209894,0.5691977678550872,3165552,1,0,0.4703171591217132,True,5.149999999999999,-48.7
76.3784495761415,78.32827924432581,17.580380710182663,43.87136621786509,100.0,0.5240784300016225,3166006,1,0,0.4703171591217132,True,0.09000000000000341,-79.3
82.35746458123536,84.30729424941967,24.58566392627173,36.12027841792145,100.0,0.4304630649540346,3167301,1,0,0.4703171591217132,True,-11.700000000000003,-91.7
77.05578984219173,79.00561951037604,18.376300227356886,42.98873289566132,100.0,0.5215770803916987,3167905,1,1,0.4703171591217132,True,-0.5,-80.5
69.98012394210299,71.9299536102873,28.494559053357634,16.081644110356585,100.0,0.5706111557970049,3168200,1,0,0.4703171591217132,True,0.5,-76.5
68.98296598882834,70.93279565701265,14.882768427752989,41.76310554836698,100.0,0.5176110657815031,3168408,1,0,0.4703171591217132,True,1.5900000000000034,-70.0
50.8504700693356,52.80029973751991,10.490007795488701,32.240262260817644,73.36033721422217,0.6041224622220427,3168606,1,0,0.4703171591217132,True,4.770000000000003,-50.8
39.68862872728415,41.638458395468454,12.269288803906264,17.591094223891655,65.68582256704525,0.6207293643523267,3169604,1,0,0.4703171591217132,True,6.409999999999997,-39.0
79.50498914242219,81.4548188106065,17.19353697593344,47.75610557091923,100.0,0.46628402163482957,3170578,1,0,0.4703171591217132,True,-2.700000000000003,-82.7
58.47806186134845,60.42789152953276,28.494559053357634,4.579582029602044,100.0,0.5266109858043555,3170602,1,0,0.4703171591217132,True,3.530000000000001,-58.8
61.15843295809727,63.10826262628158,16.68553188681861,30.40522106522244,95.81130418734071,0.537285868871928,3170651,1,0,0.4703171591217132,True,3.0700000000000003,-61.6
61.47819367260466,63.42802334078897,18.13119601152206,27.891532161569444,98.96451452000849,0.5362983573513098,3171071,1,0,0.4703171591217132,True,2.979999999999997,-62.1
50.66946476197435,52.61929443015866,14.311401978165085,24.5694619846798,80.66912687563752,0.5671588007155771,3171600,1,0,0.4703171591217132,False,4.939999999999998,-50.1
82.23050399473227,84.18033366291658,19.375576379473525,46.20490177944349,100.0,0.41459024492875113,3171907,1,1,0.4703171591217132,True,-7.299999999999997,-87.3
51.025719635963405,52.97554930414771,23.419369079676393,7.074429367331021,98.87666924096439,0.5138711395022774,3172202,1,0,0.4703171591217132,True,5.089999999999996,-48.7
81.28096951937832,83.23079918756262,11.394934779680655,60.897137413205684,100.0,0.38838551837120144,3200409,1,0,0.4703171591217132,True,-1.7999999999999972,-81.8
78.03298930490382,79.98281897308813,11.16267161524503,58.104384635960315,100.0,0.45283424329145766,3200904,1,0,0.4703171591217132,True,0.2599999999999909,-78.4
57.20132734897433,59.15115701715864,10.15590075596324,39.24595730490758,79.0563567294097,0.5699073495815165,3201308,1,0,0.4703171591217132,True,3.739999999999995,-57.2
47.516962571392206,49.46679223957651,16.764884938147368,16.608221555849653,82.32536292330337,0.5503897569226236,3201803,1,0,0.4703171591217132,True,5.490000000000002,-46.1
68.76824067453298,70.71807034271728,12.36588468199086,46.481381729039654,94.95475895639491,0.5071594045406064,3202108,1,0,0.4703171591217132,True,1.7399999999999949,-69.2
79.91161634848046,81.86144601666477,11.654202278703934,59.019629281860425,100.0,0.4365495779909606,3202454,1,0,0.4703171591217132,True,-0.5,-80.5
72.81071643029995,74.76054609848426,14.343039401413193,46.64870544287545,100.0,0.5033224939038125,3202702,1,0,0.4703171591217132,True,0.8799999999999955,-74.0
89.78952647044913,91.73935613863344,13.401663386044552,65.472578569057,100.0,0.19052517824828896,3203304,1,0,0.4703171591217132,True,-11.700000000000003,-91.7
80.92266652127033,82.87249618945464,16.11479199267306,51.28808426546098,100.0,0.42926248100820713,3203601,1,0,0.4703171591217132,True,-3.700000000000003,-83.7
79.44799331669942,81.39782298488373,15.637514771593434,50.748857224847505,100.0,0.46438635269498235,3204252,1,0,0.4703171591217132,True,-1.7999999999999972,-81.8
81.84032517162089,83.7901548398052,14.440899140476857,55.48651262009513,100.0,0.39648350473624105,3204500,1,1,0.4703171591217132,True,-3.799999999999997,-83.8
82.88178763162746,84.83161729981177,12.840924091217659,59.66386855281243,100.0,0.35335916690081176,3204609,1,0,0.4703171591217132,True,-4.099999999999994,-84.1
85.67512069665216,87.62495036483647,14.688023285476529,58.83695372121679,100.0,0.30183606915704464,3204658,1,0,0.4703171591217132,True,-8.099999999999994,-88.1
73.45121393467048,75.40104360285478,13.765348553384563,48.421456203580505,100.0,0.4988104911260596,3204807,1,1,0.4703171591217132,True,0.8599999999999994,-74.5
70.00199624466745,71.95182591285176,10.546869915978151,51.280340727905596,92.62331109779792,0.490853577470114,3205101,1,1,0.4703171591217132,True,1.6099999999999994,-70.1
82.3275057018758,84.2773353700601,12.801521982245296,59.18681333756152,100.0,0.3691418269519794,3205176,1,1,0.4703171591217132,True,-3.5,-83.5
50.94811013188685,52.89793980007116,10.474938838611088,32.3674369361336,73.42844266400871,0.6039877879989463,3300209,1,0,0.4703171591217132,True,4.759999999999998,-50.9
67.07261187352846,69.02244154171277,10.902215345706047,47.65449211242901,90.39039097099652,0.5090580717993899,3300233,1,1,0.4703171591217132,True,2.069999999999993,-67.2
45.44420761895798,47.39403728714229,10.76432927866085,26.296339583236996,68.49173499104758,0.6273235315587261,3300308,1,1,0.4703171591217132,True,5.590000000000003,-45.3
52.095294928484776,54.04512459666908,14.614554989895327,25.401123166394104,82.68912602694405,0.5618487786373297,3300951,1,0,0.4703171591217132,True,4.719999999999999,-51.6
44.4485825439444,46.398412212128704,13.563388762170039,19.81465872996012,72.9821656942973,0.5887185487491975,3301207,1,0,0.4703171591217132,True,5.839999999999996,-43.6
50.04668087301797,51.99651054120228,12.608923495056217,27.283474607071184,76.70954647533337,0.5851958231857405,3301405,1,0,0.4703171591217132,True,5.009999999999998,-49.7
50.319828315444354,52.26965798362866,11.0220473100548,30.666842220024666,73.87247374723265,0.6013292218015165,3301850,1,1,0.4703171591217132,True,4.899999999999999,-50.2
42.19694376893699,44.1467734371213,10.427025696381563,23.710178606339753,64.58336826790284,0.6469929428293006,3302007,1,1,0.4703171591217132,True,5.979999999999997,-42.1
68.4585410329841,70.40837070116841,10.872777225411207,49.098118927435095,91.71862247490171,0.501894367223764,3302205,1,1,0.4703171591217132,True,1.8599999999999994,-68.6
63.1156033337108,65.06543300189512,14.923751302235237,35.81541793528132,94.31544806850891,0.5332312881560377,3302452,1,0,0.4703171591217132,True,2.710000000000001,-63.6
56.60713500106881,58.55696466925312,10.390344077518206,38.19226449033838,78.92166484816785,0.5749256930375491,3302700,1,1,0.4703171591217132,True,3.9200000000000017,-56.6
58.373294529939805,60.32312419812411,13.119501642876289,34.609373482972515,86.03687491327571,0.549344100518627,3302809,1,1,0.4703171591217132,True,3.5500000000000043,-58.4
44.543565656348555,46.49339532453286,10.713239155153236,25.4958324226682,67.49095822639752,0.6318093638906027,3303203,1,1,0.4703171591217132,True,5.700000000000003,-44.4
51.92225101130811,53.87208067949242,10.270964771684769,33.74135964051061,74.00280171847423,0.6032239239927368,3303302,1,1,0.4703171591217132,True,4.660000000000004,-51.9
60.701375304959704,62.65120497314401,12.112833346678016,38.910487862919325,86.3919220833687,0.5433495191786614,3304110,1,1,0.4703171591217132,True,3.1700000000000017,-60.8
38.24023089535564,40.190060563539944,10.48754280747224,19.634854374572264,60.74526675250762,0.6615434121423269,3304144,1,1,0.4703171591217132,True,6.460000000000001,-38.1
59.56467624373136,61.51450591191567,14.37516039540118,33.33970926494279,89.68930255888854,0.542532439016369,3304508,1,0,0.4703171591217132,True,3.3499999999999943,-59.7
73.3884358486344,75.33826551681871,15.692878541503317,44.58078876171075,100.0,0.5132610219257819,3305133,1,0,0.4703171591217132,True,0.7600000000000051,-75.1
63.07402158839155,65.02385125657587,16.11479199267306,33.43943933258221,96.60826318056951,0.5335336097859279,3305307,1,1,0.4703171591217132,True,2.6799999999999926,-63.7
58.39377374198013,60.343603410164434,10.797241900316571,39.18139815317714,81.50580866715173,0.5591357602600082,3306107,1,1,0.4703171591217132,True,3.5500000000000043,-58.4
56.282943629966056,58.23277329815036,15.866011732035192,27.135961725071418,89.3295848712293,0.5455934744655878,4100103,1,1,0.4703171591217132,True,3.9499999999999957,-56.1
74.78772515458988,76.73755482277419,13.401663386044552,50.47077725319775,100.0,0.49203592584501726,4100301,1,0,0.4703171591217132,True,0.6700000000000017,-75.8
61.703108414516514,63.65293808270082,23.419369079676393,17.75181814588413,100.0,0.5358448337290521,4102703,1,0,0.4703171591217132,True,2.760000000000005,-63.0
60.93258858967095,62.88241825785526,13.152122005630128,37.104732806543495,88.660103709167,0.5392956857066131,4102802,1,1,0.4703171591217132,True,3.0800000000000054,-61.1
88.0435712336156,89.9934009017999,18.775216882127772,53.19465201090105,100.0,0.2972710487437674,4103008,1,0,0.4703171591217132,True,-13.799999999999997,-93.8
71.32876395176385,73.27859361994815,14.343039401413193,45.16675296433935,100.0,0.5083828047877804,4103057,1,1,0.4703171591217132,True,1.1799999999999926,-72.4
49.465347218342984,51.41517688652729,12.564928183052356,26.788370179412368,76.04198359364221,0.5877008360365358,4103107,1,0,0.4703171591217132,True,5.100000000000001,-49.1
84.0827833926839,86.0326130608682,16.05054445843828,54.57412399007022,100.0,0.3535138380492434,4103305,1,1,0.4703171591217132,True,-7.200000000000003,-87.2
80.24763169393925,82.19746136212356,14.074451694277165,54.61204293919157,100.0,0.4379647937079649,4103503,1,1,0.4703171591217132,True,-1.9000000000000057,-81.9
59.746583516835855,61.69641318502016,11.762422476045861,38.642488761025824,84.7503376090145,0.5501852362984592,4104253,1,1,0.4703171591217132,True,3.3800000000000026,-59.8
74.50735519494397,76.45718486312828,12.149845616395991,52.64392503727028,100.0,0.47974334049303835,4104659,1,1,0.4703171591217132,True,0.7400000000000091,-75.1
74.15241752577126,76.10224719395556,10.60831482224484,55.31033220569324,96.89416218221787,0.4638627498245203,4104907,1,1,0.4703171591217132,True,0.8400000000000034,-74.3
83.36446730375539,85.3142969719397,11.096170723009395,63.56620198853351,100.0,0.3159939598200163,4107207,1,0,0.4703171591217132,True,-3.799999999999997,-83.8
85.69297684651538,87.64280651469969,15.749390850387792,56.77456766949496,100.0,0.31374017348229233,4107538,1,0,0.4703171591217132,True,-8.799999999999997,-88.8
63.86274975884317,65.81257942702749,14.802889537050682,36.79944906728335,94.82570978677163,0.530354970705317,4108007,1,1,0.4703171591217132,True,2.539999999999992,-64.4
84.64652405703333,86.59635372521764,16.60811610689055,54.045044304652585,100.0,0.3456186485285618,4108205,1,0,0.4703171591217132,True,-8.200000000000003,-88.2
72.9572415301618,74.9070711983461,10.213067997525352,54.8898257515378,94.9243166451544,0.4685070115780614,4108304,1,1,0.4703171591217132,True,1.0999999999999943,-73.0
89.07242668599473,91.02225635417904,15.807088943284143,60.040931324920805,100.0,0.24280806377029285,4108650,1,0,0.4703171591217132,True,-12.599999999999994,-92.6
56.18295780258557,58.13278747076988,15.583263872696598,27.59015151870037,88.67542342283937,0.5469251733599729,4109658,1,0,0.4703171591217132,True,3.969999999999999,-56.0
86.56776744676229,88.5175971149466,13.254321294501015,62.5396047382023,100.0,0.2602327763421434,4110508,1,0,0.4703171591217132,True,-8.200000000000003,-88.2
63.73748265538169,65.687312323566,14.311401978165085,37.63747987808715,93.73714476904486,0.529596106267314,4110607,1,0,0.4703171591217132,True,2.549999999999997,-64.2
85.30014429561375,87.24997396379806,13.32631887581643,61.130868920701545,100.0,0.2932089503137498,4110953,1,0,0.4703171591217132,True,-6.900000000000006,-86.9
66.26462041728496,68.21445008546927,12.384358299479457,43.941553846849814,92.48734632408872,0.5175683351127655,4111506,1,0,0.4703171591217132,True,2.160000000000011,-66.6
76.1025661958876,78.05239586407191,12.867828724320914,52.83191500517293,100.0,0.4810210086836648,4112108,1,1,0.4703171591217132,True,0.4399999999999977,-77.0
52.657922042090206,54.60775171027451,27.792425919879825,0.13559786431255816,100.0,0.5046255619218584,4112603,1,0,0.4703171591217132,True,4.93,-50.0
56.989779177353526,58.93960884553783,19.53982669603317,20.642252257158532,97.23696543391713,0.5354864291158445,4112900,1,1,0.4703171591217132,True,3.8800000000000026,-56.8
59.54577119912778,61.495600867312085,17.38158648184932,27.428317368719142,95.56288436590502,0.5372290188381029,4112959,1,0,0.4703171591217132,True,3.3200000000000003,-59.8
71.01957633813318,72.96940600631748,15.13988097002535,43.295784574844454,100.0,0.5134518181170862,4113007,1,1,0.4703171591217132,True,1.1800000000000068,-72.3
80.68679671703268,82.63662638521699,16.05054445843828,51.178137314419004,100.0,0.4347592141619771,4113106,1,1,0.4703171591217132,True,-3.4000000000000057,-83.4
84.36165788934956,86.31148755753387,20.89236230968509,45.36320987858902,100.0,0.38128965109734414,4113403,1,0,0.4703171591217132,True,-11.099999999999994,-91.1
81.18615223665792,83.13598190484223,13.440665693506016,56.79276121732736,100.0,0.4077562975823793,4113908,1,0,0.4703171591217132,True,-2.5999999999999943,-82.6
75.06365508292556,77.01348475110987,10.89591413549448,55.657885466899806,98.36908403531993,0.4633103493777674,4114609,1,0,0.4703171591217132,True,0.710000000000008,-75.3
71.3230481374264,73.2728778056107,19.06470422814867,35.90674414253081,100.0,0.5344243536563191,4115457,1,0,0.4703171591217132,True,0.9200000000000017,-74.0
57.725391261242635,59.67522092942694,17.79090972166848,24.80567862275319,94.54476323610068,0.5379462229664603,4115507,1,0,0.4703171591217132,True,3.6699999999999946,-57.7
78.91286658894094,80.86269625712525,10.889703268011614,59.51927004949435,100.0,0.4440347912425284,4115804,1,1,0.4703171591217132,True,0.12999999999999545,-79.2
86.76841271961571,88.71824238780002,13.74175221658191,61.78490295882601,100.0,0.2628986337760678,4116059,1,0,0.4703171591217132,True,-8.700000000000003,-88.7
67.92096404104541,69.87079370922972,12.788635293785385,44.80552912199254,94.93605829646688,0.5127630379733292,4116208,1,1,0.4703171591217132,True,1.8799999999999955,-68.4
75.78336226126581,77.73319192945011,18.775216882127772,40.934443038551265,100.0,0.5326182003840733,4116406,1,0,0.4703171591217132,True,0.06999999999999318,-79.2
79.1965946506195,81.14642431880381,15.98769596138747,49.81111603870789,100.0,0.4714176769444896,4117008,1,1,0.4703171591217132,True,-1.7000000000000028,-81.7
84.72837090405895,86.67820057224326,17.9009190121264,51.593044018307175,100.0,0.3545501537399597,4117271,1,0,0.4703171591217132,True,-9.200000000000003,-89.2
81.27658728731981,83.22641695550412,21.120813185375166,41.83038378797009,100.0,0.4392937427751216,4117297,1,0,0.4703171591217132,True,-7.400000000000006,-87.4
83.26374214910558,85.21357181728989,19.71043046758019,46.581837981051734,100.0,0.39569414748047743,4117404,1,1,0.4703171591217132,True,-8.799999999999997,-88.8
73.23447385146574,75.18430351965004,13.862879625452969,48.013558731748105,100.0,0.49901282339897124,4117800,1,1,0.4703171591217132,True,0.8500000000000085,-74.3
81.58984965975186,83.53967932793617,13.992369017888706,56.11513999448022,100.0,0.4001448767790323,4118105,1,0,0.4703171591217132,True,-3.299999999999997,-83.3
87.50712419455162,89.45695386273593,15.583263872696598,58.914317910666426,100.0,0.27196990365296175,4118709,1,0,0.4703171591217132,True,-10.700000000000003,-90.7
68.91245641678405,70.86228608496836,13.071847890121422,45.24193500894447,96.48263716099224,0.5090852037181381,4118808,1,0,0.4703171591217132,True,1.6599999999999966,-69.5
72.53391673752944,74.48374640571375,11.939584758290364,51.08259028910126,97.88490252232623,0.4865120251176139,4119400,1,1,0.4703171591217132,True,1.0799999999999983,-73.0
77.32597553783131,79.27580520601562,16.386785379162117,47.158296040470326,100.0,0.5132461863641334,4119707,1,0,0.4703171591217132,True,0.01999999999999602,-79.8
85.71151331554302,87.66134298372732,13.789253185544691,60.63490336635551,100.0,0.2892413248863034,4119806,1,1,0.4703171591217132,True,-7.599999999999994,-87.6
88.54656254332521,90.49639221150952,15.231966625375104,60.642286212058195,100.0,0.24537926095806556,4120705,1,0,0.4703171591217132,True,-11.599999999999994,-91.6
71.26906797002673,73.21889763821103,12.36588468199086,48.982209024533404,97.45558625188866,0.49455127427133866,4121208,1,0,0.4703171591217132,True,1.25,-71.8
72.94204084435198,74.89187051253629,21.360039359649807,33.026962659264655,100.0,0.5478497448920318,4121307,1,0,0.4703171591217132,True,0.45999999999999375,-77.0
85.00942705702572,86.95925672521003,13.52149333820623,60.45761676512754,100.0,0.3033879501252943,4121901,1,0,0.4703171591217132,True,-6.700000000000003,-86.7
84.60998759792199,86.5598172661063,11.388740983124908,64.23829510992618,100.0,0.2823104853042019,4122305,1,0,0.4703171591217132,True,-5.200000000000003,-85.2
73.2431119496831,75.1929416178674,10.679172856098004,54.262147435237566,96.12373580049724,0.47115038054912994,4122404,1,1,0.4703171591217132,True,1.019999999999996,-73.4
81.76386573387654,83.71369540206085,14.407776379138927,55.47497260164164,100.0,0.398297489036898,4122503,1,1,0.4703171591217132,True,-3.700000000000003,-83.7
78.67943134140208,80.62926100958639,11.558753347480208,57.97452074234339,100.0,0.454908215429515,4123501,1,0,0.4703171591217132,True,0.11999999999999034,-79.2
80.73819456997617,82.68802423816048,14.019348578659638,55.210605937274785,100.0,0.4239742115119535,4123808,1,0,0.4703171591217132,True,-2.4000000000000057,-82.4
75.36349209097986,77.31332175916417,18.775216882127772,40.51457286826532,100.0,0.5328272192642655,4123956,1,0,0.4703171591217132,True,0.1599999999999966,-78.7
80.48477926548122,82.43460893366553,12.17269604440742,58.5765630918738,100.0,0.4207380506830858,4124053,1,1,0.4703171591217132,True,-1.2999999999999972,-81.3
85.83750170762059,87.7873313758049,14.7256742944728,58.925540110570935,100.0,0.29846279855566815,4125209,1,0,0.4703171591217132,True,-8.299999999999997,-88.3
84.87302765135314,86.82285731953745,11.87471533042694,63.548842945234995,100.0,0.28279101237044524,4126603,1,0,0.4703171591217132,True,-5.700000000000003,-85.7
76.09117168244609,78.0410013506304,13.718458147077783,51.15331745893785,100.0,0.4903751849710396,4127007,1,0,0.4703171591217132,True,0.4099999999999966,-77.3
68.42504437284164,70.37487404102595,13.135724865383242,44.62932639404754,96.12042168800436,0.5123020432269436,4127304,1,0,0.4703171591217132,True,1.7800000000000011,-69.0
81.70553748128002,83.65536714946433,12.25258482111759,59.640742182551705,100.0,0.382723987992577,4127965,1,0,0.4703171591217132,True,-2.5999999999999943,-82.6
84.6600988789992,86.6099285471835,12.120131290790413,62.85490772933733,100.0,0.2927503133943413,4128005,1,1,0.4703171591217132,True,-5.599999999999994,-85.6
72.95850087719603,74.90833054538034,14.160092805523094,47.15505862881034,100.0,0.5028643806320092,4128534,1,0,0.4703171591217132,True,0.9100000000000108,-74.1
53.05920366837968,55.00903333656399,16.764884938147368,22.150462652837128,87.86760402029084,0.5458484723804373,4128559,1,0,0.4703171591217132,True,4.539999999999999,-52.4
73.29555371641122,75.24538338459553,18.91743440128125,38.16789327818523,100.0,0.5342188289649797,4128633,1,1,0.4703171591217132,True,0.5700000000000074,-76.3
84.40652202773428,86.35635169591859,21.874227296827137,43.48365400449445,100.0,0.3856838534940924,4201604,1,1,0.4703171591217132,True,-12.0,-92.0
80.24868925022302,82.19851891840733,14.2802370609854,54.20976858818183,100.0,0.438822469997875,4201703,1,0,0.4703171591217132,True,-2.0,-82.0
63.661625151054146,65.61145481923846,18.376300227356886,29.594568204523746,100.0,0.5340111966498541,4202537,1,1,0.4703171591217132,True,2.480000000000004,-64.7
56.72927880796208,58.67910847614639,19.06470422814867,21.312974813066496,96.04524213922627,0.5357536059617686,4205209,1,1,0.4703171591217132,True,3.8900000000000006,-56.5
53.00784236135258,54.95767202953689,13.563388762170039,28.3739185473683,81.54142551170547,0.5656547692237952,4205308,1,0,0.4703171591217132,True,4.5,-52.7
58.68217777287376,60.632007441058065,11.398052953752323,38.292234157823124,82.971780724293,0.5560950775067752,4205456,1,0,0.4703171591217132,True,3.539999999999999,-58.7
54.82182648997612,56.771656158160425,12.375084777826446,32.516935687990724,81.02637662833011,0.5682758120781151,4205803,1,0,0.4703171591217132,True,4.199999999999996,-54.7
69.79574487535143,71.74557454353574,12.056246734812346,48.115765154574916,95.37538393249656,0.4994846371078098,4206306,1,0,0.4703171591217132,True,1.5300000000000011,-70.2
81.51101698815397,83.46084665633828,14.160092805523094,55.707574739768276,100.0,0.40345724021821994,4206405,1,0,0.4703171591217132,True,-3.299999999999997,-83.3
72.44574848775605,74.39557815594036,19.887784116644696,35.41623755500901,100.0,0.5389423991868485,4206801,1,1,0.4703171591217132,True,0.6400000000000006,-75.7
64.20293033236659,66.1527600005509,15.007898815710703,36.73781883813658,95.56770116296521,0.5296712379154291,4207403,1,0,0.4703171591217132,True,2.469999999999999,-64.8
55.227994675418955,57.17782434360326,10.700241612574493,36.205736157080466,78.14991253012606,0.5789719799732109,4207502,1,0,0.4703171591217132,True,4.109999999999999,-55.2
69.62209296408868,71.57192263227299,26.556229238832767,19.52266975897122,100.0,0.5626557739058262,4209805,1,1,0.4703171591217132,True,0.7600000000000051,-75.0
71.61337675492949,73.5632064231138,30.112957223845537,14.542894796381283,100.0,0.5846309200417926,4210050,1,1,0.4703171591217132,True,0.0,-80.0
72.77986294143105,74.72969260961536,10.9575623154031,53.25326511307195,96.20612010615875,0.4759964517643947,4210100,1,0,0.4703171591217132,True,1.0699999999999932,-73.0
83.7609763955932,85.71080606377751,11.539474315124878,63.093852005607744,100.0,0.31033779543330064,4210506,1,1,0.4703171591217132,True,-4.400000000000006,-84.4
70.49110676358022,72.44093643176453,12.403129196556861,48.131249910915855,96.75062295261318,0.49900494160440584,4210605,1,0,0.4703171591217132,True,1.4099999999999966,-71.0
67.87349179854523,69.82332146672954,14.019348578659638,42.34590316584384,97.30073976761523,0.5172585906566092,4211009,1,1,0.4703171591217132,True,1.8300000000000125,-68.6
65.51679572266886,67.46662539085317,12.227994643707811,43.500196286037166,91.43305449566917,0.5219579658885432,4211702,1,0,0.4703171591217132,True,2.3400000000000034,-65.8
55.20785831678739,57.157687984971695,12.403129196556861,32.84800146412302,81.46737450582036,0.5653946036830769,4211751,1,0,0.4703171591217132,True,4.100000000000001,-55.1
58.18310379759573,60.132933465780035,13.20238575797138,34.25673287015158,86.00913406140847,0.5508404296113724,4212106,1,0,0.4703171591217132,True,3.6199999999999974,-58.2
50.345800692144095,52.2956303603284,16.846251683187738,19.27758378678316,85.31367693387364,0.5475895961024939,4212270,1,0,0.4703171591217132,True,5.010000000000005,-49.3
62.74625518674304,64.69608485492735,14.019348578659638,37.218666554041654,92.17350315581304,0.5327994042194157,4212304,1,1,0.4703171591217132,True,2.749999999999993,-63.1
77.02936662614472,78.97919629432903,26.556229238832767,26.92994342102726,100.0,0.5153312990289761,4212601,1,0,0.4703171591217132,True,-5.799999999999997,-85.8
77.93397449375763,79.88380416194194,18.13119601152206,44.347312982722414,100.0,0.5025566496151173,4213104,1,0,0.4703171591217132,True,-1.4000000000000057,-81.4
53.397586118656974,55.34741578684128,13.718458147077783,28.45973189514874,82.23509967853383,0.5632043104339319,4213401,1,0,0.4703171591217132,True,4.43,-53.1
62.05514795327304,64.00497762145736,12.098390363103915,40.29256823886721,87.7173870040475,0.5370440192771438,4214003,1,1,0.4703171591217132,True,2.9299999999999926,-62.2
53.57721083047384,55.527040498658145,26.008449995882767,4.551415213016995,100.0,0.5126212274460079,4214102,1,0,0.4703171591217132,True,4.649999999999999,-51.7
75.8653848930434,77.8152145612277,16.929712730441107,44.633587340953866,100.0,0.5184865511958617,4214904,1,1,0.4703171591217132,True,0.19999999999998863,-78.4
53.096104814802864,55.04593448298717,19.375576379473525,17.07050259951408,93.02136636646026,0.5338106606287174,4215208,1,0,0.4703171591217132,True,4.589999999999996,-52.1
66.08424540196675,68.03407507015106,12.303468064641326,43.91972077851534,92.14842936178678,0.5180198392063443,4215505,1,1,0.4703171591217132,True,2.1899999999999977,-66.4
83.95389062436844,85.90372029255275,23.419369079676393,40.00260035573606,100.0,0.40048687933319016,4215604,1,0,0.4703171591217132,True,-12.799999999999997,-92.8
68.55400544009744,70.50383510828175,27.14881364129199,17.29313814835971,100.0,0.5608356666802604,4215695,1,0,0.4703171591217132,True,0.9599999999999937,-73.7
76.70384654058991,78.65367620877421,15.051103551188998,49.15405532086086,100.0,0.5006977340838065,4216107,1,1,0.4703171591217132,True,0.18000000000000682,-78.5
70.99811625889407,72.94794592707838,11.87471533042694,49.673931552775926,96.22196030138083,0.4936860426300318,4216909,1,1,0.4703171591217132,True,1.3599999999999994,-71.4
65.54017623436889,67.4900059025532,12.750692891340513,42.49910705759489,92.48090474751149,0.520640605631211,4217006,1,0,0.4703171591217132,True,2.25,-65.9
72.03537733117295,73.98520699935726,16.846251683187738,40.96716042581202,100.0,0.5218893683173659,4217253,1,1,0.4703171591217132,True,0.9099999999999966,-74.0
82.57635301645158,84.52618268463588,12.46129979206637,60.10248389162933,100.0,0.3582205927409947,4217501,1,1,0.4703171591217132,True,-3.5999999999999943,-83.6
85.80495749327196,87.75478716145626,20.07231898201761,48.41376487050206,100.0,0.3496215648184662,4217550,1,0,0.4703171591217132,True,-12.200000000000003,-92.2
72.9198298384789,74.86965950666321,19.71043046758019,36.23792567042506,100.0,0.5382022231729606,4217758,1,1,0.4703171591217132,True,0.5600000000000023,-76.2
74.79578181635013,76.74561148453444,20.89236230968509,35.79733380558959,100.0,0.546759277719659,4217956,1,0,0.4703171591217132,True,0.10000000000000853,-79.1
69.64239779048143,71.59222745866573,16.929712730441107,38.41060023839189,100.0,0.5251449842961617,4218103,1,0,0.4703171591217132,True,1.3599999999999994,-71.3
69.67808811945892,71.62791778764323,11.197997018729412,49.68024693194668,93.57558864333977,0.49473040193050294,4218202,1,0,0.4703171591217132,True,1.5799999999999983,-69.9
70.70156459946476,72.65139426764907,14.965454871790135,43.319641706680905,100.0,0.5132891459341073,4218400,1,1,0.4703171591217132,True,1.25,-71.9
59.20450731353571,61.154336981720014,13.992369017888706,33.729797648264054,88.57887631517596,0.5436961918850289,4218806,1,0,0.4703171591217132,True,3.3900000000000006,-59.3
77.0065794463828,78.95640911456711,19.2173144781621,41.29116485778924,100.0,0.5216538055293227,4219101,1,1,0.4703171591217132,True,-0.9000000000000057,-80.9
66.45157927037424,68.40140893855855,11.109615707331935,46.62696227010747,90.17585560700962,0.513951319560554,4219507,1,0,0.4703171591217132,True,2.190000000000012,-66.6
66.4089868054573,68.35881647364161,11.40749376083385,46.00053954854189,90.71709339874133,0.5147262625446424,4219705,1,1,0.4703171591217132,True,2.180000000000007,-66.6
50.61830874836328,52.56813841654759,12.586734555917936,27.89859200398268,77.2376848291125,0.5834342477351581,4220000,1,1,0.4703171591217132,True,4.920000000000002,-50.3
76.47572333187175,78.42555300005606,18.91743440128125,41.34806289364576,100.0,0.5331645973590011,4300208,1,0,0.4703171591217132,True,-0.09999999999999432,-80.1
88.00281570807584,89.95264537626015,25.027249696426637,40.90013733917293,100.0,0.3454358582011795,4300455,1,1,0.4703171591217132,True,-20.0,-100.0
68.18066839201364,70.13049806019795,20.264505349532666,30.412797410594656,100.0,0.53792830647468,4300638,1,1,0.4703171591217132,True,1.460000000000008,-70.6
57.57553235452775,59.52536202271206,20.673936830663436,19.005190415955568,100.0,0.5336261375144785,4300851,1,1,0.4703171591217132,True,3.770000000000003,-57.5
58.37388094612055,60.32371061430486,13.056293040370225,34.73384648357825,85.91357474503147,0.5501703070286607,4301636,1,1,0.4703171591217132,True,3.5700000000000003,-58.4
81.19166944414394,83.14149911232825,19.887784116644696,44.1621585113969,100.0,0.4372436691631343,4301651,1,1,0.4703171591217132,True,-6.400000000000006,-86.4
51.91556661662037,53.865396284804675,16.764884938147368,21.006825601077814,86.72396696853153,0.5464071826540886,4302006,1,1,0.4703171591217132,True,4.719999999999999,-51.1
56.87547464520688,58.825304313391186,29.264329351964015,1.4682727518233207,100.0,0.5185973011338019,4302378,1,0,0.4703171591217132,True,3.8900000000000006,-56.3
44.52968590355697,46.479515571741274,23.419369079676393,0.5783956349245827,92.38063550855796,0.4964310095312961,4302600,1,1,0.4703171591217132,True,6.270000000000003,-40.0
54.883451593613565,56.83328126179787,11.718394135500533,33.86565079957144,79.8009117240243,0.5716718409115435,4302808,1,1,0.4703171591217132,True,4.150000000000006,-54.8
81.5929762954583,83.5428059636426,22.151134513592943,40.12738010029826,100.0,0.43646499597663224,4303202,1,1,0.4703171591217132,True,-8.599999999999994,-88.6
79.90997305027761,81.85980271846192,26.556229238832767,29.810549845160153,100.0,0.4720838420737763,4303673,1,0,0.4703171591217132,True,-10.0,-90.0
86.54554891311747,88.49537858130178,18.13119601152206,52.958887402082254,100.0,0.3196955299634209,4303806,1,1,0.4703171591217132,True,-11.5,-91.5
77.05468630024723,79.00451596843153,10.837569317088265,57.76327042698218,100.0,0.45319165114004567,4303905,1,1,0.4703171591217132,False,0.4300000000000068,-77.3
72.8609961660102,74.8108258341945,18.251802639944955,39.037950006969304,100.0,0.5303348500301008,4304309,1,1,0.4703171591217132,True,0.7000000000000028,-75.5
43.34808608951536,45.29791575769967,16.929712730441107,12.116288537425831,78.4795429779735,0.5489401266040167,4304671,1,1,0.4703171591217132,True,6.080000000000005,-41.3
57.540941659199135,59.49077132738344,16.11479199267306,27.90635940338979,91.07518325137708,0.5427272520059974,4305173,1,1,0.4703171591217132,True,3.719999999999999,-57.5
73.78259832901374,75.73242799719804,15.051103551188998,46.23280710928469,100.0,0.5076218763936349,4305306,1,1,0.4703171591217132,True,0.7199999999999989,-75.3
75.4450991514853,77.3949288196696,18.376300227356886,41.37804220495489,100.0,0.530040906194632,4305405,1,0,0.4703171591217132,True,0.18000000000000682,-78.6
52.053170678944575,54.00300034712888,23.784321137436546,7.386587521018505,100.0,0.515544935860452,4305439,1,1,0.4703171591217132,True,4.93,-50.0
57.406953475020075,59.35678314320438,10.951855395764063,37.891541003616155,80.82202528279261,0.5657493804054332,4306106,1,1,0.4703171591217132,True,3.770000000000003,-57.4
71.08171805314778,73.03154772133209,27.792425919879825,18.559393875370134,100.0,0.5724942475975779,4306130,1,1,0.4703171591217132,True,0.3100000000000023,-77.8
77.9883406271199,79.9381702953042,11.582550703950238,57.23678806645268,100.0,0.45674942703556665,4306403,1,1,0.4703171591217132,False,0.18000000000000682,-78.5
75.1984441075103,77.1482737756946,23.784321137436546,30.531860949584228,100.0,0.5477185866142323,4306700,1,1,0.4703171591217132,False,-1.2999999999999972,-81.3
61.1696582193827,63.119487887567004,10.617972065030475,42.308645051254885,83.93033072387912,0.5446368067263168,4307005,1,1,0.4703171591217132,True,3.1099999999999994,-61.2
67.12748229421369,69.077311962398,11.188960454409104,47.14735244731324,91.00727147748276,0.508295891829621,4307609,1,1,0.4703171591217132,False,2.010000000000005,-67.3
71.74999316586502,73.69982283404933,14.160092805523094,45.94655091747933,100.0,0.5056395446212852,4308102,1,1,0.4703171591217132,True,1.1000000000000085,-72.8
93.9863996687377,95.93622933692201,17.9009190121264,60.85107278298593,100.0,0.18666678801711178,4308458,1,1,0.4703171591217132,True,-20.0,-100.0
82.0829775417649,84.03280720994921,27.792425919879825,29.560653363987257,100.0,0.44231416646834715,4308854,1,0,0.4703171591217132,True,-14.400000000000006,-94.4
72.69236065873623,74.64219032692054,13.135724865383242,48.89664267994213,100.0,0.4968964308210915,4308904,1,1,0.4703171591217132,True,1.0400000000000063,-73.5
64.53067244769335,66.48050211587766,14.614554989895327,37.83650068560267,95.12450354615262,0.528624169445301,4309050,1,1,0.4703171591217132,False,2.430000000000007,-65.1
63.58001930166498,65.5298489698493,10.256258530018396,45.42795163488152,85.63174630481707,0.5310922892826581,4309209,1,1,0.4703171591217132,False,2.729999999999997,-63.6
68.00749703526097,69.95732670344528,22.151134513592943,26.54190084010093,100.0,0.5446195495896716,4309753,1,1,0.4703171591217132,True,1.4399999999999977,-71.0
68.60602688807707,70.55585655626138,17.580380710182663,36.09894352980065,100.0,0.5297934136305682,4309803,1,1,0.4703171591217132,True,1.5700000000000074,-70.3
76.28789882760853,78.23772849579284,10.759856288558028,57.14879769139228,99.32665930019338,0.45420985298209443,4310207,1,1,0.4703171591217132,True,0.5,-76.5
73.81414463568784,75.76397430387215,28.494559053357634,19.915664803941432,100.0,0.5590893769977108,4310462,1,1,0.4703171591217132,True,-2.4000000000000057,-82.4
73.20945816917421,75.15928783735852,27.14881364129199,21.94859087743648,100.0,0.5707574486856812,4310579,1,1,0.4703171591217132,True,-0.5999999999999943,-80.6
80.64943299102694,82.59926265921125,19.53982669603317,44.30190607083195,100.0,0.4470872656733727,4310850,1,1,0.4703171591217132,False,-5.5,-85.5
57.89683768365499,59.846667351839294,18.91743440128125,22.769177245429,96.92415745824958,0.5360824576266656,4311502,1,1,0.4703171591217132,True,3.6600000000000037,-57.9
65.35474912912392,67.30457879730822,23.075317336990707,22.077787884973716,100.0,0.5427148756420709,4311791,1,1,0.4703171591217132,True,1.980000000000004,-67.8
71.68486069361553,73.63469036179984,22.442736687082565,29.647734740602232,100.0,0.5506194129050407,4312054,1,1,0.4703171591217132,True,0.5899999999999892,-75.9
74.97660442608635,76.92643409427066,23.784321137436546,30.310021268160284,100.0,0.5514108081047638,4312385,1,1,0.4703171591217132,True,-1.0,-81.0
70.23883385390116,72.18866352208546,19.887784116644696,33.20932292115412,100.0,0.5374830626700751,4312450,1,1,0.4703171591217132,True,1.0600000000000023,-73.0
52.455678043606156,54.40550771179046,18.251802639944955,18.632631884565264,90.17838353901566,0.540030356302299,4312476,1,0,0.4703171591217132,True,4.740000000000002,-51.5
51.80616865846391,53.75599832664822,13.74175221658191,26.822658897674213,80.68933775562222,0.5677210870390248,4312500,1,1,0.4703171591217132,True,4.700000000000003,-51.4
79.40092123078941,81.35075089897371,16.68553188681861,48.64770933791458,100.0,0.4677394974862065,4312807,1,1,0.4703171591217132,True,-2.299999999999997,-82.3
76.08715724498235,78.03698691316666,15.231966625375104,48.18288091371534,100.0,0.5047932025690253,4312906,1,1,0.4703171591217132,True,0.3199999999999932,-77.9
73.55497112488341,75.50480079306772,32.10646658682841,12.57728261204538,100.0,0.5556736208879745,4313086,1,1,0.4703171591217132,True,-4.599999999999994,-84.6
76.05495360194499,78.0047832701293,21.610870512321316,35.64825539142084,100.0,0.5367799603129046,4313102,1,1,0.4703171591217132,True,-1.0999999999999943,-81.1
67.87773462051987,69.82756428870418,23.784321137436546,23.211151462593804,100.0,0.5493952908943928,4313441,1,1,0.4703171591217132,True,1.3799999999999955,-71.4
48.92122035479645,50.87105002298076,11.539474315124878,28.25409596481099,73.48800408115054,0.6018555874975687,4313706,1,1,0.4703171591217132,True,5.149999999999999,-48.7
88.6026549665046,90.55248463468891,17.015353171173818,57.20300523495882,100.0,0.26757152188447375,4314001,1,1,0.4703171591217132,True,-13.0,-93.0
57.80114816639046,59.75097783457477,10.93789060893732,38.31310617421874,81.18884949493079,0.5638820751975926,4314050,1,1,0.4703171591217132,False,3.710000000000001,-57.8
79.0456989341713,80.9955286023556,22.151134513592943,37.58010273901126,100.0,0.4820765481739588,4314068,1,1,0.4703171591217132,True,-5.299999999999997,-85.3
84.19540450916722,86.14523417735153,17.79090972166848,51.275691870677775,100.0,0.3648914735909624,4314076,1,1,0.4703171591217132,False,-8.5,-88.5
60.81815843422973,62.76798810241404,29.264329351964015,5.410956540846172,100.0,0.535560700301786,4314134,1,1,0.4703171591217132,True,2.8799999999999955,-62.5
63.03150717070044,64.98133683888476,15.692878541503317,34.2238600837768,95.73881359399272,0.5329767990330472,4314159,1,1,0.4703171591217132,True,2.6799999999999997,-63.6
66.0983277445795,68.04815741276381,18.91743440128125,30.97066730635352,100.0,0.5345807493153274,4314209,1,1,0.4703171591217132,False,1.9899999999999949,-67.7
59.872406441604106,61.82223610978841,13.606321622867581,35.154335766899365,88.49013645267745,0.5444092703831487,4314605,1,1,0.4703171591217132,True,3.3400000000000034,-60.0
78.07201181650458,80.02184148468889,32.10646658682841,17.094323303666556,100.0,0.49972860635369215,4315131,1,0,0.4703171591217132,True,-12.299999999999997,-92.3
79.93102397788797,81.88085364607228,23.784321137436546,35.264440819961905,100.0,0.4684846707469893,4315206,1,0,0.4703171591217132,True,-7.700000000000003,-87.7
72.75564075418325,74.70547042236755,19.71043046758019,36.0737365861294,100.0,0.5384880848921874,4315750,1,1,0.4703171591217132,True,0.6099999999999994,-76.0
79.48091676044372,81.43074642862803,14.965454871790135,52.098993867659864,100.0,0.46191783385230134,4316451,1,1,0.4703171591217132,False,-1.5,-81.5
84.60298563947954,86.55281530766385,16.532565089208177,54.14958316075159,100.0,0.3459204532082677,4316501,1,1,0.4703171591217132,True,-8.099999999999994,-88.1
76.65151611088592,78.60134577907023,13.20238575797138,52.725145183441775,100.0,0.48334458407831005,4317806,1,1,0.4703171591217132,True,0.3499999999999943,-77.7
61.05290140317229,63.0027310713566,10.961889083324728,41.517823265517336,84.48763887719585,0.5452948141397544,4318309,1,1,0.4703171591217132,False,3.1499999999999986,-61.1
54.02523850376215,55.975068171946454,11.976940765197103,32.50069562719053,79.44944071670237,0.5746685854478681,4318507,1,1,0.4703171591217132,True,4.329999999999998,-53.9
72.03037114378338,73.98020081196769,22.750316582052942,29.390399674259534,100.0,0.5527991434119792,4319125,1,1,0.4703171591217132,True,0.5,-76.5
74.08453100457028,76.03436067275459,16.764884938147368,43.17578998902773,100.0,0.5196392244528344,4319158,1,1,0.4703171591217132,True,0.5600000000000023,-76.3
76.61408423513129,78.5639139033156,19.71043046758019,39.93218006707744,100.0,0.5290409173564966,4319356,1,1,0.4703171591217132,True,-0.7000000000000028,-80.7
76.05921519043643,78.00904485862074,13.272019355157878,51.99636492039278,100.0,0.48680520182941545,4319406,1,1,0.4703171591217132,True,0.46999999999999886,-77.1
57.70580202306259,59.655631691246896,12.015797126687374,36.10510207739977,83.20616130509401,0.5577128254209424,4319505,1,1,0.4703171591217132,True,3.6999999999999957,-57.7
80.93734328230933,82.88717295049364,13.363558128166748,56.695080313979304,100.0,0.4144750803326167,4319604,1,1,0.4703171591217132,False,-2.299999999999997,-82.3
84.06306343367599,86.0128931018603,22.151134513592943,42.597467238515954,100.0,0.39302303706105896,4319703,1,1,0.4703171591217132,True,-11.799999999999997,-91.8
82.0817848293809,84.0316144975652,13.74175221658191,57.09827506859119,100.0,0.38461420829529774,4320206,1,1,0.4703171591217132,True,-3.700000000000003,-83.7
59.46291372233681,61.412743390521115,19.53982669603317,23.115386802141813,99.71009997890042,0.5354226843870443,4320503,1,1,0.4703171591217132,True,3.3500000000000014,-59.8
68.24382208827984,70.19365175646415,16.532565089208177,37.79041960955189,100.0,0.5264362672472053,4320677,1,1,0.4703171591217132,False,1.690000000000012,-69.6
80.91197745457494,82.86180712275925,13.421050409960692,56.55703168453975,100.0,0.4155727229856937,4320701,1,1,0.4703171591217132,True,-2.299999999999997,-82.3
59.47219211142578,61.422021779610084,17.015353171173818,28.072542379879998,94.77150117934016,0.5381114522074482,4320859,1,1,0.4703171591217132,False,3.3499999999999943,-59.7
61.101929704108684,63.05175937229299,14.923751302235237,33.80174430567919,92.30177443890679,0.5367908750698784,4321006,1,0,0.4703171591217132,True,3.0300000000000082,-61.4
67.11653752191827,69.06636719010258,13.025662505966343,43.5365378036348,94.59619657657036,0.516645231486065,4321402,1,1,0.4703171591217132,True,2.010000000000005,-67.6
66.54074709099102,68.49057675917533,11.835692813670425,45.293045112301755,91.6881084060489,0.5158185663094996,4322004,1,1,0.4703171591217132,True,2.1599999999999966,-66.8
79.06034142478553,81.01017109296984,16.846251683187738,47.9921245194246,100.0,0.47609209537372754,4322251,1,1,0.4703171591217132,True,-2.0,-82.0
84.20984471914558,86.15967438732989,17.19353697593344,52.46096114764262,100.0,0.3600761627942472,4322301,1,1,0.4703171591217132,True,-8.099999999999994,-88.1
58.546021185510035,60.49585085369434,24.58566392627173,12.30883502219612,100.0,0.529734461456948,4322376,1,1,0.4703171591217132,True,3.530000000000001,-58.8
61.275377802693036,63.22520747087734,10.49465654537697,42.65605861182094,83.79435632993375,0.544187506541803,4322400,1,1,0.4703171591217132,True,3.0900000000000034,-61.3
82.83442741772822,84.78425708591253,16.532565089208177,52.38102493900027,100.0,0.38614383198159297,4322533,1,1,0.4703171591217132,False,-6.099999999999994,-86.1
78.9717596055686,80.9215892737529,24.17228128575389,33.54478852950371,100.0,0.48479366218476,4322905,1,0,0.4703171591217132,True,-6.700000000000003,-86.7
44.20037750079856,46.15020716898287,11.798295178042396,23.02597354104718,69.27444079691855,0.6143605355122923,5002100,1,1,0.4703171591217132,True,5.780000000000001,-43.8
52.009115004736344,53.95894467292065,13.040898747243196,28.399252802290473,79.51863654355083,0.5739414228033931,5002308,1,0,0.4703171591217132,True,4.689999999999998,-51.7
41.61561311541739,43.565442783601696,10.091081313739059,23.787286843608005,63.343598723595385,0.6586321669989068,5002704,1,0,0.4703171591217132,True,6.089999999999996,-41.6
50.25147249105745,52.201302159241756,15.185498507148997,22.43827199794296,81.96433232054055,0.559640372197823,5002803,1,0,0.4703171591217132,True,4.979999999999997,-49.5
60.71377650620164,62.66360617438595,11.863394062582143,39.41178107731862,85.91543127145326,0.5438427919728858,5003801,1,1,0.4703171591217132,True,3.1700000000000017,-60.8
68.62156619713788,70.57139586532219,12.127480930454361,46.80197001843533,94.34082171220903,0.5071907521436655,5004502,1,1,0.4703171591217132,True,1.7900000000000063,-69.0
54.04576443855232,55.995594106736625,12.277736097887706,31.931673543189376,80.05951467028387,0.5731626670954277,5005806,1,0,0.4703171591217132,True,4.359999999999999,-53.9
31.19289030059446,33.14271996877877,11.177859726188847,11.234517481207874,55.05092245634966,0.6585835996216196,5006309,1,0,0.4703171591217132,False,7.010000000000002,-30.7
45.54219544812456,47.49202511630887,13.010581864156666,21.991753244651797,72.99229698796593,0.593208442155995,5006358,1,0,0.4703171591217132,True,5.660000000000004,-44.9
31.778650876012676,33.728480544196984,12.854311509119169,8.534492940264695,58.92246814812927,0.6168792591148713,5006903,1,0,0.4703171591217132,False,7.049999999999997,-30.5
47.59899995756295,49.54882962574726,11.787894391101483,26.444981165626636,72.65267808586788,0.6031019135561893,5007406,1,1,0.4703171591217132,True,5.330000000000005,-47.3
36.47088996306538,38.42071963124969,10.828955452877823,17.19635695342052,59.64508230907885,0.6587382199174614,5007901,1,1,0.4703171591217132,True,6.649999999999999,-36.2
75.7517495666841,77.7015792348684,18.251802639944955,41.928703407643205,100.0,0.5287925933011457,5007976,1,0,0.4703171591217132,True,0.11999999999999034,-78.9
60.32046156688834,62.27029123507265,11.983310217492134,38.78343479321722,85.75714767692807,0.5461619825647984,5008008,1,1,0.4703171591217132,True,3.259999999999998,-60.4
59.07084712961854,61.02067679780285,11.528139303889546,38.42593895341869,83.615414642187,0.5531118770674072,5100201,1,0,0.4703171591217132,True,3.460000000000001,-59.1
73.01664398132158,74.96647364950589,12.995654420447135,49.49545902990074,100.0,0.4945827555718554,5100300,1,0,0.4703171591217132,True,0.9900000000000091,-73.8
41.55459930869786,43.50442897688217,13.025662505966343,17.974599590414382,69.03425836334995,0.6037194376857262,5100409,1,0,0.4703171591217132,True,6.229999999999997,-40.7
34.234126031032616,36.183955699216924,27.792425919879825,0.0,90.65610954517886,0.4035791310699789,5101209,1,0,0.4703171591217132,False,7.199999999999999,-22.2
61.16122307383411,63.111052742018416,10.778082898457043,41.98639843865553,84.2357070453813,0.5431829908287052,5101803,1,0,0.4703171591217132,True,3.0799999999999983,-61.2
52.084363523516956,54.03419319170126,11.939584758290364,30.63303707508878,77.43534930831375,0.5837705362810951,5101902,1,0,0.4703171591217132,True,4.660000000000004,-51.9
56.22263480034267,58.172464468526975,10.889703268011614,36.829038260896084,79.51589067615787,0.5724107563799864,5102678,1,0,0.4703171591217132,True,3.9599999999999937,-56.2
49.47777012178756,51.427599789971865,11.335432380492565,29.210560575017304,73.64463900492642,0.6000204922304992,5103205,1,0,0.4703171591217132,True,5.0,-49.3
42.03674744373246,43.986577111916766,11.341147642604652,21.75833618906031,66.21481803477322,0.6309925014284361,5103254,1,0,0.4703171591217132,False,6.079999999999998,-41.7
58.177347914386914,60.12717758257122,14.189471728579246,32.316324034906586,87.93803113023586,0.5469233062209684,5103452,1,0,0.4703171591217132,True,3.5999999999999943,-58.2
46.04270630655747,47.99253597474178,14.7256742944728,19.130744709507812,76.85432723997573,0.5724055812881272,5103858,1,0,0.4703171591217132,True,5.68,-45.0
57.02203098347666,58.97186065166097,11.594730413447746,36.24660663085217,81.69711467246975,0.5636607745342856,5104807,1,1,0.4703171591217132,True,3.8299999999999983,-57.0
53.394048715895735,55.34387838408004,11.32415034061589,33.14895156095591,77.53880520720418,0.584476942205064,5105101,1,0,0.4703171591217132,True,4.460000000000001,-53.3
56.00192566515948,57.95175533334379,17.684111669539096,23.291533362462665,92.6119773042249,0.5391506370327293,5106208,1,0,0.4703171591217132,True,3.989999999999995,-55.7
56.66010993782225,58.609939606006556,12.867828724320914,33.38945874710757,83.83042046490553,0.5568537090972481,5106216,1,0,0.4703171591217132,True,3.8500000000000014,-56.6
53.91081565472677,55.860645322911076,14.2802370609854,27.871894992685576,83.84939565313657,0.559267370567957,5106265,1,0,0.4703171591217132,True,4.390000000000001,-53.6
60.56200577619432,62.511835444378626,12.980877823155078,37.069782423279975,87.95388846547728,0.5419701817210164,5106299,1,0,0.4703171591217132,True,3.1799999999999997,-60.7
45.727439602593584,47.67726927077789,11.66754167193081,24.809307805673253,70.54523073588253,0.6117668582232251,5106307,1,0,0.4703171591217132,True,5.590000000000003,-45.4
68.61282362647785,70.56265329466216,20.464857064928335,30.452270498642534,100.0,0.53984453785621,5106315,1,1,0.4703171591217132,True,1.4099999999999966,-71.2
56.74033044909148,58.69016011727579,12.134882821001234,34.90622683149955,82.47409340305202,0.5622042708156675,5106372,1,0,0.4703171591217132,True,3.8900000000000006,-56.7
36.52257213256048,38.472401800744784,11.255325383947067,16.41236941392907,60.53243418756049,0.6473865120992599,5106422,1,1,0.4703171591217132,True,6.6299999999999955,-36.1
68.24003449976324,70.18986416794755,16.929712730441107,37.00823694767371,100.0,0.5266114579675251,5106653,1,1,0.4703171591217132,True,1.6199999999999903,-69.7
88.87614070889077,90.82597037707508,12.356757135812774,66.60717142517373,100.0,0.19048309748370784,5107107,1,1,0.4703171591217132,True,-10.099999999999994,-90.1
70.3776523301742,72.32748199835851,14.802889537050682,43.31435163861437,100.0,0.5138097536327569,5107248,1,0,0.4703171591217132,True,1.3400000000000034,-71.5
71.32147012495734,73.27129979314165,15.98769596138747,41.93599151304573,100.0,0.518177021860323,5107404,1,0,0.4703171591217132,True,1.0999999999999943,-72.9
41.54051088805708,43.490340556241385,15.530091670001546,13.051920206432847,73.92876090604992,0.5667236598416645,5107776,1,1,0.4703171591217132,True,6.300000000000004,-39.8
60.6198106790525,62.569640347236806,16.846251683187738,29.551593773691565,95.58768692078203,0.5366628769339485,5107792,1,0,0.4703171591217132,True,3.1200000000000045,-61.0
51.71055483083731,53.66038449902162,12.923234532347792,28.331310251855612,78.98945874618761,0.576382075240931,5107941,1,0,0.4703171591217132,True,4.75,-51.4
35.95434569386048,37.90417536204479,13.040898747243196,12.34448349141461,63.46386723267496,0.6098014921109074,5108501,1,0,0.4703171591217132,True,6.740000000000002,-34.8
48.22750929691302,50.17733896509733,12.056246734812346,26.5475295761365,73.80714835405814,0.5970569294896172,5108600,1,0,0.4703171591217132,True,5.240000000000002,-47.9
65.95668621707048,67.90651588525479,14.343039401413193,39.79467522964599,96.01835654086358,0.5251132122159833,5200555,1,0,0.4703171591217132,True,2.210000000000008,-66.6
72.2156162044502,74.1654458726345,17.103262901962296,40.64366656666839,100.0,0.5236511181713728,5200852,1,0,0.4703171591217132,True,0.8800000000000097,-74.3
55.1432876525288,57.093117320713105,13.025662505966343,31.56328793424532,82.62294670718089,0.5618285485218704,5201801,1,0,0.4703171591217132,True,4.119999999999997,-55.0
77.96057017707075,79.91039984525506,14.882768427752989,50.74070973660939,100.0,0.4983809473369282,5202502,1,0,0.4703171591217132,True,0.04999999999999716,-79.8
75.27075463227928,77.22058430046359,11.863394062582143,53.96875920339626,100.0,0.4720919081253129,5203500,1,0,0.4703171591217132,True,0.5900000000000034,-75.8
72.18427100330584,74.13410067149015,13.939514121178389,46.81315503199299,100.0,0.5041754933210056,5204300,1,0,0.4703171591217132,True,1.0799999999999983,-73.2
62.82838142249487,64.77821109067918,18.251802639944955,29.00533526345398,100.0,0.5349665179751865,5204953,1,0,0.4703171591217132,True,2.6799999999999926,-63.7
77.22892139869136,79.17875106687566,18.91743440128125,42.10126096046537,100.0,0.5173135549994244,5205059,1,0,0.4703171591217132,True,-1.0,-81.0
89.88913941301566,91.83896908119996,22.750316582052942,47.249167943491805,100.0,0.30139693319993444,5207105,1,1,0.4703171591217132,True,-20.0,-100.0
74.87774471685854,76.82757438504285,15.807088943284143,45.84624935578462,100.0,0.5121736584258243,5207808,1,1,0.4703171591217132,True,0.5100000000000051,-76.8
76.89661108867917,78.84644075686347,17.580380710182663,44.38952773040275,100.0,0.524346579604073,5208301,1,0,0.4703171591217132,True,0.01999999999999602,-79.9
46.61165842448124,48.56148809266555,18.014293149280036,13.25412231313004,83.86885387220104,0.5397635504499441,5208509,1,0,0.4703171591217132,True,5.659999999999997,-44.7
54.06460285244056,56.014432520624865,26.008449995882767,5.0388072349837145,100.0,0.5143475273192541,5209457,1,0,0.4703171591217132,True,4.550000000000004,-52.4
80.87947762210057,82.82930729028487,11.166969862703205,60.942448542942394,100.0,0.3999935018593629,5210000,1,0,0.4703171591217132,True,-1.2999999999999972,-81.3
63.89369657770549,65.8435262458898,12.077100167474681,42.17284487995677,89.51420761182284,0.5285976507763978,5210109,1,0,0.4703171591217132,True,2.6099999999999994,-64.1
79.75195709720461,81.70178676538892,24.58566392627173,33.514770933890695,100.0,0.4724077842378998,5210307,1,0,0.4703171591217132,True,-8.099999999999994,-88.1
78.63781541851067,80.58764508669498,11.117452019414072,58.7978395287913,100.0,0.44713140629357945,5210406,1,0,0.4703171591217132,True,0.10999999999999943,-79.0
36.485049223206644,38.43487889139095,15.13988097002535,8.761257459917921,68.10850032286397,0.5716814805878456,5211008,1,0,0.4703171591217132,False,6.770000000000003,-34.4
80.57100997396562,82.52083964214992,12.666137842852034,57.69566564694008,100.0,0.42112278135796183,5211206,1,0,0.4703171591217132,True,-1.5999999999999943,-81.6
75.15008935089871,77.09991901908302,23.075317336990707,31.87312810674851,100.0,0.5500069558606603,5211602,1,1,0.4703171591217132,True,-0.7999999999999972,-80.8
74.6775594223463,76.62738909053061,17.286275985759563,42.74691073162224,100.0,0.5226650340145379,5211701,1,0,0.4703171591217132,True,0.4099999999999966,-77.2
59.43187895909341,61.38170862727772,18.13119601152206,25.845217448058193,96.91819980649723,0.5370940103022216,5212956,1,1,0.4703171591217132,True,3.3699999999999974,-59.7
72.38977900592633,74.33960867411064,11.742572786657242,51.324588926422294,97.35462842179896,0.48676585936437106,5214606,1,0,0.4703171591217132,True,1.1500000000000057,-72.8
82.59644919535924,84.54627886354355,22.151134513592943,41.1308530001992,100.0,0.4186926619600727,5214705,1,0,0.4703171591217132,True,-9.900000000000006,-89.9
79.66534237346656,81.61517204165087,19.2173144781621,43.949927784873,100.0,0.4665092335438026,5215207,1,1,0.4703171591217132,True,-4.099999999999994,-84.1
74.54661321866958,76.49644288685388,18.504889216149067,40.22752648529807,100.0,0.5317345075418595,5216452,1,1,0.4703171591217132,True,0.37000000000000455,-77.6
83.14333990211355,85.09316957029786,27.792425919879825,30.621015724335905,100.0,0.4272980028788553,5216908,1,0,0.4703171591217132,True,-16.0,-96.0
72.59297608213458,74.54280575031889,13.152122005630128,48.76512029900714,100.0,0.49597168209735226,5217708,1,0,0.4703171591217132,True,1.009999999999991,-73.4
75.79085474670634,77.74068441489065,11.433319907668443,55.331789172135686,100.0,0.4651276950622924,5218300,1,0,0.4703171591217132,True,0.539999999999992,-76.2
76.09024332983458,78.04007299801889,15.692878541503317,47.28259624291093,100.0,0.5083867427193788,5219001,1,0,0.4703171591217132,True,0.27000000000001023,-78.1
81.0635132845954,83.01334295277971,21.874227296827137,40.140645261355566,100.0,0.4452159632438911,5219456,1,0,0.4703171591217132,True,-7.700000000000003,-87.7
58.79642780245741,60.746257470641716,15.807088943284143,29.76493244138349,91.72758249989994,0.5424143886619671,5219902,1,0,0.4703171591217132,True,3.530000000000001,-58.9
74.31021390155772,76.26004356974202,22.750316582052942,31.670242432033866,100.0,0.5573176362677911,5221304,1,0,0.4703171591217132,True,0.04000000000000625,-79.5
90.7068468072923,92.6566764754766,19.53982669603317,54.3593198870973,100.0,0.2585774061418781,5221908,1,0,0.4703171591217132,True,-17.700000000000003,-97.7
74.11298210617326,76.43644997915702,12.547451180025385,51.843897568532654,100.0,0.4734250193152125,1100148,2,0,0.46760639739766874,True,0.7999999999999972,-74.8
79.71995417771848,82.04342205070223,18.72882643495042,45.335596765497705,100.0,0.456559319930914,1100262,2,1,0.46760639739766874,True,-3.799999999999997,-83.8
67.41570822799996,69.73917610098371,12.447029560835116,45.343446447241476,94.13490575472595,0.49970589494448037,1100320,2,1,0.46760639739766874,True,1.9300000000000068,-67.8
64.61498315275452,66.93845102573827,14.069715000850925,39.36231635132752,94.51458570014903,0.5170515341274375,1101005,2,0,0.46760639739766874,True,2.440000000000012,-65.1
60.56548293521438,62.88895080819814,17.985830329976526,27.637371129395987,98.14053048700029,0.5283908440259011,1101450,2,0,0.46760639739766874,True,3.1700000000000017,-61.0
51.340777080988914,53.66424495397267,15.155498842886857,23.96001305417596,83.36847685376938,0.5489890000528056,1101609,2,0,0.46760639739766874,True,4.829999999999998,-50.7
70.097855645181,72.42132351816475,13.742711307397906,45.48610430573349,99.356542730596,0.49821982267958,1101708,2,1,0.46760639739766874,True,1.4599999999999937,-70.9
54.35641970563025,56.67988757861401,12.590028877203572,32.003884414975744,81.35589074225226,0.5568467009634561,1300201,2,0,0.46760639739766874,False,4.279999999999994,-54.2
30.336336562510738,32.65980443549449,11.463921053022435,10.190932049960022,55.12867682102896,0.641332333161164,1300508,2,1,0.46760639739766874,True,7.110000000000003,-29.7
76.26206606366276,78.58553393664651,13.279574316363082,52.55804654655176,100.0,0.47341667193584025,1302108,2,0,0.46760639739766874,True,0.4000000000000057,-77.3
52.20220720793355,54.5256750809173,10.060990136957818,34.80649676366727,74.24485339816734,0.5894202064726816,1302603,2,1,0.46760639739766874,True,4.599999999999994,-52.2
83.09094248080741,85.41441035379117,12.20458974134434,61.493854014669246,100.0,0.3286524430844898,1303304,2,1,0.46760639739766874,False,-4.0,-84.0
51.941556189266855,54.26502406225061,10.483873459891091,33.71700966238874,74.81303846211247,0.585523199754048,1303403,2,1,0.46760639739766874,True,4.630000000000003,-51.9
39.81749652626641,42.140964399250166,12.679721461227015,17.289167001245623,66.9927617972547,0.5992888299153727,1303502,2,0,0.46760639739766874,True,6.329999999999998,-39.0
59.672705934753296,61.99617380773705,11.04635553817249,40.345714792494405,83.6466328229797,0.538001581232821,1303700,2,1,0.46760639739766874,False,3.3499999999999943,-59.7
29.184718885570803,31.50818675855456,12.839912752133753,6.342420199735834,56.67395331737328,0.6053720493553503,1500347,2,0,0.46760639739766874,True,7.139999999999997,-27.8
36.66451919051812,38.987987063501876,10.829155599130269,17.763232106226273,60.212742020777476,0.6462068371858941,1500404,2,1,0.46760639739766874,True,6.649999999999999,-36.4
28.30869929568936,30.63216716867312,11.707738779508304,7.685420820433912,53.57891351691232,0.636193432248561,1501204,2,0,0.46760639739766874,True,7.210000000000001,-27.5
60.500013748883006,62.82348162186676,12.38142750086359,38.55632964298035,87.09063360075316,0.5323953688004803,1501451,2,1,0.46760639739766874,True,3.229999999999997,-60.6
72.48637519399531,74.80984306697907,12.893237105420669,49.53956269621909,100.0,0.48299192249856165,1501725,2,0,0.46760639739766874,True,1.0600000000000023,-73.2
48.292572671748104,50.61604054473186,13.505474229163177,24.14579746143818,77.08628362802554,0.5700565001403735,1501956,2,1,0.46760639739766874,True,5.299999999999997,-47.7
25.5982246337036,27.92169250668736,11.010754273292331,6.341010688413892,49.502374324960826,0.6538821190301729,1502806,2,1,0.46760639739766874,True,7.18,-25.1
38.50468341263118,40.828151285614936,13.021079433257542,15.307304556594929,66.34899801463493,0.5983077261478279,1502855,2,1,0.46760639739766874,True,6.57,-37.5
31.77824231692892,34.10171018991268,12.268690402700168,10.055518863148134,58.14790151667722,0.620323978976576,1502905,2,1,0.46760639739766874,True,7.059999999999999,-30.8
47.907071560035895,50.23053943301965,11.89199936582276,26.922648971833873,73.53842989420542,0.5894603978884911,1504000,2,1,0.46760639739766874,True,5.32,-47.6
67.6252636802173,69.94873155320106,12.893237105420669,44.67845118244108,95.21901192396102,0.5012769252615292,1504307,2,1,0.46760639739766874,True,1.8900000000000006,-68.1
29.894263013278945,32.2177308862627,12.547451180025385,7.625178475638336,56.81028329688706,0.6151129989332775,1504406,2,0,0.46760639739766874,True,7.190000000000001,-28.7
36.54196386331539,38.86543173629914,12.62293288286347,14.124937906620382,63.6059255659779,0.608745400879981,1504950,2,0,0.46760639739766874,True,6.75,-35.6
55.627678470898346,57.9511463438821,10.793630857408395,36.79601860094146,79.10627408682274,0.5625328627053449,1505064,2,1,0.46760639739766874,True,4.049999999999997,-55.6
54.31062379884472,56.63409167182848,10.2268796744748,36.589775835633155,76.6784075080238,0.5754527494231352,1505536,2,1,0.46760639739766874,True,4.280000000000001,-54.3
54.30235540573302,56.62582327871677,16.840121425492544,23.619791789470064,89.63185476796347,0.5351146645546713,1505601,2,0,0.46760639739766874,True,4.310000000000002,-53.8
55.122064973631055,57.44553284661481,10.538569531238736,36.790316116815724,78.10074957641389,0.5661106170476086,1506138,2,1,0.46760639739766874,True,4.100000000000001,-55.1
57.99911951352611,60.322587386509866,11.620424583491893,37.54697371780189,83.09820105521783,0.5444492713960962,1506195,2,1,0.46760639739766874,True,3.6199999999999974,-58.0
54.906539214849,57.23000708783275,10.176622465268087,37.284193571646085,77.17582060401942,0.5721256442877684,1506807,2,1,0.46760639739766874,True,4.18,-54.9
32.1553274918498,34.47879536483356,13.066313543484886,8.869291408895243,60.08829932077187,0.6023899094302194,1507201,2,1,0.46760639739766874,True,7.069999999999997,-30.8
34.69121563660324,37.014683509586995,12.776027031100599,11.974130663119624,62.055236356054365,0.6071961262281413,1507508,2,1,0.46760639739766874,True,6.890000000000001,-33.6
48.96967896796988,51.29314684095363,13.051081683075846,25.713496782834575,76.87279689907268,0.5710524933272312,1508035,2,1,0.46760639739766874,True,5.130000000000003,-48.5
65.35427891088348,67.67774678386724,11.26970694712584,45.58952705117974,89.76596651655473,0.5071592836028683,1508159,2,1,0.46760639739766874,True,2.3799999999999955,-65.5
60.51597326299039,62.83944113597415,12.02620075620679,39.268520782960465,86.41036148898782,0.532822455234411,1508357,2,0,0.46760639739766874,True,3.229999999999997,-60.6
32.942063944267325,35.26553181725108,13.91174671520702,7.999009293401915,62.532054341100235,0.5843720123826194,1600105,2,1,0.46760639739766874,True,7.029999999999998,-31.2
39.59013517782683,41.913603050810586,11.034748538970625,20.285893335972176,63.541312765648996,0.632204077491968,1600279,2,1,0.46760639739766874,True,6.340000000000003,-39.3
40.358654490026545,42.6821223630103,15.29362266373443,12.707172748945286,72.6570719770753,0.5612636943379171,1701903,2,0,0.46760639739766874,True,6.439999999999998,-38.6
54.1515572150294,56.475025088013155,23.201530392661216,11.000861132185705,100.0,0.5159004112256077,1702703,2,1,0.46760639739766874,True,4.5,-52.9
53.601896381961815,55.92536425494557,18.594833091094653,19.480161097866436,92.3705674120247,0.5294652403422841,1703206,2,0,0.46760639739766874,True,4.5,-52.8
22.237693569367824,24.561161442351583,18.46517853068442,0.0,60.75224633059528,0.4551312847545399,1703867,2,0,0.46760639739766874,True,6.68,-15.8
32.61482730721374,34.93829518019749,22.27022232814225,0.0,78.58712887105605,0.45356027795521425,1703883,2,1,0.46760639739766874,True,7.240000000000002,-25.1
51.13818412075422,53.46165199373797,11.300498917824948,31.313081107467216,75.61022288000873,0.5816199322509144,1705508,2,0,0.46760639739766874,True,4.789999999999999,-51.0
53.42676128369731,55.750229156681065,19.313108198168976,17.897232658744606,93.60322565461752,0.52744679625015,1707553,2,0,0.46760639739766874,True,4.579999999999998,-52.5
63.34193347376701,65.66540134675077,13.765931748952248,38.68467090516788,92.64613178833365,0.5201212120121397,1708205,2,1,0.46760639739766874,True,2.6599999999999966,-63.7
50.382546266516485,52.70601413950024,19.010776539097378,15.445576804730358,89.96645147427012,0.5277614786648397,1708254,2,1,0.46760639739766874,True,5.130000000000003,-48.9
15.04467144098619,17.368139313969948,13.407566312355815,0.0,43.646486406519855,0.5407486151702002,1709005,2,0,0.46760639739766874,True,6.239999999999998,-12.5
37.15095600832376,39.474423881307516,12.96285608190611,14.067692823995536,64.88115493861949,0.5994477572290225,1709302,2,0,0.46760639739766874,True,6.640000000000001,-36.1
35.83403450016414,38.15750237314789,17.365989065951233,4.120789247967096,72.19421549832867,0.530351895915187,1710706,2,1,0.46760639739766874,True,6.979999999999997,-32.5
63.01097920869446,65.33444708167822,20.36874781721068,25.412434949766443,100.0,0.5278981014379813,1711100,2,1,0.46760639739766874,False,2.5600000000000023,-64.2
27.86874786134317,30.19221573432693,13.546279393053489,3.6419959994249815,56.742435469228866,0.5887195036897814,1711902,2,0,0.46760639739766874,True,7.229999999999997,-26.0
34.906797632179895,37.23026550516365,22.87403376072238,0.0,82.0625478573328,0.4571735010438609,1712702,2,1,0.46760639739766874,True,7.170000000000002,-27.6
48.67967568045338,51.003143553437134,15.067509414784764,21.471367763740805,80.53491934313345,0.5535036475844686,1715754,2,0,0.46760639739766874,True,5.230000000000004,-47.8
53.349495901736006,55.67296377471976,13.144878665219805,29.90947500974,81.43645253969952,0.5558729562537756,1716505,2,1,0.46760639739766874,True,4.420000000000002,-53.1
49.49759155281274,51.8210594257965,16.056131695246158,20.35161957208198,83.29049927951101,0.5446044404983362,1716703,2,0,0.46760639739766874,True,5.119999999999997,-48.5
32.579993338310736,34.90346121129449,21.001594576256924,0.0,76.0658301986698,0.46938112156571665,1717206,2,0,0.46760639739766874,True,7.189999999999998,-26.1
48.51420203992715,50.837669912910904,15.155498842886857,21.133438013114194,80.54190181270761,0.5538593749541755,1717909,2,1,0.46760639739766874,True,5.289999999999999,-47.6
27.237189987321976,29.560657860305735,22.87403376072238,0.0,74.39294021247488,0.41109166508344724,1718709,2,0,0.46760639739766874,True,6.920000000000002,-17.5
22.701169740371512,25.02463761335527,18.100154620702185,0.0,60.5002887845378,0.46599619569354994,1718865,2,0,0.46760639739766874,True,6.780000000000001,-16.7
49.77293025710539,52.09639813008915,19.313108198168976,14.24340163215269,89.9493946280256,0.5250523454695551,1719004,2,1,0.46760639739766874,True,5.210000000000001,-48.1
56.68712499078473,59.01059286376849,26.708618096610582,6.662663317577007,100.0,0.5152230222602483,1720002,2,1,0.46760639739766874,True,3.9299999999999997,-56.1
49.6184582324076,51.94192610539135,20.570697590463105,11.624099691218788,92.2597525195639,0.5187676230471568,1720259,2,0,0.46760639739766874,True,5.309999999999995,-47.6
39.44965947808783,41.77312735107159,13.546279393053489,15.222907616169639,68.32334708597352,0.587256758111766,1720903,2,1,0.46760639739766874,True,6.460000000000001,-38.3
44.98762314835601,47.31109102133976,17.462111035121133,13.085982298462895,81.53619974421662,0.5357953888271785,1721109,2,0,0.46760639739766874,True,5.880000000000003,-43.0
72.58596567887082,74.90943355185458,13.567051072464754,48.31850207340814,100.0,0.48708061357378024,2100204,2,1,0.46760639739766874,True,0.9699999999999989,-73.5
45.94623216765176,48.26970004063551,11.795029170171585,25.15186767049984,71.38753241077117,0.5981011338319551,2100600,2,1,0.46760639739766874,True,5.600000000000001,-45.6
95.44458515461614,97.76805302759989,14.097334234091866,70.13778565075629,100.0,0.10376545432394718,2100873,2,0,0.46760639739766874,True,-18.200000000000003,-98.2
67.26005742529132,69.58352529827508,11.624572078064944,46.79978268957785,92.3672679069723,0.49747671102304797,2101004,2,0,0.46760639739766874,True,2.010000000000005,-67.5
80.37453589890113,82.69800377188488,13.83741104219867,55.57717648989863,100.0,0.4227047163462943,2101103,2,1,0.46760639739766874,True,-1.9000000000000057,-81.9
51.81738184724849,54.14084972023225,13.021079433257542,28.62000299121224,79.66169644925225,0.5628266616567039,2101251,2,1,0.46760639739766874,True,4.700000000000003,-51.5
42.63580780678828,44.959275679772034,13.813275618292918,17.88575295939266,72.03279840015139,0.5780723236297938,2101509,2,0,0.46760639739766874,True,6.079999999999998,-41.6
59.84439746957698,62.16786534256074,14.529210797443088,33.691135455781804,90.64459522933967,0.5310546628189429,2101970,2,0,0.46760639739766874,True,3.299999999999997,-60.0
93.93882131858278,96.26228919156654,11.190100085285806,74.33009604100776,100.0,0.07307375135295859,2102002,2,1,0.46760639739766874,False,-14.599999999999994,-94.6
95.51814484407039,97.84161271705415,16.119536275107833,66.24790217035584,100.0,0.13418336365387995,2102077,2,0,0.46760639739766874,True,-20.0,-100.0
45.41631005654782,47.73977792953158,12.039376746434703,24.14303311021054,71.33652274885262,0.59453773090337,2102200,2,1,0.46760639739766874,True,5.619999999999997,-45.0
61.464310577303614,63.78777845028737,12.345533778090566,39.59097687530715,87.98458002526758,0.5278398005491168,2102606,2,1,0.46760639739766874,True,3.0500000000000043,-61.6
43.88269097884202,46.206158851825776,10.418352788547876,25.786562608039493,66.62575509561205,0.6266056079504532,2103000,2,0,0.46760639739766874,True,5.770000000000003,-43.8
40.574853975175245,42.898321848159,12.032766856952186,19.314532174165485,66.48211152215251,0.6112970684855996,2103174,2,1,0.46760639739766874,True,6.299999999999997,-40.0
59.32681045327166,61.65027832625542,13.128836351244924,35.9182319188951,87.38232473361572,0.5342862199685041,2104008,2,0,0.46760639739766874,True,3.3800000000000026,-59.4
83.21832454642772,85.54179241941148,13.765931748952248,58.56106197782859,100.0,0.3436311884129447,2104073,2,1,0.46760639739766874,True,-4.900000000000006,-84.9
33.330098756007985,35.65356662899174,16.922191079972325,2.4866815727410128,68.82045168524246,0.5314738242463908,2104081,2,0,0.46760639739766874,False,7.090000000000003,-29.9
84.44137761443753,86.76484548742128,12.611870007208385,62.04603449559193,100.0,0.29584549212836275,2104099,2,0,0.46760639739766874,True,-5.599999999999994,-85.6
41.06925022770928,43.39271810069304,12.390577656076154,19.10763214713705,67.67780405424902,0.6027465142240873,2104206,2,0,0.46760639739766874,False,6.219999999999999,-40.4
46.22728802846844,48.5507559014522,14.744683372944742,19.65170752703393,77.44980427587046,0.561958724223045,2104404,2,0,0.46760639739766874,True,5.649999999999999,-45.2
67.99002702644309,70.31349489942684,15.758690347976234,39.42702937387445,100.0,0.5140853885990309,2104651,2,0,0.46760639739766874,True,1.7700000000000102,-69.1
53.45525652678267,55.778724399766425,10.818957470207538,34.57395740788907,76.98349139164378,0.5726519884520267,2105401,2,0,0.46760639739766874,True,4.359999999999999,-53.4
71.57389759666479,73.89736546964855,14.860613388401916,44.77109844020705,100.0,0.5008760932778141,2105450,2,1,0.46760639739766874,True,1.1300000000000097,-72.8
61.8805863313546,64.20405420433836,13.244799926817882,38.24472336533657,90.16338504334016,0.5260642994907799,2105906,2,0,0.46760639739766874,True,2.9699999999999918,-62.1
84.46522596810527,86.78869384108903,16.840121425492544,53.78266235184232,100.0,0.3434277005980392,2105948,2,0,0.46760639739766874,True,-8.099999999999994,-88.1
60.31904252459568,62.642510397579436,16.119536275107833,31.04879985088114,94.23622094427773,0.5293626105614386,2105989,2,0,0.46760639739766874,True,3.229999999999997,-60.6
75.41516199080631,77.73862986379007,14.634350680545728,49.055829592791206,100.0,0.49049701339105856,2106201,2,0,0.46760639739766874,True,0.4899999999999949,-76.9
71.85821710864836,74.18168498163212,11.962854882453412,50.734920259744285,97.62844970351995,0.4786110785473276,2106607,2,1,0.46760639739766874,False,1.240000000000009,-72.3
52.180202562693694,54.50367043567745,11.926759155979864,31.127652037673577,77.87968883368131,0.5700908072116547,2106904,2,1,0.46760639739766874,True,4.609999999999999,-52.0
74.89117397775354,77.2146418507373,17.27245849515837,43.36124527576398,100.0,0.5137482753274528,2107308,2,1,0.46760639739766874,True,0.4099999999999966,-77.4
89.87171232435489,92.19518019733864,11.6329328647365,69.39505074788275,100.0,0.14724274806062,2107803,2,1,0.46760639739766874,False,-10.700000000000003,-90.7
76.11092417611684,78.4343920491006,12.302196374312775,54.322530224708316,100.0,0.461328371177742,2107902,2,1,0.46760639739766874,True,0.4399999999999977,-76.8
55.56798475506238,57.89145262804614,11.769875454159695,34.82292063537112,80.95998462072116,0.5553600118442094,2108306,2,0,0.46760639739766874,True,4.030000000000001,-55.5
38.1852277537863,40.508695626770056,17.181411991489156,6.8337469199066945,74.18364433363341,0.5362027373162299,2108405,2,0,0.46760639739766874,True,6.770000000000003,-35.3
45.287316110792474,47.61078398377623,14.302087131894288,19.579208301509663,75.6423596660428,0.5668861717379801,2109304,2,1,0.46760639739766874,True,5.720000000000006,-44.3
56.724934447109895,59.04840232009365,11.292657297238897,36.91520072775198,81.18160391243532,0.5521914885344701,2109601,2,1,0.46760639739766874,True,3.8299999999999983,-56.7
82.24255442854759,84.56602230153135,17.365989065951233,50.52930917635055,100.0,0.39630264825395317,2109700,2,1,0.46760639739766874,True,-5.900000000000006,-85.9
39.573017769287716,41.89648564227147,17.985830329976526,6.64490596346932,77.14806532107362,0.5262325059772606,2109759,2,1,0.46760639739766874,True,6.579999999999998,-36.5
92.4280877300426,94.75155560302636,12.244209601025059,70.75334576585769,100.0,0.11414448788271009,2110039,2,0,0.46760639739766874,True,-13.700000000000003,-93.7
73.91309320135916,76.23656107434292,11.89199936582276,52.92867061315714,99.5444515355287,0.46794470574114383,2110609,2,1,0.46760639739766874,True,0.8799999999999955,-74.4
18.636732076104856,20.960199949088615,17.181411991489156,0.0,54.635148655951966,0.45966255894253355,2111250,2,0,0.46760639739766874,False,6.3199999999999985,-12.9
64.46545494664163,66.78892281962538,11.32736171360847,44.58770182109487,88.9901438181559,0.5106024932080526,2111508,2,1,0.46760639739766874,True,2.490000000000009,-64.6
60.773588866403344,63.0970567393871,14.428897903586723,34.81693651175163,91.37717696702256,0.5296383190861579,2111706,2,0,0.46760639739766874,True,3.1700000000000017,-61.0
37.16034241119625,39.48381028418,15.87392029898627,8.371498204707617,70.59612236365238,0.5522794403801691,2112274,2,1,0.46760639739766874,True,6.770000000000003,-34.8
37.93953358615843,40.26300145914219,11.104926380919416,18.497745701571404,62.02825721671297,0.6371777682919648,2112506,2,0,0.46760639739766874,True,6.559999999999995,-37.6
84.76166290192907,87.08513077491283,12.93459965692296,61.73378129289968,100.0,0.29192637696676227,2112852,2,1,0.46760639739766874,True,-6.099999999999994,-86.1
89.29144824757931,91.61491612056307,12.506284618401448,67.10304868808896,100.0,0.176515459582342,2200202,2,0,0.46760639739766874,True,-10.599999999999994,-90.6
61.83624311665786,64.15971098964162,11.07570194203601,42.45173407975071,85.86768789953254,0.5262856653474141,2200400,2,1,0.46760639739766874,True,2.990000000000002,-61.9
57.73623300008127,60.059700873065026,17.662591300198834,25.441658051024817,94.67774369510522,0.5300188813080503,2200905,2,1,0.46760639739766874,True,3.6899999999999977,-57.7
79.33641695405937,81.65988482704313,19.472657888077748,43.49417668314094,100.0,0.46603457141886845,2201002,2,0,0.46760639739766874,True,-3.799999999999997,-83.8
91.45181846027957,93.77528633326332,21.001594576256924,52.61291734588801,100.0,0.25593901865629287,2201572,2,0,0.46760639739766874,True,-20.0,-100.0
76.4065290896308,78.72999696261455,13.674787220343259,51.92790651449316,100.0,0.4769657861890216,2201606,2,1,0.46760639739766874,True,0.3400000000000034,-77.6
59.29901648642543,61.622484359409185,17.365989065951233,27.58577123422839,95.65919748458998,0.5288632032607795,2201705,2,1,0.46760639739766874,True,3.3800000000000026,-59.5
43.778157032266186,46.10162490524994,14.860613388401916,16.97535787580844,75.22789193469143,0.564107427376621,2201739,2,0,0.46760639739766874,False,6.0,-42.5
81.12550683007015,83.4489747030539,25.6448039193748,33.18608263048766,100.0,0.4465074815970665,2201804,2,1,0.46760639739766874,True,-10.799999999999997,-90.8
83.08979106794922,85.41325894093298,18.867390960500106,48.43385217611618,100.0,0.38709029606055645,2201919,2,1,0.46760639739766874,True,-7.900000000000006,-87.9
51.367451775973166,53.69091964895692,15.99409040926748,22.34307848131516,85.03876081659868,0.544284448380611,2201929,2,1,0.46760639739766874,True,4.869999999999997,-50.6
51.380511981389866,53.70397985437362,17.874896572436914,18.669826345018805,88.73813336372842,0.533572504196845,2201988,2,0,0.46760639739766874,False,4.910000000000004,-50.3
42.034297658223316,44.35776553120707,12.059473602714412,20.721631597375325,67.99389946503881,0.6059788780697913,2202000,2,0,0.46760639739766874,True,6.100000000000001,-41.5
83.13892010864707,85.46238798163083,15.200698454487988,55.6695664709807,100.0,0.35966621902510726,2202133,2,0,0.46760639739766874,True,-5.599999999999994,-85.6
52.319537578962006,54.64300545194576,11.355394418521211,32.38684136139703,76.89916954249449,0.5763620008691093,2202208,2,1,0.46760639739766874,True,4.6299999999999955,-52.2
60.75574399740514,63.079211870388896,14.744683372944742,34.18016349597063,91.97826024480716,0.5281369108326802,2202505,2,1,0.46760639739766874,True,3.1200000000000045,-61.0
66.3499159510537,68.67338382403746,16.840121425492544,35.66735233479075,100.0,0.5207576519144772,2202711,2,1,0.46760639739766874,True,2.049999999999997,-67.5
75.95316157512379,78.27662944810754,16.119536275107833,46.682918901409245,100.0,0.5033007491124938,2202737,2,0,0.46760639739766874,True,0.3100000000000023,-78.1
67.58600737363916,69.90947524662292,13.630897823626837,43.19340643536891,96.62554405787692,0.5052833534840058,2203206,2,0,0.46760639739766874,True,1.8900000000000006,-68.2
48.373901950824035,50.69736982380779,17.874896572436914,15.663216314452974,85.7315233331626,0.5341642607251517,2203800,2,1,0.46760639739766874,True,5.43,-46.8
49.34855855417274,51.672026427156496,11.122100250980564,29.873110502790688,73.4709423515223,0.5906009234036563,2203909,2,1,0.46760639739766874,True,5.019999999999996,-49.2
33.182195873743524,35.50566374672728,14.211798931706607,7.651049685057508,63.36027780839704,0.5784884804109836,2204402,2,0,0.46760639739766874,True,7.02,-31.3
78.66927755994881,80.99274543293257,18.46517853068442,44.801660544688865,100.0,0.4785619502909823,2204600,2,0,0.46760639739766874,True,-2.4000000000000057,-82.4
73.03613476338545,75.3596026363692,14.271549240491193,47.387880121416494,100.0,0.4913461466267945,2205003,2,1,0.46760639739766874,True,0.8499999999999943,-74.2
70.9006071022642,73.22407497524796,19.989006309433808,34.04634252201378,100.0,0.531220926916016,2205276,2,0,0.46760639739766874,True,0.9900000000000091,-73.8
44.900743786675136,47.22421165965889,16.250625400892414,15.373571147657977,79.0748521716598,0.5474101944990948,2205524,2,0,0.46760639739766874,False,5.859999999999999,-43.3
43.14592372410841,45.46939159709216,16.056131695246158,13.999951743377643,76.93883145080667,0.5500732941545132,2205573,2,0,0.46760639739766874,True,6.090000000000003,-41.4
76.64674606886886,78.97021394185262,13.262091848954292,52.97699155823999,100.0,0.4708406191894402,2206720,2,1,0.46760639739766874,False,0.29999999999999716,-77.7
32.05311400617789,34.37658187916165,25.168254797574075,0.0,83.70545483613427,0.41402567050010053,2206753,2,0,0.46760639739766874,False,7.210000000000001,-21.7
63.788341998733756,66.11180987171751,13.962978047847587,38.744875781012844,93.47874396242217,0.5190838648414609,2206803,2,1,0.46760639739766874,True,2.5799999999999983,-64.2
52.696565492476644,55.0200333654604,18.100154620702185,19.544382194277865,90.49568453664293,0.5308256769661029,2207306,2,1,0.46760639739766874,True,4.6200000000000045,-51.8
67.01806767337122,69.34153554635498,14.182567091817148,41.54421483807039,97.13885625463956,0.5089573529793635,2207603,2,1,0.46760639739766874,True,1.9599999999999937,-67.7
90.38833926563765,92.71180713862141,22.27022232814225,49.062973447762836,100.0,0.2840681558616334,2207751,2,1,0.46760639739766874,True,-20.0,-100.0
75.19300526537312,77.51647313835687,11.498300361063983,54.98021854724756,100.0,0.4578721413699737,2208304,2,0,0.46760639739766874,True,0.7000000000000028,-75.6
60.03326722055858,62.35673509354233,14.428897903586723,34.07661486590686,90.63685532117779,0.5313012744797404,2208650,2,0,0.46760639739766874,True,3.289999999999999,-60.2
89.3333400346544,91.65680790763815,19.159252228944922,54.10536356818734,100.0,0.27145558826286337,2209104,2,0,0.46760639739766874,True,-15.599999999999994,-95.6
91.45181846027957,93.77528633326332,21.001594576256924,52.61291734588801,100.0,0.25593901865629287,2209302,2,1,0.46760639739766874,True,-20.0,-100.0
86.2150069588941,88.53847483187785,23.915944686906293,41.664084589289445,100.0,0.3605383499651419,2209450,2,1,0.46760639739766874,True,-16.200000000000003,-96.2
84.76001392089745,87.0834817938812,15.87392029898627,55.971169714408816,100.0,0.3277141390679559,2209559,2,1,0.46760639739766874,True,-7.799999999999997,-87.8
31.688672097995514,34.01213997097927,13.83741104219867,6.891312688993015,61.132967252965514,0.5843503704218448,2210409,2,0,0.46760639739766874,True,7.060000000000002,-29.9
58.20722017165865,60.5306880446424,24.72335011529931,12.073812241481548,100.0,0.5224064987329459,2210979,2,1,0.46760639739766874,True,3.6200000000000045,-58.3
27.31033751083208,29.63380538381584,11.08647153160065,7.904720466249952,51.362890301381725,0.6538127918772357,2211100,2,0,0.46760639739766874,True,7.220000000000002,-26.8
95.16997484715203,97.49344272013579,13.962978047847587,70.12650862943113,100.0,0.10513111941702108,2300507,2,0,0.46760639739766874,True,-17.799999999999997,-97.8
97.45277225602568,99.77624012900944,13.1610909262986,73.98097591620729,100.0,0.06646733872770576,2300705,2,0,0.46760639739766874,True,-19.599999999999994,-99.6
82.66569555371886,84.98916342670262,10.897620279537689,63.630220161615426,100.0,0.32354039134990553,2300754,2,0,0.46760639739766874,True,-3.0,-83.0
87.67473246232794,89.9982003353117,10.527220481822614,69.36522733362698,100.0,0.17112030803533035,2301000,2,0,0.46760639739766874,True,-7.900000000000006,-87.9
75.0501206719135,77.37358854489726,11.654226917260399,54.53172351940961,100.0,0.4592129274664575,2301307,2,0,0.46760639739766874,True,0.6800000000000068,-75.5
84.89392351618243,87.21739138916618,13.051081683075846,61.637741331047124,100.0,0.2901279479598098,2301406,2,0,0.46760639739766874,True,-6.299999999999997,-86.3
79.52013402204736,81.84360189503111,12.20458974134434,57.92304555590919,100.0,0.43996495008889425,2301851,2,1,0.46760639739766874,True,-0.29999999999999716,-80.3
77.4194061725524,79.74287404553615,11.560723985490895,57.08427139876564,100.0,0.4462315184343713,2302107,2,0,0.46760639739766874,True,0.28000000000000114,-77.9
79.57386327466281,81.89733114764657,11.26970694712584,59.80911141495908,100.0,0.43315131849232125,2302404,2,0,0.46760639739766874,True,0.0,-80.0
83.32707637071582,85.65054424369957,12.107984440077228,61.91933081577683,100.0,0.32036471403566835,2302701,2,0,0.46760639739766874,True,-4.200000000000003,-84.2
95.30350586591167,97.62697373889543,12.839912752133753,72.4612071800767,100.0,0.08490313000084726,2303303,2,0,0.46760639739766874,True,-17.099999999999994,-97.1
94.93460635068212,97.25807422366587,12.679721461227015,72.40627682566134,100.0,0.08674471629510039,2303808,2,0,0.46760639739766874,True,-16.599999999999994,-96.6
74.45796577336186,76.78143364634562,12.991676907171538,51.318214809508675,100.0,0.4763250930944228,2303907,2,0,0.46760639739766874,True,0.710000000000008,-75.3
90.24477148988547,92.56823936286922,16.250625400892414,60.717598850868306,100.0,0.21964274163225267,2304608,2,0,0.46760639739766874,True,-14.200000000000003,-94.2
96.49628156910705,98.81974944209081,12.90689101791587,73.52270789459219,100.0,0.07240423109938084,2304657,2,0,0.46760639739766874,True,-18.400000000000006,-98.4
69.63000819661664,71.9534760696004,13.315123813515386,45.856312945418615,98.05063919378217,0.49660011768448464,2305266,2,1,0.46760639739766874,True,1.5400000000000063,-70.3
94.07649673065647,96.39996460364023,13.244799926817882,70.44063376463843,100.0,0.1078174106135924,2305332,2,0,0.46760639739766874,True,-16.099999999999994,-96.1
56.615934090859646,58.9394019638434,10.791750404412989,37.78795984104838,80.09084408663843,0.555294869022806,2305506,2,0,0.46760639739766874,True,3.8399999999999963,-56.6
84.64040384639274,86.9638717193765,10.425444468518123,66.53037603825865,100.0,0.2520767515602578,2306405,2,0,0.46760639739766874,True,-4.799999999999997,-84.8
87.26315860188734,89.5866264748711,14.069715000850925,62.01049180046034,100.0,0.24781994200732194,2306801,2,0,0.46760639739766874,True,-9.400000000000006,-89.4
73.1739764343032,75.49744430728695,14.428897903586723,47.21732407965148,100.0,0.49260589869431215,2307205,2,0,0.46760639739766874,True,0.8299999999999983,-74.4
98.96819478116484,100.0,11.303134649620082,79.13792582848646,100.0,0.029803095052568795,2307254,2,0,0.46760639739766874,True,-19.799999999999997,-99.8
87.35140698970388,89.67487486268763,11.003010754011392,68.1093700633184,100.0,0.18962110364286616,2307601,2,0,0.46760639739766874,True,-7.799999999999997,-87.8
74.71687332202309,77.04034119500685,12.129499970261037,53.26695810281555,100.0,0.4658248247402513,2308302,2,0,0.46760639739766874,True,0.7000000000000028,-75.3
97.7032496815314,100.0,13.333197492552536,73.89413067035242,100.0,0.06654608559349331,2308351,2,0,0.46760639739766874,True,-20.0,-100.0
85.3733139885428,87.69678186152656,10.798373216985974,66.53235926461213,100.0,0.2379933187901993,2309607,2,0,0.46760639739766874,True,-5.700000000000003,-85.7
94.31091920993057,96.63438708291433,11.059956083566119,74.95727148853007,100.0,0.06628820245892084,2310209,2,0,0.46760639739766874,True,-14.900000000000006,-94.9
97.40856926508152,99.73203713806528,11.290065055163224,77.60391624683113,100.0,0.04025499877461399,2310258,2,0,0.46760639739766874,True,-18.200000000000003,-98.2
98.35732019344317,100.0,11.624572078064944,77.8970454577297,100.0,0.03761512595561505,2310506,2,0,0.46760639739766874,True,-19.400000000000006,-99.4
94.5121565362341,96.83562440921786,12.302196374312775,72.72376258482558,100.0,0.08557693797389154,2310803,2,0,0.46760639739766874,True,-15.900000000000006,-95.9
97.93637285288706,100.0,13.021079433257542,74.73899399685081,100.0,0.05986280218311018,2310902,2,0,0.46760639739766874,True,-20.0,-100.0
97.69264435216783,100.0,12.70314978626068,75.11839615386296,100.0,0.05754966492985269,2311702,2,0,0.46760639739766874,True,-19.5,-99.5
98.15375824836362,100.0,11.637146507341555,77.66883808414184,100.0,0.039234158059408275,2312007,2,0,0.46760639739766874,True,-19.200000000000003,-99.2
88.10647785344933,90.42994572643309,11.842205808236702,67.2196488447781,100.0,0.1892283347816751,2313104,2,0,0.46760639739766874,True,-9.0,-89.0
95.81424725594047,98.13771512892423,12.228187703819888,74.1709076332417,100.0,0.06900122368300562,2313203,2,0,0.46760639739766874,True,-17.200000000000003,-97.2
86.74011238372313,89.06358025670689,11.04635553817249,67.41312124146424,100.0,0.205964390071035,2313302,2,0,0.46760639739766874,True,-7.200000000000003,-87.2
87.57084116180643,89.89430903479018,13.194036360108727,64.03447295826513,100.0,0.22665515804144354,2313559,2,0,0.46760639739766874,True,-9.200000000000003,-89.2
96.24510011495583,98.56856798793959,11.26970694712584,76.4803482552521,100.0,0.04971193501391052,2313609,2,0,0.46760639739766874,True,-17.0,-97.0
80.6448487425496,82.96831661553335,12.046030867174947,59.35852995921266,100.0,0.4026806932796431,2313807,2,0,0.46760639739766874,True,-1.4000000000000057,-81.4
93.96824208931669,96.29170996230044,12.547451180025385,71.69915755167608,100.0,0.09707359986550634,2313906,2,0,0.46760639739766874,True,-15.5,-95.5
42.58924990302993,44.912717776013686,11.595989445398217,22.18499609792658,67.64043945410079,0.6109361035587002,2400208,2,1,0.46760639739766874,True,5.979999999999997,-42.2
27.11551783748986,29.43898571047362,13.546279393053489,2.8887659755716726,55.98920544537556,0.5879505258291213,2402303,2,0,0.46760639739766874,True,7.2500000000000036,-25.2
64.75694404215236,67.08041191513611,15.702830926722369,36.30342884343854,97.85739498683367,0.5203053640839871,2402402,2,1,0.46760639739766874,False,2.3799999999999955,-65.5
29.926154308754,32.249622181737756,14.860613388401916,3.1233551522962557,61.37588921117925,0.5623049591151202,2402501,2,0,0.46760639739766874,True,7.18,-27.4
55.01591791378226,57.339385786766016,19.472657888077748,19.17367764286383,95.5050939306682,0.526013000216922,2403707,2,1,0.46760639739766874,True,4.210000000000001,-54.4
42.91127886323943,45.23474673622319,22.564082104458553,1.0099584672796666,89.4595350051667,0.49196043433522374,2404101,2,0,0.46760639739766874,True,6.480000000000004,-38.3
16.48255720697351,18.80602507995727,13.78945121315855,0.0,45.832852824320184,0.5373810888298993,2404705,2,0,0.46760639739766874,True,6.400000000000002,-13.7
30.161863701918875,32.48533157490263,16.184351110676886,0.7645862848251035,64.20607686498015,0.5360546761831908,2405702,2,0,0.46760639739766874,True,7.150000000000002,-26.8
29.695089930301684,32.01855780328544,14.125343621590599,4.333393035715286,59.70372257085559,0.5763888571354774,2406106,2,0,0.46760639739766874,True,7.140000000000001,-27.6
46.20349541386753,48.526963286851284,24.72335011529931,0.07008748369042905,96.98383909001213,0.4874647856805866,2406403,2,1,0.46760639739766874,True,6.049999999999997,-41.7
29.68754315929474,32.011011032278496,11.122100250980564,10.212095107912688,53.8099269566443,0.6494475487284246,2407104,2,1,0.46760639739766874,True,7.080000000000002,-29.2
35.203157673523386,37.52662554650714,17.985830329976526,2.275045867704989,72.77820522530928,0.5202507819897269,2407252,2,0,0.46760639739766874,True,7.039999999999999,-31.4
48.47770493502188,50.80117280800564,17.560938194400112,16.382366412247563,85.2199792037637,0.5355926305149296,2408805,2,1,0.46760639739766874,True,5.369999999999997,-47.0
43.840817445880504,46.16428531886426,12.319332865156035,22.01883658959779,70.30973404813072,0.5973209557494196,2408904,2,0,0.46760639739766874,True,5.900000000000006,-43.3
34.85469879853008,37.178166671513836,15.93336756462479,5.949340092410569,68.40699325061709,0.5487483726746192,2409308,2,1,0.46760639739766874,True,6.93,-32.2
47.82871525811409,50.15218313109784,20.17502320964769,10.609864252928674,89.694502009267,0.5181427149489926,2409506,2,1,0.46760639739766874,True,5.57,-45.5
47.271881355160986,49.59534922814474,27.305573722731364,0.0,100.0,0.4786010982606492,2409605,2,1,0.46760639739766874,True,6.030000000000001,-42.1
51.56121428488309,53.88468215786685,15.439694842365032,23.62343633454255,84.14592798119114,0.5460277725631458,2410207,2,0,0.46760639739766874,True,4.770000000000003,-50.9
34.991682860331935,37.31515073331569,11.11059021229506,15.538794070234136,59.09150739639724,0.6444405524694841,2412203,2,1,0.46760639739766874,True,6.829999999999998,-34.6
21.455138196130623,23.77860606911438,14.941229201018242,0.0,53.0628771878683,0.5325758694308053,2412302,2,0,0.46760639739766874,True,6.899999999999999,-18.1
31.565445213265267,33.888913086249026,18.339646297791745,0.0,69.83395931912418,0.5050267000460048,2413300,2,0,0.46760639739766874,True,7.219999999999999,-26.9
35.33269906089693,37.656166933880684,15.99409040926748,6.308325766238923,69.00400810152243,0.5486137235044802,2413359,2,1,0.46760639739766874,True,6.909999999999997,-32.7
32.19938913247266,34.522857005456416,20.7814391804684,0.0,75.25372934608406,0.4717491467450607,2413409,2,1,0.46760639739766874,True,7.2499999999999964,-25.8
38.50892849875038,40.832396371734134,15.439694842365032,10.571150548409836,71.09364219505842,0.5601707694098937,2413904,2,1,0.46760639739766874,True,6.670000000000002,-36.5
44.081349705362335,46.40481757834609,14.634350680545728,17.72201730734723,75.08761784934495,0.5652729118975747,2414100,2,0,0.46760639739766874,True,5.910000000000004,-42.9
67.35210273174809,69.67557060473185,17.09274822372148,36.17439968942676,100.0,0.5201670605533557,2500205,2,1,0.46760639739766874,True,1.8400000000000034,-68.7
24.568271621434562,26.89173949441832,14.670532133784564,0.0,55.64545411067361,0.5544414344504746,2501401,2,0,0.46760639739766874,True,7.199999999999999,-21.7
34.297614875529504,36.62108274851326,11.095618447085073,14.874070206028268,58.36809529099824,0.6447632205254998,2501807,2,1,0.46760639739766874,True,6.840000000000003,-33.9
57.563587485376786,59.88705535836054,17.662591300198834,25.269012536320332,94.50509818040075,0.5303036869573616,2502003,2,1,0.46760639739766874,True,3.729999999999997,-57.5
47.204856603107956,49.52832447609171,17.662591300198834,14.910281654051502,84.1463672981319,0.5347774270583187,2502904,2,0,0.46760639739766874,True,5.57,-45.5
62.69305138445989,65.01651925744365,21.001594576256924,23.85415027006833,100.0,0.5287249258491706,2503407,2,1,0.46760639739766874,True,2.6300000000000026,-63.9
54.49350454943379,56.81697242241754,19.159252228944922,19.265528082966732,94.36841676186835,0.528149928389572,2503605,2,0,0.46760639739766874,True,4.3700000000000045,-53.8
49.07494870132846,51.398416574312215,16.184351110676886,19.677671284234687,83.11916186438972,0.5445622356132803,2504157,2,0,0.46760639739766874,True,5.210000000000001,-48.0
55.31233371652785,57.63580158951161,12.537030047475906,33.06367422336234,82.20792895566086,0.5534323113478673,2504306,2,1,0.46760639739766874,True,4.119999999999997,-55.2
30.297066088353372,32.62053396133713,18.867390960500106,0.0,69.59994072615392,0.4915315301902234,2505600,2,0,0.46760639739766874,False,7.219999999999999,-25.0
63.888014005338825,66.21148187832259,21.001594576256924,25.04911289094727,100.0,0.5303358510957458,2505907,2,1,0.46760639739766874,True,2.4099999999999966,-65.4
61.382800953906276,63.70626882689003,12.100911296184352,39.98891850625479,87.42361914752527,0.5277935683937671,2506004,2,1,0.46760639739766874,True,3.049999999999997,-61.5
44.19985733944186,46.52332521242562,25.168254797574075,0.0,95.85219816939824,0.47760913517511433,2506202,2,0,0.46760639739766874,True,6.409999999999997,-38.7
36.53853443833611,38.86200231131986,11.313788717279097,16.68738389675721,61.036620725882514,0.6354424501742294,2506301,2,0,0.46760639739766874,True,6.68,-36.1
57.337215267591574,59.66068314057533,13.407566312355815,33.38233604802542,85.93903023312524,0.5421530444948766,2506806,2,1,0.46760639739766874,True,3.780000000000001,-57.3
20.461734966565935,22.785202839549694,13.719784124524619,0.0,49.67548559928234,0.5612511767115984,2507002,2,0,0.46760639739766874,True,6.899999999999999,-18.0
56.40225829231928,58.72572616530304,16.531387378386455,26.324802289185556,91.1266500414205,0.5348095261419332,2507804,2,0,0.46760639739766874,True,3.969999999999999,-56.2
65.36991040517869,67.69337827816244,14.634350680545728,39.01057800716358,96.3761785491613,0.5168045519180645,2508000,2,1,0.46760639739766874,True,2.3100000000000023,-66.0
45.344818649600455,47.66828652258421,14.529210797443088,19.191556635805274,76.14501640936314,0.5642923664524602,2509206,2,1,0.46760639739766874,True,5.720000000000006,-44.3
46.824894602207415,49.14836247519117,30.29129842123711,0.0,100.0,0.4621483784210753,2509370,2,1,0.46760639739766874,True,6.270000000000003,-40.0
72.26780666695373,74.59127453993749,13.69714458561344,47.74536446109734,100.0,0.4903522565346248,2509404,2,1,0.46760639739766874,True,1.0600000000000023,-73.2
80.40849560246363,82.73196347544739,18.21803450836902,47.025271969936234,100.0,0.4403983678985882,2509602,2,0,0.46760639739766874,True,-4.299999999999997,-84.3
82.13943085100786,84.46289872399161,22.87403376072238,39.63061637182245,100.0,0.4226543411792363,2510600,2,0,0.46760639739766874,True,-9.799999999999997,-89.8
74.31794978743989,76.64141766042364,22.87403376072238,31.809135308254476,100.0,0.5512836766612199,2510709,2,1,0.46760639739766874,True,0.09000000000000341,-79.5
61.59659921950654,63.92006709249029,14.563703770809045,35.37573222019438,92.46440196478619,0.5257296376736674,2510907,2,1,0.46760639739766874,True,2.960000000000001,-61.9
53.53167129105472,55.85513916403848,21.001594576256924,14.69277017666316,97.01750815141378,0.5211677414090459,2512747,2,0,0.46760639739766874,True,4.57,-52.4
73.50100176639388,75.82446963937764,23.201530392661216,30.35030568355019,100.0,0.550682214293241,2512788,2,1,0.46760639739766874,True,0.18000000000000682,-78.6
53.35715662572308,55.680624498706834,16.184351110676886,23.959879208629307,87.40136978878435,0.5396056265981517,2513208,2,0,0.46760639739766874,True,4.490000000000002,-52.8
53.56321330064902,55.88668117363277,18.21803450836902,20.17998966812162,91.59337267914393,0.5315730617974331,2513307,2,0,0.46760639739766874,False,4.530000000000001,-52.8
42.98473017780319,45.30819805078695,11.99401200413596,21.800366492539386,68.8160296090345,0.6029976217629163,2513901,2,1,0.46760639739766874,True,5.939999999999998,-42.5
64.86730554707084,67.1907734200546,17.874896572436914,32.15661991069978,100.0,0.523849393811836,2513927,2,1,0.46760639739766874,True,2.260000000000005,-66.0
89.01498289865945,91.33845077164321,19.472657888077748,53.17274262774102,100.0,0.2801905771463341,2513943,2,0,0.46760639739766874,True,-15.5,-95.5
58.76182352417502,61.08529139715878,18.21803450836902,25.378599891647625,96.79198290266993,0.5278910723378678,2514453,2,1,0.46760639739766874,True,3.460000000000001,-58.9
35.35903747708705,37.682505350070805,13.227695408205806,11.756698751521572,63.608311948620035,0.5969681385235527,2514503,2,0,0.46760639739766874,True,6.829999999999998,-34.1
23.67193172231917,25.995399595302928,23.548213354681533,0.0,72.14904967074386,0.3680640251427954,2514602,2,0,0.46760639739766874,True,6.059999999999999,-12.0
21.692233693364827,24.015701566348586,19.010776539097378,0.0,61.27613890111846,0.43884547293710285,2515807,2,0,0.46760639739766874,False,6.49,-14.6
52.82816155321156,55.15162942619531,17.767198626547938,20.328560011991833,89.97469884039879,0.5331568684334221,2515930,2,0,0.46760639739766874,True,4.630000000000003,-52.0
34.97726935313083,37.300737226114585,13.652706698126625,10.541923806297632,64.05955064593152,0.5895061315454038,2516102,2,0,0.46760639739766874,True,6.890000000000001,-33.5
44.31264447306273,46.63611234604649,11.021806257456198,25.03376903685413,68.23845565523884,0.6164346036808657,2516201,2,0,0.46760639739766874,True,5.799999999999997,-44.1
72.05896084469354,74.3824287176773,13.426695276827598,48.066589543701156,100.0,0.48745060684833874,2516706,2,0,0.46760639739766874,True,1.059999999999988,-72.9
39.77896777805369,42.102435651037446,14.461820334506815,13.757788644515085,70.4470826575598,0.5723582161863542,2517001,2,0,0.46760639739766874,False,6.440000000000005,-38.3
66.41424217733348,68.73771005031723,11.402878517162401,46.38847883659342,91.08694126404103,0.5011296979903044,2600104,2,0,0.46760639739766874,True,2.1700000000000017,-66.6
60.96161424290029,63.285082115884045,12.73909118510314,38.316922197310205,88.25324203445787,0.5305011275331011,2600401,2,1,0.46760639739766874,True,3.1600000000000037,-61.1
57.60659882353138,59.930066696515134,11.192294185384858,37.99357318878374,81.86656020424653,0.5480011125070413,2600500,2,1,0.46760639739766874,True,3.6799999999999997,-57.6
68.15553088771041,70.47899876069417,13.112961290741572,44.77806690017282,96.1799306212155,0.5021600962045516,2600906,2,1,0.46760639739766874,True,1.8499999999999943,-68.7
61.72814072506101,64.05160859804477,15.24673175167921,34.168563482810214,93.9346537132793,0.5250605322753247,2601003,2,1,0.46760639739766874,True,2.9100000000000037,-62.1
59.48127035969222,61.80473823267597,10.82504460632279,40.58804067324373,83.0214357921082,0.5410288585899815,2601201,2,0,0.46760639739766874,True,3.4200000000000017,-59.5
49.8114991445544,52.13496701753816,10.90624130851568,30.75912684614443,73.51080718893189,0.5919013685249667,2601706,2,1,0.46760639739766874,True,4.969999999999999,-49.7
53.10910375198339,55.432571624967146,11.431126949253883,33.02797450172431,77.83716874820998,0.569700108025281,2602605,2,1,0.46760639739766874,True,4.439999999999998,-53.0
67.98777274363745,70.3112406166212,11.926759155979864,46.935222218617334,93.68725901462507,0.49427231034374564,2603009,2,1,0.46760639739766874,True,1.8400000000000034,-68.3
56.75161951221693,59.07508738520068,12.547451180025385,34.48253497457632,83.66763979582504,0.5471023592486625,2603108,2,0,0.46760639739766874,True,3.8599999999999994,-56.7
58.69455308029825,61.018020953282004,10.519806770122234,40.399578559521785,81.63646334704221,0.544730018645763,2603454,2,1,0.46760639739766874,True,3.5,-58.7
80.99336682782021,83.31683470080397,17.09274822372148,49.81566378549888,100.0,0.42306866565389645,2603926,2,0,0.46760639739766874,True,-4.299999999999997,-84.3
55.00815966491615,57.331627537899905,10.217257289636713,37.306171229432614,77.35708384636719,0.5690891787999984,2604106,2,1,0.46760639739766874,True,4.109999999999999,-55.0
46.03174117908129,48.35520905206504,12.20458974134434,24.43465271294312,72.27576539118697,0.5902451785898252,2604601,2,1,0.46760639739766874,True,5.539999999999999,-45.6
52.129019118939304,54.45248699192306,13.262091848954292,28.459264608310427,80.44570937553569,0.5604563407245076,2604700,2,0,0.46760639739766874,True,4.670000000000002,-51.8
84.54246600587571,86.86593387885947,12.6009024180191,62.16861896683834,100.0,0.2929192770505322,2605400,2,0,0.46760639739766874,True,-5.700000000000003,-85.7
53.160236749999775,55.48370462298353,10.836453953759907,34.24464515348744,76.72276409247962,0.5770574100963282,2606200,2,1,0.46760639739766874,True,4.490000000000002,-53.1
52.882811416338505,55.20627928932226,14.182567091817148,27.40895858103767,83.00359999760684,0.551437487237475,2606309,2,0,0.46760639739766874,True,4.539999999999999,-52.5
42.61625459602187,44.93972246900562,11.321897952724232,22.74921024502835,67.1302346929829,0.615338885916429,2606408,2,1,0.46760639739766874,True,5.960000000000001,-42.3
65.90555621880355,68.22902409178731,12.92067787670379,42.90496079760442,93.5530873859702,0.5102181825073872,2606507,2,0,0.46760639739766874,True,2.260000000000005,-66.3
51.02847243055969,53.351940303543444,12.02620075620679,29.781019950529764,76.92286065655712,0.5734902408404627,2606606,2,0,0.46760639739766874,True,4.780000000000001,-50.8
71.33347397281771,73.65694184580147,15.067509414784764,44.125166056105144,100.0,0.5024638840574452,2606903,2,0,0.46760639739766874,True,1.1500000000000057,-72.6
54.51650671442481,56.83997458740856,12.073098726010182,33.17713590263219,80.50281327218492,0.5579527644250339,2607000,2,0,0.46760639739766874,True,4.200000000000003,-54.4
59.443839368261955,61.76730724124571,12.302196374312775,37.65544541685343,85.87916906563798,0.5366797419819602,2607505,2,1,0.46760639739766874,True,3.3999999999999986,-59.5
57.727605087539715,60.05107296052347,15.99409040926748,28.70323179288171,91.39891412816522,0.5326122974508402,2607950,2,0,0.46760639739766874,True,3.6599999999999966,-57.7
57.045197444347544,59.3686653173313,12.893237105420669,34.09838494657133,84.63894568809127,0.544505032647212,2608107,2,0,0.46760639739766874,True,3.8100000000000023,-57.0
60.58319789470105,62.90666576768481,12.656705942903303,38.09997795668026,87.71335357868935,0.5303352243252224,2608305,2,0,0.46760639739766874,True,3.1699999999999946,-60.7
47.891656723120725,50.21512459610448,11.228573028400623,28.20752586266141,72.22272332954755,0.5972501045529454,2608800,2,0,0.46760639739766874,True,5.279999999999994,-47.7
84.9757994115748,87.29926728455855,13.989116875401104,59.88110203325089,100.0,0.300911114046272,2609105,2,0,0.46760639739766874,True,-6.900000000000006,-86.9
59.67138333355616,61.99485120653991,11.093776317458754,40.25144917177736,83.73825324130246,0.5368128831816542,2610905,2,0,0.46760639739766874,True,3.3200000000000003,-59.7
66.18449600330241,68.50796387628617,10.160107007386168,48.59452006273625,88.42140768983609,0.4965460923813949,2611101,2,0,0.46760639739766874,True,2.219999999999999,-66.2
66.63737003340071,68.96083790638447,16.250625400892414,37.110197394383555,100.0,0.5178944503040035,2612000,2,0,0.46760639739766874,True,1.9899999999999949,-67.7
68.59230092692266,70.91576879990642,13.765931748952248,43.935038358323524,97.8964992414893,0.5018614394526061,2612455,2,1,0.46760639739766874,True,1.6800000000000068,-69.3
67.62731413018626,69.95078200317002,13.91174671520702,42.68425947932086,97.21730452701918,0.5068596325327263,2612802,2,0,0.46760639739766874,True,1.8900000000000006,-68.3
36.60314501176773,38.926612884751485,15.024676070044727,9.478788908083015,68.37443686141995,0.5643310764589525,2612901,2,0,0.46760639739766874,False,6.759999999999998,-34.6
67.20515614443232,69.52862401741608,11.969006179863191,46.06980297414688,92.98744506068527,0.5003791759885777,2613602,2,0,0.46760639739766874,True,2.0400000000000063,-67.5
72.48052186051663,74.80398973350039,11.800148256790271,51.676124137958354,97.93185532904242,0.47385151785116525,2614600,2,1,0.46760639739766874,True,1.1299999999999955,-72.9
81.09005274682326,83.41352061980702,13.91174671520702,56.146998095957855,100.0,0.4030851078126328,2615706,2,0,0.46760639739766874,True,-2.700000000000003,-82.7
53.58354548122878,55.90701335421254,13.674787220343259,29.104922906091147,82.70910380233391,0.5515797890432258,2616001,2,0,0.46760639739766874,True,4.380000000000003,-53.3
47.58898296270994,49.9124508356937,12.788567216051465,24.847319678363156,74.97758199302423,0.5798661423262207,2700102,2,1,0.46760639739766874,True,5.390000000000001,-47.1
75.02478054891512,77.34824842189887,14.428897903586723,49.0681281942634,100.0,0.4895430678357001,2701100,2,0,0.46760639739766874,True,0.5699999999999932,-76.4
45.3174004300485,47.640868303032256,15.815707629246885,16.642650959692993,78.63908564637151,0.550543233116506,2701902,2,0,0.46760639739766874,True,5.75,-43.9
83.45405578970234,85.7775236626861,12.879714202833174,60.53374769396405,100.0,0.3268689715385824,2702108,2,1,0.46760639739766874,True,-4.700000000000003,-84.7
93.6946353757656,96.01810324874936,10.762884962499756,74.9232363525021,100.0,0.06833955225291309,2702306,2,0,0.46760639739766874,True,-14.099999999999994,-94.1
47.722409461027326,50.04587733401108,16.119536275107833,18.452166787312784,81.63958788070937,0.5462783641775403,2702504,2,0,0.46760639739766874,True,5.420000000000002,-46.5
35.94932095124845,38.27278882423221,12.08691000090208,14.582880538087135,61.96269711037728,0.6192088225448016,2702603,2,0,0.46760639739766874,True,6.739999999999995,-35.2
36.174519317194736,38.49798719017849,11.390688832056895,16.17264732024436,60.82332706011262,0.6350262425621944,2702900,2,1,0.46760639739766874,True,6.729999999999997,-35.7
40.28320019567829,42.606668068662046,16.056131695246158,11.137228214947527,74.07610792237656,0.550386922980083,2703403,2,0,0.46760639739766874,True,6.439999999999998,-38.2
43.86201504872112,46.185482921704875,11.61629879084024,23.41795565800182,68.95301018540792,0.6056950349040058,2704203,2,1,0.46760639739766874,True,5.799999999999997,-43.5
58.80261085878427,61.126078731768025,20.36874781721068,21.204066599856247,100.0,0.5261075182082054,2704906,2,1,0.46760639739766874,True,3.460000000000001,-59.0
36.99075599364021,39.31422386662396,14.428897903586723,11.03410363898849,67.59434409425943,0.5743754078717273,2705408,2,1,0.46760639739766874,True,6.720000000000006,-35.3
37.12059012213482,39.44405799511858,17.874896572436914,4.409904485763761,74.47821150447339,0.5255582879893463,2706208,2,0,0.46760639739766874,True,6.890000000000001,-33.7
42.59492671772857,44.918394590712325,13.989116875401104,17.50022933940466,72.33655984201998,0.5748881046196548,2706422,2,0,0.46760639739766874,True,6.060000000000002,-41.5
41.135047710981546,43.4585155839653,10.924012134733175,22.04784523320976,64.86918593472083,0.6277967035715248,2706703,2,1,0.46760639739766874,True,6.1200000000000045,-40.9
57.5198542215555,59.84332209453925,12.656705942903303,35.03663428353471,84.6500099055438,0.5433077911062127,2707602,2,1,0.46760639739766874,True,3.719999999999999,-57.5
37.03835165004666,39.36181952303041,10.465551564919775,18.849715377440848,59.87392366861997,0.6530243918386492,2707701,2,1,0.46760639739766874,True,6.579999999999998,-36.9
35.181373160546215,37.50484103352997,11.091940594419352,15.765036949810238,59.2446451172497,0.6430027405712833,2708006,2,0,0.46760639739766874,True,6.770000000000003,-34.8
95.48605948290913,97.80952735589288,14.900576720224548,68.6049336353768,100.0,0.11599975616844838,2708105,2,0,0.46760639739766874,True,-18.900000000000006,-98.9
52.21103759616559,54.534505469149344,13.144878665219805,28.771016704169583,80.2979942341291,0.5606307195651116,2708956,2,0,0.46760639739766874,True,4.640000000000001,-51.9
44.49705061194762,46.82051848493138,12.244209601025059,22.82230864776271,70.81872832210004,0.5961282166650234,2709103,2,1,0.46760639739766874,True,5.799999999999997,-44.0
32.82869300703377,35.152160880017526,12.879714202833174,9.908384911295485,60.39593684873956,0.6064293192702301,2709202,2,0,0.46760639739766874,True,7.030000000000001,-31.6
89.03067917656763,91.35414704955139,10.796469161439033,70.19345633293352,100.0,0.14647922374295624,2709301,2,0,0.46760639739766874,True,-9.400000000000006,-89.4
29.766275441943986,32.089743314927745,10.190512142445323,12.116706531716801,52.06278009813868,0.6780381542228139,2800308,2,0,0.46760639739766874,True,7.099999999999998,-29.7
32.97939148145006,35.302859354433814,14.36453921688599,7.148879834824072,63.45683887404355,0.5763783372296134,2800407,2,1,0.46760639739766874,True,7.07,-31.0
49.172648585064735,51.49611645804849,25.6448039193748,1.2332243854822451,100.0,0.4929048181766394,2801108,2,0,0.46760639739766874,True,5.539999999999999,-45.5
26.644400405383816,28.967868278367575,13.227695408205806,3.0420616798183424,54.893674876916805,0.592708541722708,2801504,2,1,0.46760639739766874,True,7.170000000000002,-24.9
47.05011040599228,49.373578278976034,21.472955224201147,7.287359397900573,91.4597971600515,0.5095935840304551,2801900,2,0,0.46760639739766874,True,5.789999999999999,-44.1
34.40618685406546,36.729654727049216,11.122100250980564,14.930738802683408,58.528570651415016,0.6431413461589323,2802106,2,1,0.46760639739766874,True,6.810000000000002,-34.0
32.85060457255925,35.174072445543004,16.531387378386455,2.7731485694255227,67.57499632166048,0.5365317852472304,2802205,2,1,0.46760639739766874,True,7.089999999999996,-29.6
25.89437202451581,28.21783989749957,18.594833091094653,0.0,64.6630430545787,0.4758176213308374,2802601,2,1,0.46760639739766874,True,7.09,-20.0
42.96684128324091,45.290309156224666,13.333197492552536,19.157722272061935,71.4228960403874,0.5852056113693952,2803302,2,0,0.46760639739766874,True,6.059999999999995,-42.1
27.781092197345107,30.104560070328866,13.227695408205806,4.178753471779633,56.030366668878095,0.5945650535937703,2803401,2,0,0.46760639739766874,True,7.170000000000002,-26.1
50.75506416704624,53.07853204003,26.156778648865746,1.8121879366668665,100.0,0.497429572957823,2805000,2,1,0.46760639739766874,True,5.309999999999995,-47.6
24.534398476325027,26.857866349308786,11.915027852895834,3.5048408828413358,50.21089181577623,0.6277190690092644,2805604,2,1,0.46760639739766874,True,7.239999999999998,-23.5
21.453738573073586,23.777206446057345,12.977194879716041,0.0,49.21204103065838,0.5893977169194934,2805703,2,0,0.46760639739766874,True,7.109999999999999,-19.6
41.413251515928366,43.73671938891212,25.168254797574075,0.0,93.06559234588474,0.4655397627894803,2806909,2,0,0.46760639739766874,True,6.760000000000005,-34.8
33.81477152764448,36.13823940062824,11.604049926711042,13.394719469469937,58.88175933178653,0.6332788574193249,2807105,2,1,0.46760639739766874,True,6.890000000000001,-33.2
43.873643077932144,46.1971109509159,13.886640088649584,18.979796510892605,73.41442539093919,0.5740592243964269,2807501,2,1,0.46760639739766874,True,5.890000000000001,-42.9
22.28200887966771,24.60547675265147,14.042477670268992,0.0,52.128227240086616,0.5612507670173547,2900306,2,0,0.46760639739766874,False,7.07,-19.7
25.083395062435436,27.406862935419195,16.318410719193196,0.0,59.39036022997022,0.5179172479151314,2900405,2,0,0.46760639739766874,True,7.140000000000001,-21.0
34.754885904044585,37.07835377702834,17.462111035121133,2.853245054151472,71.30346249990521,0.5260636698227295,2900900,2,1,0.46760639739766874,True,7.02,-31.2
35.044929523879304,37.36839739686306,14.82132140739131,8.319141235083581,66.41765355864253,0.5672820922105388,2901353,2,1,0.46760639739766874,True,6.880000000000003,-33.0
36.84121805693889,39.16468592992265,16.922191079972325,5.99780087367192,72.33157098617338,0.5370846099834905,2901700,2,1,0.46760639739766874,True,6.840000000000003,-33.9
19.24074269473592,21.56421056771968,12.260469513522334,0.0,45.594289247774775,0.6009335486014654,2901908,2,1,0.46760639739766874,True,6.899999999999999,-17.8
37.608196447219065,39.93166432020282,13.652706698126625,13.172850900385868,66.69047774001976,0.5871996180804774,2902609,2,1,0.46760639739766874,True,6.640000000000001,-36.3
27.327248868371107,29.650716741354866,11.120164782731504,7.8555942650504385,51.445839217659284,0.6534729666855467,2902708,2,1,0.46760639739766874,True,7.239999999999998,-26.8
36.84354314464537,39.16701101762913,12.90689101791587,13.869969470130503,64.46405256512776,0.6015875814646899,2903409,2,1,0.46760639739766874,True,6.690000000000005,-35.8
45.0896242804387,47.413092153422454,13.886640088649584,20.19577771339916,74.63040659344574,0.5730431568576634,2903706,2,1,0.46760639739766874,True,5.769999999999996,-44.2
41.09606713057239,43.41953500355615,13.097250847334953,17.74939504629293,69.08967496081937,0.5908976708476301,2904050,2,1,0.46760639739766874,True,6.229999999999997,-40.2
26.07233278239556,28.39580065537932,12.236169230947041,4.413349653985939,52.37825165677269,0.6180157892804499,2904902,2,0,0.46760639739766874,True,7.170000000000002,-24.9
49.37502981481633,51.698497687800085,11.308439314910313,29.534363909219064,73.8626314663811,0.5878784682951963,2905206,2,1,0.46760639739766874,True,5.009999999999998,-49.2
37.564790700900545,39.8882585738843,12.006760849376723,16.355439738120367,63.42107740964823,0.6182199179887516,2905404,2,1,0.46760639739766874,True,6.600000000000001,-36.9
24.080265140138188,26.403733013121947,14.495253876085934,0.0,54.813908557015,0.5561314143248142,2905503,2,1,0.46760639739766874,True,7.149999999999999,-21.3
27.164789499002236,29.488257371985995,12.293725099099293,5.39299894191527,53.583515802056716,0.6177136384550991,2905800,2,1,0.46760639739766874,True,7.170000000000002,-26.0
29.931861622176054,32.25532949515981,11.641382552930937,9.438638961162223,55.0720200291574,0.6371589491063763,2906204,2,1,0.46760639739766874,True,7.140000000000004,-29.2
30.42719350734042,32.750661380324175,11.658554394257163,9.900314655778946,55.6010081048694,0.6358274200179923,2906808,2,1,0.46760639739766874,True,7.099999999999998,-29.7
22.552828712356984,24.876296585340743,23.548213354681533,0.0,71.02994666078168,0.3569029222682397,2907400,2,0,0.46760639739766874,True,5.739999999999998,-10.5
36.262025008165494,38.58549288114925,14.241456459785827,10.672751132573723,66.49823462972478,0.5772326986243584,2907707,2,1,0.46760639739766874,True,6.759999999999998,-34.6
32.414823369770545,34.7382912427543,13.407566312355815,8.459944150204393,61.01663833530421,0.595525472612387,2907806,2,1,0.46760639739766874,True,7.079999999999998,-30.9
32.8649547999749,35.18842267295866,12.75129059775517,10.196352344954303,60.18049300096301,0.6078890941061064,2908200,2,1,0.46760639739766874,True,6.98,-31.7
39.49713332444447,41.820601197428225,14.941229201018242,12.536330078674297,71.10487231618214,0.5661626068391296,2910008,2,1,0.46760639739766874,True,6.510000000000005,-37.8
80.34215894102249,82.66562681400625,20.7814391804684,41.9347544733786,100.0,0.4489678124818541,2910206,2,1,0.46760639739766874,True,-5.900000000000006,-85.9
21.001467125513447,23.324934998497206,12.151470691050259,0.0,47.14137991214976,0.6103450033572958,2911105,2,0,0.46760639739766874,True,7.030000000000001,-19.7
30.749965416744317,33.07343328972807,15.815707629246885,2.075215946388809,64.07165063306732,0.5464729920635113,2911501,2,0,0.46760639739766874,True,7.220000000000002,-27.7
33.61548426936045,35.938952142344206,14.900576720224548,6.7343584218281265,65.14354586286028,0.5661209473390031,2911857,2,1,0.46760639739766874,True,7.020000000000003,-31.4
24.022031807336216,26.345499680319975,12.032766856952186,2.76171000632646,49.92928935431348,0.6234354994718057,2911907,2,1,0.46760639739766874,True,7.23,-22.9
64.24110176689274,66.5645696398765,16.184351110676886,34.843824349798965,98.28531492995401,0.5220609935262026,2912004,2,1,0.46760639739766874,True,2.4599999999999937,-65.0
61.62925166201637,63.95271953500013,17.560938194400112,29.533913139242053,98.3715259307582,0.5262716115262567,2913002,2,1,0.46760639739766874,True,2.9099999999999966,-62.2
28.99386121227375,31.31732908525751,15.29362266373443,1.3423794711924941,61.292278699322516,0.5518331807806631,2913101,2,1,0.46760639739766874,True,7.210000000000001,-26.1
42.791678256620095,45.11514612960385,11.624572078064944,22.331403520906623,67.89888873830108,0.610260379287656,2913200,2,1,0.46760639739766874,True,5.969999999999999,-42.4
57.247434696506,59.57090256948975,13.742711307397906,32.6356833570585,86.50612178192101,0.5402560656471408,2913408,2,1,0.46760639739766874,True,3.759999999999998,-57.2
42.48811013435752,44.811578007341275,17.006371439560397,11.4797024780923,78.14345353659024,0.5411763849283823,2914208,2,0,0.46760639739766874,True,6.270000000000003,-40.3
34.58144967956473,36.90491755254848,17.462111035121133,2.6798088296716145,71.13002627542534,0.5263699729583147,2916609,2,1,0.46760639739766874,True,7.060000000000002,-31.0
47.98420212105605,50.307669994039806,13.369959915882527,24.103030084165876,76.51230990391373,0.5715921496793914,2917102,2,1,0.46760639739766874,True,5.32,-47.4
57.51922872202911,59.84269659501287,12.57924816821178,35.18782323272632,84.4975699572994,0.5445387408839693,2917201,2,1,0.46760639739766874,True,3.75,-57.5
49.77582721072908,52.09929508371283,15.067509414784764,22.567519294016503,81.63107087340916,0.5530798249179647,2917334,2,1,0.46760639739766874,True,5.109999999999999,-49.0
63.32203567158672,65.64550354457047,14.82132140739131,36.59624738279099,94.69475970634994,0.5211062645125812,2917409,2,1,0.46760639739766874,True,2.6300000000000097,-63.8
46.484127342495455,48.80759521547921,11.049721629382198,27.150538782696856,70.46465164826157,0.6060361916843983,2917607,2,0,0.46760639739766874,True,5.480000000000004,-46.3
25.013267575162725,27.336735448146484,13.194036360108727,1.4768993716214247,53.19657152467154,0.5917971621409306,2918506,2,0,0.46760639739766874,True,7.199999999999999,-23.2
35.4864051374047,37.80987301038846,17.365989065951233,3.7731598852076615,71.84658613556925,0.529152152797098,2918605,2,1,0.46760639739766874,True,6.979999999999997,-32.1
25.969895166728527,28.293363039712286,11.70314395278788,5.355622386360309,51.231103693064256,0.6339583539678062,2919157,2,1,0.46760639739766874,True,7.199999999999996,-25.1
29.771807783456936,32.09527565644069,10.432545583531729,11.647862045646097,52.54268926723528,0.6719177563325751,2919207,2,1,0.46760639739766874,True,7.140000000000001,-29.6
73.71881759116997,76.04228546415372,14.461820334506815,47.697638457631356,100.0,0.4922133968334779,2919405,2,1,0.46760639739766874,True,0.7600000000000051,-75.0
21.091579515485325,23.415047388469084,13.813275618292918,0.0,50.48857010884845,0.561415118650571,2919603,2,0,0.46760639739766874,True,6.949999999999999,-18.6
14.079024953124561,16.40249282610832,19.638240452820423,0.0,54.8927368333739,0.3416351416713683,2919900,2,0,0.46760639739766874,True,3.6900000000000004,-4.7
41.89397816395458,44.217446036938334,13.83741104219867,17.09661875495208,71.33827331892458,0.5794030310366189,2920106,2,1,0.46760639739766874,True,6.190000000000005,-40.8
34.224119320774605,36.54758719375836,15.390077820843425,6.383588945636561,66.71158544188015,0.5576664063850016,2921609,2,1,0.46760639739766874,True,6.98,-31.8
68.16322009956372,70.48668797254747,14.495253876085934,42.07651242865441,98.89686351644052,0.5069713669934137,2921807,2,1,0.46760639739766874,True,1.7399999999999949,-69.0
58.37064165390267,60.69410952688643,14.042477670268992,33.171359039451275,88.21686001432158,0.5359148913175374,2922409,2,1,0.46760639739766874,True,3.5600000000000023,-58.4
35.12053485640284,37.4440027293866,14.982589276481791,8.078667352326253,66.80933810644693,0.5648415534998047,2922805,2,1,0.46760639739766874,True,6.890000000000001,-33.0
23.347541962512604,25.671009835496363,12.196837194340635,1.7656482092901555,49.576371461702564,0.6175967820269839,2922904,2,0,0.46760639739766874,True,7.219999999999999,-22.1
35.745082595450725,38.06855046843448,13.244799926817882,12.109219629432683,64.02788130743627,0.5963763553299571,2923100,2,1,0.46760639739766874,True,6.799999999999997,-34.5
46.16524769868617,48.48871557166993,13.262091848954292,22.495493188057296,74.48193795528255,0.5777514092070747,2923407,2,1,0.46760639739766874,True,5.590000000000003,-45.5
45.55730935832583,47.88077723130959,13.886640088649584,20.663462791286292,75.09809167133287,0.5705650143493964,2923902,2,1,0.46760639739766874,True,5.649999999999999,-44.7
25.090209997526046,27.413677870509805,10.605800965188473,6.62668995154025,48.20066578947936,0.6676299548920379,2924009,2,1,0.46760639739766874,True,7.209999999999997,-24.8
27.95695068783103,30.280418560814788,20.570697590463105,0.0,70.59824497498735,0.45297458354723474,2924108,2,1,0.46760639739766874,True,7.150000000000002,-20.7
35.20553750993184,37.52900538291559,12.634092305101124,12.766639487562752,62.29137127826843,0.6082390850272517,2924603,2,1,0.46760639739766874,True,6.799999999999997,-34.2
47.0367372200848,49.36020509306856,19.010776539097378,12.099767758298675,86.62064242783843,0.5257893314490872,2924652,2,0,0.46760639739766874,True,5.690000000000005,-44.9
41.0265390232174,43.35000689620116,13.177475886949674,17.522628750634787,69.17738504176752,0.5900449782147268,2925006,2,1,0.46760639739766874,True,6.25,-40.1
24.587894720100703,26.911362593084462,12.496205203675183,2.419250450459085,51.403474735709835,0.6093307870785298,2925253,2,0,0.46760639739766874,True,7.18,-23.2
46.74641809744022,49.069885970423975,10.306775128883338,28.868977921059454,69.2707940197885,0.6167297754154554,2925303,2,1,0.46760639739766874,True,5.43,-46.7
30.261857244677806,32.58532511766156,13.262091848954292,6.592102734048929,58.57854750127419,0.5978066616542285,2926509,2,1,0.46760639739766874,True,7.169999999999998,-28.7
25.509312461726726,27.832780334710485,13.83741104219867,0.7119530527242297,54.95360761669673,0.5758581994317403,2927101,2,1,0.46760639739766874,True,7.18,-23.3
48.23208578264778,50.555553655631535,12.645349556558656,25.771123952857018,75.33998335840604,0.5788074404792118,2927309,2,1,0.46760639739766874,True,5.270000000000003,-47.8
44.1244631845016,46.447931057485356,11.487813305596172,23.932230717396827,68.96363139757388,0.6087738529760447,2928604,2,1,0.46760639739766874,True,5.82,-43.8
46.51191625320782,48.83538412619158,13.112961290741572,23.13445226567023,74.53631598671292,0.5784252460011317,2929107,2,1,0.46760639739766874,True,5.530000000000001,-45.9
34.456043189252426,36.77951106223618,13.112961290741572,11.078579201714835,62.48044292275752,0.5996569626850765,2929255,2,1,0.46760639739766874,True,6.890000000000001,-33.2
27.13497049820253,29.45843837118629,16.458733504351358,0.0,61.71696327085766,0.5225680176880275,2929370,2,1,0.46760639739766874,True,7.190000000000001,-23.2
20.6822297149842,23.00569758796796,11.34403608234406,0.7717954272507441,45.239599748685166,0.6379510768271286,2930105,2,1,0.46760639739766874,True,7.110000000000003,-19.9
27.146576843389703,29.47004471637346,13.112961290741572,3.7691128558521143,55.1709765768948,0.5975769860520932,2930808,2,1,0.46760639739766874,True,7.210000000000001,-25.5
50.2612314128844,52.584699285868155,15.24673175167921,22.701654170633606,82.46774440110269,0.5499837974790429,2931806,2,1,0.46760639739766874,True,5.0,-49.5
45.46054338876868,47.78401126175243,12.668162793355565,22.954868436485192,72.61315408701967,0.5876481452953544,2932002,2,1,0.46760639739766874,True,5.690000000000005,-44.9
31.17245072279261,33.49591859577637,12.611870007208385,8.777107603947016,58.21472958760572,0.612472471281408,2932705,2,1,0.46760639739766874,True,7.100000000000001,-30.0
35.340111883063436,37.66357975604719,13.83741104219867,10.542752474060936,64.78440703803344,0.5865631487331161,2932804,2,1,0.46760639739766874,True,6.890000000000001,-33.8
45.48208910886676,47.805556981850515,15.758690347976234,16.919091456298116,78.69202250740291,0.5531175241738916,2933174,2,1,0.46760639739766874,True,5.809999999999995,-44.1
80.83283490296321,83.15630277594697,21.991162799861577,40.05441571006125,100.0,0.4429374047639275,3100401,2,1,0.46760639739766874,True,-7.400000000000006,-87.4
86.04718421834288,88.37065209132663,24.72335011529931,39.91377628816578,100.0,0.3674658151866156,3100708,2,1,0.46760639739766874,True,-16.799999999999997,-96.8
92.59835260459518,94.92182047757893,19.638240452820423,56.43157647031333,100.0,0.22367663926188813,3100807,2,0,0.46760639739766874,True,-20.0,-100.0
70.2133434399876,72.53681131297135,17.181411991489156,38.86186260610799,100.0,0.5167870589039463,3101631,2,0,0.46760639739766874,True,1.2600000000000051,-72.0
43.17369772443826,45.49716559742202,20.7814391804684,4.76629325679437,86.22803793804965,0.5065811098830847,3102209,2,0,0.46760639739766874,False,6.340000000000003,-39.5
49.76858932103487,52.09205719401862,15.024676070044727,22.644233217350152,81.53988117068708,0.5536838417167083,3102308,2,0,0.46760639739766874,True,5.119999999999997,-49.0
44.49163790295896,46.81510577594272,19.159252228944922,9.263661436491908,84.36655011539352,0.5221622790884921,3102407,2,0,0.46760639739766874,True,6.080000000000005,-41.8
56.339720848352584,58.66318872133634,11.545559326765298,36.034308259505835,81.29206918316683,0.5536310863523546,3102605,2,0,0.46760639739766874,True,3.9200000000000017,-56.3
70.0987052043279,72.42217307731165,13.333197492552536,46.28958619314892,98.55475996147439,0.49365184239731197,3104304,2,0,0.46760639739766874,True,1.4099999999999966,-70.8
56.700359911854385,59.02382778483814,17.662591300198834,24.40578496279793,93.64187060687834,0.530601585297912,3104452,2,0,0.46760639739766874,True,3.8800000000000026,-56.5
45.93188517709612,48.255353050079876,13.066313543484886,22.64584909414156,73.86485700601818,0.579899582280201,3104502,2,1,0.46760639739766874,True,5.590000000000003,-45.3
49.797029683390946,52.1204975563747,19.010776539097378,14.860060221604819,89.38093489114458,0.5266207980340224,3104809,2,1,0.46760639739766874,True,5.189999999999998,-48.2
61.258647198513565,63.58211507149732,26.156778648865746,12.315770968134188,100.0,0.5302899908768864,3105202,2,0,0.46760639739766874,True,2.8699999999999903,-62.7
48.876353908185436,51.19982178116919,16.531387378386455,18.79889790505171,83.60074565728667,0.5428771141949876,3107505,2,0,0.46760639739766874,True,5.279999999999994,-47.7
56.678793743107335,59.00226161609109,13.505474229163177,32.53201853279741,85.47250469938476,0.5423897068800124,3107901,2,0,0.46760639739766874,True,3.8399999999999963,-56.6
78.72318910819983,81.04665698118359,17.27245849515837,47.19326040621027,100.0,0.4758401317974376,3108206,2,1,0.46760639739766874,True,-1.7999999999999972,-81.8
75.9920350668135,78.31550293979726,12.372348871484773,54.066144747522316,100.0,0.4650431714763723,3108552,2,1,0.46760639739766874,True,0.5300000000000011,-76.7
54.51331234829889,56.836780221282645,20.36874781721068,16.914768089370867,96.75879235319442,0.5235525632255587,3108701,2,0,0.46760639739766874,True,4.339999999999996,-53.7
62.564261730612166,64.88772960359593,15.067509414784764,35.3559538138996,94.41950539329225,0.5241394240831106,3109105,2,0,0.46760639739766874,True,2.799999999999997,-63.0
79.91999429331064,82.24346216629439,15.067509414784764,52.71168637659807,100.0,0.4408186268890015,3109204,2,1,0.46760639739766874,True,-2.0,-82.0
42.526744570454,44.850212443437755,16.605785451404092,12.303471023686527,77.39695386318897,0.5443481053942957,3109451,2,0,0.46760639739766874,True,6.200000000000003,-40.5
55.302225672395366,57.62569354537912,14.211798931706607,29.77107948370935,85.48030760704889,0.5452182638372056,3109907,2,0,0.46760639739766874,True,4.140000000000001,-55.1
62.52409888990679,64.84756676289055,24.306846627694956,17.20702279486956,100.0,0.5320103797266896,3110202,2,0,0.46760639739766874,True,2.5999999999999943,-64.2
72.69778866605938,75.02125653904314,19.989006309433808,35.84352408580896,100.0,0.5310780337881549,3111705,2,0,0.46760639739766874,True,0.5799999999999983,-76.0
51.59802574907783,53.92149362206158,13.567051072464754,27.330562143615143,80.51242510050801,0.5591363987718281,3112604,2,0,0.46760639739766874,True,4.739999999999995,-51.2
81.35304866222678,83.67651653521054,14.744683372944742,54.77746816079227,100.0,0.4015468719131011,3112802,2,1,0.46760639739766874,True,-3.4000000000000057,-83.4
63.91635117679235,66.2398190497761,15.93336756462479,35.01099247067283,97.46864562887936,0.5210268441496128,3113503,2,0,0.46760639739766874,True,2.480000000000004,-64.6
70.04966802632937,72.37313589931313,11.805297399663923,49.23517816918748,95.51109362943876,0.48536610667157076,3114303,2,0,0.46760639739766874,True,1.539999999999992,-70.4
76.13744270917427,78.46091058215802,12.516447854163586,53.92912357362374,100.0,0.4659079936747194,3114501,2,0,0.46760639739766874,True,0.4899999999999949,-76.9
52.69889795813093,55.02236583111468,15.067509414784764,25.490590041418354,84.55414162081101,0.546957443196067,3114550,2,0,0.46760639739766874,True,4.599999999999994,-52.2
69.98721721572801,72.31068508871176,13.407566312355815,46.03233799616186,98.58903218126167,0.4949214005205073,3115102,2,0,0.46760639739766874,True,1.4399999999999977,-70.7
66.38261971804305,68.7060875910268,21.991162799861577,25.60420052514108,100.0,0.5334113108888477,3115201,2,1,0.46760639739766874,True,1.75,-68.8
75.47012926231305,77.7935971352968,13.097250847334953,52.12345717803359,100.0,0.4737138788179788,3115508,2,0,0.46760639739766874,True,0.5300000000000011,-76.4
74.3609462382545,76.68441411123825,18.867390960500106,39.70500734642146,100.0,0.5256852320836077,3116209,2,1,0.46760639739766874,True,0.4000000000000057,-77.5
69.99391109590444,72.31737896888819,14.182567091817148,44.520058260603605,100.0,0.4997924365509152,3117108,2,0,0.46760639739766874,True,1.4099999999999966,-70.9
56.22675570277528,58.550223575759034,11.010754273292331,36.969541757485565,80.1309053940325,0.5563254621691154,3118007,2,0,0.46760639739766874,True,3.9099999999999966,-56.2
56.483600577437485,58.80706845042124,18.867390960500106,21.827661685604447,95.78647521523803,0.5287935149383928,3119203,2,0,0.46760639739766874,True,3.969999999999999,-56.2
49.096894801878626,51.42036267486238,21.472955224201147,9.334143793786922,93.50658155593783,0.5128104489654488,3120003,2,0,0.46760639739766874,True,5.409999999999997,-46.7
56.0420608795946,58.365528752578356,16.387761161302215,26.246107089181713,90.48495041597499,0.5358460335015062,3120508,2,0,0.46760639739766874,True,4.040000000000006,-55.8
78.13060684956118,80.45407472254493,17.985830329976526,45.20249504374278,100.0,0.489929274295945,3120607,2,0,0.46760639739766874,True,-1.5,-81.5
91.08305254494152,93.40652041792528,19.472657888077748,55.24081227402309,100.0,0.2455755241618992,3120839,2,1,0.46760639739766874,True,-18.0,-98.0
65.22271495423581,67.54618282721957,10.719640724995443,46.53607307901966,88.55629257541946,0.5068406069105629,3120904,2,0,0.46760639739766874,True,2.430000000000007,-65.3
61.815383757641264,64.13885163062503,20.17502320964769,24.596532752455857,100.0,0.5276841467027416,3121308,2,0,0.46760639739766874,True,2.8400000000000034,-62.7
77.763112705801,80.08658057878476,17.662591300198834,45.46853775674455,100.0,0.49804442538334937,3121407,2,1,0.46760639739766874,True,-0.9000000000000057,-80.9
45.53780793082839,47.86127580381215,19.313108198168976,10.00827930587569,85.7142723017486,0.5216523876813852,3121902,2,0,0.46760639739766874,True,5.909999999999997,-43.0
49.59447101593615,51.917938888919906,12.788567216051465,26.852807731589365,76.98307004625045,0.5717342860793266,3122009,2,0,0.46760639739766874,True,5.029999999999994,-49.2
51.48920599771895,53.8126738707027,14.900576720224548,24.608080150186623,83.01726759121878,0.5509269025567863,3122355,2,0,0.46760639739766874,True,4.82,-50.9
63.59166885771069,65.91513673069444,16.387761161302215,33.7957150672978,98.03455839409108,0.5229889343376202,3122405,2,0,0.46760639739766874,True,2.5600000000000023,-64.3
43.87724886461861,46.20071673760236,15.200698454487988,16.40789522695224,75.99353824825248,0.5585581052201299,3122454,2,0,0.46760639739766874,True,5.939999999999998,-42.5
55.96717285149989,58.290640724483644,18.594833091094653,21.84543756740451,94.73584388156277,0.5284964221538659,3122470,2,0,0.46760639739766874,True,4.019999999999996,-55.6
73.52283192995286,75.84629980293661,19.313108198168976,37.993303305000154,100.0,0.527733840329145,3123304,2,0,0.46760639739766874,True,0.4899999999999949,-76.7
81.59168249392377,83.91515036690753,13.83741104219867,56.794323084921274,100.0,0.388611601602014,3123908,2,0,0.46760639739766874,True,-3.200000000000003,-83.2
79.17758270032989,81.50105057331365,24.72335011529931,33.04417477015279,100.0,0.4757935377305595,3124609,2,1,0.46760639739766874,True,-7.299999999999997,-87.3
56.64926451988522,58.97273239286898,15.87392029898627,27.86042031339659,90.08504447234135,0.5358217199087797,3124906,2,0,0.46760639739766874,True,3.8999999999999986,-56.5
67.86471797783832,70.18818585082208,25.6448039193748,19.925293778255835,100.0,0.5473635961952918,3125200,2,0,0.46760639739766874,True,1.2399999999999949,-72.0
75.49678339781497,77.82025127079872,21.231848212698676,36.20659344868819,100.0,0.5408852190909081,3125507,2,0,0.46760639739766874,True,-0.09999999999999432,-80.1
60.87525113620977,63.198719009193525,14.271549240491193,35.226996494240815,91.17044152414623,0.5282453830959803,3126208,2,0,0.46760639739766874,True,3.1099999999999923,-61.1
53.5797428925714,55.90321076555516,15.702830926722369,25.126227693857587,86.68019383725272,0.5420140165131314,3126901,2,0,0.46760639739766874,True,4.460000000000001,-53.1
53.14602309419262,55.46949096717638,12.991676907171538,30.006272130339436,80.93270980401331,0.5578486279419399,3127008,2,0,0.46760639739766874,True,4.460000000000001,-52.9
41.59747956388898,43.92094743687274,21.231848212698676,2.3072896147622046,85.53460525898325,0.49810322452691896,3127057,2,0,0.46760639739766874,True,6.520000000000003,-37.3
53.96111905515663,56.284586928140385,11.003010754011392,34.71908212877115,77.85009172750962,0.5705270622870032,3127107,2,0,0.46760639739766874,True,4.340000000000003,-53.9
52.325446562424844,54.6489144354086,17.874896572436914,19.614760926053783,89.68306794476341,0.532795512996887,3127206,2,0,0.46760639739766874,True,4.719999999999999,-51.4
57.44275147279672,59.76621934578048,31.239545174891912,0.0,100.0,0.5148585370910361,3127354,2,0,0.46760639739766874,True,3.8299999999999983,-57.1
61.553391724967796,63.87685959795155,18.46517853068442,27.68577470970785,100.0,0.5261911932253708,3127404,2,0,0.46760639739766874,True,2.8900000000000006,-62.2
52.123451847066185,54.44691972004994,10.29882154445924,34.26160040970465,74.63223903039523,0.5858290849867555,3127701,2,0,0.46760639739766874,True,4.579999999999998,-52.1
58.564454262560034,60.88792213554379,13.407566312355815,34.60957504299388,87.1662692280937,0.5363126520296271,3128105,2,0,0.46760639739766874,True,3.509999999999998,-58.6
76.79300688637906,79.11647475936282,16.250625400892414,47.2658342473619,100.0,0.5018049906614671,3128600,2,1,0.46760639739766874,True,0.09000000000000341,-79.1
53.588968197368665,55.91243607035242,11.30578142538929,33.753511659507495,78.07136048119735,0.5680367836695895,3128709,2,0,0.46760639739766874,True,4.350000000000001,-53.5
74.00901161478072,76.33247948776447,18.46517853068442,40.14139459952077,100.0,0.5228353669137727,3129103,2,0,0.46760639739766874,True,0.4899999999999949,-76.9
49.65230166985135,51.9757695428351,17.365989065951233,17.939056417654307,86.01248266801589,0.5356571382774727,3129202,2,0,0.46760639739766874,True,5.130000000000003,-48.4
42.13969430534222,44.46316217832597,21.001594576256924,3.3007931909506567,85.62553116570129,0.5020294621068998,3129905,2,0,0.46760639739766874,True,6.469999999999999,-38.1
71.09990685427478,73.42337472725853,16.531387378386455,41.02245085114105,100.0,0.511982964139592,3130408,2,0,0.46760639739766874,True,1.1200000000000045,-72.8
46.8317891104418,49.15525698342555,14.153751658325884,21.41441348698275,76.89610047986835,0.5655106026316599,3130507,2,0,0.46760639739766874,True,5.490000000000002,-46.0
44.94128092250973,47.26474879549349,17.006371439560397,13.932873266244513,80.59662432474246,0.5411023991460586,3130705,2,0,0.46760639739766874,True,5.920000000000002,-43.1
54.0243913357811,56.34785920876485,26.156778648865746,5.081515105401721,100.0,0.5076581635348427,3130804,2,0,0.46760639739766874,True,4.550000000000004,-52.3
64.16029570344176,66.48376357642552,15.439694842365032,36.222517753101215,96.7450093997498,0.5203065827896952,3131802,2,0,0.46760639739766874,True,2.469999999999999,-64.8
50.53040396141167,52.85387183439543,23.548213354681533,6.700221758954484,99.00752190983636,0.5068800830993877,3132602,2,0,0.46760639739766874,True,5.259999999999998,-48.0
57.63522917087704,59.958697043860795,15.594443408981356,29.394149603309305,90.52324448441227,0.5345262719479642,3133006,2,0,0.46760639739766874,True,3.710000000000001,-57.6
52.28670876984674,54.610176642830496,12.96285608190611,29.203445585518516,80.01690770014247,0.561911061173984,3133600,2,0,0.46760639739766874,True,4.630000000000003,-52.0
71.5969591424236,73.92042701540736,13.388655783986307,47.6791438773903,100.0,0.4895595050845379,3133709,2,0,0.46760639739766874,True,1.1699999999999875,-72.4
62.95078555386738,65.27425342685113,10.671161586832321,44.35916104345249,86.18934581024978,0.519273725562138,3134202,2,0,0.46760639739766874,True,2.7900000000000063,-63.0
55.85191922095477,58.175387093938525,11.553103596991765,35.531720134174506,80.81905405370253,0.5576245022527929,3134400,2,0,0.46760639739766874,True,4.050000000000004,-55.8
61.27379285704867,63.597260730032424,23.548213354681533,17.44361065459148,100.0,0.5281459230166492,3135001,2,0,0.46760639739766874,True,2.8600000000000065,-62.4
43.05750856964593,45.38097644262969,11.124042656773264,23.578253472866827,67.18369941239254,0.6190015849702533,3135050,2,0,0.46760639739766874,True,5.950000000000003,-42.8
49.69916416408586,52.02263203706961,10.803175364526671,30.848797403926962,73.19646667021226,0.5953588435548767,3135100,2,0,0.46760639739766874,True,5.030000000000001,-49.6
66.30151168344862,68.62497955643238,17.560938194400112,34.206173160674304,100.0,0.5216850779922513,3135407,2,0,0.46760639739766874,True,1.980000000000004,-67.6
57.529837509261384,59.85330538224514,13.861863727767359,32.68455171721897,87.0220590472713,0.5386967797852882,3135506,2,0,0.46760639739766874,True,3.700000000000003,-57.5
53.399026872215686,55.72249474519944,19.81022351810815,16.895170124019096,94.54981936637978,0.5247039393949918,3136405,2,0,0.46760639739766874,True,4.550000000000004,-52.4
43.636944365616245,45.9604122386,10.205428110466721,25.958140695272565,65.96268378192744,0.6341685525966698,3136702,2,0,0.46760639739766874,True,5.859999999999999,-43.6
26.872376704714654,29.195844577698413,15.24673175167921,0.0,59.078889692932954,0.5476167806318324,3137007,2,0,0.46760639739766874,True,7.219999999999999,-23.8
86.08273337455009,88.40620124753384,19.159252228944922,50.85475690808303,100.0,0.3304198463499916,3137106,2,1,0.46760639739766874,True,-11.700000000000003,-91.7
56.21894326855752,58.54241114154127,10.732143197021122,37.507796998453315,79.57702528462923,0.5606381334294478,3138203,2,0,0.46760639739766874,True,3.979999999999997,-56.2
58.68299247504768,61.00646034803144,11.50182993192586,38.46328792515197,83.5496327709109,0.5416688550878169,3138401,2,0,0.46760639739766874,True,3.509999999999998,-58.7
54.595948005368996,56.91941587835275,13.3514750198035,30.75100569905168,83.08782605765381,0.5524542227321245,3138807,2,0,0.46760639739766874,False,4.280000000000001,-54.4
59.841347442024656,62.16481531500841,11.932680277119612,38.77719173282253,85.55243889719428,0.5365636921678794,3139003,2,0,0.46760639739766874,False,3.3599999999999994,-59.9
69.76930917186193,72.09277704484569,13.112961290741572,46.39184518432434,97.79370890536703,0.49352685997407636,3140159,2,0,0.46760639739766874,True,1.4799999999999898,-70.4
84.48046082078385,86.8039286937676,12.327999579114756,62.64149351727773,100.0,0.2905054961606846,3140902,2,1,0.46760639739766874,True,-5.5,-85.5
53.05656945794536,55.38003733092911,20.36874781721068,15.458025199017335,95.30204946284088,0.5225112086252498,3141900,2,0,0.46760639739766874,True,4.630000000000003,-51.9
92.12330756452715,94.44677543751091,16.119536275107833,62.85306489081261,100.0,0.18506557362818576,3142205,2,1,0.46760639739766874,True,-16.200000000000003,-96.2
43.992391473523426,46.31585934650718,20.36874781721068,6.393847214595404,86.23787147841895,0.5114394103611403,3142254,2,1,0.46760639739766874,True,6.199999999999996,-40.7
49.05688504008943,51.38035291307319,13.567051072464754,24.78942143462675,77.97128439151962,0.5664295021725483,3142700,2,0,0.46760639739766874,True,5.149999999999999,-48.5
63.48868039363761,65.81214826662136,11.295260309962808,43.67384486308953,87.9504516701532,0.5182838283103414,3143104,2,0,0.46760639739766874,True,2.729999999999997,-63.6
84.05891594645254,86.3823838194363,14.670532133784564,57.628669203181,100.0,0.33176383898520156,3143500,2,1,0.46760639739766874,True,-6.299999999999997,-86.3
77.30572574107632,79.62919361406007,15.87392029898627,48.51688153458768,100.0,0.4995176275203437,3144359,2,1,0.46760639739766874,True,0.10999999999999943,-79.5
55.0185580031408,57.34202587612455,10.44561573818082,36.868995232945366,77.81505651930374,0.5672020189022463,3145208,2,0,0.46760639739766874,True,4.109999999999999,-55.0
66.58360829829552,68.90707617127927,18.72882643495042,32.19925088607474,100.0,0.5258184121784821,3145455,2,0,0.46760639739766874,True,1.9200000000000017,-68.2
61.16790370905708,63.491371582040834,23.915944686906293,16.61698133945243,100.0,0.5283110448478675,3145505,2,0,0.46760639739766874,True,2.8900000000000006,-62.3
66.0758953672278,68.39936324021156,31.239545174891912,7.170979804011374,100.0,0.5557597946750921,3145703,2,0,0.46760639739766874,True,1.3799999999999955,-71.4
55.537867285385566,57.86133515836932,11.023405638501092,36.25585711993142,79.46681319680722,0.5608753966997131,3146107,2,0,0.46760639739766874,True,4.049999999999997,-55.5
74.7223417679745,77.04580964095825,21.001594576256924,35.88344065358294,100.0,0.5389588778586594,3146404,2,0,0.46760639739766874,True,0.09999999999999432,-79.0
61.888821663207054,64.21228953619081,17.560938194400112,29.793483140432734,98.63109593194888,0.5269613686898247,3146552,2,0,0.46760639739766874,True,2.9000000000000057,-62.5
69.44768273734064,71.7711506103244,36.41411428103307,0.4007980905739146,100.0,0.5893913823414113,3146602,2,0,0.46760639739766874,True,0.0,-80.0
69.02105470872526,71.34452258170901,10.499201764882917,50.76646525611912,91.92257990729891,0.4823551104039639,3148004,2,0,0.46760639739766874,True,1.7800000000000011,-69.1
57.03269767628616,59.35616554926992,12.14409564556832,35.55417545914631,83.15815563939353,0.5482979315549569,3148707,2,1,0.46760639739766874,True,3.8299999999999983,-57.0
31.55525628541243,33.87872415839619,15.648093425642944,3.209024617418013,64.54842369937435,0.5491124399868232,3149150,2,0,0.46760639739766874,True,7.110000000000003,-28.7
59.40575750902954,61.7292253820133,19.313108198168976,23.876228884076838,99.58222187994974,0.5274674816490439,3149200,2,0,0.46760639739766874,True,3.3599999999999994,-59.7
58.9851648846829,61.30863275766666,10.959019257803044,39.82934970649181,82.78791580884149,0.5432841886229406,3149309,2,0,0.46760639739766874,True,3.5,-59.0
63.307355936478274,65.63082380946203,17.985830329976526,30.379244130659877,100.0,0.5252510928747488,3149606,2,0,0.46760639739766874,True,2.569999999999993,-64.2
46.52268210074209,48.84614997372584,15.594443408981356,18.281602533174354,79.41069741427732,0.5528979607443636,3149952,2,1,0.46760639739766874,True,5.6200000000000045,-45.3
62.23801735491188,64.56148522789564,15.648093425642944,33.89178568691747,95.23118476887382,0.5244217019950125,3151107,2,0,0.46760639739766874,True,2.819999999999993,-62.7
57.32204397779376,59.64551185077752,12.100911296184352,35.928161530142276,83.36286217141276,0.5458718693386537,3151503,2,0,0.46760639739766874,True,3.740000000000002,-57.3
60.84385226476191,63.16732013774566,17.662591300198834,28.549277315705453,97.78536295978586,0.5280450829075364,3152131,2,0,0.46760639739766874,True,3.1099999999999994,-61.3
42.68862326487227,45.012091137856025,13.674787220343259,18.210000689734635,71.81418158597741,0.5810590263936073,3152402,2,0,0.46760639739766874,False,6.109999999999999,-41.7
75.33098232200088,77.65445019498463,18.339646297791745,41.70940396210947,100.0,0.5220799676911483,3152600,2,0,0.46760639739766874,True,0.269999999999996,-78.4
71.66467486769126,73.98814274067502,15.815707629246885,42.98992539733575,100.0,0.506857107944949,3152709,2,0,0.46760639739766874,True,1.0600000000000023,-73.2
57.25836523163713,59.581833104620884,19.989006309433808,20.404100651386706,98.75956555785504,0.5268864436166388,3153103,2,0,0.46760639739766874,True,3.8299999999999983,-57.1
72.09101221823829,74.41448009122205,21.231848212698676,32.800822269111514,100.0,0.5370661427754362,3153301,2,0,0.46760639739766874,True,0.5900000000000034,-75.8
70.46018536335225,72.78365323633601,16.922191079972325,39.61676818008528,100.0,0.5145272221468992,3154101,2,1,0.46760639739766874,True,1.2000000000000028,-72.2
81.37958366324564,83.7030515362294,21.72575106883852,41.121361904223306,100.0,0.4323299857955378,3155009,2,0,0.46760639739766874,True,-7.900000000000006,-87.9
53.64843641906748,55.971904292051235,18.21803450836902,20.265212786540083,91.67859579756238,0.5316773380866124,3155108,2,0,0.46760639739766874,True,4.520000000000003,-52.9
68.62260611538184,70.9460739883656,20.570697590463105,30.628247574193033,100.0,0.5324278544923141,3155306,2,0,0.46760639739766874,True,1.4200000000000017,-71.2
40.77495033662064,43.0984182096044,15.439694842365032,12.837172386280098,73.35966403292869,0.5595059756399917,3155405,2,0,0.46760639739766874,True,6.409999999999997,-39.0
57.20588627867343,59.52935415165719,10.538155187908194,38.87494951986319,80.18375878345117,0.553243674508671,3156700,2,0,0.46760639739766874,True,3.739999999999995,-57.2
53.18675300907841,55.510220882062164,20.7814391804684,14.779348541434516,96.24109322268981,0.5212943609709589,3157278,2,0,0.46760639739766874,True,4.619999999999997,-52.0
78.83383211609929,81.15729998908304,19.81022351810815,42.3299753679027,100.0,0.4767073088956818,3157377,2,1,0.46760639739766874,True,-3.4000000000000057,-83.4
58.24317490965939,60.56664278264314,19.313108198168976,22.713646284706684,98.41963928057959,0.5279328354087239,3158607,2,0,0.46760639739766874,True,3.6200000000000045,-58.3
60.52636567113652,62.84983354412027,17.181411991489156,29.17488483725691,96.52478225098363,0.5278445133070271,3159001,2,0,0.46760639739766874,True,3.1499999999999986,-60.9
83.0247204947563,85.34818836774005,17.365989065951233,51.311475242559254,100.0,0.37905291493548604,3159209,2,0,0.46760639739766874,True,-6.799999999999997,-86.8
63.458346779101184,65.78181465208495,23.915944686906293,18.907424409496542,100.0,0.5331267928951098,3159407,2,0,0.46760639739766874,True,2.3699999999999903,-65.4
79.92118163960701,82.24464951259077,17.662591300198834,47.62660669055056,100.0,0.4494365819581333,3159506,2,0,0.46760639739766874,True,-3.4000000000000057,-83.4
70.13283333931169,72.45630121229544,20.36874781721068,32.534289080383665,100.0,0.5313776220200606,3159704,2,0,0.46760639739766874,True,1.0600000000000023,-73.0
62.47532516518799,64.79879303817175,15.99409040926748,33.45095187052999,96.14663420581351,0.5237120764002385,3160306,2,1,0.46760639739766874,True,2.75,-63.0
66.34893957540798,68.67240744839174,19.472657888077748,30.50669930448955,100.0,0.5273821313864355,3161056,2,1,0.46760639739766874,True,1.9100000000000108,-68.1
75.90560172750382,78.22906960048758,17.560938194400112,43.8102632047295,100.0,0.5143301382247306,3161205,2,0,0.46760639739766874,True,0.1599999999999966,-78.7
68.1736911427724,70.49715901575615,22.27022232814225,26.84832532489758,100.0,0.5369003584958333,3161650,2,0,0.46760639739766874,True,1.3599999999999994,-71.2
75.647402702782,77.97087057576576,12.244209601025059,53.97266073859709,100.0,0.4628817372548186,3162005,2,1,0.46760639739766874,True,0.5300000000000011,-76.3
73.91270377940721,76.23617165239096,21.231848212698676,34.62251383028043,100.0,0.5405876391182859,3162302,2,1,0.46760639739766874,True,0.30000000000001137,-78.1
65.26776726899561,67.59123514197937,12.70314978626068,42.69351907069074,92.48895121326798,0.511579429975767,3162401,2,1,0.46760639739766874,True,2.3599999999999994,-65.6
75.61846155595234,77.94192942893609,13.505474229163177,51.47168634564241,100.0,0.47868486009106614,3162559,2,1,0.46760639739766874,True,0.519999999999996,-76.7
80.77928527282107,83.10275314580483,15.93336756462479,51.873926566701556,100.0,0.42280097138135747,3162609,2,1,0.46760639739766874,True,-3.4000000000000057,-83.4
69.99957078231344,72.3230386552972,12.496205203675183,47.83092651267182,96.81515079792257,0.48904984074197366,3162708,2,0,0.46760639739766874,True,1.480000000000004,-70.5
74.0421586595773,76.36562653256105,19.472657888077748,38.199918388658865,100.0,0.5283382080261947,3163201,2,0,0.46760639739766874,True,0.3499999999999943,-77.4
51.523136761057415,53.84660463404117,15.155498842886857,24.14237273424446,83.55083653383787,0.5494498124036931,3164209,2,0,0.46760639739766874,True,4.829999999999998,-50.9
65.40670153396373,67.73016940694748,10.836453953759907,46.491109937451384,88.96922887644357,0.5044114537825395,3164704,2,0,0.46760639739766874,True,2.3499999999999943,-65.5
88.18566986574618,90.50913773872993,14.241456459785827,62.596395990154406,100.0,0.23027977876531702,3165008,2,0,0.46760639739766874,True,-10.5,-90.5
47.82559345178391,50.149061324767665,19.159252228944922,12.597616985316854,87.70050566421847,0.5247822826690428,3165503,2,0,0.46760639739766874,True,5.540000000000006,-45.8
62.377856007183496,64.70132388016725,24.306846627694956,17.06077991214626,100.0,0.5314580863368751,3166402,2,0,0.46760639739766874,True,2.6200000000000045,-64.0
74.33432577023841,76.65779364322216,20.7814391804684,35.926921302594515,100.0,0.5378037848258154,3169059,2,0,0.46760639739766874,True,0.22999999999998977,-78.4
50.81447796626151,53.13794583924526,11.048035779838413,31.484193610852078,74.79169806763844,0.5853536670907682,3169307,2,0,0.46760639739766874,True,4.82,-50.7
54.12297091831849,56.44643879130224,10.425195554672232,36.01343097235759,76.87944661024689,0.5731936236644647,3171204,2,0,0.46760639739766874,True,4.269999999999996,-54.1
62.61869423870111,64.94216211168487,11.135844896627015,43.11630717687175,86.76801704649797,0.52069178933165,3171303,2,0,0.46760639739766874,True,2.819999999999993,-62.7
57.909012652197596,60.23248052518135,17.767198626547938,25.40941111097787,95.05554993938483,0.5306758065365872,3171709,2,0,0.46760639739766874,True,3.700000000000003,-57.9
90.22673832898394,92.5502062019677,13.652706698126625,65.79139278215075,100.0,0.17898326284266314,3200136,2,0,0.46760639739766874,True,-12.299999999999997,-92.3
73.51726227496495,75.8407301479487,13.91174671520702,48.57420762409954,100.0,0.48736344996634934,3200706,2,0,0.46760639739766874,True,0.8000000000000114,-74.6
75.9920350668135,78.31550293979726,12.372348871484773,54.066144747522316,100.0,0.46375852382137833,3201001,2,0,0.46760639739766874,True,0.4899999999999949,-76.7
76.419779391434,78.74324726441776,13.369959915882527,52.53860735454383,100.0,0.47306875957479727,3201704,2,0,0.46760639739766874,True,0.3400000000000034,-77.5
63.66359072012668,65.98705859311043,14.241456459785827,38.074316844534906,93.89980034168596,0.5205226402727247,3202256,2,0,0.46760639739766874,True,2.6200000000000045,-64.1
74.98558939064259,77.30905726362634,14.271549240491193,49.337334748673634,100.0,0.4882874916284911,3202603,2,1,0.46760639739766874,True,0.5900000000000034,-76.3
60.853188074226274,63.17665594721003,11.059956083566119,41.49954035282576,84.85377154159428,0.5321886956200372,3202801,2,0,0.46760639739766874,True,3.1699999999999946,-60.9
76.40162454709852,78.72509242008228,14.707304711217077,49.89930487644054,100.0,0.48928422859599724,3202900,2,0,0.46760639739766874,True,0.3299999999999983,-78.0
67.94158696371989,70.26505483670364,12.72700224770963,45.320588800032446,95.20952087337483,0.4985877081338766,3204302,2,1,0.46760639739766874,True,1.8199999999999932,-68.4
72.80551761568198,75.12898548866573,16.184351110676886,43.4082401985882,100.0,0.5069266253725436,3205150,2,1,0.46760639739766874,True,0.8100000000000023,-74.6
59.18763562184284,61.51110349482659,14.941229201018242,32.226832376072664,90.79537461358052,0.5333077042673262,3300159,2,0,0.46760639739766874,True,3.460000000000001,-59.3
50.69815815020501,53.021626023188766,11.707738779508304,30.074879674949557,75.96837237142798,0.5788196510489465,3300258,2,0,0.46760639739766874,True,4.850000000000001,-50.5
59.192907051750616,61.51637492473437,10.412210625535009,41.10881709924048,81.92393275022826,0.5429681119297013,3300407,2,0,0.46760639739766874,True,3.4399999999999977,-59.2
34.75597981667086,37.079447689654614,10.194546922092718,17.098502883649225,57.06039249566,0.6680736814615286,3300456,2,1,0.46760639739766874,True,6.809999999999995,-34.7
54.613865434078754,56.93733330706251,10.306775128883338,36.73642525769799,77.13824135642702,0.5717073214130243,3300704,2,1,0.46760639739766874,True,4.199999999999996,-54.6
38.745392342602855,41.06886021558661,10.191262912837596,21.094351949446153,61.04336848172706,0.6537809692641785,3301009,2,1,0.46760639739766874,True,6.399999999999999,-38.7
51.32355541666873,53.64702328965249,10.26848613782307,33.52116028377047,73.7728862955345,0.5921351563773286,3301900,2,1,0.46760639739766874,True,4.740000000000002,-51.3
58.76750839021583,61.090976263199586,12.437431776475156,36.714057921134255,85.46789460526492,0.5390388147593708,3304003,2,1,0.46760639739766874,True,3.510000000000005,-58.8
49.52079152317859,51.84425939616234,14.097334234091866,24.21399201931873,79.47452677300595,0.5616076222583495,3304128,2,0,0.46760639739766874,True,5.130000000000003,-48.9
66.16308579080815,68.48655366379191,11.800148256790271,45.358688068249876,91.61441925933394,0.5031592234273649,3304706,2,0,0.46760639739766874,True,2.1799999999999926,-66.4
45.725921330157,48.049389203140755,10.17529886785764,28.10616989020859,67.99260851607292,0.6227007053378704,3304904,2,1,0.46760639739766874,True,5.529999999999994,-45.7
37.669904428126486,39.99337230111024,10.261838379822155,19.880538661487954,60.10620594073252,0.6562070641105109,3305109,2,1,0.46760639739766874,True,6.519999999999996,-37.6
55.452708704867824,57.77617657785158,11.34403608234406,35.542274417134365,80.01007873856878,0.5600425290027294,3305752,2,1,0.46760639739766874,True,4.090000000000003,-55.4
64.65462676634377,66.97809463932752,13.021079433257542,41.457247910307515,92.49894136834752,0.5144551607449663,4100608,2,0,0.46760639739766874,True,2.450000000000003,-65.0
65.21170636833642,67.53517424132018,12.39980019331791,43.23201244692427,91.83833603571608,0.5107711349275679,4101002,2,0,0.46760639739766874,True,2.3700000000000045,-65.5
61.360004836173445,63.6834727091572,22.564082104458553,19.45868444021368,100.0,0.5285564395578689,4101051,2,0,0.46760639739766874,True,2.8999999999999986,-62.4
81.93174337651288,84.25521124949664,10.491579054453329,63.692094161813316,100.0,0.34252433085809003,4101408,2,1,0.46760639739766874,True,-2.0999999999999943,-82.1
78.87751691273094,81.2009847857147,12.115106589311159,57.455812201800924,100.0,0.44841314171208735,4102109,2,1,0.46760639739766874,True,0.030000000000001137,-79.6
71.63375021083833,73.95721808382208,13.962978047847587,46.59028399311742,100.0,0.49350834043431746,4102604,2,0,0.46760639739766874,True,1.1300000000000097,-72.6
73.82544000105432,76.14890787403807,18.72882643495042,39.441082588833545,100.0,0.5247165618885985,4102752,2,0,0.46760639739766874,True,0.5100000000000051,-76.8
81.07544226109658,83.39891013408034,18.867390960500106,46.419503369263545,100.0,0.42851845261021804,4103958,2,0,0.46760639739766874,True,-5.5,-85.5
70.23841014508405,72.5618780180678,10.875059710825695,51.247152655126854,93.87660338100874,0.4771993628701253,4104006,2,1,0.46760639739766874,True,1.539999999999992,-70.4
78.59448107318818,80.91794894617193,14.744683372944742,52.01890057175366,100.0,0.4751793773457991,4104105,2,0,0.46760639739766874,True,-0.4000000000000057,-80.4
77.73034598804337,80.05381386102712,12.354402832944777,55.83962925795574,100.0,0.4560496780379179,4104501,2,0,0.46760639739766874,True,0.18999999999999773,-78.5
72.33950908246779,74.66297695545154,12.72700224770963,49.718510918780346,99.60744299212273,0.48110607397940264,4104600,2,0,0.46760639739766874,True,1.0600000000000023,-73.0
65.46206867660645,67.7855365495902,14.634350680545728,39.102736278591344,96.46833682058906,0.5145665963039182,4105003,2,1,0.46760639739766874,True,2.219999999999999,-66.1
54.58739264812884,56.910860521112596,14.634350680545728,28.228060250113735,85.59366079211145,0.5440489489600362,4105102,2,0,0.46760639739766874,True,4.230000000000004,-54.3
54.9660178021917,57.289485675175456,13.210775220865182,31.396842034425514,83.1821293159254,0.5500128986076206,4105201,2,1,0.46760639739766874,True,4.150000000000006,-54.8
80.07246810639631,82.39593597938007,13.886640088649584,55.178621539356776,100.0,0.4315083456818858,4105300,2,0,0.46760639739766874,True,-1.5999999999999943,-81.6
64.32303723895049,66.64650511193425,13.407566312355815,40.36815801938434,92.92485220448415,0.5170591444903002,4105607,2,1,0.46760639739766874,True,2.519999999999996,-64.7
64.87816065845315,67.20162853143691,10.24328347759644,47.12516183191369,87.27809523096013,0.5069466323411488,4105805,2,1,0.46760639739766874,True,2.4799999999999898,-64.9
67.67094336336912,69.99441123635287,15.99409040926748,38.646570068711114,100.0,0.5151016558217547,4106001,2,1,0.46760639739766874,True,1.7999999999999972,-68.8
77.74381892056577,80.06728679354953,12.039376746434703,56.47054197422849,100.0,0.4521573021947729,4106209,2,1,0.46760639739766874,True,0.21999999999999886,-78.4
76.3368327767139,78.66030064969766,15.594443408981356,48.09575320914617,100.0,0.4966666438739913,4106456,2,1,0.46760639739766874,True,0.23000000000000398,-78.3
79.77638684315372,82.09985471613747,12.039376746434703,58.50310989681643,100.0,0.43076944074093193,4106506,2,1,0.46760639739766874,True,-0.5,-80.5
88.92570645480149,91.24917432778524,19.81022351810815,52.421849706604895,100.0,0.28506945988545385,4106852,2,0,0.46760639739766874,True,-15.700000000000003,-95.7
81.07205217178262,83.39552004476637,15.702830926722369,52.6185369730688,100.0,0.41440182974594764,4107405,2,0,0.46760639739766874,True,-3.5999999999999943,-83.6
47.271881355160986,49.59534922814474,27.305573722731364,0.0,100.0,0.4786010982606492,4107520,2,0,0.46760639739766874,True,6.030000000000001,-42.1
82.5989171790853,84.92238505206906,16.387761161302215,52.80296338867242,100.0,0.3819476296452231,4107850,2,0,0.46760639739766874,True,-5.700000000000003,-85.7
84.91599634046051,87.23946421344426,15.758690347976234,56.35299868789187,100.0,0.3229752540207322,4109005,2,1,0.46760639739766874,True,-7.900000000000006,-87.9
71.21952052055634,73.5429883935401,13.006304348549635,48.05110029841612,99.03487648866408,0.48917411854223686,4110078,2,1,0.46760639739766874,True,1.289999999999992,-71.9
72.30205041915173,74.62551829213548,14.241456459785827,46.712776543559954,100.0,0.49508337540274544,4110201,2,1,0.46760639739766874,True,1.0499999999999972,-73.4
82.38568694058385,84.70915481356761,10.856958825787137,63.429906533390536,100.0,0.33223670520340315,4110706,2,0,0.46760639739766874,True,-2.700000000000003,-82.7
85.49195662626525,87.815424499249,14.241456459785827,59.90268275067348,100.0,0.2915782662228219,4110805,2,0,0.46760639739766874,True,-7.599999999999994,-87.6
83.18670350736319,85.51017138034695,13.244799926817882,59.55084054134515,100.0,0.33869575837931876,4111407,2,0,0.46760639739766874,True,-4.599999999999994,-84.6
81.83526603882983,84.15873391181358,15.439694842365032,53.89748808848928,100.0,0.39382888106564545,4111555,2,1,0.46760639739766874,True,-4.299999999999997,-84.3
79.15880922503514,81.4822770980189,17.985830329976526,46.230697419216746,100.0,0.4671589092203897,4111704,2,1,0.46760639739766874,True,-2.700000000000003,-82.7
78.9002105910628,81.22367846404656,18.339646297791745,45.27863223117139,100.0,0.47340106317173314,4112207,2,1,0.46760639739766874,True,-2.5999999999999943,-82.6
60.94845981265104,63.27192768563479,14.598745888463853,34.65891152479344,91.88494384647613,0.5283436821190266,4112504,2,0,0.46760639739766874,True,3.1099999999999994,-61.2
81.93541022197903,84.25887809496278,17.767198626547938,49.4358086807593,100.0,0.405279659287745,4112751,2,0,0.46760639739766874,True,-5.799999999999997,-85.8
71.96533894287151,74.28880681585527,11.920875131124335,50.92432089465237,97.65329273705817,0.4769613115004298,4113502,2,0,0.46760639739766874,True,1.1999999999999886,-72.4
57.56454817091041,59.88801604389417,17.767198626547938,25.064946629690688,94.71108545809764,0.529432360177842,4113759,2,0,0.46760639739766874,True,3.700000000000003,-57.5
90.99471402296261,93.31818189594637,14.900576720224548,64.1135881754303,100.0,0.185713620976308,4114005,2,1,0.46760639739766874,True,-14.0,-94.0
60.13835415418603,62.46182202716979,11.769875454159695,39.39329003449477,85.53035401984481,0.5331174095866311,4114104,2,1,0.46760639739766874,True,3.239999999999995,-60.2
67.1043366676865,69.42780454067025,13.69714458561344,42.5818944618301,96.2737146195104,0.5076362241791392,4114500,2,0,0.46760639739766874,True,1.9899999999999949,-67.7
74.5421928950106,76.86566076799436,15.815707629246885,45.86744342465509,100.0,0.501875158180203,4115309,2,1,0.46760639739766874,True,0.539999999999992,-76.4
87.86530545147144,90.1887733244552,15.93336756462479,58.95994674535193,100.0,0.2612614125848944,4115853,2,0,0.46760639739766874,True,-11.299999999999997,-91.3
76.29562583081292,78.61909370379668,17.662591300198834,44.00105088175647,100.0,0.5160527986938623,4117206,2,0,0.46760639739766874,True,0.12999999999999545,-79.2
76.4904314849983,78.81389935798205,13.962978047847587,51.446965267277385,100.0,0.48018245897770073,4117222,2,1,0.46760639739766874,True,0.3200000000000074,-77.8
84.0377602321809,86.36122810516466,15.390077820843425,56.197229857042856,100.0,0.33968130220458786,4117453,2,0,0.46760639739766874,True,-6.700000000000003,-86.7
71.29965145607584,73.62311932905959,11.43433816893992,51.21222833088568,96.0340103272335,0.47652852868818674,4117701,2,1,0.46760639739766874,True,1.3500000000000085,-71.6
80.27147099409672,82.59493886708047,10.694509806845149,61.63408481335357,100.0,0.40414131237728373,4118402,2,1,0.46760639739766874,True,-0.5,-80.5
61.82038074054315,64.14384861352691,11.32462402361827,41.94799338877802,86.3397038382758,0.5259147865471165,4119301,2,1,0.46760639739766874,True,2.979999999999997,-61.9
86.22910877321034,88.5525766461941,21.72575106883852,45.97088701418801,100.0,0.3469157414251871,4119657,2,0,0.46760639739766874,True,-14.099999999999994,-94.1
87.37008752924913,89.69355540223289,17.365989065951233,55.65684227705209,100.0,0.2883566566247847,4120853,2,0,0.46760639739766874,True,-11.799999999999997,-91.8
87.01646639760857,89.33993427059232,12.634092305101124,64.57756837523948,100.0,0.22987324059004394,4121406,2,1,0.46760639739766874,True,-8.299999999999997,-88.3
69.32910582271387,71.65257369569763,16.531387378386455,39.251649819580145,100.0,0.5151376768480029,4121604,2,0,0.46760639739766874,True,1.480000000000004,-70.8
73.60854976436849,75.93201763735225,13.609355532448067,49.25817094095309,100.0,0.48470141730382726,4121802,2,0,0.46760639739766874,True,0.8100000000000023,-74.6
80.4129627520333,82.73643062501705,12.62293288286347,57.99593679533829,100.0,0.41418893528333434,4122156,2,0,0.46760639739766874,True,-1.4000000000000057,-81.4
67.5136375609076,69.83710543389135,14.982589276481791,40.471770056831005,99.20244081095169,0.5117912622142868,4122602,2,1,0.46760639739766874,True,1.8799999999999955,-68.4
81.66782627233874,83.9912941453225,20.570697590463105,43.673467731149934,100.0,0.4230769249138874,4123204,2,0,0.46760639739766874,True,-7.400000000000006,-87.4
60.36362471538416,62.68709258836792,10.996904098734307,41.13355661340777,84.24062856332806,0.5345260672750018,4124103,2,1,0.46760639739766874,True,3.240000000000002,-60.4
73.76106659880882,76.08453447179258,28.661171813658335,19.90966996230769,100.0,0.554331330777252,4124301,2,0,0.46760639739766874,True,-2.299999999999997,-82.3
78.71526955954367,81.03873743252743,12.293725099099293,56.9434790024567,100.0,0.45277352361996465,4124400,2,0,0.46760639739766874,True,0.0799999999999983,-79.5
76.60407652884832,78.92754440183208,14.900576720224548,49.722950681316,100.0,0.4896252057014208,4124608,2,1,0.46760639739766874,True,0.2400000000000091,-78.3
85.2582140215745,87.58168189455826,13.630897823626837,60.86561308330425,100.0,0.289032643589741,4124806,2,0,0.46760639739766874,True,-7.0,-87.0
61.11865848868833,63.44212636167209,16.184351110676886,31.72138107159456,95.16287165174961,0.5265498251631093,4125001,2,0,0.46760639739766874,True,3.019999999999996,-61.5
78.83138005585585,81.1548479288396,19.159252228944922,43.60340358938879,100.0,0.4759678075756111,4125308,2,1,0.46760639739766874,True,-3.0,-83.0
79.47104129986059,81.79450917284434,18.21803450836902,46.08781766733319,100.0,0.4607669217667098,4125456,2,1,0.46760639739766874,True,-3.200000000000003,-83.2
67.17192777977237,69.49539565275613,10.236118438091848,49.43297217260971,89.55781913290255,0.4908265029825382,4125506,2,1,0.46760639739766874,True,2.0600000000000023,-67.2
84.71281892744581,87.03628680042956,25.168254797574075,37.70741384345694,100.0,0.38990374650918863,4125555,2,1,0.46760639739766874,True,-15.400000000000006,-95.4
89.59343451829054,91.91690239127429,14.941229201018242,62.63263127252036,100.0,0.21255563848109837,4126272,2,0,0.46760639739766874,True,-12.5,-92.5
79.78440840117618,82.10787627415993,12.516447854163586,57.576089265625654,100.0,0.43313095872291896,4126306,2,0,0.46760639739766874,True,-0.7000000000000028,-80.7
86.00701345232062,88.33048132530438,19.638240452820423,49.840237318038774,100.0,0.3357110995108691,4126405,2,0,0.46760639739766874,True,-12.0,-92.0
72.72084725108638,75.04431512407014,14.396474701202495,46.827743205371206,100.0,0.4932300819085347,4126678,2,1,0.46760639739766874,True,0.8999999999999915,-73.9
84.29561143997097,86.61907931295472,20.36874781721068,46.69706718104295,100.0,0.3726047248115042,4126900,2,1,0.46760639739766874,True,-10.5,-90.5
68.18620877601894,70.5096766490027,12.437431776475156,46.13275830693736,94.88659499106802,0.4961613185605464,4127403,2,0,0.46760639739766874,True,1.7900000000000063,-68.6
79.47410005088808,81.79756792387184,10.41715608817383,61.38031716971897,100.0,0.41795932516132805,4127700,2,0,0.46760639739766874,True,0.04000000000000625,-79.6
77.99488988295519,80.31835775593895,13.937190380717743,53.00196656405409,100.0,0.4754456359911334,4127858,2,1,0.46760639739766874,True,0.05999999999998806,-79.4
76.32376989737944,78.64723777036319,16.531387378386455,46.24631389424571,100.0,0.5056169288451349,4128658,2,0,0.46760639739766874,True,0.1799999999999926,-78.7
68.30069275747678,70.62416063046054,24.306846627694956,22.983616662439545,100.0,0.5438293468000611,4200051,2,0,0.46760639739766874,True,1.2000000000000028,-72.1
64.19129222289783,66.51476009588158,15.200698454487988,36.721938585231456,96.3075816065317,0.5190267000728552,4200408,2,0,0.46760639739766874,True,2.4399999999999977,-64.8
65.26179804615634,67.5852659191401,15.93336756462479,36.35643934003683,98.81409249824335,0.5183898752789341,4201000,2,0,0.46760639739766874,True,2.219999999999999,-66.1
76.33125269248175,78.65472056546551,17.985830329976526,43.40314088666336,100.0,0.518299036429847,4201273,2,0,0.46760639739766874,True,0.0799999999999983,-79.4
68.09655694790132,70.42002482088508,22.27022232814225,26.7711911300265,100.0,0.5375626705868652,4201802,2,1,0.46760639739766874,True,1.4200000000000017,-71.1
62.14292119265359,64.46638906563734,15.702830926722369,33.68940599393977,95.24337213733492,0.5249730467289166,4201901,2,0,0.46760639739766874,True,2.8500000000000014,-62.6
67.785858682631,70.10932655561476,20.36874781721068,30.18731442370298,100.0,0.530928023366418,4202081,2,1,0.46760639739766874,True,1.5900000000000034,-70.1
43.125385081548515,45.44885295453227,18.100154620702185,9.973201783349737,80.9245041257148,0.5301923279851127,4202503,2,1,0.46760639739766874,True,6.219999999999999,-40.6
34.85926592620237,37.182733799186124,15.390077820843425,7.018735551064324,67.34673204730791,0.5572778567666451,4202602,2,0,0.46760639739766874,True,6.899999999999999,-32.5
64.41885516331321,66.74232303629697,23.915944686906293,19.86793279370856,100.0,0.5347803986129858,4202875,2,1,0.46760639739766874,True,2.1299999999999955,-66.7
69.77264149590208,72.09610936888583,10.728187307795928,51.06924862620609,93.12297011156558,0.47710172009177443,4203006,2,1,0.46760639739766874,True,1.5799999999999983,-69.9
73.68721183382672,76.01067970681048,10.897620279537689,54.65173644172329,97.36962297189767,0.45831789480349006,4203808,2,1,0.46760639739766874,True,0.9699999999999989,-73.9
56.2057653529008,58.52923322588455,10.250979543740252,38.43768251389682,78.62078393787229,0.5635829023211336,4204202,2,1,0.46760639739766874,True,3.969999999999999,-56.2
59.523018775670735,61.84648664865449,12.90689101791587,36.54944510115587,87.14352819615311,0.5356068220026001,4204558,2,1,0.46760639739766874,True,3.3999999999999986,-59.6
91.62550953005545,93.94897740303921,13.813275618292918,66.87545468265984,100.0,0.15628980689852234,4204707,2,1,0.46760639739766874,True,-13.900000000000006,-93.9
66.43877389451801,68.76224176750176,11.228573028400623,46.75464303405869,90.76984050094484,0.49885447718569964,4205506,2,0,0.46760639739766874,True,2.1300000000000097,-66.6
70.13035399792386,72.45382187090762,10.922718726080433,51.04568655452874,93.86195718728649,0.47868659075394515,4206504,2,1,0.46760639739766874,True,1.5700000000000074,-70.3
84.53108232976285,86.85455020274661,17.462111035121133,52.62944147986974,100.0,0.3473301993509797,4206603,2,1,0.46760639739766874,True,-8.599999999999994,-88.6
67.12423487340111,69.44770274638486,12.466459547947766,45.01389101768176,93.88151447508797,0.5016735725441391,4206900,2,0,0.46760639739766874,True,2.0,-67.5
69.65463464390315,71.9781025168869,10.830190055167177,50.75132006303537,93.20488497073843,0.4783472215526544,4207007,2,1,0.46760639739766874,True,1.5900000000000034,-69.8
59.286870577346356,61.61033845033011,17.767198626547938,26.78726903612663,96.43340786453359,0.5287085250301724,4207684,2,0,0.46760639739766874,True,3.3900000000000006,-59.5
70.85954181568414,73.1830096886679,14.069715000850925,45.60687501425714,100.0,0.49764630041399527,4207908,2,0,0.46760639739766874,True,1.2999999999999972,-71.8
68.10834991081714,70.4318177838009,15.200698454487988,40.63899627315077,100.0,0.5099243671690071,4208005,2,0,0.46760639739766874,True,1.710000000000008,-69.1
71.0257184483338,73.34918632131756,12.62293288286347,48.6086924916388,98.08968015099632,0.4858066580470853,4208401,2,0,0.46760639739766874,True,1.3000000000000114,-71.6
42.85381199053694,45.177279863520695,11.864000380108637,21.92426640593825,68.43029332110314,0.6067259114662016,4208807,2,0,0.46760639739766874,True,5.990000000000002,-42.4
74.2960772791225,76.61954515210626,26.708618096610582,24.271615605914775,100.0,0.5503588146150218,4208955,2,1,0.46760639739766874,True,-1.7999999999999972,-81.8
70.42265313225602,72.74612100523977,31.239545174891912,11.51773756903959,100.0,0.5765787614516111,4209458,2,1,0.46760639739766874,True,0.18000000000000682,-78.6
63.01691258074172,65.34038045372547,13.244799926817882,39.38104961472368,91.29971129272727,0.5210632156989707,4209607,2,0,0.46760639739766874,True,2.740000000000009,-63.3
83.84965718111809,86.17312505410185,16.840121425492544,53.167093564855136,100.0,0.3569689699871182,4209854,2,0,0.46760639739766874,True,-7.400000000000006,-87.4
68.04713045386413,70.37059832684788,15.490275136600514,40.0102169484946,100.0,0.5115724336407516,4210308,2,0,0.46760639739766874,True,1.7199999999999989,-69.1
67.86515436328814,70.1886222362719,22.27022232814225,26.539788545413323,100.0,0.5374093393870257,4211876,2,1,0.46760639739766874,True,1.480000000000004,-70.8
78.21983252256594,80.54330039554969,14.982589276481791,51.177965018489346,100.0,0.48553667841703607,4212007,2,1,0.46760639739766874,True,-0.09999999999999432,-80.1
78.24819891093657,80.57166678392032,18.100154620702185,45.09601561273779,100.0,0.48740208883267094,4212403,2,1,0.46760639739766874,True,-1.7000000000000028,-81.7
63.1934256819349,65.51689355491865,18.21803450836902,29.8102020494075,100.0,0.5258897100155395,4213351,2,0,0.46760639739766874,True,2.6000000000000085,-64.1
83.88617017587991,86.20963804886367,19.472657888077748,48.04392990496148,100.0,0.3749049214541178,4214151,2,1,0.46760639739766874,True,-9.299999999999997,-89.3
69.33070406583829,71.65417193882205,22.27022232814225,28.005338247963472,100.0,0.5394500467291724,4214300,2,0,0.46760639739766874,True,1.1599999999999966,-72.7
67.03120392936512,69.35467180234888,15.594443408981356,38.79012436179738,99.91921924290035,0.5149705469777698,4214508,2,0,0.46760639739766874,True,1.9399999999999977,-68.0
60.0592244160078,62.38269228899156,11.254868096688776,40.32355616873268,84.44182840925042,0.5367166257745369,4215000,2,0,0.46760639739766874,True,3.3200000000000003,-60.1
63.93131042486408,66.25477829784784,22.27022232814225,22.60594460698926,100.0,0.5323028368403034,4215059,2,0,0.46760639739766874,True,2.3599999999999994,-65.7
80.06987091130118,82.39333878428494,17.365989065951233,48.35662565910414,100.0,0.4451922905754244,4215075,2,1,0.46760639739766874,True,-3.4000000000000057,-83.4
57.153636003449975,59.47710387643373,13.742711307397906,32.54188466400247,86.41232308886498,0.5403657758943968,4215109,2,0,0.46760639739766874,True,3.769999999999996,-57.1
76.28233133275343,78.60579920573718,15.024676070044727,49.15797522906871,100.0,0.4916153680208564,4215307,2,1,0.46760639739766874,True,0.29000000000000625,-78.0
78.41609364177134,80.7395615147551,19.989006309433808,41.56182906152092,100.0,0.48524313548210285,4215752,2,1,0.46760639739766874,True,-3.0,-83.0
72.95315838455046,75.27662625753422,10.666558692216547,54.37055538180712,96.18269713326131,0.4586849597361903,4215802,2,0,0.46760639739766874,True,1.0700000000000074,-73.1
91.7472656702142,94.07073354319796,16.387761161302215,61.95131187980132,100.0,0.19527722083656818,4216255,2,0,0.46760639739766874,True,-16.0,-96.0
73.80443657729137,76.12790445027512,18.100154620702185,40.65225327909259,100.0,0.5192142679802761,4216800,2,1,0.46760639739766874,True,0.5,-76.5
68.3899067312661,70.71337460424985,11.295260309962808,48.575071200718014,92.85167800778169,0.49105170106575874,4217204,2,0,0.46760639739766874,True,1.8599999999999994,-68.6
62.93157880042401,65.25504667340778,12.07998085520951,41.57871926326377,88.93137408355177,0.5193105808631262,4217402,2,0,0.46760639739766874,True,2.740000000000002,-63.1
64.72968173135548,67.05314960433924,11.58801178318431,44.34106385687222,89.76523535180625,0.5115951678513297,4217709,2,1,0.46760639739766874,True,2.489999999999995,-64.9
67.26981347792248,69.59328135090624,14.82132140739131,40.54402518912676,98.6425375126857,0.512022408295014,4218608,2,1,0.46760639739766874,True,1.940000000000012,-68.1
70.18007094117115,72.50353881415491,10.667866981792631,51.59490373797733,93.41217389033247,0.4759484053024772,4218707,2,1,0.46760639739766874,True,1.5600000000000023,-70.3
68.3798369961021,70.70330486908585,12.93459965692296,45.35195538707271,96.054654351099,0.49835592083251357,4219002,2,0,0.46760639739766874,True,1.75,-68.9
68.69879151632863,71.02225938931238,21.472955224201147,28.93604050823692,100.0,0.5348418033032145,4219606,2,0,0.46760639739766874,True,1.3000000000000114,-71.6
65.3311474270833,67.65461530006705,14.271549240491193,39.68289278511434,95.62633781501975,0.5158004482924842,4300802,2,1,0.46760639739766874,True,2.319999999999993,-65.9
66.92043302194108,69.24390089492483,13.674787220343259,42.441810446803444,96.04599134304621,0.5071792004659368,4301057,2,1,0.46760639739766874,True,1.9899999999999949,-67.5
71.13823503939385,73.4617029123776,17.874896572436914,38.42754940302279,100.0,0.5202631792052996,4301800,2,1,0.46760639739766874,True,1.0700000000000074,-73.3
60.63866267274477,62.96213054572853,16.76008127142585,30.112974875769574,95.81128621568747,0.528251348776583,4301875,2,1,0.46760639739766874,False,3.1500000000000057,-61.0
67.46606837626568,69.78953624924944,16.119536275107833,38.19582570255114,100.0,0.5158466630042408,4301909,2,1,0.46760639739766874,True,1.8300000000000125,-68.6
68.08014570531124,70.403613578295,23.201530392661216,24.929449622467544,100.0,0.5406187600338275,4302220,2,1,0.46760639739766874,True,1.3699999999999903,-71.4
67.47418089293262,69.79764876591638,30.29129842123711,10.427794815336632,100.0,0.5598606417361224,4302253,2,0,0.46760639739766874,True,1.0600000000000023,-73.3
73.06276544569808,75.38623331868183,26.708618096610582,23.03830377249035,100.0,0.5685738652835572,4303558,2,1,0.46760639739766874,True,0.0,-80.0
87.60649691059812,89.92996478358188,17.27245849515837,56.07656820860856,100.0,0.2826789090303179,4303707,2,1,0.46760639739766874,False,-12.0,-92.0
62.20430809142684,64.5277759644106,17.874896572436914,29.493622455055778,99.5619294737654,0.5265890299049037,4304002,2,1,0.46760639739766874,True,2.8200000000000003,-62.9
74.76718131851483,77.09064919149858,12.285317490869874,53.011869370753644,100.0,0.46689444922788836,4304200,2,1,0.46760639739766874,True,0.6699999999999875,-75.4
79.12303634811182,81.44650422109558,11.707738779508304,58.49975787285637,100.0,0.44205595911407203,4304507,2,1,0.46760639739766874,False,0.03999999999999204,-79.7
49.000652768216966,51.32412064120072,12.059473602714412,27.687986707368974,74.96025457503247,0.5816572625946536,4304663,2,1,0.46760639739766874,True,5.109999999999999,-48.7
80.55743058170127,82.88089845468502,15.648093425642944,52.21119891370685,100.0,0.42696538627211317,4304903,2,1,0.46760639739766874,True,-3.0,-83.0
79.17011091898212,81.49357879196587,15.111109887189173,51.87634764664797,100.0,0.4606327412241121,4305702,2,1,0.46760639739766874,True,-1.2000000000000028,-81.2
78.42509296669739,80.74856083968115,25.168254797574075,31.419687882708523,100.0,0.48813630312703954,4305850,2,1,0.46760639739766874,True,-6.599999999999994,-86.6
70.4224648235046,72.74593269648835,21.991162799861577,29.644045630602633,100.0,0.5393756638618765,4305959,2,1,0.46760639739766874,True,0.9200000000000017,-74.0
65.6172553264331,67.94072319941685,14.82132140739131,38.89146703763737,96.98997936119632,0.5158572574507945,4306056,2,0,0.46760639739766874,True,2.230000000000004,-66.3
67.3385877356496,69.66205560863335,14.941229201018242,40.377784489879424,98.94632672738727,0.5119586673604568,4306205,2,1,0.46760639739766874,False,1.9099999999999966,-68.2
59.50126833731053,61.82473621029428,13.652706698126625,35.06592279047733,88.58354963011124,0.5345908359404256,4306502,2,1,0.46760639739766874,False,3.4099999999999966,-59.6
85.4111100361019,87.73457790908566,24.306846627694956,40.094033941064666,100.0,0.37516444276231076,4306551,2,1,0.46760639739766874,True,-15.5,-95.5
74.57582931707036,76.89929719005411,22.27022232814225,33.25046349919554,100.0,0.5473720402480619,4306957,2,1,0.46760639739766874,True,0.04999999999999716,-79.5
79.86261932221593,82.18608719519969,13.719784124524619,55.29580443546703,100.0,0.436701170238347,4307500,2,1,0.46760639739766874,False,-1.2999999999999972,-81.3
81.51133999780788,83.83480787079164,27.305573722731364,30.316866797034862,100.0,0.4441559883117313,4307864,2,1,0.46760639739766874,True,-12.900000000000006,-92.9
76.73686863137164,79.06033650435539,16.387761161302215,46.94091484095875,100.0,0.5048604711069244,4308003,2,1,0.46760639739766874,True,0.1600000000000108,-79.1
71.60346515436478,73.92693302734854,27.305573722731364,20.408991953591766,100.0,0.5657823416799452,4308052,2,1,0.46760639739766874,True,0.25,-78.2
60.09944094871731,62.422908821701064,23.201530392661216,16.948744865873614,100.0,0.5265819970149228,4308433,2,1,0.46760639739766874,True,3.1700000000000017,-60.8
74.74258594210237,77.06605381508612,20.570697590463105,36.74822740091356,100.0,0.5370650443576475,4308706,2,1,0.46760639739766874,True,0.18000000000000682,-78.8
85.04428917779788,87.36775705078163,19.472657888077748,49.20204890687945,100.0,0.35258002141280864,4309704,2,1,0.46760639739766874,True,-10.700000000000003,-90.7
76.25849968359073,78.58196755657448,16.250625400892414,46.73132704457357,100.0,0.5026521066618718,4309902,2,1,0.46760639739766874,True,0.18999999999999773,-78.5
82.21699343976277,84.54046131274653,19.638240452820423,46.05021730548093,100.0,0.4085777347472305,4310306,2,1,0.46760639739766874,True,-7.400000000000006,-87.4
61.38893034842257,63.712398221406325,24.72335011529931,15.25552241824547,100.0,0.5289810233930976,4310413,2,1,0.46760639739766874,True,2.8100000000000023,-62.7
78.74923008893852,81.07269796192227,16.840121425492544,48.066666472675564,100.0,0.47460497256033346,4310439,2,1,0.46760639739766874,True,-1.5999999999999943,-81.6
65.43888402595033,67.76235189893409,20.36874781721068,27.840339767022307,100.0,0.5296971745892081,4310504,2,1,0.46760639739766874,True,2.0799999999999983,-67.2
81.64594833338305,83.9694162063668,22.564082104458553,39.74462793742328,100.0,0.43017939068382544,4310702,2,1,0.46760639739766874,False,-8.900000000000006,-88.9
67.08022168702067,69.40368956000442,17.560938194400112,34.98488316424635,100.0,0.5214874973906979,4311122,2,1,0.46760639739766874,False,1.8499999999999943,-68.5
67.44815083659734,69.77161870958109,23.915944686906293,22.897228466992686,100.0,0.5417657630270698,4311239,2,1,0.46760639739766874,True,1.480000000000004,-70.8
60.70216597830337,63.025633851287125,26.156778648865746,11.759289747923994,100.0,0.5284111892995778,4311270,2,1,0.46760639739766874,True,2.990000000000002,-61.9
60.89600078085092,63.219468653834674,12.166377960509607,39.37380602893396,87.06513127873538,0.5308098538191447,4311304,2,1,0.46760639739766874,True,3.1599999999999966,-61.0
80.86698761594833,83.19045548893209,34.85109888851872,14.883556845791475,100.0,0.46352964304689953,4311643,2,1,0.46760639739766874,True,-20.0,-100.0
70.66318896123475,72.98665683421851,19.159252228944922,35.4352124947677,100.0,0.5269101143688841,4311908,2,0,0.46760639739766874,True,1.0799999999999983,-73.2
71.86476995220066,74.18823782518442,15.439694842365032,43.926992001860114,100.0,0.5031461487202991,4312252,2,1,0.46760639739766874,True,1.0100000000000051,-73.3
76.03471423202961,78.35818210501337,17.874896572436914,43.324028595658554,100.0,0.5172205269923393,4312302,2,1,0.46760639739766874,True,0.12999999999999545,-79.0
71.52824358460857,73.85171145759233,12.526695971104909,49.29983850894371,98.40358440624095,0.48307147368573305,4313060,2,1,0.46760639739766874,False,1.2199999999999989,-72.1
78.44513461525733,80.76860248824109,25.6448039193748,30.50571041567484,100.0,0.4880450585250286,4313334,2,1,0.46760639739766874,False,-7.0,-87.0
79.32977260487179,81.65324047785555,22.87403376072238,36.82095812568638,100.0,0.4711911874057606,4313391,2,1,0.46760639739766874,True,-6.099999999999994,-86.1
61.398756250806954,63.72222412379071,19.313108198168976,25.86922762585425,100.0,0.5269935140169597,4313490,2,1,0.46760639739766874,True,2.9299999999999997,-62.1
73.65853283396355,75.9820007069473,23.548213354681533,29.82835063150636,100.0,0.5528375992372525,4313607,2,1,0.46760639739766874,True,0.10999999999999943,-79.0
66.16919882182546,68.49266669480922,15.87392029898627,37.38035461533683,99.60497877428159,0.5175196978806326,4314506,2,1,0.46760639739766874,True,2.0900000000000034,-67.1
74.40368506907345,76.7271529420572,21.001594576256924,35.564783954681886,100.0,0.5389334824578872,4315008,2,0,0.46760639739766874,True,0.18000000000000682,-78.6
54.93031340106844,57.253781274052194,12.568559095565751,32.61985810918,81.88770443892437,0.5536771801325089,4315305,2,1,0.46760639739766874,True,4.150000000000006,-54.8
66.93690708266986,69.26037495565362,19.81022351810815,30.433050334473272,100.0,0.5283633765999566,4315354,2,0,0.46760639739766874,True,1.769999999999996,-68.9
78.68043717266241,81.00390504564616,16.605785451404092,48.457163625894935,100.0,0.47589657270403657,4315404,2,1,0.46760639739766874,True,-1.4000000000000057,-81.4
72.94564876515817,75.26911663814192,11.880696828236426,51.98337874355927,98.55485453272456,0.4705070319887107,4315701,2,1,0.46760639739766874,True,0.9899999999999949,-73.4
82.7540662668071,85.07753413979086,18.867390960500106,48.09812737497406,100.0,0.3939198552403663,4316204,2,1,0.46760639739766874,True,-7.5,-87.5
73.40759726320553,75.73106513618929,13.652706698126625,48.972251716372334,100.0,0.48682193748364766,4316600,2,1,0.46760639739766874,False,0.8799999999999955,-74.4
65.26557676674773,67.58904463973148,10.34405758080647,47.31506432734228,87.86302495212068,0.5050504585968584,4316907,2,1,0.46760639739766874,False,2.4200000000000017,-65.3
72.22411046303323,74.54757833601698,10.824023513759037,53.33288208123458,95.76227459079938,0.4651195555675568,4317202,2,1,0.46760639739766874,True,1.1999999999999886,-72.4
56.8516686527705,59.175136525754255,12.75129059775517,34.183066197749895,84.16720685375861,0.5460405247432344,4318200,2,1,0.46760639739766874,True,3.8500000000000014,-56.8
73.17253675536391,75.49600462834766,19.81022351810815,36.66868000716732,100.0,0.5312626069277668,4318424,2,1,0.46760639739766874,True,0.5499999999999972,-76.5
76.59605106809076,78.91951894107451,22.87403376072238,34.08723658890535,100.0,0.5188374879109595,4318499,2,1,0.46760639739766874,True,-2.5,-82.5
78.51355345665633,80.83702132964008,11.779849624959695,57.748940321421415,100.0,0.4454086452160415,4318804,2,1,0.46760639739766874,True,0.12000000000000455,-79.1
82.68635972303419,85.00982759601794,12.679721461227015,60.1580301980134,100.0,0.34638251767244904,4319000,2,1,0.46760639739766874,False,-3.799999999999997,-83.8
74.65881215794764,76.98228003093139,36.41411428103307,5.611927511180909,100.0,0.5330234445170946,4319364,2,0,0.46760639739766874,True,-10.0,-90.0
75.68747541457353,78.01094328755728,14.900576720224548,48.8063495670412,100.0,0.4924785786725034,4319802,2,1,0.46760639739766874,False,0.4300000000000068,-77.3
72.0568117991465,74.38027967213026,19.472657888077748,36.21457152822807,100.0,0.5282431175370926,4320263,2,0,0.46760639739766874,True,0.7600000000000051,-75.0
71.11462511697182,73.43809298995558,19.313108198168976,35.58509649201912,100.0,0.5274908174562779,4320354,2,1,0.46760639739766874,False,0.9699999999999989,-73.8
81.92713540860687,84.25060328159063,13.097250847334953,58.58046332432741,100.0,0.37276400092499173,4320404,2,1,0.46760639739766874,False,-3.200000000000003,-83.2
70.42265313225602,72.74612100523977,31.239545174891912,11.51773756903959,100.0,0.5765787614516111,4320578,2,1,0.46760639739766874,True,0.18000000000000682,-78.6
63.7476760030902,66.07114387607396,27.953910408060565,11.282486249215872,100.0,0.539308998525935,4320651,2,1,0.46760639739766874,True,2.1299999999999955,-66.7
64.72878271327268,67.05225058625643,17.09274822372148,33.551079670951346,100.0,0.5228080912118753,4321352,2,1,0.46760639739766874,True,2.3299999999999983,-65.7
85.90929881011768,88.23276668310143,13.989116875401104,60.81460143179377,100.0,0.27809425610410743,4321667,2,1,0.46760639739766874,False,-7.900000000000006,-87.9
65.90725827081904,68.2307261438028,10.783402685388358,47.09564524964911,89.36580703795649,0.5003430951241737,4322509,2,1,0.46760639739766874,False,2.239999999999995,-66.0
81.29597291086174,83.61944078384549,18.46517853068442,47.42835589560179,100.0,0.4222994497922407,4322525,2,1,0.46760639739766874,False,-5.5,-85.5
72.78690115356966,75.11036902655341,29.436535804862974,17.4158190193982,100.0,0.5659638454131956,4322855,2,1,0.46760639739766874,True,-1.2999999999999972,-81.3
84.65922299453713,86.98269086752089,19.81022351810815,48.15536624634054,100.0,0.3622394738744135,4323309,2,1,0.46760639739766874,True,-10.5,-90.5
69.77707535989106,72.10054323287481,24.72335011529931,23.643667429713958,100.0,0.5489221839688092,4323705,2,0,0.46760639739766874,True,0.8400000000000034,-74.3
56.846304885798894,59.16977275878265,12.486208567567429,34.69725366289502,83.64229185467028,0.5481353250640616,4323804,2,1,0.46760639739766874,True,3.8800000000000026,-56.8
75.16536909059406,77.48883696357781,14.82132140739131,48.43958080179833,100.0,0.4919568155071828,5000252,2,1,0.46760639739766874,True,0.4899999999999949,-76.7
28.079790266105334,30.403258139089093,11.447332809026442,7.966898114353533,52.839618163824646,0.6417419328375973,5000708,2,0,0.46760639739766874,True,7.160000000000004,-27.4
54.346324097647745,56.6697919706315,13.83741104219867,29.548964688645246,83.79061925261774,0.5488951315864271,5000906,2,1,0.46760639739766874,True,4.269999999999996,-54.1
69.8184493240012,72.14191719698495,11.006093327354463,50.57037066488358,93.7134637290863,0.4800028173483522,5001102,2,1,0.46760639739766874,True,1.5900000000000034,-70.0
46.2774426718366,48.60091054482036,12.90689101791587,23.303868997321732,73.89795209231897,0.5816127117571342,5002001,2,0,0.46760639739766874,True,5.559999999999995,-45.7
45.48238950382309,47.80585737680685,13.962978047847587,20.43892328610218,75.1727914675115,0.5714463904527848,5002159,2,1,0.46760639739766874,True,5.719999999999999,-44.6
53.50615202291764,55.829619895901395,11.508940647896313,33.272510725815536,78.38672906598724,0.5672851471324523,5002209,2,0,0.46760639739766874,True,4.380000000000003,-53.4
46.81385707179013,49.13732494477389,15.29362266373443,19.162375330708873,79.11227455883889,0.5539017771623113,5003108,2,0,0.46760639739766874,True,5.509999999999998,-45.7
47.493979802956154,49.81744767593991,13.279574316363082,23.789960285845154,75.84493506603465,0.5741481899006666,5004106,2,0,0.46760639739766874,True,5.399999999999999,-46.9
39.128245457191774,41.45171333017553,12.62293288286347,16.711219500496767,66.19220715985429,0.6024557954591048,5004304,2,0,0.46760639739766874,True,6.43,-38.3
35.478570133639856,37.80203800662361,14.563703770809045,9.257703134327699,66.34637287891951,0.5737537408472642,5004403,2,0,0.46760639739766874,True,6.909999999999997,-33.6
73.01991508459658,75.34338295758033,11.591990342241964,52.62349937764994,98.06326653751071,0.46688297560297887,5004601,2,0,0.46760639739766874,True,0.9799999999999898,-73.4
40.080326564187175,42.40379443717093,14.782683598000029,13.430266990239886,71.37732188410197,0.5670466615020884,5004908,2,0,0.46760639739766874,True,6.399999999999999,-38.5
35.89139640219154,38.214864275175294,11.680545449377464,15.321415874612239,61.10831267573835,0.627699658972247,5005004,2,0,0.46760639739766874,True,6.720000000000006,-35.3
81.58150746486442,83.90497533784817,13.446046543478275,57.551208378181464,100.0,0.3857481977885788,5005251,2,1,0.46760639739766874,True,-3.0,-83.0
27.327515366089447,29.650983239073206,11.50537665226908,7.100859372057787,52.201107106088614,0.6414561642533942,5005608,2,0,0.46760639739766874,True,7.219999999999999,-26.6
58.39438589985108,60.717853772834836,10.869317940675796,39.4143820725952,82.02132547307446,0.5458567298444126,5006200,2,0,0.46760639739766874,True,3.5700000000000003,-58.4
57.80088255510304,60.12435042808679,10.386846628485632,39.766505123313664,80.48219573285992,0.5507782041458407,5006606,2,0,0.46760639739766874,True,3.6500000000000057,-57.8
54.50765472813439,56.831122601118146,13.446046543478275,30.47735564145144,83.18488956078485,0.5499773067231692,5007703,2,1,0.46760639739766874,True,4.220000000000006,-54.3
28.692618941016704,31.016086814000463,13.83741104219867,3.895259532014208,58.13691409598671,0.581700692109832,5007802,2,0,0.46760639739766874,False,7.169999999999998,-26.7
51.8996656223849,54.22313349536866,12.90689101791587,28.92609194787003,79.52017504286728,0.5639184266408015,5007950,2,0,0.46760639739766874,True,4.699999999999996,-51.6
53.55513542607146,55.878603299055214,10.83435502795689,34.643657648539254,77.11354894957117,0.5743640648582581,5100250,2,0,0.46760639739766874,True,4.409999999999997,-53.5
71.60368773597312,73.92715560895688,12.991676907171538,48.463936772119936,99.39037444579381,0.4874993041526386,5100607,2,1,0.46760639739766874,True,1.2199999999999989,-72.3
49.27069467775795,51.59416255074171,13.719784124524619,24.70387979100905,78.48444531047436,0.5644398379509983,5100805,2,0,0.46760639739766874,True,5.119999999999997,-48.7
48.93232683930258,51.25579471228634,12.826895267596093,26.11554195433073,76.39604747024194,0.5737287935615588,5101258,2,0,0.46760639739766874,True,5.140000000000001,-48.5
62.02371031240594,64.3471781853897,13.83741104219867,37.22635090340344,91.46800546737595,0.5257228309266765,5101308,2,1,0.46760639739766874,True,2.9399999999999977,-62.3
60.1501691554889,62.47363702847266,11.450619436430589,40.03083533239437,84.91643872455094,0.5336283902021249,5101407,2,1,0.46760639739766874,True,3.239999999999995,-60.2
59.82872174315348,62.152189616137235,14.941229201018242,32.86791849738331,91.43646073489116,0.5316820727256611,5101605,2,1,0.46760639739766874,True,3.3400000000000034,-60.0
48.700791153990124,51.02425902697388,13.144878665219805,25.260770261994118,76.78774779195363,0.5711150057090619,5102686,2,0,0.46760639739766874,True,5.18,-48.2
76.26298874174503,78.58645661472879,16.68199362919706,45.89034991117592,100.0,0.5074978058127866,5103106,2,1,0.46760639739766874,True,0.20000000000000284,-78.7
36.07388501064663,38.39735288363038,16.605785451404092,5.850611463879154,70.9440943033816,0.5417891505278061,5103437,2,0,0.46760639739766874,False,6.939999999999998,-33.2
85.59846795920105,87.9219358321848,15.200698454487988,58.12911432153467,100.0,0.3011290369514996,5103601,2,1,0.46760639739766874,True,-8.299999999999997,-88.3
64.83304618504555,67.1565140580293,13.112961290741572,41.45558219750795,92.85744591855064,0.51348982631727,5103700,2,1,0.46760639739766874,True,2.3999999999999915,-65.2
85.44066838547033,87.76413625845409,16.68199362919706,55.068029554901216,100.0,0.3208152974986457,5103908,2,1,0.46760639739766874,True,-9.099999999999994,-89.1
57.99671630443465,60.320184177418405,15.439694842365032,30.058938354094106,90.5814300007427,0.534060893070142,5104559,2,0,0.46760639739766874,True,3.6400000000000006,-58.0
59.588644840002665,61.91211271298642,13.861863727767359,34.743359047960254,89.08086637801259,0.5332851045302436,5105176,2,0,0.46760639739766874,True,3.3699999999999974,-59.7
42.576405277037814,44.89987315002157,22.87403376072238,0.06759079785240374,89.73215550219072,0.4872725615693925,5105309,2,0,0.46760639739766874,True,6.469999999999999,-37.7
62.0959004649047,64.41936833788846,12.90689101791587,39.122326790389835,89.71640988538708,0.5250395511903213,5105580,2,0,0.46760639739766874,True,2.930000000000007,-62.3
65.37159347925102,67.69506135223477,11.909216976041868,44.353424995119695,91.03669770934985,0.5085394395295182,5105606,2,1,0.46760639739766874,True,2.3500000000000085,-65.6
67.83318785183391,70.15665572481767,13.813275618292918,43.083133004438295,97.23017844519703,0.5064501422227866,5106109,2,0,0.46760639739766874,True,1.8799999999999955,-68.5
55.42251332526382,57.74598119824758,14.744683372944742,28.84693282382931,86.64502957266583,0.5416998083898656,5106182,2,0,0.46760639739766874,True,4.089999999999996,-55.2
71.137953250979,73.46142112396275,12.14409564556832,49.65943103383914,97.26341121408636,0.4825480036840328,5106257,2,1,0.46760639739766874,False,1.3300000000000125,-71.6
62.255971379331854,64.57943925231561,18.21803450836902,28.872747746804457,100.0,0.5260525998513708,5106273,2,0,0.46760639739766874,True,2.769999999999996,-63.0
67.86361903222013,70.18708690520388,10.912505696090559,48.79896875977819,91.57520505062956,0.49096770311396637,5106752,2,1,0.46760639739766874,True,1.9399999999999977,-68.0
49.268539502824154,51.59200737580791,10.546146369685362,30.92194031553676,72.26207443607906,0.5980262731243737,5107040,2,0,0.46760639739766874,True,5.009999999999998,-49.2
63.051184441703896,65.37465231468765,13.861863727767359,38.205898649661485,92.54340597971381,0.5220154013324957,5107180,2,0,0.46760639739766874,True,2.740000000000002,-63.4
50.41579798515955,52.739265858143305,18.72882643495042,16.031440572938777,89.44709114334782,0.5278971416953808,5107198,2,1,0.46760639739766874,True,5.049999999999997,-49.0
72.6381556047289,74.96162347771265,12.319332865156035,50.81617474844618,99.10707220697911,0.4763214404421265,5107305,2,1,0.46760639739766874,True,1.0300000000000011,-73.2
64.14013477290726,66.46360264589102,15.594443408981356,35.89905520533952,97.0281500864425,0.5203648516031334,5107768,2,1,0.46760639739766874,True,2.460000000000008,-64.8
48.770412249445215,51.09388012242897,10.532021000726502,30.451498276585525,71.73626196827242,0.6024873424087981,5107958,2,0,0.46760639739766874,True,5.1299999999999955,-48.7
45.99633800017659,48.31980587316035,17.662591300198834,13.701763051120139,82.93784869520056,0.5358690105460756,5108857,2,0,0.46760639739766874,True,5.809999999999995,-44.1
56.02058961315333,58.34405748613708,15.87392029898627,27.231745406664697,89.45636956560946,0.5370399097333435,5200175,2,0,0.46760639739766874,True,4.020000000000003,-55.8
66.27834963343342,68.60181750641718,25.168254797574075,19.272944549444553,100.0,0.5415837607220971,5200209,2,0,0.46760639739766874,True,1.6300000000000097,-69.6
90.4781302742639,92.80159814724766,13.244799926817882,66.84226730824587,100.0,0.16688760172776818,5201306,2,0,0.46760639739766874,True,-12.299999999999997,-92.3
60.69563118703045,63.019099060014206,10.141300759842984,43.14251481433327,82.89568330569514,0.533433825830473,5201405,2,0,0.46760639739766874,True,3.1699999999999946,-60.7
59.30646550950479,61.629933382488545,19.81022351810815,22.8026087613082,100.0,0.5269659650283058,5201454,2,0,0.46760639739766874,True,3.3699999999999974,-59.6
61.38392750877986,63.70739538176362,18.46517853068442,27.516310493519917,99.89848027000731,0.5266107986323169,5201504,2,0,0.46760639739766874,True,2.9399999999999977,-62.0
83.21336887583365,85.53683674881741,23.201530392661216,40.06267279298996,100.0,0.4056919794469447,5202353,2,0,0.46760639739766874,True,-11.5,-91.5
68.60603705774123,70.92950493072499,21.231848212698676,29.315847108614456,100.0,0.5349136519420731,5202809,2,0,0.46760639739766874,True,1.3900000000000006,-71.4
79.39894934273944,81.7224172157232,13.244799926817882,55.763086376721404,100.0,0.4482654954053416,5203203,2,1,0.46760639739766874,True,-0.5999999999999943,-80.6
57.99768355646609,60.32115142944985,13.962978047847587,32.95421733874518,87.68808552015452,0.5384786796166509,5203559,2,0,0.46760639739766874,True,3.6700000000000017,-58.0
50.559779402945985,52.88324727592974,19.989006309433808,13.705514822695562,92.0609797291639,0.522276656236289,5203575,2,0,0.46760639739766874,True,5.100000000000001,-48.9
68.0879631364432,70.41143100942695,14.860613388401916,41.28516397998545,99.53769803886844,0.5098934462982134,5203906,2,1,0.46760639739766874,True,1.7800000000000011,-69.0
72.39160413818551,74.71507201116927,13.244799926817882,48.755741172167475,100.0,0.48599459636127224,5204102,2,0,0.46760639739766874,True,1.0499999999999972,-73.2
71.34040804989465,73.6638759228784,14.707304711217077,44.838088379236666,100.0,0.5004373727840667,5204250,2,0,0.46760639739766874,True,1.1800000000000068,-72.5
68.33428643583878,70.65775430882253,19.472657888077748,32.492046164920346,100.0,0.5268640431812863,5204656,2,0,0.46760639739766874,True,1.4699999999999989,-70.5
73.08028156016216,75.40374943314592,12.813999659924622,50.28877160178516,100.0,0.47934451744511636,5204706,2,0,0.46760639739766874,True,0.9399999999999977,-73.8
51.348448861630644,53.6719167346144,10.51075586317234,33.0712137925034,74.2726196767254,0.5891274190775381,5205497,2,0,0.46760639739766874,True,4.740000000000002,-51.3
71.67366796730917,73.99713584029293,25.6448039193748,23.73424376772668,100.0,0.5587891198909634,5205703,2,0,0.46760639739766874,True,0.39000000000000057,-77.4
70.8651151225904,73.18858299557415,15.111109887189173,43.57135185025625,100.0,0.5039974319984202,5205802,2,0,0.46760639739766874,True,1.240000000000009,-72.1
66.20199796292977,68.52546583591352,13.465624071366316,42.13332762667993,94.91760404514712,0.5105024711661607,5206404,2,0,0.46760639739766874,True,2.1799999999999926,-66.7
70.64926778956051,72.97273566254427,26.156778648865746,21.706391559181135,100.0,0.5575620286830401,5206602,2,1,0.46760639739766874,True,0.5600000000000023,-76.2
65.47468656275012,67.79815443573388,20.17502320964769,28.25583555756471,100.0,0.5286841334492981,5207501,2,0,0.46760639739766874,True,2.049999999999997,-67.2
70.79315174867801,73.11661962166177,19.81022351810815,34.289295000481424,100.0,0.530045535731674,5207535,2,1,0.46760639739766874,True,1.0100000000000051,-73.6
73.48012820140747,75.80359607439122,13.407566312355815,49.525248981841315,100.0,0.48382972321294626,5208400,2,1,0.46760639739766874,True,0.8599999999999994,-74.4
69.00402451510526,71.32749238808901,10.59739811920517,50.55697374461437,92.09801103156366,0.482406812985591,5208806,2,0,0.46760639739766874,True,1.7600000000000051,-69.1
63.971891310280334,66.2953591832641,12.302196374312775,42.18349735887182,90.40722100765637,0.51571213048081,5209200,2,0,0.46760639739766874,True,2.5799999999999983,-64.2
68.72679978999372,71.05026766297748,11.60000925290967,48.314667306943136,93.78586801901182,0.4893306868066569,5209705,2,1,0.46760639739766874,True,1.7399999999999949,-69.0
78.33365587889128,80.65712375187503,18.100154620702185,45.1814725806925,100.0,0.48551963359106254,5210802,2,0,0.46760639739766874,True,-1.7999999999999972,-81.8
63.95101473421008,66.27448260719383,10.565205699661854,45.56705994659929,86.98190526778836,0.5134218075693682,5211909,2,0,0.46760639739766874,True,2.6299999999999955,-64.0
88.3828501989901,90.70631807197385,22.27022232814225,47.05748438111528,100.0,0.31534855236541215,5212006,2,0,0.46760639739766874,True,-17.400000000000006,-97.4
57.90743916914604,60.23090704212979,16.531387378386455,27.829983166012312,92.63183091824726,0.5322802403719172,5212105,2,0,0.46760639739766874,True,3.6700000000000017,-57.9
75.43836938159899,77.76183725458274,16.531387378386455,45.36091337846526,100.0,0.505988541135703,5212303,2,1,0.46760639739766874,True,0.3100000000000023,-77.7
64.0813014805924,66.40476935357616,10.236646901331591,46.34131010451269,86.46822860263961,0.5099458102185096,5212501,2,1,0.46760639739766874,True,2.5600000000000023,-64.1
80.09038516065199,82.41385303363575,10.6463393777678,61.547411286020285,100.0,0.4103165382840143,5213103,2,0,0.46760639739766874,True,-0.29999999999999716,-80.3
72.53383677247598,74.85730464545973,15.024676070044727,45.40948066879126,100.0,0.4990094704891568,5213509,2,0,0.46760639739766874,True,0.9199999999999875,-73.9
62.21563109743805,64.5390989704218,11.277263081770693,42.43606948596806,86.64212845487555,0.5233665309434218,5213806,2,0,0.46760639739766874,True,2.9000000000000057,-62.3
77.33628895616413,79.65975682914788,14.670532133784564,50.90604221289258,100.0,0.4861407455786916,5214408,2,0,0.46760639739766874,True,0.15000000000000568,-79.0
27.591533375797106,29.915001248780865,26.156778648865746,0.0,81.18134535214398,0.36359796226224017,5214804,2,0,0.46760639739766874,False,6.489999999999998,-14.3
64.03982824011162,66.36329611309537,13.407566312355815,40.084949020545466,92.64164320564528,0.5165599716734809,5214838,2,0,0.46760639739766874,True,2.519999999999996,-64.4
86.91622226175633,89.23969013474009,19.159252228944922,51.688245795289276,100.0,0.3148115718422565,5214879,2,0,0.46760639739766874,True,-12.700000000000003,-92.7
59.108862903292945,61.4323307762767,17.985830329976526,26.18075109747455,96.68391045507884,0.5283160626461679,5216809,2,0,0.46760639739766874,True,3.4100000000000037,-59.3
72.51029829505066,74.83376616803442,11.680545449377464,51.940317767471356,97.72721456859746,0.47188804797421424,5217302,2,1,0.46760639739766874,True,1.1099999999999994,-72.9
69.60294199389452,71.92640986687827,18.46517853068442,35.73532497863457,100.0,0.5229662856447841,5218102,2,0,0.46760639739766874,True,1.289999999999992,-71.7
76.19564740936262,78.51911528234638,22.27022232814225,34.8702815914878,100.0,0.5265086006414457,5218391,2,1,0.46760639739766874,True,-1.5999999999999943,-81.6
73.04631912001874,75.36978699300249,20.36874781721068,35.447774861090714,100.0,0.5334569158363466,5218706,2,0,0.46760639739766874,True,0.480000000000004,-76.6
76.12877165148656,78.45223952447031,19.989006309433808,39.27450707123614,100.0,0.530859495215337,5219506,2,0,0.46760639739766874,True,-0.20000000000000284,-80.2
82.03503568422747,84.35850355721122,15.93336756462479,53.12967697810795,100.0,0.3922168990208891,5219704,2,0,0.46760639739766874,True,-4.799999999999997,-84.8
77.02605778435522,79.34952565733897,21.991162799861577,36.24763859145325,100.0,0.5117985522081153,5219712,2,0,0.46760639739766874,True,-2.5,-82.5
89.28472108543562,91.60818895841938,14.707304711217077,62.78240141477764,100.0,0.2149740377593709,5219738,2,0,0.46760639739766874,True,-12.0,-92.0
80.60431464953226,82.92778252251601,13.081702440380392,57.28811688290071,100.0,0.4114535646580339,5220009,2,0,0.46760639739766874,True,-1.7999999999999972,-81.8
66.24632124269463,68.56978911567839,11.897703067055472,45.25071960549792,91.88885862585886,0.5043660183701467,5220108,2,0,0.46760639739766874,True,2.200000000000003,-66.5
85.84037885920347,88.16384673218722,11.909216976041868,64.82221037507215,100.0,0.24651215144102206,5220207,2,0,0.46760639739766874,True,-6.700000000000003,-86.7
77.41654779107932,79.74001566406308,20.36874781721068,39.8180035321513,100.0,0.5050919147604792,5220264,2,1,0.46760639739766874,True,-2.0,-82.0
81.26843330170642,83.59190117469018,23.548213354681533,37.438251099249236,100.0,0.43938292153707437,5220280,2,0,0.46760639739766874,True,-9.200000000000003,-89.2
84.54599915853412,86.86946703151787,13.177475886949674,61.0420888859515,100.0,0.30107760944200757,5220603,2,0,0.46760639739766874,True,-6.0,-86.0
82.74224684013714,85.0657147131209,17.09274822372148,51.56454379781581,100.0,0.38347517561164846,5220686,2,1,0.46760639739766874,True,-6.299999999999997,-86.3
57.059900243901005,59.38336811688476,21.991162799861577,16.28148105099904,100.0,0.5233275145954579,5221080,2,0,0.46760639739766874,True,3.8700000000000045,-56.8
57.8145457234207,60.138013596404456,15.155498842886857,30.433781696607745,89.84224549620116,0.5363280484023657,5221197,2,0,0.46760639739766874,True,3.720000000000006,-57.8
70.24831742426373,72.57178529724749,18.867390960500106,35.59237853243069,100.0,0.5246855871300692,5221502,2,0,0.46760639739766874,True,1.1400000000000006,-72.6
67.01225276314771,69.33572063613147,16.605785451404092,36.78897921638024,100.0,0.5176347967501919,5221551,2,0,0.46760639739766874,True,1.8699999999999903,-68.2
80.80192524711963,83.12539312010338,16.605785451404092,50.578651700352154,100.0,0.42535558633701376,5222203,2,1,0.46760639739766874,True,-3.799999999999997,-83.8
62.26845673605673,64.5181926468062,10.341326317580547,44.2495655119721,84.78681978164029,0.527053189694869,1100023,3,0,0.4619137977771754,True,2.9200000000000017,-62.3
67.90697427623336,70.15671018698282,16.297595222193888,38.21401051687073,100.0,0.5169656455774816,1100031,3,0,0.4619137977771754,True,1.75,-69.1
62.73486702116636,64.98460293191583,10.76858096391514,43.87857207803853,86.09063378579313,0.5246352049509273,1100114,3,1,0.4619137977771754,True,2.8500000000000085,-62.8
81.65444149935016,83.90417741009962,10.247720543951962,63.81901422032256,100.0,0.3516090142376296,1100122,3,1,0.4619137977771754,True,-1.7999999999999972,-81.8
69.46127642392747,71.71101233467694,11.209122368799877,49.741536193526876,93.68048847582699,0.4878649504338619,1100189,3,0,0.4619137977771754,True,1.6700000000000017,-69.7
74.45636503403972,76.70610094478918,15.368378908039205,46.58463178426733,100.0,0.499841627748936,1100296,3,0,0.4619137977771754,True,0.6000000000000085,-76.1
65.53478110490289,67.78451701565236,10.422103645595433,47.3575692271417,88.211464804163,0.506716904433415,1100304,3,0,0.4619137977771754,True,2.3599999999999994,-65.6
30.89893932831009,33.14867523905956,13.538922574062946,6.612874604419854,59.684475873699256,0.5928864023549492,1100346,3,0,0.4619137977771754,False,7.129999999999999,-29.2
71.31393330700921,73.56366921775867,14.874829209804153,44.40953969035813,100.0,0.503656334533803,1100502,3,1,0.4619137977771754,True,1.2000000000000028,-72.5
96.34474362898533,98.59447953973479,13.627758842895386,71.88456301766259,100.0,0.08621202103251824,1101104,3,1,0.4619137977771754,False,-18.799999999999997,-98.8
71.14491652397716,73.39465243472662,15.52089890282112,42.97424957750998,100.0,0.5070770401000622,1101203,3,1,0.4619137977771754,True,1.1700000000000017,-72.5
59.13686494381674,61.386600854566204,13.454220832174396,35.01681258345587,87.75638912567653,0.5377023180034828,1101302,3,0,0.4619137977771754,True,3.4599999999999937,-59.2
71.63136674603892,73.88110265678839,12.444610969496216,49.49011335496371,98.27209195861306,0.48490126457055205,1101401,3,1,0.4619137977771754,True,1.2099999999999937,-72.2
62.756725609152056,65.00646151990152,13.002597199473971,39.52183930345116,90.49108373635187,0.5246382737232549,1101500,3,0,0.4619137977771754,True,2.8100000000000023,-63.0
62.49174360553092,64.74147951628039,12.742121270221157,39.76738074000515,89.71557829255562,0.5243594927268762,1300060,3,1,0.4619137977771754,True,2.819999999999993,-62.7
35.272113410388336,37.5218493211378,14.71712019131747,8.676823790008324,66.36687485226727,0.571132148625043,1300086,3,0,0.4619137977771754,True,6.859999999999999,-33.3
69.85076601471366,72.10050192546312,13.60514540137276,45.43490693434177,98.76609691658447,0.5002785110409029,1301951,3,0,0.4619137977771754,True,1.5100000000000051,-70.6
47.542157233546796,49.79189314429626,12.955954234990237,24.398689458366203,75.18509683022631,0.5788647624539522,1302553,3,1,0.4619137977771754,False,5.369999999999997,-47.0
53.27557112919064,55.5253070399401,10.8726544432479,34.21529591482482,76.83531816505538,0.576025990483336,1302900,3,1,0.4619137977771754,True,4.409999999999997,-53.2
51.58865610185377,53.83839201260324,11.693132970075741,30.920272524816905,76.75651150038956,0.5770171950359015,1303106,3,1,0.4619137977771754,True,4.710000000000001,-51.4
52.150253068479,54.39998897922847,13.353723538646374,28.227171783976804,80.57280617448012,0.5604137687352535,1303957,3,1,0.4619137977771754,True,4.630000000000003,-51.8
46.28195109090278,48.531687001652244,11.890348189723259,25.22703278615362,71.83634121715086,0.5969403597408903,1304237,3,1,0.4619137977771754,True,5.550000000000004,-45.9
59.649135709319864,61.89887162006933,15.22410553353636,32.06017307750111,91.73757016263754,0.5327485087259931,1500131,3,1,0.4619137977771754,True,3.3500000000000014,-59.8
46.7726090347407,49.02234494549016,10.263413268570076,28.90642458064229,69.13826531033803,0.6174888834675608,1500602,3,1,0.4619137977771754,True,5.390000000000001,-46.7
44.160066247225956,46.40980215797542,10.601595538516468,25.631056723822617,67.18854759212822,0.6247178370831028,1501808,3,0,0.4619137977771754,True,5.780000000000001,-44.0
52.327977749620736,54.5777136603702,12.30331106315468,30.46366708599382,78.69176023474658,0.5691155022705157,1502004,3,1,0.4619137977771754,True,4.619999999999997,-52.1
62.069053518097625,64.3187894288471,10.356757797354588,44.01991714942772,84.61766170826647,0.5281428466321114,1502152,3,0,0.4619137977771754,True,2.9499999999999957,-62.1
39.12369800310563,41.373433913855095,11.29069275086346,19.24408276165524,63.50278506605495,0.6286519417462334,1502707,3,0,0.4619137977771754,True,6.3799999999999955,-38.7
51.633621626600224,53.88335753734969,14.53371099483794,25.397807425753523,82.36890764894585,0.553002858482195,1503002,3,1,0.4619137977771754,True,4.719999999999999,-51.1
38.61882530077471,40.868561211524174,11.857819093405665,17.62766285325767,64.10945956979067,0.6186861003452814,1503077,3,1,0.4619137977771754,True,6.450000000000003,-38.0
46.4552347451964,48.704970655945864,11.783797304277977,25.609152338440847,71.80078897345088,0.5957200695363833,1503093,3,1,0.4619137977771754,True,5.460000000000001,-46.1
46.02036265262917,48.27009856337863,13.393234297203032,22.01984170435406,74.5203554224032,0.5775437703988414,1503507,3,1,0.4619137977771754,True,5.590000000000003,-45.3
45.8815520817911,48.131287992540564,11.826303962815796,24.95215815519828,71.31041782988285,0.5981221419384992,1504059,3,1,0.4619137977771754,True,5.57,-45.5
57.30483167656251,59.55456758731197,10.24136859597692,39.48185398679766,79.62728118782627,0.5599730807101168,1504422,3,1,0.4619137977771754,True,3.8000000000000043,-57.3
32.78017446352628,35.029910374275744,11.801790230030294,11.898826570319681,58.1609941782318,0.6301160003751762,1504604,3,1,0.4619137977771754,True,6.950000000000003,-32.0
55.335171557403704,57.58490746815317,12.824001881068437,32.45032564358512,82.7194892927212,0.5535045418740248,1504752,3,1,0.4619137977771754,True,4.109999999999999,-55.2
36.574024238312994,38.82376014906246,10.981378057411561,17.300654655917374,60.34686564220754,0.6423775717783733,1504901,3,1,0.4619137977771754,True,6.6299999999999955,-36.2
48.904317543925444,51.15405345467491,11.28407814322402,29.037666695220217,73.2704402141296,0.5930396652552236,1505437,3,1,0.4619137977771754,True,5.109999999999999,-48.7
37.72420780479462,39.97394371554408,11.197372269379086,18.027497346073535,61.92039008501462,0.636058805720641,1505486,3,0,0.4619137977771754,True,6.57,-37.3
51.511880438914076,53.76161634966354,16.36665791811181,21.683556282877085,85.83967641644999,0.5420517028871943,1505551,3,1,0.4619137977771754,True,4.789999999999999,-50.7
38.33378768150215,40.583523592251616,12.168038647122446,16.734606081400134,64.43244110310309,0.6152779041999623,1506351,3,0,0.4619137977771754,True,6.549999999999997,-37.6
38.737665703682836,40.9874016144323,14.874829209804153,11.833272087031762,70.14153114183283,0.569711173474698,1507409,3,1,0.4619137977771754,True,6.600000000000001,-37.0
31.16077869807284,33.410514608822304,12.910680236758262,8.106046328863048,58.714982888781556,0.6077183547601046,1507474,3,0,0.4619137977771754,True,7.139999999999997,-29.8
35.91568749926948,38.165423410018946,16.89723189608696,5.047457455267043,71.28338936477084,0.5394719949695085,1600055,3,0,0.4619137977771754,False,6.940000000000005,-32.9
43.322057181837565,45.57179309258703,9.924555710396975,26.120021337647625,65.02356484752643,0.6426602918351925,1600303,3,1,0.4619137977771754,True,5.900000000000006,-43.3
33.03793336534738,35.28766927609684,12.185208553766179,11.405099366605729,59.17023918558795,0.6209365555319123,1600709,3,0,0.4619137977771754,False,6.939999999999998,-32.1
28.608998470514422,30.858734381263886,16.89723189608696,0.0,63.97670033601578,0.5229188813166564,1701309,3,0,0.4619137977771754,True,7.229999999999997,-24.6
35.86936472656361,38.119100637313075,11.760312452185364,15.06931178409183,61.16888949053431,0.626082920168755,1702208,3,0,0.4619137977771754,True,6.699999999999996,-35.2
23.740954136429735,25.9906900471792,15.087409774266524,0.0,55.56146982473918,0.5424729243949911,1703008,3,1,0.4619137977771754,True,7.100000000000001,-20.5
16.91000962546224,19.15974553621171,16.297595222193888,0.0,51.10244520632379,0.4716349965725295,1703073,3,0,0.4619137977771754,True,6.1,-11.9
35.7707753004722,38.02051121122167,21.785600407721684,0.0,80.71950339193728,0.47839281686143553,1703602,3,0,0.4619137977771754,True,7.140000000000004,-29.7
21.0745533908118,23.324289301561265,15.79551112131269,0.0,54.282922216736026,0.5142849241251164,1703909,3,0,0.4619137977771754,True,6.890000000000001,-17.0
31.497111476524875,33.74684738727434,22.913707010394432,0.0,78.65688787995038,0.4443484704470124,1704105,3,0,0.4619137977771754,True,7.239999999999998,-23.3
48.67742042535326,50.927156336102726,18.94305574657669,13.799449315677904,88.05486335652753,0.5278365676905334,1706100,3,0,0.4619137977771754,True,5.350000000000001,-46.9
33.60846182157747,35.858197732326936,15.271323242687417,5.926954180390158,65.7894412842637,0.5619699620484088,1706506,3,0,0.4619137977771754,True,7.040000000000003,-31.2
60.15977492544362,62.409510836193085,18.05649479238959,27.019431356074442,97.79959031631172,0.5282675802999175,1710508,3,1,0.4619137977771754,True,3.1899999999999977,-60.5
38.75026690475677,41.000002815506235,18.94305574657669,3.8722957950814134,78.12770983593106,0.5176846125804507,1710904,3,0,0.4619137977771754,True,6.740000000000002,-35.1
25.639693678119677,27.88942958886914,17.430319927827142,0.0,62.05222888642113,0.49978417713967477,1711951,3,1,0.4619137977771754,True,7.079999999999998,-20.8
46.44689937142096,48.696635282170426,23.572303705828812,2.495768986105894,94.89750157823494,0.4978568100142954,1712405,3,1,0.4619137977771754,True,5.969999999999999,-42.6
52.89683991992368,55.14657583067314,13.258737140367566,29.15992855506912,81.13322310627716,0.5582669936133151,1713304,3,0,0.4619137977771754,True,4.490000000000002,-52.6
68.38787257716218,70.63760848791165,17.73024503622545,35.88696677983969,100.0,0.5207450631632741,1713601,3,1,0.4619137977771754,False,1.5600000000000023,-70.0
24.559336328339818,26.809072239089282,19.086812737846834,0.0,64.21853778492942,0.46349293569955174,1713809,3,0,0.4619137977771754,True,6.959999999999997,-18.1
27.05943742573086,29.309173336480328,12.895882611058816,4.033707869948689,54.58463880301196,0.6028042792882317,1714880,3,0,0.4619137977771754,True,7.170000000000002,-25.5
38.4601670714462,40.709902982195665,23.23398117975169,0.0,86.24766931199042,0.47306426206204455,1715002,3,0,0.4619137977771754,True,6.939999999999998,-32.2
52.96571206360534,55.2154479743548,30.00130411695779,0.0,100.0,0.49620431341047966,1715507,3,1,0.4619137977771754,True,4.93,-50.0
16.17666612726144,18.426402038010906,18.290470713499392,0.0,54.27506589675434,0.412456650062543,1715705,3,0,0.4619137977771754,True,5.380000000000001,-9.0
60.56217196223798,62.81190787298745,10.85265776620851,41.54108951467985,84.08272623129504,0.5355398007842793,1716109,3,1,0.4619137977771754,True,3.1799999999999997,-60.6
47.51879451807652,49.76853042882598,15.177729192224147,20.02072784496444,79.51633301268751,0.5563619488109495,1716604,3,1,0.4619137977771754,True,5.420000000000002,-46.5
49.06940047796907,51.31913638871853,18.80401510117084,14.463944025676376,88.17432875176068,0.5299045439610743,1717008,3,1,0.4619137977771754,True,5.329999999999998,-47.4
24.040466531809955,26.29020244255942,18.412880395014664,0.0,62.37878486843181,0.4725009982191802,1718303,3,0,0.4619137977771754,True,6.919999999999998,-18.1
31.334519834897787,33.584255745647255,16.736597761347575,0.7811269096723024,66.3873845816222,0.5339437251416518,1718758,3,1,0.4619137977771754,True,7.209999999999997,-27.8
45.38127463060082,47.631010541350285,17.06594930647553,14.182364538671926,81.07965654402864,0.5422087967594001,1718808,3,1,0.4619137977771754,True,5.839999999999996,-43.6
31.968005800271378,34.21774171102084,19.54905321059268,0.0,72.53318193563962,0.4908636248618768,1720309,3,0,0.4619137977771754,True,7.170000000000002,-26.6
37.26759145224359,39.51732736299306,16.36665791811181,7.4392672962066015,71.5953874297795,0.5486942124452475,1720655,3,1,0.4619137977771754,True,6.82,-34.7
46.308454861646716,48.55819077239618,35.5721411010131,0.0,100.0,0.43791749876063046,1721257,3,0,0.4619137977771754,True,6.600000000000001,-36.4
70.44580263181906,72.69553854256853,16.815942581063794,39.736896717589964,100.0,0.5157596164194757,2100105,3,0,0.4619137977771754,True,1.2600000000000051,-72.1
86.72021447081816,88.96995038156763,16.736597761347575,56.166821545592676,100.0,0.29599715617282474,2100402,3,1,0.4619137977771754,True,-10.5,-90.5
26.33657742283684,28.586313333586304,15.573698850698024,0.0,59.11020218702726,0.5404985594951215,2100550,3,0,0.4619137977771754,True,7.170000000000002,-23.0
72.09673213022275,74.34646804097221,12.895882611058816,49.07100257444057,99.62193350750385,0.48680934589947195,2100709,3,1,0.4619137977771754,False,1.1200000000000045,-72.8
89.47937717929203,91.7291130900415,12.971346703401814,66.30574072039158,100.0,0.18293606859010986,2100808,3,1,0.4619137977771754,False,-11.099999999999994,-91.1
75.41557128824316,77.66530719899262,12.94071384272332,52.30197413301599,100.0,0.47365138132440077,2100956,3,1,0.4619137977771754,True,0.5100000000000051,-76.3
34.80920499300514,37.0589409037546,14.299487014408275,9.032461358116194,65.08542044939301,0.57956492021477,2101905,3,0,0.4619137977771754,True,6.93,-33.0
50.538528927395205,52.78826483814467,11.84509406452681,29.572307078182956,76.00422259810638,0.5806693949590581,2102101,3,0,0.4619137977771754,True,4.900000000000006,-50.3
32.32700982116842,34.57674573191788,12.101804543695886,10.857644678330757,58.295846785505006,0.6245970724287047,2102309,3,0,0.4619137977771754,True,7.020000000000003,-31.4
42.73273548591075,44.982471396660216,15.627528000420323,14.353079348445128,75.6118634448753,0.5584411110922751,2102374,3,0,0.4619137977771754,True,6.18,-41.1
68.48477637441032,70.73451228515978,16.50953267299328,38.376422844505655,100.0,0.5168010456350631,2103109,3,1,0.4619137977771754,True,1.6300000000000097,-69.8
46.98333673987011,49.233072650619576,10.336786497746647,28.97334339915622,69.49280190208293,0.6173907624816319,2103307,3,1,0.4619137977771754,True,5.420000000000002,-46.9
41.75062504177145,44.000360952520914,10.851025677102937,22.7327414300798,65.26798047496203,0.6296063879109395,2103604,3,0,0.4619137977771754,True,6.090000000000003,-41.5
66.46237694504562,68.71211285579508,12.351974160662863,44.502688362926506,92.92153734866366,0.5060681178865885,2103752,3,0,0.4619137977771754,True,2.1000000000000085,-66.8
41.20500401407022,43.454739924819684,12.755452061382494,18.454513277982798,68.45496657165657,0.5979906622568639,2103802,3,1,0.4619137977771754,True,6.219999999999999,-40.4
58.86355675948795,61.11329267023741,12.755452061382494,36.11306602340053,86.11351931707429,0.5404863524116226,2105153,3,0,0.4619137977771754,True,3.509999999999998,-58.9
94.9157076630176,97.16544357376706,14.331470535502476,69.07627747868524,100.0,0.11550820135161499,2105203,3,0,0.4619137977771754,True,-17.799999999999997,-97.8
79.21969337516758,81.46942928591704,11.883758894418415,58.177689851899416,100.0,0.4484649497601305,2105427,3,1,0.4619137977771754,True,0.030000000000001137,-79.9
47.91835335896809,50.168089269717555,14.430306908861025,21.885207442490422,78.45097109694468,0.5628240833671225,2105476,3,0,0.4619137977771754,True,5.350000000000001,-47.1
82.96359831964516,85.21333423039462,15.79551112131269,54.25470131521986,100.0,0.37068047446479324,2107258,3,1,0.4619137977771754,True,-5.700000000000003,-85.7
57.25217399677272,59.50190990752218,13.496073462008237,33.05009198927923,85.95372782576513,0.5427233735603861,2107357,3,0,0.4619137977771754,True,3.75,-57.2
54.14374227422639,56.393478184975855,13.496073462008237,29.941660266732903,82.8452961032188,0.5547059719445999,2107407,3,0,0.4619137977771754,True,4.350000000000001,-53.9
43.244322724344535,45.494058635094,14.267966639331101,17.529357889386045,73.45875938080195,0.5724608498518335,2107605,3,0,0.4619137977771754,True,6.0,-42.1
78.14663284738863,80.3963687581381,12.193888987585321,56.49678551099127,100.0,0.45506536351405613,2107704,3,1,0.4619137977771754,True,0.11999999999999034,-78.9
67.8048490784558,70.05458498920527,11.777872570550878,46.97037893642336,93.13879104198718,0.49882853252570275,2108207,3,1,0.4619137977771754,True,1.9200000000000017,-68.1
54.57447706011648,56.82421297086594,15.627528000420323,26.194820922650855,87.45360501908102,0.5429517495369798,2109551,3,1,0.4619137977771754,True,4.309999999999995,-54.2
35.2065098486898,37.45624575943926,14.56925062692577,8.901039248927145,66.01145226995138,0.5746890587263036,2110278,3,1,0.4619137977771754,True,6.900000000000006,-33.3
32.190998352608275,34.44073426335774,15.52089890282112,4.020331406141096,64.86113712057437,0.5565948076310194,2111003,3,0,0.4619137977771754,True,7.149999999999999,-29.5
62.28067061143291,64.53040652218237,10.141487480350042,44.65345631103243,84.40735673333232,0.5259285757618776,2111201,3,1,0.4619137977771754,True,2.8900000000000006,-62.3
56.60099529767009,58.85073120841955,19.3895238246527,20.847962834718935,96.85349958212016,0.5281495060007377,2111631,3,1,0.4619137977771754,True,3.9200000000000017,-56.3
92.93829180326823,95.1880277140177,14.236899197201122,67.28421803597628,100.0,0.14302943515992356,2111748,3,0,0.4619137977771754,True,-15.599999999999994,-95.6
67.14652880421419,69.39626471496365,15.087409774266524,39.82548493740367,98.96704449252363,0.5141101203296665,2111789,3,1,0.4619137977771754,True,1.9300000000000068,-68.0
50.541557942882335,52.7912938536318,14.003534769685226,25.34487004879435,80.23771765846925,0.5601296580445775,2111904,3,0,0.4619137977771754,True,4.909999999999997,-50.0
72.08483764223422,74.33457355298368,20.64282555329324,33.87537892938581,100.0,0.5338844453389389,2111953,3,0,0.4619137977771754,True,0.6899999999999977,-75.4
42.40548159195963,44.65521750270909,11.883758894418415,21.363478068691464,67.94695693672672,0.6098522007427875,2112100,3,1,0.4619137977771754,True,6.07,-41.9
67.75339414315937,70.00313005390883,10.155547265112618,50.098623170993854,89.9076369368238,0.49084271236523813,2112209,3,0,0.4619137977771754,True,1.9699999999999989,-67.8
58.97099573519503,61.2207316459445,11.944630148643833,37.80968674595127,84.63177654593773,0.5423130276317732,2112233,3,0,0.4619137977771754,False,3.490000000000002,-59.0
54.468759169175584,56.71849507992505,17.73024503622545,21.96785337185309,91.469136787997,0.5337445179588939,2200277,3,1,0.4619137977771754,True,4.32,-53.9
61.16988013074722,63.41961604149668,15.682417730726266,32.68264209876083,94.15658998423253,0.5287307592020285,2200608,3,0,0.4619137977771754,False,3.049999999999997,-61.5
47.46955289828714,49.719288809036605,14.498715566517062,21.302328476572914,78.13624914150029,0.5622257200166314,2200707,3,0,0.4619137977771754,True,5.390000000000001,-46.6
60.57892408614053,62.828659996889996,19.7144537182523,24.18904073423372,100.0,0.5273243581351779,2201556,3,0,0.4619137977771754,True,3.0800000000000054,-61.1
72.75003131366677,74.99976722441623,11.795755796282739,51.88051069327247,98.11902375556,0.4736468185163665,2202703,3,0,0.4619137977771754,True,1.019999999999996,-73.2
35.908586930080254,38.15832284082972,17.430319927827142,3.99552354327772,72.32112213838171,0.5322749458303038,2203255,3,1,0.4619137977771754,True,6.969999999999999,-32.6
87.19271719698578,89.44245310773525,26.6220053190587,37.26428148614643,100.0,0.3614124127085225,2203859,3,1,0.4619137977771754,True,-20.0,-100.0
48.72113863979201,50.970874550541474,17.52757769278896,16.61745353644745,85.32429556463549,0.537253554161279,2204105,3,1,0.4619137977771754,True,5.310000000000002,-47.3
95.30886153211533,97.5585974428648,14.430306908861025,69.27571561563767,100.0,0.11184279737032565,2204303,3,0,0.4619137977771754,True,-18.299999999999997,-98.3
58.099776576096275,60.34951248684574,20.064292581391246,21.024221652044695,99.67480332164678,0.5272284988174136,2204550,3,0,0.4619137977771754,True,3.6199999999999974,-58.1
30.05998776203171,32.309723672781175,14.267966639331101,4.34502292707322,60.274424418489126,0.5756025224826585,2204907,3,1,0.4619137977771754,True,7.130000000000003,-27.9
29.933894134469437,32.183630045218905,18.171732157457097,0.0,67.79957061054316,0.504091495003699,2205102,3,0,0.4619137977771754,False,7.169999999999998,-25.2
85.54929459164225,87.79903050239172,15.682417730726266,57.062056559655865,100.0,0.3094850654741551,2205151,3,0,0.4619137977771754,True,-8.5,-88.5
58.24404130527733,60.49377721602679,25.143435218838142,11.213549739488052,100.0,0.5226172593893608,2205250,3,0,0.4619137977771754,True,3.6200000000000045,-58.3
55.64991924327588,57.899655154025346,13.475024810495485,31.48909183467052,84.31021847338016,0.550207223577781,2205409,3,0,0.4619137977771754,True,4.100000000000001,-55.5
41.67409667800679,43.923832588756255,19.54905321059268,5.6083923641374795,82.23927281337502,0.5168547818738951,2205458,3,1,0.4619137977771754,True,6.450000000000003,-38.3
90.97319977029919,93.22293568104865,18.05649479238959,57.83285620093001,100.0,0.2319899592457082,2205532,3,0,0.4619137977771754,True,-16.400000000000006,-96.4
91.79263011889233,94.0423660296418,18.669451666873705,57.450913151458046,100.0,0.22597820745209007,2205607,3,0,0.4619137977771754,True,-17.900000000000006,-97.9
52.03562506672495,54.28536097747441,13.168813740892993,28.47496032620796,80.09576162874086,0.5637876241399332,2205805,3,1,0.4619137977771754,True,4.699999999999996,-51.7
95.04951519840212,97.29925110915158,16.815942581063794,64.34060928417301,100.0,0.15180067774611855,2205904,3,0,0.4619137977771754,True,-20.0,-100.0
26.368608766492088,28.618344677241552,13.51737120689723,2.1247839460642517,55.11190540841885,0.5887296857316064,2206100,3,0,0.4619137977771754,True,7.25,-24.4
96.38817910672161,98.63791501747107,15.087409774266524,69.0671352399111,100.0,0.10835404017667133,2206506,3,0,0.4619137977771754,True,-20.0,-100.0
31.05338939697891,33.30312530772838,21.785600407721684,0.0,76.002117488444,0.4562645851164476,2206654,3,1,0.4619137977771754,True,7.210000000000001,-23.7
31.37350042307169,33.623236333821154,15.177729192224147,3.875433749959612,63.37103891768269,0.5616988228144297,2206670,3,0,0.4619137977771754,True,7.179999999999996,-28.8
50.23158273909809,52.48131864984755,20.064292581391246,13.156027815046507,91.80660948464859,0.5232239887006188,2206951,3,0,0.4619137977771754,True,5.149999999999999,-48.5
61.27614103141957,63.525876942169035,25.143435218838142,14.245649465630294,100.0,0.5293920951683434,2207108,3,0,0.4619137977771754,True,2.8799999999999955,-62.5
64.34913533857896,66.59887124932843,21.536176607627812,24.388740733683903,100.0,0.5312947866641896,2207355,3,1,0.4619137977771754,True,2.2900000000000063,-66.0
77.73734572293075,79.98708163368022,19.235543163371705,42.28610981040601,100.0,0.5002679249599292,2207777,3,1,0.4619137977771754,True,-1.5999999999999943,-81.6
33.510939717855976,35.76067562860544,10.677585228748791,14.83299313840093,56.688358118809944,0.656396955963096,2208403,3,0,0.4619137977771754,True,6.859999999999999,-33.2
21.251555614213803,23.50129152496327,18.94305574657669,0.0,60.628998545388086,0.4428858939637631,2208601,3,0,0.4619137977771754,True,6.48,-14.3
41.6784321642165,43.92816807496597,12.742121270221157,18.95406929869073,68.9022668512412,0.5970759584947446,2208809,3,1,0.4619137977771754,True,6.160000000000004,-40.9
85.50921833024978,87.75895424099924,16.230043837466145,55.94865285205934,100.0,0.3163033232168595,2208908,3,0,0.4619137977771754,True,-8.799999999999997,-88.8
49.58392063497786,51.83365654572732,16.035961300898702,20.40374993848779,83.26356315296685,0.5473144992897082,2209005,3,1,0.4619137977771754,True,5.140000000000001,-48.6
53.42803648537859,55.677772396128056,20.064292581391246,16.35248156132701,95.00306323092909,0.5262710956465371,2209153,3,0,0.4619137977771754,True,4.600000000000001,-52.4
58.099827167001536,60.349563077751,17.94459931502655,25.17879470329683,95.52033145220517,0.531324415981866,2209708,3,0,0.4619137977771754,True,3.6599999999999966,-58.1
72.56638534771984,74.81612125846931,21.785600407721684,32.11712907775368,100.0,0.5399247474370873,2209757,3,1,0.4619137977771754,True,0.5,-76.5
88.56687836033024,90.8166142710797,18.80401510117084,53.96142190803754,100.0,0.2825682256682849,2209807,3,1,0.4619137977771754,True,-14.200000000000003,-94.2
29.928111969748386,32.17784788049785,15.682417730726266,1.4408739377619995,62.914821823233694,0.5497849176297026,2209872,3,0,0.4619137977771754,True,7.240000000000002,-26.9
44.80043509520942,47.05017100595889,11.760312452185364,24.000382152737643,70.09995985918013,0.6019825275936115,2210003,3,0,0.4619137977771754,True,5.690000000000005,-44.4
32.3180735647684,34.56780947551786,23.23398117975169,0.0,80.10557580531261,0.4450943556227477,2210383,3,0,0.4619137977771754,True,7.259999999999998,-24.1
46.89750284581311,49.14723875656257,17.52757769278896,14.793817742468548,83.5006597706566,0.5373359459956679,2210656,3,0,0.4619137977771754,True,5.589999999999996,-45.2
67.95443874105966,70.20417465180913,13.168813740892993,44.39377400054268,96.01457530307557,0.5047205367391336,2210706,3,0,0.4619137977771754,True,1.8599999999999994,-68.5
48.21244105697906,50.462176967728524,9.908123839116882,31.0426110886967,69.88174284676035,0.6169636126200895,2211001,3,0,0.4619137977771754,True,5.209999999999994,-48.2
28.66116965346507,30.910905564214538,11.709484943122776,7.960736798179848,53.861074330249224,0.6352520285657877,2211209,3,1,0.4619137977771754,True,7.16,-27.8
31.18357790231519,33.43331381306466,19.086812737846834,0.0,70.8427793589048,0.4947055265307067,2211357,3,1,0.4619137977771754,True,7.18,-26.0
86.4562245965295,88.70596050727896,22.047057515392645,45.494521812026235,100.0,0.34646541680002396,2211506,3,1,0.4619137977771754,True,-14.400000000000006,-94.4
88.68870769634265,90.93844360709211,24.71358859969082,42.500700022958426,100.0,0.32902447908555765,2211605,3,0,0.4619137977771754,True,-20.0,-100.0
62.510175362527484,64.75991127327696,11.168851605854723,42.869364377129344,86.65045816942455,0.526059614368466,2300309,3,1,0.4619137977771754,True,2.8899999999999935,-62.6
72.38022831214545,74.62996422289491,12.126195451551707,50.863057868360144,98.39687057742968,0.47796991303115216,2301703,3,1,0.4619137977771754,True,1.059999999999988,-72.9
90.86821540020422,93.11795131095369,19.54905321059268,54.80251108633491,100.0,0.25110152161575733,2301802,3,0,0.4619137977771754,True,-17.599999999999994,-97.6
66.98031088472929,69.23004679547876,9.9751734442493,49.679066105209756,88.78102748574776,0.4963987607586973,2303709,3,1,0.4619137977771754,True,2.1400000000000006,-67.0
95.85035398540462,98.10008989615409,12.971346703401814,72.67671752650418,100.0,0.08144910449852089,2303931,3,0,0.4619137977771754,True,-17.799999999999997,-97.8
92.31554867422737,94.56528458497684,10.391531510248539,74.19825708067658,100.0,0.08050997402554089,2304285,3,0,0.4619137977771754,True,-12.599999999999994,-92.6
96.60410006543069,98.85383597618015,12.11800685792139,75.10297897024483,100.0,0.05987153911383013,2304301,3,0,0.4619137977771754,True,-18.0,-98.0
98.41409940201102,100.0,12.293804507078773,76.56842124590989,100.0,0.04639765469921781,2304350,3,0,0.4619137977771754,True,-20.0,-100.0
92.87140220662316,95.12113811737262,10.656697653526058,74.23439452232904,100.0,0.07795930051286215,2304707,3,0,0.4619137977771754,True,-13.299999999999997,-93.3
93.94793607806277,96.19767198881223,11.714999662719999,73.23669457098215,100.0,0.08338705155152992,2305308,3,0,0.4619137977771754,True,-15.0,-95.0
79.77208757281548,82.02182348356494,10.838152685675457,60.77943456069498,100.0,0.42600796261036805,2305407,3,1,0.4619137977771754,True,-0.09999999999999432,-80.1
96.65297415921896,98.90271006996842,13.186413219261754,73.05781507495252,100.0,0.07585764325663437,2305605,3,0,0.4619137977771754,True,-18.799999999999997,-98.8
93.5247665283767,95.77450243912617,11.087512198022745,74.04337785285304,100.0,0.07740766211552905,2305803,3,0,0.4619137977771754,True,-14.200000000000003,-94.2
88.61346003388132,90.86319594463079,14.794682779359656,61.86615053439091,100.0,0.2313940714976911,2306207,3,0,0.4619137977771754,True,-11.299999999999997,-91.3
85.48159144943838,87.73132736018785,10.611067347180713,66.93401752218467,100.0,0.2331201996332507,2306256,3,0,0.4619137977771754,True,-5.799999999999997,-85.8
94.46030898203642,96.71004489278589,12.615269045676145,71.98457190797765,100.0,0.09265377573244865,2306504,3,0,0.4619137977771754,True,-16.099999999999994,-96.1
93.13532315650396,95.38505906725342,12.591226279177397,70.70670903887145,100.0,0.11087513060176796,2306702,3,0,0.4619137977771754,True,-14.700000000000003,-94.7
85.34410461040777,87.59384052115723,11.39764210877139,65.25487247928815,100.0,0.25262113262951935,2306900,3,0,0.4619137977771754,True,-6.0,-86.0
79.62827861824621,81.87801452899568,10.368944255584925,61.55525723034574,100.0,0.4202038731210737,2307700,3,0,0.4619137977771754,True,-0.009999999999990905,-79.8
93.52339756478912,95.77313347553859,11.089982167223353,74.03716783858935,100.0,0.07747152784397035,2307809,3,0,0.4619137977771754,True,-14.200000000000003,-94.2
95.79840029694198,98.04813620769144,14.003534769685226,70.60171240285399,100.0,0.09872908753107923,2307908,3,0,0.4619137977771754,True,-18.5,-98.5
98.6502604371597,100.0,11.051586045917784,79.23928572586487,100.0,0.029303433389434842,2308005,3,0,0.4619137977771754,True,-19.400000000000006,-99.4
97.01347574199744,99.2632116527469,12.229264187321736,75.2942942881708,100.0,0.05760821261859086,2308203,3,0,0.4619137977771754,True,-18.5,-98.5
92.81713472188767,95.06687063263713,11.125604155137472,73.2610871823185,100.0,0.08782801208795737,2308500,3,0,0.4619137977771754,True,-13.5,-93.5
97.59146255326307,99.84119846401254,11.93768845203335,76.44375903936745,100.0,0.0482500029386846,2308906,3,0,0.4619137977771754,True,-18.900000000000006,-98.9
98.2879251199012,100.0,12.477033973605757,76.0831238085007,100.0,0.049878058752300294,2309201,3,0,0.4619137977771754,True,-20.0,-100.0
95.65734999425516,97.90708590500462,11.62044285703554,75.13143642080922,100.0,0.06165856617639399,2309300,3,0,0.4619137977771754,True,-16.700000000000003,-96.7
86.79465746355478,89.04439337430425,14.088019136159394,61.43238325392075,100.0,0.26043923953061465,2309805,3,0,0.4619137977771754,True,-8.900000000000006,-88.9
82.42196965680452,84.67170556755399,11.870706321916385,61.40554870554593,100.0,0.34695699031256044,2310308,3,0,0.4619137977771754,True,-3.200000000000003,-83.2
76.25323130815639,78.50296721890585,14.396869456474883,50.28562159409033,100.0,0.48717322742544733,2310605,3,1,0.4619137977771754,True,0.3400000000000034,-77.7
94.03432688178154,96.284062792531,13.134170947525297,70.54156076858911,100.0,0.10752021534074652,2311009,3,0,0.4619137977771754,True,-16.0,-96.0
92.16557836704649,94.41531427779596,12.28437125141799,70.33838905229746,100.0,0.12030412832633386,2311108,3,0,0.4619137977771754,True,-13.5,-93.5
88.35711819655207,90.60685410730153,14.605347581925503,61.98089886503837,100.0,0.23384862888275754,2311207,3,0,0.4619137977771754,True,-10.900000000000006,-90.9
92.54772546061467,94.79746137136414,10.518770708275765,74.18104962150875,100.0,0.07974821928274944,2311801,3,0,0.4619137977771754,True,-12.900000000000006,-92.9
74.51755756777082,76.76729347852029,13.083553268442628,51.12400028256142,100.0,0.47905275664248953,2311900,3,0,0.4619137977771754,True,0.6799999999999926,-75.4
88.38457829686683,90.6343142076163,12.151118679780735,66.81855922337417,100.0,0.190740266552062,2312106,3,0,0.4619137977771754,True,-9.5,-89.5
97.26444722634606,99.51418313709553,11.386248998923966,77.19754518019931,100.0,0.04327926596117336,2312205,3,0,0.4619137977771754,True,-18.200000000000003,-98.2
96.30931537063188,98.55905128138134,10.859238217548377,77.27533547544559,100.0,0.04372024534854905,2312304,3,0,0.4619137977771754,True,-16.900000000000006,-96.9
79.94397021035275,82.19370612110221,14.430306908861025,53.91082429387508,100.0,0.4395852837140067,2312601,3,1,0.4619137977771754,True,-1.7000000000000028,-81.7
98.2412839592125,100.0,12.544376342912809,75.90449402933658,100.0,0.05118377380173705,2312700,3,0,0.4619137977771754,True,-20.0,-100.0
84.17429794146378,86.42403385221324,10.414428584422701,66.01212890718028,100.0,0.2686702047931688,2313401,3,0,0.4619137977771754,True,-4.400000000000006,-84.4
67.56472748390637,69.81446339465583,12.070082078630467,46.15753723009776,93.4713895592139,0.5021661157023974,2313757,3,0,0.4619137977771754,True,1.9799999999999898,-67.9
45.27383494222035,47.52357085296981,14.95769447388931,18.207028392392964,76.84011331354665,0.5615362793201454,2400109,3,1,0.4619137977771754,True,5.740000000000002,-44.1
42.895927952055764,45.14566386280523,17.24340285329617,11.349215299429524,78.94211242618093,0.5393673042564748,2402808,3,1,0.4619137977771754,True,6.149999999999999,-40.7
30.591670997050258,32.84140690779972,20.851923500665354,0.0,73.71042597748819,0.46634052051208774,2402907,3,0,0.4619137977771754,True,7.18,-23.9
54.468759169175584,56.71849507992505,17.73024503622545,21.96785337185309,91.469136787997,0.5335203113783771,2403202,3,1,0.4619137977771754,True,4.310000000000002,-53.9
24.942162186095555,27.191898096845023,16.815942581063794,0.0,60.15053992182358,0.5106295344341171,2403400,3,0,0.4619137977771754,True,7.140000000000001,-20.5
39.64494865731926,41.894684568068726,18.669451666873705,5.303231689884974,78.48613744625246,0.5216853009946816,2403806,3,0,0.4619137977771754,True,6.609999999999999,-36.3
23.272057837727644,25.52179374847711,11.280793192430167,3.411845374269358,47.631742122684855,0.64544129525518,2404200,3,0,0.4619137977771754,True,7.23,-22.5
27.80264312015974,30.052379030909208,24.71358859969082,0.0,78.49012261504288,0.394363094644478,2405504,3,0,0.4619137977771754,True,6.829999999999998,-16.6
25.86426490313629,28.11400081388576,21.785600407721684,0.0,70.81299299460139,0.42456937857170224,2407609,3,0,0.4619137977771754,True,6.869999999999997,-17.1
59.152704123789896,61.40244003453936,12.603195039278667,36.700631667419295,86.10424840165942,0.53879590388444,2407807,3,1,0.4619137977771754,True,3.4299999999999997,-59.2
38.33731219191165,40.587048102661115,21.070077805737284,0.0,81.88364175336292,0.49361858055045144,2407906,3,1,0.4619137977771754,True,6.850000000000001,-33.4
38.20378943233474,40.4535253430842,10.182190810047674,20.49679807167604,60.410252614492364,0.6559134355106054,2408003,3,0,0.4619137977771754,True,6.439999999999998,-38.1
39.632644319236924,41.88238022998639,12.312891785961648,17.74955578396249,66.01520467601028,0.607766922946116,2409407,3,1,0.4619137977771754,True,6.350000000000001,-38.9
37.57870230316358,39.828438213913046,14.498715566517062,11.411477881449354,68.24539854637673,0.575529343799432,2410405,3,1,0.4619137977771754,True,6.690000000000005,-35.9
37.98445500025486,40.234190911004326,25.60247569900605,0.0,90.41412119611813,0.4502017649934746,2410603,3,0,0.4619137977771754,True,7.130000000000003,-29.9
49.76568681416895,52.015422724918416,21.785600407721684,9.316430544202788,94.71441490563404,0.5143642312062265,2410801,3,0,0.4619137977771754,True,5.299999999999997,-47.5
43.28272825198681,45.532464162736275,17.62751365527131,10.983172261416492,80.08175606405604,0.537457804172105,2410900,3,1,0.4619137977771754,True,6.189999999999998,-41.0
65.92147648529478,68.17121239604424,14.116964879011238,40.50246966216537,95.83995512992311,0.5146575227821075,2411502,3,1,0.4619137977771754,False,2.1899999999999977,-66.5
37.85556951631969,40.105305427069155,20.064292581391246,0.7800145922681097,79.43059626187019,0.5026781386015957,2411700,3,1,0.4619137977771754,True,6.840000000000003,-33.4
57.10812932145001,59.35786523219947,19.7144537182523,20.718245969543197,97.99748449485574,0.5269366194663823,2411908,3,0,0.4619137977771754,True,3.789999999999999,-56.9
28.601413955883192,30.85114986663266,17.8358962185309,0.0,65.80886408694735,0.5057895962325692,2413201,3,1,0.4619137977771754,True,7.210000000000001,-23.9
57.509032504114614,59.75876841486408,18.80401510117084,22.903576051821922,96.61396077790623,0.530123886029664,2413557,3,0,0.4619137977771754,True,3.780000000000001,-57.4
68.15644087496503,70.40617678571449,23.930360036309608,23.503532977471032,100.0,0.5423282642530747,2413607,3,1,0.4619137977771754,True,1.3500000000000085,-71.6
36.31856887776668,38.568304788516144,12.955954234990237,13.175101102586087,63.9615084744462,0.602364096798741,2501005,3,1,0.4619137977771754,True,6.729999999999997,-35.2
67.67760804912774,69.9273439598772,15.177729192224147,40.17954137601566,99.67514654373875,0.5126843383823008,2502151,3,1,0.4619137977771754,True,1.8100000000000023,-68.6
49.0515133651116,51.30124927586107,10.941431976192103,29.85643666322963,72.7460618884925,0.5981193167951586,2503209,3,0,0.4619137977771754,True,5.1200000000000045,-48.9
43.720892424590986,45.97062833534045,15.9132577800385,14.78121620976317,77.16004046091773,0.5527270844869189,2503308,3,0,0.4619137977771754,True,5.979999999999997,-42.1
51.80558251543004,54.055318426179504,10.943363757420888,32.60671959191364,75.50391726044536,0.583400620682083,2503704,3,1,0.4619137977771754,True,4.659999999999997,-51.7
38.46114097635014,40.7108768870996,15.79551112131269,9.752243971924837,71.66950980227436,0.5571140203628125,2503902,3,0,0.4619137977771754,True,6.68,-36.3
42.44753104454484,44.6972669552943,10.03218449706746,25.034546654781,64.3599872558076,0.6435964255993658,2504009,3,1,0.4619137977771754,True,5.990000000000002,-42.4
56.24178116853588,58.491517079285344,16.659125921871812,25.840230258498956,91.14280390007173,0.5363133838301903,2504033,3,0,0.4619137977771754,True,4.009999999999998,-56.0
66.14069418644593,68.39043009719539,24.310062053558553,20.74358401028679,100.0,0.5381711700300106,2504108,3,0,0.4619137977771754,True,1.7199999999999989,-69.0
31.782407969619275,34.03214388036874,15.087409774266524,4.461364102808762,63.60292365792871,0.5618325032609283,2505204,3,1,0.4619137977771754,True,7.080000000000002,-29.3
40.72954780074448,42.97928371149394,18.412880395014664,6.890701285621546,79.06786613736634,0.5272939550577318,2505352,3,0,0.4619137977771754,True,6.539999999999999,-37.7
54.58327305143636,56.83300896218582,22.913707010394432,11.922968469509769,100.0,0.5177006522017924,2507408,3,1,0.4619137977771754,True,4.350000000000001,-53.5
32.48727282558837,34.737008736337835,17.06594930647553,1.2883627336594756,68.18565473901619,0.5294973954150054,2507606,3,1,0.4619137977771754,True,7.100000000000001,-28.9
51.27089597832908,53.520631889078544,12.312891785961648,29.387807443054644,77.65345633510243,0.571520870019264,2507705,3,1,0.4619137977771754,True,4.740000000000002,-51.0
64.2830577336223,66.53279364437176,37.17893078241882,0.0,100.0,0.5540986277658023,2508703,3,1,0.4619137977771754,True,1.5900000000000034,-70.0
94.78280190051056,97.03253781126003,17.153540469662797,63.412216283370654,100.0,0.16036815797348386,2509156,3,0,0.4619137977771754,True,-20.0,-100.0
55.07654317772893,57.326279088478394,11.47385457971338,34.837937348390206,79.81462082856658,0.5638307783510813,2509701,3,0,0.4619137977771754,True,4.170000000000002,-55.0
39.76014390967081,42.009879820420274,18.539142690847672,5.673827842109844,78.3459317987307,0.523659509164625,2510006,3,0,0.4619137977771754,True,6.609999999999999,-36.5
47.1742903476408,49.42402625839026,15.682417730726266,18.687052315654412,80.16100020112611,0.551899898776078,2510204,3,1,0.4619137977771754,True,5.469999999999999,-46.0
43.772000931174084,46.02173684192355,10.635783376621859,25.175984476374893,66.8674892074722,0.6260435935417629,2510808,3,0,0.4619137977771754,False,5.839999999999996,-43.6
87.93776685264984,90.18750276339931,21.297927720658446,48.444331485571496,100.0,0.31620658771903504,2511004,3,1,0.4619137977771754,True,-15.599999999999994,-95.6
49.87123436112116,52.120970271870625,16.659125921871812,19.469683451084236,84.772257092657,0.5437126172900464,2511301,3,1,0.4619137977771754,True,5.150000000000006,-48.8
93.62413852690591,95.87387443765537,17.06594930647553,62.425228434977015,100.0,0.1761469905816741,2511707,3,1,0.4619137977771754,False,-18.599999999999994,-98.6
42.84392738453526,45.09366329528473,12.455329272127395,20.68166650632754,69.50566008424191,0.5975418608120397,2512002,3,0,0.4619137977771754,True,5.969999999999999,-42.2
95.60534584418961,97.85508175493908,12.910680236758262,72.55061347497983,100.0,0.08333705248278017,2512309,3,0,0.4619137977771754,True,-17.5,-97.5
84.61339287221313,86.86312878296259,10.802874144334353,65.6898845305483,100.0,0.2626144902810348,2512507,3,0,0.4619137977771754,True,-5.0,-85.0
64.58654357470104,66.8362794854505,32.947499567044254,2.2603669533947226,100.0,0.5496815541900755,2512606,3,1,0.4619137977771754,True,1.75,-69.2
46.98851855878049,49.238254469529956,19.88607415722473,10.262265327476769,88.21424361158313,0.5206889667410847,2512754,3,1,0.4619137977771754,True,5.670000000000002,-44.6
67.85402301182539,70.10375892257485,16.980541016218933,36.82251009278057,100.0,0.5191694549665891,2512804,3,1,0.4619137977771754,True,1.7199999999999989,-69.2
83.24838574234097,85.49812165309044,18.05649479238959,50.10804217297179,100.0,0.3803752051595198,2513109,3,1,0.4619137977771754,False,-7.400000000000006,-87.4
54.116051036306196,56.36578694705566,24.310062053558553,8.718940860147057,100.0,0.5133592128195464,2513356,3,1,0.4619137977771754,True,4.479999999999997,-52.7
54.95780391286854,57.207539823618006,12.895882611058816,31.932074357086368,82.48300529014963,0.5552728571947454,2513406,3,1,0.4619137977771754,True,4.200000000000003,-54.8
48.32638214890475,50.57611805965421,23.572303705828812,4.375251763589681,96.77698435571872,0.5031120223771958,2513851,3,1,0.4619137977771754,True,5.659999999999997,-45.1
40.09632161941392,42.346057530163385,18.94305574657669,5.218350509738563,79.4737645505882,0.5209229075779179,2514107,3,0,0.4619137977771754,True,6.640000000000001,-36.7
83.4063646910855,85.65610060183496,14.915913178835002,56.421447974792,100.0,0.35227001617849546,2514206,3,1,0.4619137977771754,True,-5.700000000000003,-85.7
52.878728426095805,55.12846433684527,21.536176607627812,12.918333821200747,97.33859485248978,0.5200262571736981,2514701,3,1,0.4619137977771754,True,4.710000000000001,-51.5
75.66132974192442,77.91106565267388,21.536176607627812,35.70093513702936,100.0,0.5386354239634404,2514800,3,0,0.4619137977771754,True,-0.29999999999999716,-80.3
39.722344220896964,41.97208013164643,15.79551112131269,11.013447216471665,72.93071304682118,0.55533355294118,2514909,3,0,0.4619137977771754,True,6.469999999999999,-37.7
88.21065688594881,90.46039279669827,20.2495194997945,50.77206387285952,100.0,0.30272648280696707,2515203,3,1,0.4619137977771754,True,-15.0,-95.0
34.479168040280605,36.72890395103007,11.424884978263973,14.33654086612,59.121267035940136,0.637237391319474,2515302,3,1,0.4619137977771754,True,6.840000000000003,-33.9
57.63513063617107,59.884866546920534,14.20627477828208,32.04107962700791,87.72865346683315,0.5393948788217917,2515500,3,1,0.4619137977771754,True,3.6899999999999977,-57.6
59.74979320337878,61.999529114128244,17.52757769278896,27.64610810003422,96.35295012822226,0.5297996439919728,2515971,3,1,0.4619137977771754,True,3.3100000000000023,-60.0
95.1708931282948,97.42062903904426,14.363927730886658,69.26784800997027,100.0,0.11260238245825532,2516904,3,1,0.4619137977771754,False,-18.099999999999994,-98.1
47.525471818789306,49.77520772953877,10.626709533625585,28.947239769464186,70.60317568961335,0.6102364694871295,2600054,3,1,0.4619137977771754,True,5.350000000000001,-47.4
55.281886805052935,57.5316227158024,11.698551878458328,34.60288236275068,80.46036306885412,0.5590644351498903,2600708,3,1,0.4619137977771754,True,4.07,-55.2
58.37496738068168,60.624703291431146,14.915913178835002,31.390050664388188,89.85935591847411,0.5364654150806224,2600807,3,0,0.4619137977771754,True,3.5900000000000034,-58.4
46.15620036395769,48.40593627470715,12.229264187321736,24.43701891013105,72.37485363928324,0.5922667670150187,2601052,3,0,0.4619137977771754,True,5.559999999999995,-45.7
79.43057335529684,81.68030926604631,13.627758842895386,54.9703927439741,100.0,0.45093457864905406,2601300,3,0,0.4619137977771754,True,-0.7999999999999972,-80.8
61.722980846671724,63.97271675742119,11.224096016208495,41.97389280663303,85.97154070820935,0.5290233573163465,2601409,3,1,0.4619137977771754,True,2.990000000000009,-61.8
51.92256790527118,54.172303816020644,13.002597199473971,28.687681599570286,79.656926032471,0.5634770877405325,2601607,3,0,0.4619137977771754,True,4.649999999999999,-51.6
59.95886288239867,62.208598793148134,11.27752300911032,40.10505986047012,84.31213772582613,0.5381960148792841,2602100,3,1,0.4619137977771754,True,3.289999999999999,-60.0
52.59742517905231,54.84716108980177,11.002440360216236,33.28277424172805,76.4115479378755,0.5804091654973466,2602803,3,1,0.4619137977771754,True,4.579999999999998,-52.5
56.34556187976107,58.595297790510536,17.06594930647553,25.146651787832177,92.04394379318889,0.534430531983965,2603603,3,0,0.4619137977771754,True,3.969999999999999,-56.1
45.03594390853319,47.285679819282656,11.95161789018502,23.860939197535426,70.71042044102988,0.5995607106292682,2604205,3,1,0.4619137977771754,False,5.699999999999996,-44.6
56.73903631254055,58.98877222329001,11.67706342976263,36.102148455765494,81.87539599081452,0.5525029569064006,2605301,3,1,0.4619137977771754,True,3.8299999999999983,-56.7
67.16215380763536,69.41188971838483,15.000191503784459,40.01205460976357,98.81172482700609,0.5145741949820793,2605806,3,0,0.4619137977771754,True,1.9599999999999937,-68.0
68.33383497987857,70.58357089062804,10.267058055492537,50.46050687468082,90.70663490657525,0.4866525174748409,2607208,3,1,0.4619137977771754,True,1.8399999999999892,-68.4
53.40941855977483,55.65915447052429,12.591226279177397,30.98080444214232,80.33750449890627,0.5615644673810642,2607604,3,1,0.4619137977771754,True,4.409999999999997,-53.2
50.23747382573585,52.48720973648531,14.464251638992687,24.13779746073519,80.83662201223542,0.5575210278365411,2608206,3,1,0.4619137977771754,True,4.979999999999997,-49.6
53.77035818649696,56.02009409724643,13.538922574062946,29.484293462606725,82.55589473188613,0.5540488491024771,2608404,3,0,0.4619137977771754,True,4.359999999999999,-53.5
54.793441390366226,57.04317730111569,11.650888780029007,34.20785490437702,79.87849969785435,0.564326076711468,2608750,3,0,0.4619137977771754,True,4.229999999999997,-54.7
59.595029846434116,61.84476575718358,10.051909701771477,42.14338476586273,81.54614674850443,0.5437765417836911,2609600,3,1,0.4619137977771754,True,3.3500000000000014,-59.6
60.27545227371552,62.52518818446499,17.430319927827142,28.36238888691299,96.68798748201698,0.5286951373784182,2610103,3,1,0.4619137977771754,True,3.1799999999999997,-60.6
51.2344307423417,53.484166653091165,10.168454115706838,33.55436280785767,73.41397049832466,0.5969454686746677,2610707,3,1,0.4619137977771754,True,4.779999999999994,-51.2
75.68495782556917,77.93469373631864,10.650311537364866,57.060466698952084,98.80892077368519,0.4482775216759428,2612208,3,1,0.4619137977771754,True,0.6499999999999915,-75.9
45.43172175030808,47.68145766105754,11.525923807921892,25.091062108977873,70.2718532131372,0.6046347015131877,2613107,3,0,0.4619137977771754,True,5.640000000000001,-45.1
60.698592450745785,62.94832836149525,12.275010443410656,38.88974998255732,87.00690674043318,0.5334902686974645,2613206,3,1,0.4619137977771754,True,3.1799999999999997,-60.8
42.326370200258616,44.57610611100808,11.95161789018502,21.15136548926085,68.0008467327553,0.6072872209034144,2613404,3,1,0.4619137977771754,True,6.030000000000001,-41.8
46.913633384769604,49.16336929551907,11.089982167223353,27.427403658569837,70.89933493246829,0.605112861514305,2613503,3,0,0.4619137977771754,True,5.419999999999995,-46.7
59.067437381528315,61.31717329227778,11.965733367443686,37.86476684347897,84.76957974107658,0.5426881602282176,2614105,3,1,0.4619137977771754,True,3.5,-59.1
59.22193292092568,61.471668831675146,13.89608351418264,34.23584561771638,88.70749204563391,0.5366478780051707,2615508,3,0,0.4619137977771754,True,3.450000000000003,-59.3
68.13606148307598,70.38579739382544,12.67726807174088,45.53880855085377,95.2327862367971,0.5007616338929609,2615805,3,1,0.4619137977771754,True,1.8100000000000023,-68.6
75.85638906220493,78.10612497295439,13.922412364718742,50.81869816019052,100.0,0.4837823390354442,2615904,3,0,0.4619137977771754,True,0.44000000000001194,-77.1
62.45305318127217,64.70278909202163,13.240360868589603,38.75215864727254,90.65341953677071,0.5243068285804128,2616506,3,0,0.4619137977771754,True,2.8100000000000023,-62.7
32.927639744583985,35.17737565533345,11.206166021043673,13.213693849311323,57.14105746135557,0.6441871679525231,2700409,3,0,0.4619137977771754,True,6.920000000000002,-32.4
31.882289155859,34.13202506660846,12.824001881068437,8.997443242040415,59.26660689117651,0.6074841480243516,2700508,3,1,0.4619137977771754,True,7.030000000000001,-30.6
33.94680455015908,36.196540460908544,14.834424796515783,7.12160212836968,65.2714787934474,0.5693922551269579,2700607,3,0,0.4619137977771754,True,6.989999999999998,-31.8
34.636377868090825,36.88611377884029,13.475024810495485,10.475550459485465,63.296677098195104,0.5931045735111028,2700706,3,0,0.4619137977771754,True,6.859999999999999,-33.2
32.17653026678179,34.426266177531254,13.454220832174396,8.056477906420916,60.796054448641584,0.5938181585359044,2701209,3,0,0.4619137977771754,True,7.019999999999996,-30.6
73.32440209346588,75.57413800421534,15.79551112131269,44.61550508904058,100.0,0.5041890475304214,2702009,3,0,0.4619137977771754,True,0.7399999999999949,-75.0
64.8248754755239,67.07461138627336,12.382109260019435,42.80612318399537,91.34309958855135,0.513380999863341,2703304,3,0,0.4619137977771754,True,2.3900000000000006,-65.1
25.62283101961607,27.872566930365537,14.299487014408275,0.0,55.89904647600394,0.5665740964107695,2703601,3,1,0.4619137977771754,True,7.169999999999998,-23.1
50.75214811534427,53.001884026093734,14.176083764839824,25.217270405184696,80.78649764700276,0.5593868121691503,2703759,3,0,0.4619137977771754,False,4.919999999999995,-50.2
53.45497650210058,55.70471241285004,11.95161789018502,32.27997179110281,79.12945303459728,0.5669524161127126,2704005,3,1,0.4619137977771754,True,4.420000000000002,-53.3
32.97349440402761,35.223230314777076,11.32121672119023,13.034053280071582,57.412407349482564,0.6425934836305395,2704500,3,0,0.4619137977771754,True,6.960000000000001,-32.4
47.428870249378,49.678606160127465,14.299487014408275,21.652126614489056,77.70508570576587,0.5650319718560934,2704807,3,1,0.4619137977771754,True,5.420000000000002,-46.6
50.35441096725908,52.60414687800854,12.652136782962252,27.80641445592806,77.40187930008902,0.5729269250745603,2706000,3,0,0.4619137977771754,False,4.93,-50.0
32.55092362568894,34.8006595364384,10.748338595697206,13.734302995230053,55.867016077646745,0.6571334635535127,2706307,3,1,0.4619137977771754,True,6.949999999999996,-32.2
63.89012356569429,66.13985947644376,14.794682779359656,37.14281406620388,95.13690488668364,0.5210269372328872,2707800,3,1,0.4619137977771754,True,2.519999999999996,-64.4
33.8811880619959,36.130923972745364,14.498715566517062,7.713963640281673,64.54788430520905,0.5746513568401422,2707909,3,1,0.4619137977771754,True,6.960000000000001,-31.9
49.188066307442135,51.4378022181916,11.215073197542393,29.45666266702804,73.41894176935516,0.5941635437444446,2708402,3,1,0.4619137977771754,True,5.109999999999999,-49.0
47.15242021773549,49.402156128484954,29.202812602119206,0.0,100.0,0.47144329526612894,2800100,3,0,0.4619137977771754,True,6.109999999999999,-41.2
34.10924726856795,36.35898317931741,11.478071328554753,13.862376763368282,58.85558959526654,0.6376049034944236,2801306,3,1,0.4619137977771754,True,6.899999999999999,-33.5
26.219097089580597,28.468833000330065,12.755452061382494,3.468606353493179,53.469059647166944,0.6078424042073474,2801702,3,0,0.4619137977771754,True,7.260000000000002,-24.7
39.26713870004789,41.51687461079735,12.955954234990237,16.123670924867294,66.9100782967274,0.5994265168899975,2802809,3,1,0.4619137977771754,True,6.480000000000004,-38.3
35.86219546654032,38.111931377289785,10.621755259396343,17.29367361627405,58.93018913830552,0.6536645445176419,2803500,3,1,0.4619137977771754,True,6.710000000000001,-35.6
41.55411661498021,43.803852525729674,19.235543163371705,6.102880702455465,81.50482434900388,0.51961504694081,2803708,3,1,0.4619137977771754,True,6.450000000000003,-38.3
23.26153411924244,25.511270029991906,13.067028506545634,0.0,51.122175287779555,0.5916471621145472,2804003,3,0,0.4619137977771754,True,7.140000000000001,-21.4
41.70770608235006,43.95744199309952,20.064292581391246,4.632151158298477,83.28273282790056,0.5121777197050087,2804458,3,0,0.4619137977771754,True,6.469999999999999,-38.1
30.171174099104828,32.420910009854296,11.174460526182305,10.51936983187247,54.32245018783611,0.6477879524775643,2804508,3,1,0.4619137977771754,True,7.059999999999995,-29.6
20.0852440413833,22.33497995213277,10.15868363392813,2.424325899297152,42.24563400496838,0.6744823344095054,2804805,3,0,0.4619137977771754,True,7.030000000000001,-19.9
24.57561292434163,26.8253488350911,21.070077805737284,0.0,68.12194248579291,0.4275940666839307,2805208,3,0,0.4619137977771754,True,6.780000000000001,-16.2
29.990919632340262,32.24065554308973,17.430319927827142,0.0,66.40345484064173,0.5180602122328631,2805307,3,0,0.4619137977771754,True,7.23,-25.8
17.912249951425682,20.16198586217515,11.465485431405265,0.0,42.63392437299815,0.622837046305978,2805406,3,0,0.4619137977771754,True,6.850000000000001,-16.9
32.394734607600654,34.64447051835012,13.51737120689723,8.150909787172818,61.138031249527415,0.5928654091136563,2805505,3,0,0.4619137977771754,True,7.02,-30.8
35.36771704204445,37.61745295279391,14.088019136159394,10.00544283241041,65.22946307317741,0.5821704342196562,2806008,3,1,0.4619137977771754,True,6.839999999999996,-33.7
32.05654844120529,34.30628435195475,15.087409774266524,4.735504574394771,63.87706412951472,0.5630302445296475,2806800,3,1,0.4619137977771754,True,7.100000000000001,-29.6
40.38788140600201,42.637617316751474,15.132171298432352,12.97910656393335,72.29612806956959,0.5659330246968907,2901502,3,0,0.4619137977771754,True,6.449999999999996,-38.7
24.671281625618285,26.92101753636775,14.834424796515783,0.0,55.995955868906606,0.5530633483482121,2902203,3,1,0.4619137977771754,True,7.199999999999999,-21.7
43.92458147942722,46.17431739017668,14.71712019131747,17.329291859047206,75.01934292130615,0.5657247541784306,2902401,3,1,0.4619137977771754,True,5.909999999999997,-42.7
40.94335238204141,43.193088292790875,13.454220832174396,16.823300021680538,69.5628765639012,0.5866876368686332,2902500,3,1,0.4619137977771754,True,6.240000000000002,-39.9
36.53994683477698,38.78968274552644,11.171650227162456,16.89365065240931,60.68571483864357,0.6388521009949372,2902906,3,1,0.4619137977771754,True,6.659999999999997,-36.1
38.09142540762758,40.34116131837705,10.137883033688961,20.471275692867014,60.21104694388707,0.6580945393230675,2903201,3,1,0.4619137977771754,True,6.469999999999999,-38.0
26.593274277654643,28.843010188404108,14.059471038524624,1.2869533112118887,56.39906706559632,0.5752253299497528,2903235,3,1,0.4619137977771754,True,7.210000000000001,-24.3
48.21721533615529,50.466951246904756,13.538922574062946,23.931150612265053,77.00275188154446,0.5710190167058738,2903508,3,1,0.4619137977771754,True,5.289999999999999,-47.6
43.43989541398046,45.68963132472992,15.573698850698024,15.165742471288958,76.21352017817088,0.5564321888265341,2903953,3,1,0.4619137977771754,True,6.0,-41.9
61.69462004569179,63.94435595644126,15.9132577800385,32.75494383086398,95.13376808201853,0.5271957872443276,2904209,3,1,0.4619137977771754,True,2.9299999999999997,-62.1
49.72824554866459,51.97798145941405,17.335629783374834,18.00077143467947,85.95519148414863,0.5377311020736923,2904803,3,1,0.4619137977771754,True,5.119999999999997,-48.5
52.02374197943375,54.273477890183216,12.151118679780735,30.45772290594108,78.08923287442535,0.5720477665307568,2905008,3,1,0.4619137977771754,True,4.68,-51.8
23.421406241506585,25.671142152256053,13.018460013910765,0.15542939081613483,51.18685491369597,0.5946689437751287,2905305,3,0,0.4619137977771754,True,7.189999999999998,-21.6
34.90103565130377,37.15077156205324,12.265721243583371,13.110399680221981,61.191143443884485,0.6182071539471596,2905602,3,1,0.4619137977771754,True,6.840000000000003,-34.0
39.757300935866,42.00703684661546,16.815942581063794,9.0483950216369,74.96567867159402,0.5436351818030762,2906105,3,1,0.4619137977771754,True,6.550000000000004,-37.3
47.50288024490197,49.75261615565143,14.20627477828208,21.908829235738807,77.59640307556404,0.5664516642146508,2906600,3,1,0.4619137977771754,True,5.43,-46.7
28.999187011160448,31.248922921909916,14.363927730886658,3.0961418928359166,59.40170395098391,0.5723955429293331,2907004,3,1,0.4619137977771754,True,7.169999999999998,-26.7
41.403817149086066,43.65355305983553,12.78248743022748,18.600338063753718,68.70676805591734,0.5969152644418221,2908606,3,1,0.4619137977771754,True,6.189999999999998,-40.6
35.08679467927952,37.336530590028985,11.218067843473165,15.349521640694665,59.323539539363296,0.6424068548591306,2909802,3,1,0.4619137977771754,True,6.829999999999998,-34.6
35.49808411522737,37.747820025976836,20.851923500665354,0.0,78.6168390956653,0.4868429050892654,2910305,3,1,0.4619137977771754,True,7.060000000000002,-30.0
33.61326754141624,35.86300345216571,11.206166021043673,13.89932164614358,57.82668525818782,0.6433347109931961,2910701,3,1,0.4619137977771754,True,6.8799999999999955,-33.1
34.78220204331547,37.03193795406494,10.358085073513081,16.730464261177374,57.3334116469525,0.6637323369775683,2910727,3,1,0.4619137977771754,True,6.809999999999995,-34.6
55.987074228861715,58.23681013961118,16.89723189608696,25.118844184859277,91.35477609436307,0.5359137438182636,2910776,3,1,0.4619137977771754,True,4.059999999999995,-55.7
32.06151184872575,34.311247759475215,9.985319729520569,14.740380715497661,53.882114803452765,0.678875708195978,2910800,3,1,0.4619137977771754,True,6.950000000000003,-32.0
59.96179838228021,62.21153429302967,22.321500342646576,18.462197540543897,100.0,0.5265829854994251,2911253,3,1,0.4619137977771754,True,3.200000000000003,-60.5
38.149036862049726,40.39877277279919,15.9132577800385,9.20936064722191,71.58818489837647,0.5547605358025919,2911402,3,1,0.4619137977771754,True,6.690000000000005,-35.9
32.61428761008382,34.864023520833285,16.815942581063794,1.9053816958547216,67.82266534581184,0.5347348979485866,2911659,3,0,0.4619137977771754,True,7.129999999999999,-29.2
32.32901873488633,34.5787546456358,12.544376342912809,9.992228805010413,59.16528048626118,0.6154138827501731,2912707,3,1,0.4619137977771754,True,7.059999999999999,-31.2
32.45236676619194,34.70210267694141,10.231536502476125,14.648659625581288,54.75554572830153,0.6705983071638988,2913606,3,1,0.4619137977771754,True,6.920000000000002,-32.3
30.40155283503016,32.651288745779624,11.903654854779301,9.320553946016823,55.98202354554242,0.6302677874824694,2913705,3,1,0.4619137977771754,True,7.109999999999999,-29.5
33.223510105219255,35.47324601596872,12.168038647122446,11.624328505117237,59.3221635268202,0.6228021590758452,2914901,3,1,0.4619137977771754,True,6.980000000000004,-32.3
44.28560008420192,46.53533599495138,10.728943159210017,25.506993810722356,67.5636781791804,0.6209641356975328,2915601,3,1,0.4619137977771754,True,5.740000000000002,-44.1
39.2094691659204,41.45920507666987,12.78248743022748,16.405990080588055,66.51242007275168,0.60037439640794,2916104,3,1,0.4619137977771754,True,6.410000000000004,-38.3
19.41487673699418,21.664612647743645,15.973969911683527,0.0,52.97301836476983,0.49763710805976763,2916302,3,0,0.4619137977771754,True,6.57,-15.0
39.86835532749705,42.118091238246514,10.81183901416244,20.927276163843086,63.30890631264994,0.6381405397405553,2916401,3,1,0.4619137977771754,True,6.339999999999996,-39.6
35.91568749926948,38.165423410018946,16.89723189608696,5.047457455267043,71.28338936477084,0.5382971113849382,2916906,3,1,0.4619137977771754,True,6.890000000000001,-32.9
31.087136850051643,33.33687276080111,10.786853216273956,12.195028950384103,54.47871657121811,0.6601340966171476,2917508,3,1,0.4619137977771754,True,7.09,-30.7
51.25334531389648,53.503081224645946,15.79551112131269,22.544448309471182,84.4617141398207,0.547042630092902,2917904,3,1,0.4619137977771754,True,4.869999999999997,-50.5
38.100724899499305,40.35046081024877,10.506283226776475,19.75852407438961,60.94239754610793,0.6489859997171348,2918001,3,1,0.4619137977771754,True,6.469999999999999,-37.9
28.282021246494505,30.531757157243973,12.499103734972817,6.0339639976671755,55.02955031682077,0.6166448533419903,2918100,3,1,0.4619137977771754,True,7.240000000000002,-27.0
38.425860856182844,40.67559676693231,16.583459101914556,8.172614188086818,73.17857934577779,0.5447569705761229,2918555,3,1,0.4619137977771754,True,6.640000000000001,-35.9
47.30750027524733,49.55723618599679,13.697288460867524,22.71104411684037,76.40342825515322,0.5719180576116472,2918803,3,1,0.4619137977771754,True,5.439999999999998,-46.6
58.338451106332386,60.58818701708185,21.297927720658446,18.845015739254038,100.0,0.5258652917960319,2918902,3,1,0.4619137977771754,True,3.5700000000000003,-58.4
37.63325074747063,39.8829866582201,13.922412364718742,12.59555984545623,67.17041347098396,0.5838193308349398,2919306,3,1,0.4619137977771754,True,6.6299999999999955,-36.2
38.840661980485464,41.09039789123493,11.324687005611686,18.89441922404727,63.28637655842258,0.6307154860981763,2919504,3,1,0.4619137977771754,True,6.469999999999999,-38.4
40.63678559235996,42.88652150310943,13.673825047442566,16.086316879220295,69.68672612699855,0.5860741642647995,2920403,3,1,0.4619137977771754,True,6.359999999999999,-39.5
42.99298317063335,45.242719081382816,14.679268123730369,16.471882239464435,74.0135559233012,0.5683467555266692,2921054,3,1,0.4619137977771754,True,6.07,-41.7
43.499467883911926,45.74920379466139,16.36665791811181,13.671143727874934,77.82726386144785,0.5481649017702283,2921906,3,1,0.4619137977771754,True,6.029999999999994,-41.7
33.13663956134276,35.386375472092226,14.679268123730369,6.615538630173845,64.15721231401061,0.5711925655832011,2922250,3,1,0.4619137977771754,True,7.020000000000003,-31.0
30.84717408281651,33.09690999356598,12.852340882034015,7.906784747747551,58.2870352393844,0.6074059424414617,2922706,3,0,0.4619137977771754,True,7.100000000000001,-29.5
60.445071646060725,62.69480755681019,13.721046078934702,35.80205141188364,89.58756370173674,0.5318091694923153,2923035,3,0,0.4619137977771754,True,3.1899999999999977,-60.6
38.25215131844317,40.50188722919263,16.163953000411908,8.82112150058714,72.18265295779813,0.5521278830131537,2923308,3,0,0.4619137977771754,True,6.719999999999999,-35.9
22.41425458035694,24.663990491106404,12.151118679780735,0.8482355068642669,48.47974547534854,0.6166764946702092,2923704,3,1,0.4619137977771754,True,7.169999999999998,-21.1
52.19199903714639,54.44173494789585,12.852340882034015,29.251609702077424,79.63186019371427,0.5636173981503593,2923803,3,1,0.4619137977771754,True,4.600000000000001,-51.9
42.70812670693739,44.95786261768686,11.930792343252046,21.573939317886605,68.3417859174871,0.6074133095352817,2924306,3,1,0.4619137977771754,True,6.009999999999998,-42.2
24.657693388857435,26.907429299606903,11.310901655975593,4.73846942122028,49.07638917799352,0.645215337384599,2924405,3,1,0.4619137977771754,True,7.220000000000002,-23.9
35.38057995158493,37.63031586233439,11.218067843473165,15.643306913000071,59.61732481166871,0.6399489430988086,2925501,3,1,0.4619137977771754,True,6.75,-34.9
39.83962490478447,42.08936081553394,14.088019136159394,14.477350695150434,69.70137093591742,0.5790663815357108,2925907,3,1,0.4619137977771754,True,6.399999999999999,-38.5
48.81461513653868,51.06435104728814,12.591226279177397,26.386001018906168,75.74270107567011,0.5791790750137398,2925956,3,1,0.4619137977771754,True,5.18,-48.4
25.898050098111533,28.147786008860997,11.440881117229802,5.724071067686204,50.571500950035784,0.6423233369117158,2926004,3,0,0.4619137977771754,True,7.219999999999999,-25.1
39.36736558494384,41.617101495693305,12.971346703401814,16.193729126043387,67.04047386534322,0.5984100463655347,2926301,3,1,0.4619137977771754,True,6.450000000000003,-38.4
48.609302960886396,50.85903887163586,16.980541016218933,17.577790041841574,84.14028770143014,0.5405970268027978,2926657,3,0,0.4619137977771754,True,5.290000000000006,-47.3
50.942267992396985,53.19200390314645,14.20627477828208,25.348216983233826,81.03579082305907,0.5592582082257587,2926707,3,0,0.4619137977771754,True,4.910000000000004,-50.4
41.509488492273064,43.75922440302253,11.795755796282739,20.639967871878767,66.87848093416628,0.61246968976582,2927002,3,1,0.4619137977771754,True,6.130000000000003,-41.0
40.8597348680516,43.10947077880107,11.200291051701079,21.157303701100705,65.06163785650142,0.6247181372560782,2927705,3,1,0.4619137977771754,True,6.170000000000002,-40.5
47.030527463505464,49.28026337425493,18.412880395014664,13.191680948382533,85.36884580012732,0.532026205297556,2927804,3,1,0.4619137977771754,True,5.659999999999997,-45.1
48.18151794920682,50.431253859956286,14.834424796515783,21.356315527417422,79.50619219249515,0.559978853357983,2927903,3,1,0.4619137977771754,True,5.3700000000000045,-47.3
35.43952358220505,37.68925949295451,14.679268123730369,8.918422651036131,66.46009633487289,0.5716502564786194,2928059,3,1,0.4619137977771754,True,6.840000000000003,-33.5
29.791253518237856,32.040989428987324,15.9132577800385,0.8515773034100427,63.230401554564594,0.5450049604704261,2928505,3,1,0.4619137977771754,True,7.240000000000002,-26.6
33.91553300451005,36.16526891525952,10.969097883514161,14.666232120677222,57.664305709841805,0.6485845489258968,2928703,3,0,0.4619137977771754,True,6.850000000000001,-33.5
34.67753124270967,36.927267153459134,15.79551112131269,5.96863423828437,67.88590006863389,0.5534522575323474,2929008,3,1,0.4619137977771754,True,6.949999999999996,-32.1
56.90509170107639,59.15482761182585,14.794682779359656,30.157782201585974,88.15187302206573,0.5410539218376903,2929602,3,0,0.4619137977771754,True,3.8800000000000026,-56.8
45.006410165961746,47.25614607671121,16.980541016218933,13.974897246916925,80.53739490650548,0.5425339352670612,2929750,3,0,0.4619137977771754,True,5.869999999999997,-43.2
58.9125269399236,61.162262850673066,15.682417730726266,30.425288907937215,91.8992367934089,0.5342426939885114,2930006,3,1,0.4619137977771754,True,3.509999999999998,-59.0
34.15473901007179,36.40447492082126,15.271323242687417,6.4732313688844805,66.33571847275803,0.5630980988111748,2930402,3,1,0.4619137977771754,True,7.029999999999998,-31.8
42.72554282536048,44.97527873610994,10.381696701814604,24.627527102135048,65.32303037008484,0.6357865618954088,2930709,3,1,0.4619137977771754,True,5.979999999999997,-42.6
27.323680982128288,29.573416892877752,11.75452936203886,6.534962688063004,52.61187109769249,0.6356328011642591,2930774,3,0,0.4619137977771754,True,7.25,-26.4
31.235446535648837,33.485182446398305,13.067028506545634,7.874277188610645,59.09608770418596,0.6027862228604528,2932200,3,1,0.4619137977771754,True,7.09,-29.8
35.50113757799885,37.75087348874831,15.627528000420323,7.121481440533223,68.38026553696339,0.5572184992049964,2932408,3,1,0.4619137977771754,True,6.899999999999999,-33.1
23.371173329473443,25.620909240222907,13.393234297203032,0.0,51.871166099247475,0.5839384760465381,2932457,3,1,0.4619137977771754,True,7.16,-21.3
34.71892157084951,36.968657481598974,14.915913178835002,7.734004854556016,66.20331010864193,0.5679071307772933,2933059,3,1,0.4619137977771754,True,6.920000000000002,-32.6
39.508210053942115,41.75794596469158,11.267800070816364,19.67346364089363,63.84242828848952,0.6300937157047424,2933208,3,1,0.4619137977771754,True,6.399999999999999,-39.1
31.502783056383734,33.7525189671332,11.077727936136645,12.040571181772144,55.464466752494246,0.6513033232246932,2933604,3,1,0.4619137977771754,True,7.060000000000002,-31.0
83.5237419378096,85.77347784855907,14.679268123730369,57.00264100664069,100.0,0.34704589792887863,3100302,3,0,0.4619137977771754,True,-5.700000000000003,-85.7
49.22927785945999,51.479013770209455,12.796195564196495,26.398931325253123,76.55909621516578,0.575030313383383,3101102,3,0,0.4619137977771754,True,5.100000000000001,-48.8
64.5248193094291,66.77455522017857,25.143435218838142,17.49432774363983,100.0,0.5370024881920298,3101300,3,0,0.4619137977771754,True,2.1099999999999994,-67.0
59.08517289064383,61.3349088013933,10.831836191608245,40.10489997940363,82.56491762338295,0.5435606165611535,3101607,3,0,0.4619137977771754,True,3.4200000000000017,-59.1
59.56197575700133,61.81171166775079,15.087409774266524,32.24093189019081,91.38249144531076,0.5334967078094998,3102852,3,0,0.4619137977771754,True,3.3799999999999955,-59.7
75.65712626813131,77.90686217888077,27.806202922726545,23.407705903524345,100.0,0.5300024144135997,3103801,3,0,0.4619137977771754,True,-4.200000000000003,-84.2
72.6032909933665,74.85302690411596,15.177729192224147,45.10522432025442,100.0,0.5017603629998896,3103900,3,0,0.4619137977771754,True,0.9200000000000017,-74.0
68.7165359041057,70.96627181485516,10.361207715261473,50.65867785660413,91.2738657731062,0.4855154194471984,3104007,3,0,0.4619137977771754,True,1.7900000000000063,-68.8
65.57839110440729,67.82812701515675,13.222183623541722,41.91312331603966,93.74313071427383,0.5124251018776427,3105103,3,0,0.4619137977771754,True,2.239999999999995,-66.0
53.90912587252322,56.158861783272684,9.972478066537903,36.613163936242756,75.70455963030261,0.5830455481607223,3106705,3,0,0.4619137977771754,True,4.350000000000001,-53.9
46.354929553111475,48.60466546386094,15.271323242687417,18.673421911924162,78.53590901579771,0.5574117106473563,3106903,3,0,0.4619137977771754,True,5.609999999999999,-45.2
91.46704462104337,93.71678053179284,12.986893568651201,68.26293686618162,100.0,0.1454380113389746,3107802,3,1,0.4619137977771754,True,-13.200000000000003,-93.2
63.459987706011646,65.70972361676111,17.73024503622545,30.95908190868915,100.0,0.526088366936662,3108255,3,1,0.4619137977771754,True,2.5700000000000074,-64.3
65.14452401369294,67.39425992444241,13.650650305767723,40.639476959586986,94.14904288929782,0.5150689951468882,3108305,3,0,0.4619137977771754,True,2.3100000000000023,-65.6
68.69997545682902,70.94971136757849,23.572303705828812,24.748845071513955,100.0,0.5422361621213561,3108800,3,1,0.4619137977771754,True,1.25,-72.2
53.618218635355134,55.8679545461046,21.785600407721684,13.168962365388971,98.56694672682022,0.5199893835884138,3109600,3,0,0.4619137977771754,True,4.560000000000002,-52.4
76.0343384761531,78.28407438690256,13.949092343082858,50.94435577743671,100.0,0.4824432210154414,3111101,3,1,0.4619137977771754,True,0.37000000000000455,-77.3
78.27003239250601,80.51976830325547,23.23398117975169,34.98200197346071,100.0,0.49107599097784377,3111150,3,1,0.4619137977771754,True,-4.700000000000003,-84.7
58.285494036110535,60.53522994686,14.299487014408275,32.50875040122159,88.56170949249841,0.5371848260719894,3111507,3,0,0.4619137977771754,True,3.5700000000000003,-58.3
51.90168413212194,54.15142004287141,18.539142690847672,17.815368064560978,90.48747202118183,0.5311401826452785,3111903,3,0,0.4619137977771754,False,4.800000000000004,-50.8
59.92347280280536,62.17320871355482,17.52757769278896,27.819787699460797,96.52662972764884,0.5288081434146148,3112109,3,0,0.4619137977771754,True,3.239999999999995,-60.2
56.43256408151236,58.682299992261825,11.11780312316561,36.8918062836503,80.47279370087335,0.5571338607592456,3112307,3,0,0.4619137977771754,False,3.8800000000000026,-56.4
59.293778086527965,61.54351399727743,14.834424796515783,32.468575664738566,90.61845232981628,0.533750325943784,3112901,3,0,0.4619137977771754,True,3.3999999999999986,-59.4
51.05247260379834,53.30220851454781,12.093789571948426,29.59881651692281,77.0056005121728,0.576639992940372,3113305,3,1,0.4619137977771754,True,4.840000000000003,-50.8
38.74540237338218,40.99513828413164,27.190930477819652,0.0,94.28838272679064,0.43956276651979254,3113800,3,0,0.4619137977771754,True,7.059999999999999,-29.8
73.23208533338814,75.4818212441376,13.949092343082858,48.14210263467176,100.0,0.4922264387049237,3113909,3,0,0.4619137977771754,True,0.9099999999999966,-74.3
67.70812831876104,69.9578642295105,22.047057515392645,26.74642553425778,100.0,0.5349173634045653,3114600,3,0,0.4619137977771754,True,1.4899999999999949,-70.4
73.0508233411524,75.30055925190186,21.536176607627812,33.09042873625734,100.0,0.5390134901090778,3114709,3,0,0.4619137977771754,True,0.4099999999999966,-77.0
76.21526377152902,78.46499968227849,20.2495194997945,38.776670758439735,100.0,0.5302125959195694,3114808,3,1,0.4619137977771754,True,-0.29999999999999716,-80.3
72.77576316037103,75.02549907112049,17.52757769278896,40.67207805702647,100.0,0.5162581338851763,3116407,3,0,0.4619137977771754,True,0.7399999999999949,-75.0
72.45501306610996,74.70474897685942,14.059471038524624,47.1486920996672,100.0,0.4933392272976838,3117900,3,0,0.4619137977771754,True,0.9699999999999989,-73.5
85.36654531637181,87.61628122712128,20.851923500665354,46.74726215743281,100.0,0.3574603198689335,3118106,3,1,0.4619137977771754,True,-12.0,-92.0
65.29618684429268,67.54592275504214,12.455329272127395,43.13392596608496,91.95791954399932,0.5129402620330286,3118809,3,0,0.4619137977771754,True,2.3500000000000085,-65.6
49.20751848895675,51.457254399706216,20.64282555329324,10.998059776108342,91.91644902330407,0.5199504703509092,3119005,3,0,0.4619137977771754,True,5.390000000000001,-47.1
64.94640911183342,67.19614502258288,15.79551112131269,36.23751210740812,98.15477793775764,0.5215550495891423,3119500,3,1,0.4619137977771754,True,2.3499999999999943,-65.7
31.033343508934326,33.283079419683794,18.290470713499392,0.0,69.13174327842722,0.5062579065361215,3120300,3,0,0.4619137977771754,True,7.170000000000002,-26.4
61.92234690312751,64.17208281387698,16.43728513342725,31.955595948743913,96.38856967901005,0.5278379745900953,3120706,3,0,0.4619137977771754,True,2.9199999999999946,-62.4
77.03846765341486,79.28820356416432,15.973969911683527,47.97979784713813,100.0,0.501293589015937,3121209,3,1,0.4619137977771754,True,0.14000000000000057,-79.2
72.57972844928547,74.82946436003493,25.60247569900605,24.64953407492112,100.0,0.5593120487467081,3121704,3,1,0.4619137977771754,True,0.25,-78.4
78.847937380985,81.09767329173447,18.290470713499392,45.24900943299102,100.0,0.4760724820798602,3121803,3,1,0.4619137977771754,True,-2.4000000000000057,-82.4
44.969677812284104,47.21941372303357,21.785600407721684,4.520421542317941,89.91840590374919,0.5051380100828569,3122108,3,0,0.4619137977771754,True,6.100000000000001,-41.4
72.34781483622214,74.5975507469716,18.05649479238959,39.20747126685296,100.0,0.5208131320900679,3122504,3,1,0.4619137977771754,True,0.8400000000000034,-74.7
45.14737031392219,47.39710622467165,19.235543163371705,9.696134401397444,85.09807804794585,0.5232754282515565,3123106,3,0,0.4619137977771754,True,5.920000000000002,-42.6
58.1906640256394,60.440399936388864,15.418267301078313,30.221151322263783,90.65964855051394,0.5359067987225659,3123700,3,0,0.4619137977771754,True,3.6299999999999955,-58.2
54.71156883909725,56.96130474984671,13.538922574062946,30.42550411520701,83.4971053844864,0.5513847108753005,3124005,3,0,0.4619137977771754,False,4.210000000000001,-54.5
50.76831129144559,53.018047202195056,10.45861979546273,32.51952907509043,73.51656532929968,0.5956457324605862,3124104,3,0,0.4619137977771754,True,4.849999999999994,-50.7
85.2407065733806,87.49044248413007,29.202812602119206,30.253981536703996,100.0,0.3987834338381619,3124708,3,0,0.4619137977771754,True,-20.0,-100.0
48.03983499841315,50.28957090916261,16.36665791811181,18.211510842376157,82.36763097594906,0.5474300132464317,3124807,3,0,0.4619137977771754,True,5.440000000000005,-46.8
40.195028872907365,42.44476478365683,16.099274250934858,10.890767074591444,73.99876249272221,0.552511072538124,3125903,3,0,0.4619137977771754,True,6.469999999999999,-38.1
57.293097397129706,59.54283330787917,16.035961300898702,28.112926700639637,90.9727399151187,0.5347147549282819,3126000,3,0,0.4619137977771754,True,3.739999999999995,-57.2
35.387886879424656,37.63762279017412,18.290470713499392,1.7889589314306775,73.48628664891756,0.5185848832667408,3126604,3,1,0.4619137977771754,True,6.990000000000002,-31.5
52.57384706604994,54.82358297679941,17.06594930647553,21.37493697412105,88.27222897947776,0.5386605334470952,3126802,3,0,0.4619137977771754,True,4.68,-51.8
64.73338232863344,66.9831182393829,27.190930477819652,13.689873796723887,100.0,0.540233495876824,3127370,3,0,0.4619137977771754,True,1.9300000000000068,-67.8
70.56203509128513,72.81177100203459,14.56925062692577,44.25656449152247,100.0,0.5024159144083461,3127800,3,0,0.4619137977771754,True,1.3000000000000114,-71.6
57.61453358036428,59.864269491113745,11.75452936203886,36.825815286299,82.90272369592849,0.5499542224399981,3128006,3,0,0.4619137977771754,True,3.740000000000002,-57.6
44.21314862378748,46.46288453453695,17.8358962185309,11.505170314222234,81.42059875485165,0.5352300269086868,3128253,3,0,0.4619137977771754,True,6.039999999999999,-42.0
81.45325861744777,83.70299452819724,22.321500342646576,39.95365777571146,100.0,0.4341203336406948,3128501,3,1,0.4619137977771754,True,-8.200000000000003,-88.2
60.38029998358884,62.630035894338306,15.177729192224147,32.882233310476764,92.37783847819983,0.5307217449388943,3128907,3,0,0.4619137977771754,True,3.1999999999999957,-60.6
52.74973701424833,54.9994729249978,12.70285582696401,30.102333003343567,79.89661284665202,0.5647395918312629,3129509,3,0,0.4619137977771754,True,4.57,-52.5
51.63470130159778,53.884437212347244,10.192532048330277,33.90744148634963,73.86143293834485,0.5932884316536297,3129806,3,0,0.4619137977771754,True,4.689999999999998,-51.6
67.99428621927525,70.24402213002472,14.95769447388931,40.92747966944787,99.56056459060156,0.5113598799850452,3130200,3,0,0.4619137977771754,True,1.769999999999996,-68.9
56.374776182762645,58.62451209351211,17.8358962185309,23.666797873197396,93.58222631382681,0.532742280667311,3130655,3,0,0.4619137977771754,True,3.990000000000002,-56.1
57.20750368379336,59.45723959454283,10.398623274682329,39.0763124873655,79.83816670172016,0.5574532214298343,3131703,3,0,0.4619137977771754,True,3.759999999999998,-57.2
57.057960626880856,59.30769653763032,13.186413219261754,33.46280154261441,85.15259153264623,0.5453526187762964,3132206,3,0,0.4619137977771754,False,3.8100000000000023,-57.0
57.5502078096613,59.799943720410766,14.95769447388931,30.48340125983392,89.11648618098761,0.5378180346089905,3132305,3,1,0.4619137977771754,True,3.719999999999999,-57.5
59.07493329318218,61.32466920393164,11.49515673043468,38.794576015636466,83.85476239222682,0.5431351232188613,3132503,3,0,0.4619137977771754,True,3.469999999999999,-59.1
50.04469499706647,52.294430907815936,12.488022642190405,27.81835629100201,76.77050552462985,0.5754346867866087,3133303,3,1,0.4619137977771754,True,4.969999999999999,-49.7
68.94821839328566,71.19795430403512,12.423436927950553,46.848465361047104,95.54744324702314,0.49557009272595076,3134608,3,0,0.4619137977771754,True,1.6599999999999966,-69.4
43.967645358164,46.21738126891346,13.844451285398204,19.08275536381372,73.3520071740132,0.5773869514942047,3136009,3,0,0.4619137977771754,True,5.920000000000002,-43.0
82.54506984035774,84.7948057511072,28.4742505434898,28.98630019909713,100.0,0.43313786846367686,3136108,3,0,0.4619137977771754,True,-15.099999999999994,-95.1
49.05792535735831,51.30766126810777,16.099274250934858,19.753663559042387,82.86165897717315,0.5472768199411542,3136603,3,0,0.4619137977771754,False,5.219999999999999,-48.0
47.86355761553569,50.113293526285155,11.499483537662607,27.57471995165519,72.65186710091511,0.5947280303187433,3136652,3,0,0.4619137977771754,True,5.269999999999996,-47.6
61.933837457887385,64.18357336863686,23.572303705828812,17.982707072572325,100.0,0.5305424205298075,3136801,3,1,0.4619137977771754,True,2.789999999999992,-63.2
60.39875338042178,62.648489291171245,12.555937737127305,38.03930353427438,87.25767504806811,0.53495367539258,3137502,3,0,0.4619137977771754,True,3.25,-60.5
51.05085325076788,53.300589161517344,17.430319927827142,19.137789863965345,87.46338845906934,0.5372394401273898,3138682,3,0,0.4619137977771754,True,4.93,-50.0
61.60903621042985,63.858772121179314,15.853784431576214,32.78592561662811,94.93161862573051,0.5281909094724513,3138906,3,0,0.4619137977771754,True,2.980000000000004,-62.0
76.34384358216008,78.59357949290954,12.715824833054452,53.671020786402764,100.0,0.4694850404222116,3139201,3,1,0.4619137977771754,True,0.4200000000000017,-77.2
68.15722228588375,70.40695819663321,12.555937737127305,45.79777243973635,95.01614395353008,0.5007321113414734,3139508,3,1,0.4619137977771754,True,1.8300000000000125,-68.6
53.85757236203477,56.10730827278424,10.737892387282233,35.06142592384423,77.15319062172424,0.5743414814627575,3140001,3,0,0.4619137977771754,True,4.32,-53.8
74.87666861451926,77.12640452526873,15.469098031332305,46.80752951053795,100.0,0.4985453515112467,3140530,3,0,0.4619137977771754,True,0.46999999999999886,-76.6
69.70398847843464,71.9537243891841,12.955954234990237,46.56052070325404,97.34692807511416,0.4958824055263142,3141405,3,1,0.4619137977771754,True,1.519999999999996,-70.3
93.57690814787874,95.8266440586282,16.89723189608696,62.7086781038763,100.0,0.17447156822981774,3141603,3,0,0.4619137977771754,True,-18.400000000000006,-98.4
79.1144144420185,81.36415035276796,15.738400740710018,50.51745172671781,100.0,0.46546430645051634,3142403,3,0,0.4619137977771754,True,-1.4000000000000057,-81.4
58.49646154537266,60.746197456122125,10.430549914193929,40.30269528535467,81.18969962688958,0.5501170858816304,3143906,3,0,0.4619137977771754,True,3.5600000000000023,-58.5
44.22229529310165,46.47203120385112,13.373366871788104,20.26071378310534,72.68334862459689,0.5816937693956792,3144102,3,0,0.4619137977771754,False,5.829999999999998,-43.4
52.147109079399236,54.3968449901487,11.436852113308033,31.981026751554143,76.81266322874325,0.5763781660786781,3144300,3,0,0.4619137977771754,True,4.600000000000001,-52.0
67.67159803047063,69.9213339412201,21.536176607627812,27.711203425575576,100.0,0.5336494901462578,3144409,3,0,0.4619137977771754,True,1.539999999999992,-70.2
52.2520347036153,54.501770614364766,25.143435218838142,5.221543137826025,100.0,0.5067942406156373,3144672,3,1,0.4619137977771754,True,4.93,-50.0
78.15089632362552,80.40063223437498,21.297927720658446,38.65746095654717,100.0,0.4924959970799523,3144904,3,0,0.4619137977771754,True,-3.299999999999997,-83.3
66.25990349969766,68.50963941044712,20.2495194997945,28.82131048660837,100.0,0.5287461120386867,3145372,3,0,0.4619137977771754,True,1.8700000000000045,-68.1
62.39476063005672,64.64449654080619,15.087409774266524,35.07371676324621,94.21527631836616,0.5249847096654849,3145877,3,0,0.4619137977771754,True,2.7900000000000063,-62.8
63.58062372474755,65.83035963549702,12.332279266445177,41.65953642597443,90.0011828450196,0.5213288228269201,3146008,3,0,0.4619137977771754,True,2.6899999999999977,-63.8
66.51514570551925,68.76488161626871,16.099274250934858,37.210883907203325,100.0,0.5192001244680191,3146503,3,0,0.4619137977771754,True,2.0400000000000063,-67.5
32.95896318927912,35.20869910002858,20.64282555329324,0.0,75.66789372362643,0.480320656737233,3146701,3,0,0.4619137977771754,True,7.189999999999998,-27.0
41.2529158644498,43.50265177519926,17.52757769278896,9.149230761105237,77.85607278929328,0.5367600205079566,3146750,3,0,0.4619137977771754,True,6.419999999999995,-38.7
47.72668295993312,49.976418870682586,13.433657212296302,23.646934553925085,76.30590318744008,0.5733374453261735,3146909,3,0,0.4619137977771754,False,5.359999999999999,-47.1
60.662224459606506,62.91196037035597,13.083553268442628,37.2686671743971,88.55525356631483,0.5316186160606884,3147303,3,0,0.4619137977771754,True,3.1500000000000057,-60.8
60.0816465212804,62.33138243202986,28.4742505434898,6.522876880019787,100.0,0.5265811362361706,3147808,3,0,0.4619137977771754,True,3.1300000000000026,-61.1
78.23910815345769,80.48884406420716,24.310062053558553,32.841997977298554,100.0,0.4919783247362411,3148806,3,0,0.4619137977771754,True,-5.400000000000006,-85.4
67.53055008091077,69.78028599166024,12.28437125141799,45.70336076616174,93.85721121715873,0.5022639918324311,3149804,3,0,0.4619137977771754,True,1.9499999999999886,-67.9
82.8911761448653,85.14091205561476,19.7144537182523,46.50129279295849,100.0,0.39713544969933845,3150000,3,1,0.4619137977771754,True,-8.099999999999994,-88.1
37.14726694000555,39.397002850755015,24.71358859969082,0.0,87.83474643488869,0.4533416408728052,3150307,3,0,0.4619137977771754,True,7.100000000000001,-29.4
65.61107924921434,67.8608151599638,18.80401510117084,31.00562279692165,100.0,0.5258478744351097,3150604,3,0,0.4619137977771754,True,2.0799999999999983,-67.0
64.97559504550601,67.22533095625548,19.086812737846834,29.815865410415327,100.0,0.5266226551970299,3150901,3,0,0.4619137977771754,True,2.200000000000003,-66.3
90.71071728623888,92.96045319698834,12.477033973605757,68.50591597483837,100.0,0.14946173779596816,3151404,3,0,0.4619137977771754,True,-12.099999999999994,-92.1
51.564603150940385,53.81433906168985,16.099274250934858,22.260341352624465,85.36833677075523,0.5448971380144516,3153509,3,0,0.4619137977771754,True,4.830000000000005,-50.8
60.08651215693708,62.33624806768655,32.947499567044254,0.0,100.0,0.5272681160827258,3153806,3,0,0.4619137977771754,True,3.0900000000000034,-61.5
49.02591085484509,51.27564676559455,13.870098766390374,24.09075272145598,78.46054080973312,0.5656922011798784,3153905,3,0,0.4619137977771754,True,5.170000000000002,-48.4
70.53399266729596,72.78372857804543,14.299487014408275,44.75724903240702,100.0,0.5024068771823864,3154309,3,1,0.4619137977771754,True,1.3700000000000045,-71.5
68.20552474791559,70.45526065866505,16.980541016218933,37.17401182887077,100.0,0.5184301725174262,3154457,3,0,0.4619137977771754,True,1.6400000000000006,-69.6
66.24491068935711,68.49464660010658,17.62751365527131,33.945354698786794,100.0,0.5238702812315902,3154507,3,0,0.4619137977771754,True,2.049999999999997,-67.5
72.96509898012683,75.21483489087629,11.709484943122776,52.2646661248416,98.16500365691098,0.4719210894918192,3155603,3,0,0.4619137977771754,True,0.9899999999999949,-73.4
56.953044603827934,59.2027805145774,22.913707010394432,14.292740021901345,100.0,0.5215303195949544,3156205,3,1,0.4619137977771754,True,3.8399999999999963,-56.6
45.813423675460726,48.06315958621019,14.915913178835002,18.828506959167232,77.29781221325314,0.5627749323181205,3156304,3,0,0.4619137977771754,False,5.719999999999999,-44.7
55.57290583224727,57.82264174299674,25.143435218838142,8.542414266457996,100.0,0.5150278534146467,3157401,3,0,0.4619137977771754,True,4.170000000000002,-54.6
49.50639721428605,51.75613312503551,21.297927720658446,10.012961847207698,93.49930440286332,0.5165514073706747,3158102,3,0,0.4619137977771754,True,5.340000000000003,-47.3
61.31418902058636,63.563924931335826,14.834424796515783,34.48898659879696,92.63886326387468,0.528377061720653,3158201,3,0,0.4619137977771754,True,3.020000000000003,-61.6
87.87468108669829,90.12441699744775,14.95769447388931,60.807874536870905,100.0,0.24924417032628998,3158904,3,1,0.4619137977771754,True,-10.599999999999994,-90.6
69.49027515835964,71.7400110691091,11.586185491796293,49.03150478698787,94.44851735123032,0.4886384031267757,3158953,3,1,0.4619137977771754,True,1.6099999999999994,-69.8
73.0768916826878,75.32662759343727,27.190930477819652,22.03338315077825,100.0,0.5682311052208616,3160009,3,1,0.4619137977771754,True,0.0,-80.0
67.15101953964496,69.40075545039443,16.980541016218933,36.11950662060014,100.0,0.5197092587356666,3160900,3,0,0.4619137977771754,True,1.8399999999999892,-68.4
87.1226029055903,89.37233881633976,16.36665791811181,57.29427874955331,100.0,0.28344142504721526,3160959,3,0,0.4619137977771754,True,-10.700000000000003,-90.7
66.0173260630776,68.26706197382707,25.60247569900605,18.087131688713256,100.0,0.5417296234900845,3161601,3,1,0.4619137977771754,True,1.75,-69.2
82.45060548946647,84.70034140021593,17.94459931502655,49.52957302576176,100.0,0.39668528830993854,3161700,3,0,0.4619137977771754,True,-6.400000000000006,-86.4
47.783850491875455,50.03358640262492,20.44220152802745,9.967607642981449,90.09956516226839,0.518073351028939,3163300,3,0,0.4619137977771754,True,5.560000000000002,-45.4
50.42751019270505,52.677246103454515,24.310062053558553,5.0304000165459115,100.0,0.5054605147787281,3163607,3,0,0.4619137977771754,True,5.309999999999995,-47.7
66.72509750955003,68.97483342029949,17.8358962185309,34.017119199984776,100.0,0.5238108318781796,3165107,3,0,0.4619137977771754,True,1.940000000000012,-68.1
53.50646457750706,55.756200488256525,16.736597761347575,22.953071652281572,88.55932932423147,0.5393567709007088,3165404,3,0,0.4619137977771754,True,4.509999999999998,-52.9
69.35408560527605,71.60382151602552,14.176083764839824,43.81920789511648,99.38843513693455,0.5041136709728307,3165578,3,0,0.4619137977771754,True,1.5499999999999972,-70.2
65.59959704335049,67.84933295409995,15.043423345299868,38.364764993123146,97.33390091507675,0.5188394427556425,3165701,3,0,0.4619137977771754,True,2.260000000000005,-66.3
52.55381070932619,54.80354662007566,16.89723189608696,21.685580665323755,87.92151257482755,0.539046180997995,3166709,3,0,0.4619137977771754,True,4.660000000000004,-51.8
59.808632694438415,62.05836860518788,13.067028506545634,36.447463347400216,87.66927386297553,0.5351143629645855,3166808,3,0,0.4619137977771754,True,3.3100000000000023,-59.9
63.20944235412996,65.45917826487943,16.035961300898702,34.029271657639896,96.88908487211896,0.525130556855669,3166907,3,0,0.4619137977771754,True,2.6700000000000017,-63.8
88.53706214076297,90.78679805151243,20.2495194997945,51.09846912767368,100.0,0.2971227013644845,3166956,3,0,0.4619137977771754,True,-15.400000000000006,-95.4
53.62454654986982,55.874282460619284,10.200572425898367,35.88152788416611,75.86703703707245,0.5813901009283876,3167202,3,0,0.4619137977771754,True,4.369999999999997,-53.6
54.64166741026859,56.89140332101805,17.73024503622545,22.140761612946093,91.64204502909001,0.5327824122345198,3167400,3,0,0.4619137977771754,True,4.25,-54.1
70.94143013850093,73.1911660492504,18.171732157457097,37.57522548392615,100.0,0.5219173674983091,3167806,3,0,0.4619137977771754,True,1.0900000000000034,-73.1
61.14222856330372,63.39196447405318,11.082601055927784,41.670465549409144,85.1134633986972,0.5315737605785138,3169406,3,0,0.4619137977771754,True,3.069999999999993,-61.2
67.92849735491332,70.17823326566278,13.31509390618811,44.08112875876533,96.27533777256022,0.5042474860599454,3170057,3,0,0.4619137977771754,True,1.8199999999999932,-68.5
45.83578362155622,48.08551953230568,10.023940535634374,28.438957099291166,67.73208196532019,0.6265295124477479,3170107,3,0,0.4619137977771754,True,5.520000000000003,-45.8
69.83437679198191,72.08411270273137,19.7144537182523,33.4444934400751,100.0,0.5278199110470235,3170438,3,1,0.4619137977771754,True,1.1599999999999966,-72.3
50.77274310648165,53.02247901723111,10.499144014668612,32.444534879981354,73.60042315448086,0.593642929571064,3170701,3,0,0.4619137977771754,True,4.809999999999995,-50.7
61.601285533429596,63.85102144417906,11.645742701734589,41.02578517555908,86.67625771279904,0.5300821568786187,3170800,3,0,0.4619137977771754,True,3.030000000000001,-61.7
47.41714943897685,49.666885349726314,13.296100203053427,23.60700781690589,75.72676288254674,0.5749580630535607,3170909,3,0,0.4619137977771754,True,5.380000000000003,-46.8
73.3358968204258,75.58563273117527,14.236899197201122,47.681823053133854,100.0,0.4933974690533144,3200300,3,0,0.4619137977771754,True,0.8499999999999943,-74.5
58.36529677100744,60.61503268175691,16.659125921871812,27.96374586097052,93.26631950254328,0.5326508428048862,3200508,3,0,0.4619137977771754,True,3.5799999999999983,-58.4
70.80132256515662,73.05105847590609,10.354998243618473,52.755634858438356,93.34648209337381,0.4733956560412426,3200607,3,0,0.4619137977771754,True,1.4599999999999937,-70.9
66.32410738945616,68.57384330020562,15.087409774266524,39.00306352264565,98.1446230777656,0.5170804962415473,3201100,3,1,0.4619137977771754,True,2.1200000000000045,-67.1
71.84696562703925,74.09670153778872,11.49515673043468,51.566608349493535,96.62679472608389,0.47687492240697543,3201407,3,0,0.4619137977771754,True,1.230000000000004,-72.2
61.17202635550469,63.421762266254156,12.423436927950553,39.07227332326614,87.77125120924217,0.5317009242713395,3202207,3,1,0.4619137977771754,True,3.1099999999999994,-61.3
73.60082029545441,75.85055620620388,11.499483537662607,53.31198263157391,98.38912978083384,0.469135508319943,3202306,3,0,0.4619137977771754,True,0.9599999999999937,-74.0
67.11315718129809,69.36289309204756,13.673825047442566,42.56268846815843,96.16309771593669,0.5095426356480127,3202504,3,0,0.4619137977771754,True,1.9899999999999949,-67.7
71.59051690295142,73.84025281370089,11.328173441270932,51.63744085818669,96.04306476921508,0.4774643283668169,3203007,3,1,0.4619137977771754,True,1.2999999999999972,-71.9
70.98413610490462,73.23387201565409,13.582804854962518,46.61206369089175,99.85568034041641,0.49665548979437646,3203130,3,0,0.4619137977771754,True,1.3200000000000074,-71.8
84.11292345097526,86.36265936172472,16.659125921871812,53.711372540938335,100.0,0.35125576652265744,3203163,3,0,0.4619137977771754,True,-7.5,-87.5
73.06820458904387,75.31794049979334,10.860896479310117,54.03097456052763,96.60490643905904,0.4633951791775965,3203320,3,1,0.4619137977771754,True,1.019999999999996,-73.3
77.44537676962969,79.69511268037915,12.275010443410656,55.63653430144122,100.0,0.4602493990219348,3203346,3,0,0.4619137977771754,True,0.269999999999996,-78.2
81.82700154070261,84.07673745145208,12.852340882034015,58.88661220563365,100.0,0.37554666515060037,3204005,3,0,0.4619137977771754,True,-3.0,-83.0
76.72415218397191,78.97388809472137,11.807861912961743,55.83090401089413,100.0,0.4567076759913548,3204104,3,0,0.4619137977771754,True,0.39000000000000057,-77.3
62.38921183358799,64.63894774433746,11.503832875941981,42.09184962332334,87.18604586535157,0.5249890616124407,3204203,3,0,0.4619137977771754,True,2.8599999999999994,-62.5
73.9976479369312,76.24738384768067,12.211444416026458,52.31339259305605,100.0,0.47364234547346407,3204351,3,0,0.4619137977771754,True,0.8400000000000034,-74.6
67.14194596382958,69.39168187457905,10.264016603933857,49.27457899414757,89.50878475501052,0.4948819231039652,3204906,3,0,0.4619137977771754,True,2.0600000000000023,-67.2
73.4885350277286,75.73827093847807,14.031312275343609,48.23740422296983,100.0,0.49009887780979094,3204955,3,0,0.4619137977771754,True,0.7900000000000063,-74.6
68.07826774056103,70.3280036513105,9.972442281149142,50.78237594235371,89.87363136026727,0.4868807528481841,3205200,3,1,0.4619137977771754,True,1.9000000000000057,-68.1
57.90618147663786,60.155917387387326,11.877211740460538,36.87701013932838,83.43482463544628,0.5473854821028354,3300605,3,0,0.4619137977771754,True,3.6700000000000017,-57.9
55.89918778190178,58.148923692651245,12.615269045676145,33.42345070784302,82.87439667745947,0.5511237973500024,3301108,3,1,0.4619137977771754,True,3.970000000000006,-55.8
59.14256420162543,61.3923001123749,13.151400647057843,35.616028497884756,87.16857172686503,0.5383956814413716,3301504,3,0,0.4619137977771754,True,3.4599999999999937,-59.2
57.91132495102781,60.16106086177727,13.433657212296302,33.83157654501977,86.49054517853477,0.5402879910349193,3301603,3,0,0.4619137977771754,True,3.6200000000000045,-57.9
47.21487489571262,49.46461080646208,9.915721356103319,30.03015406776491,68.89906754515926,0.6202429209425266,3301702,3,1,0.4619137977771754,True,5.299999999999997,-47.2
62.38042026650342,64.63015617725289,11.630477657299425,41.83483884594823,87.42547350855753,0.5243335662078803,3301876,3,0,0.4619137977771754,True,2.8400000000000034,-62.5
39.25819045069297,41.507926361442436,10.39708883820329,21.13000669450059,61.88584602838428,0.6480694107149639,3302270,3,1,0.4619137977771754,True,6.359999999999999,-39.1
59.89428824208152,62.14402415283099,10.042177320102306,42.46171827906551,81.82633002659647,0.5414781264533682,3302403,3,1,0.4619137977771754,True,3.289999999999999,-59.9
47.68942309804413,49.939159008793595,11.033247991969256,28.314390312034977,71.5639277055522,0.603693161109337,3302601,3,1,0.4619137977771754,True,5.340000000000003,-47.5
37.95492136643616,40.204657277185625,10.349788094186264,19.9194453649591,60.48986918941215,0.6545469784504574,3302858,3,1,0.4619137977771754,True,6.520000000000003,-37.8
67.23592010260344,69.48565601335291,12.322547555642327,45.33390660651186,93.63740542019394,0.5027306138998191,3303005,3,1,0.4619137977771754,True,1.9699999999999989,-67.6
65.26134675467729,67.51108266542676,10.194456424798728,47.53031523085828,87.49185009999522,0.5070012585643888,3303401,3,0,0.4619137977771754,True,2.3900000000000006,-65.3
33.23692048943461,35.486656400184074,9.924017971620891,16.035938593878882,54.93737420648927,0.6800681862276093,3303500,3,1,0.4619137977771754,True,6.93,-33.2
64.15532651587948,66.40506242662894,11.386248998923966,44.08842446973272,88.72170038352516,0.5166356585558353,3303609,3,0,0.4619137977771754,True,2.5799999999999983,-64.3
50.20724837760185,52.456984288351315,11.530412124229285,29.857791797957933,75.05617677874469,0.583559705883868,3303708,3,1,0.4619137977771754,True,4.890000000000001,-50.0
68.50886927424212,70.75860518499158,10.420995098122534,50.333830109602964,91.18338026038019,0.4881875327139917,3304201,3,0,0.4619137977771754,True,1.8500000000000085,-68.6
65.20876811268687,67.45850402343633,13.151400647057843,41.68223240894619,93.23477563792648,0.5142995714393083,3304409,3,1,0.4619137977771754,True,2.3300000000000125,-65.6
52.19828063254459,54.44801654329405,10.935676379004573,33.0144846938597,75.8815483927284,0.5826483497167403,3305000,3,0,0.4619137977771754,True,4.6299999999999955,-52.1
55.48685335940357,57.73658927015303,11.944630148643833,34.325544370159804,81.14763417014626,0.5576921345218231,3305604,3,1,0.4619137977771754,True,4.07,-55.4
59.69028875362692,61.94002466437639,10.242459708582942,41.8651725224512,82.01487680630157,0.5446974409853487,3305802,3,0,0.4619137977771754,True,3.3900000000000006,-59.7
75.82303400085046,78.07276991159992,18.80401510117084,41.21757754855776,100.0,0.524112549664223,4100459,3,1,0.4619137977771754,True,0.10999999999999943,-79.1
69.75109893629069,72.00083484704015,13.186413219261754,46.15593985202424,97.84572984205606,0.497554434575779,4100509,3,0,0.4619137977771754,True,1.519999999999996,-70.4
73.2822194394134,75.53195535016286,15.043423345299868,46.047387389186056,100.0,0.5002133391266358,4100707,3,1,0.4619137977771754,True,0.8400000000000034,-74.7
85.7651508070088,88.01488671775826,17.73024503622545,53.2642450096863,100.0,0.32561791458561345,4101150,3,0,0.4619137977771754,True,-10.099999999999994,-90.1
65.97214489734479,68.22188080809426,12.423436927950553,43.87239186510624,92.57136975108227,0.5098933309002837,4101200,3,1,0.4619137977771754,True,2.230000000000004,-66.3
55.15572898307244,57.40546489382191,21.297927720658446,15.662293615994095,99.14863617164971,0.5231117597813146,4101655,3,0,0.4619137977771754,True,4.240000000000002,-54.4
87.0857579707832,89.33549388153267,13.186413219261754,63.49059888651676,100.0,0.23948408868176874,4101903,3,0,0.4619137977771754,True,-8.700000000000003,-88.7
75.10440238276938,77.35413829351884,12.382109260019435,53.08565009124085,100.0,0.47121655212342467,4102307,3,1,0.4619137977771754,True,0.6599999999999966,-75.8
87.62971956640185,89.87945547715131,15.973969911683527,58.57104976012512,100.0,0.2681320760610488,4102505,3,1,0.4619137977771754,True,-11.0,-91.0
76.38266254800278,78.63239845875225,11.32121672119023,56.443221424046754,100.0,0.45175697252834457,4106407,3,1,0.4619137977771754,True,0.46000000000000796,-76.8
73.54021467432707,75.78995058507654,12.11800685792139,52.03909357914122,99.54080759101186,0.4730266269997404,4106605,3,1,0.4619137977771754,True,0.8700000000000045,-74.1
68.8512942990148,71.10103020976426,20.64282555329324,30.641835586166387,100.0,0.5324119520165577,4106704,3,1,0.4619137977771754,True,1.3799999999999955,-71.4
79.65137579759535,81.90111170834481,12.81003309268962,56.79390820590691,100.0,0.441010383681688,4106803,3,0,0.4619137977771754,True,-0.7000000000000028,-80.7
66.80405611027777,69.05379202102723,22.609988925195477,24.7390280367946,100.0,0.5358793954156003,4107124,3,0,0.4619137977771754,True,1.6899999999999977,-69.4
65.96715720186016,68.21689311260963,17.73024503622545,33.466251404537665,100.0,0.523906284974252,4107157,3,0,0.4619137977771754,True,2.0799999999999983,-67.2
85.19507436219972,87.44481027294918,14.299487014408275,59.418330727310774,100.0,0.30131060806157284,4107504,3,0,0.4619137977771754,True,-7.299999999999997,-87.3
82.12360570929056,84.37334162004002,13.050673120174208,58.7944923304936,100.0,0.3687730618892902,4107603,3,1,0.4619137977771754,True,-3.4000000000000057,-83.4
68.847674533869,71.09741044461846,10.158332260516554,51.18744507101466,91.00737581822226,0.4824347887278967,4107652,3,1,0.4619137977771754,True,1.75,-68.9
63.91896160137618,66.16869751212565,20.064292581391246,26.8434066773246,100.0,0.5280380832790058,4107702,3,1,0.4619137977771754,True,2.3799999999999955,-65.2
79.88666305599247,82.13639896674194,15.418267301078313,51.91715035261686,100.0,0.4448978030995982,4107751,3,1,0.4619137977771754,True,-2.0999999999999943,-82.1
74.30390023614426,76.55363614689372,18.80401510117084,39.698443783851566,100.0,0.5249412341790358,4107801,3,0,0.4619137977771754,True,0.4300000000000068,-77.3
61.66363143000677,63.91336734075623,23.23398117975169,18.375601010961468,100.0,0.5296201179527862,4108106,3,0,0.4619137977771754,True,2.8400000000000034,-62.8
67.73203514070266,69.98177105145213,15.368378908039205,39.86030189093027,100.0,0.513968838197097,4108320,3,0,0.4619137977771754,True,1.8199999999999932,-68.7
80.30829132988036,82.55802724062983,16.659125921871812,49.90674041984344,100.0,0.43898184495906445,4108452,3,1,0.4619137977771754,True,-3.200000000000003,-83.2
71.23550703135243,73.48524294210189,15.52089890282112,43.06484008488525,100.0,0.5060338609122749,4108908,3,0,0.4619137977771754,True,1.1200000000000045,-72.6
70.86528756667883,73.1150234774283,17.52757769278896,38.76160246333427,100.0,0.5174059773557553,4109203,3,1,0.4619137977771754,True,1.0799999999999983,-72.8
78.97872779961136,81.22846371036083,12.824001881068437,56.09388188579278,100.0,0.4618420519193154,4109302,3,1,0.4619137977771754,True,0.0,-80.0
74.33934036082725,76.58907627157672,10.080469709203848,56.83171869429022,96.34643384886321,0.44794514760096027,4109401,3,1,0.4619137977771754,True,0.8699999999999903,-74.4
68.16193909374734,70.4116750044968,19.086812737846834,33.00220945865665,100.0,0.5269074419297801,4109500,3,1,0.4619137977771754,True,1.6000000000000085,-70.1
70.96952251623293,73.21925842698239,17.153540469662797,39.59893689909302,100.0,0.516989819658189,4109757,3,1,0.4619137977771754,True,1.1500000000000057,-72.8
71.89817805736875,74.14791396811822,15.418267301078313,43.92866535399314,100.0,0.5041938422069371,4109906,3,1,0.4619137977771754,True,1.0100000000000051,-73.3
79.88874887358973,82.1384847843392,11.36029725756061,59.872711305851254,100.0,0.4253434849308983,4110102,3,1,0.4619137977771754,True,-0.4000000000000057,-80.4
77.70567156972498,79.95540748047445,16.099274250934858,48.401409771409064,100.0,0.5011050074931134,4110409,3,1,0.4619137977771754,True,0.0,-80.0
81.09155421382921,83.34129012457868,28.4742505434898,27.532784572568602,100.0,0.45329362273999013,4110656,3,0,0.4619137977771754,True,-12.900000000000006,-92.9
84.59676628993941,86.84650220068887,19.086812737846834,49.437036654848725,100.0,0.3599085398033415,4111100,3,0,0.4619137977771754,True,-9.700000000000003,-89.7
73.66180998938621,75.91154590013568,23.572303705828812,29.710679604071146,100.0,0.5519526391317954,4111605,3,0,0.4619137977771754,True,0.18999999999999773,-78.8
80.43699311196185,82.68672902271132,11.191571712726764,60.751651535369604,100.0,0.4051390897485692,4112009,3,1,0.4619137977771754,True,-0.9000000000000057,-80.9
83.80028473117504,86.0500206419245,23.930360036309608,39.147376833681044,100.0,0.400204511436306,4113429,3,0,0.4619137977771754,True,-12.599999999999994,-92.6
82.7083622482264,84.95809815897586,17.62751365527131,50.408806257656074,100.0,0.3892514983634091,4113452,3,1,0.4619137977771754,True,-6.5,-86.5
82.08626879235298,84.33600470310245,16.815942581063794,51.37736287812388,100.0,0.39826101803404534,4113734,3,0,0.4619137977771754,True,-5.299999999999997,-85.3
81.26546705659462,83.51520296734408,26.094038867965033,32.37182657494428,100.0,0.44641944704263226,4114351,3,1,0.4619137977771754,True,-11.0,-91.0
63.831263789903026,66.0809997006525,17.52757769278896,31.727578686558473,100.0,0.5254520887576222,4114708,3,1,0.4619137977771754,True,2.5,-64.7
70.89311524922294,73.14285115997241,15.087409774266524,43.57207138241243,100.0,0.505212874229902,4114906,3,0,0.4619137977771754,True,1.240000000000009,-72.1
82.32562939827447,84.57536530902394,14.874829209804153,55.421235781623395,100.0,0.3791967407459143,4115002,3,1,0.4619137977771754,True,-4.5,-84.5
72.88696661822752,75.13670252897698,12.412979031113272,50.807710687144066,99.4656943708099,0.4801878712893736,4115606,3,1,0.4619137977771754,True,1.019999999999996,-73.5
79.8361823659741,82.08591827672356,13.31509390618811,55.98881376982611,100.0,0.43775712677231293,4115754,3,0,0.4619137977771754,True,-1.0999999999999943,-81.1
77.75973143227101,80.00946734302048,14.331470535502476,51.92030124793865,100.0,0.4838738774790738,4116109,3,1,0.4619137977771754,True,0.13000000000000966,-79.3
44.212702228112576,46.46243813886204,26.6220053190587,0.0,98.64060976045084,0.47166486043104267,4116505,3,1,0.4619137977771754,True,6.469999999999999,-38.1
61.62018711553301,63.86992302628247,21.070077805737284,22.573329375580656,100.0,0.5293228098585474,4116604,3,0,0.4619137977771754,True,2.9200000000000017,-62.5
92.81529091400557,95.06502682475504,16.736597761347575,62.261897988780085,100.0,0.1840269179898456,4116950,3,0,0.4619137977771754,True,-17.400000000000006,-97.4
79.33497257058731,81.58470848133678,13.870098766390374,54.3998144371982,100.0,0.4545183884143478,4117255,3,1,0.4619137977771754,True,-0.7999999999999972,-80.8
62.45906331853405,64.70879922928351,11.890348189723259,41.40414501378489,88.01345344478213,0.5261918276627211,4117305,3,1,0.4619137977771754,True,2.8899999999999935,-62.6
58.98898710219553,61.238723012944995,20.64282555329324,20.77952838934712,100.0,0.5268674118035277,4118303,3,1,0.4619137977771754,True,3.4299999999999997,-59.2
84.53585474700068,86.78559065775015,18.05649479238959,51.395511177631505,100.0,0.353533619168942,4119004,3,0,0.4619137977771754,True,-8.900000000000006,-88.9
83.87836135833632,86.12809726908579,22.047057515392645,42.91665857383306,100.0,0.39052332261874995,4119251,3,0,0.4619137977771754,True,-11.099999999999994,-91.1
58.298413038097486,60.54814894884695,10.367104068577712,40.22899835045597,80.86729954723793,0.5526372986565704,4119509,3,1,0.4619137977771754,True,3.6200000000000045,-58.3
72.67606535603987,74.92580126678934,11.28407814322402,52.809414507334644,97.04218802624402,0.47012514551080653,4119608,3,1,0.4619137977771754,True,1.0799999999999983,-73.0
75.73788147603922,77.98761738678868,10.065733538198547,58.2591421739426,97.71609259963476,0.43851135436580735,4119905,3,1,0.4619137977771754,True,0.6300000000000097,-75.8
70.89740570888537,73.14714161963484,11.37131288380561,50.85977791043953,95.43450532883013,0.4801110912753837,4119954,3,1,0.4619137977771754,True,1.3799999999999955,-71.2
68.19139303084489,70.44112894159436,17.8358962185309,35.483414721279644,100.0,0.521660454596519,4120101,3,0,0.4619137977771754,True,1.6099999999999994,-69.8
81.49156100532475,83.74129691607422,16.230043837466145,51.930995527134314,100.0,0.40884512564916553,4120358,3,1,0.4619137977771754,True,-4.299999999999997,-84.3
71.40776188158873,73.65749779233819,11.267800070816364,51.57301546854024,95.74198011613613,0.4767341550280012,4120903,3,1,0.4619137977771754,True,1.2999999999999972,-71.7
45.98690493249356,48.23664084324302,13.240360868589603,22.28601039849393,74.1872712879921,0.579415849706274,4121000,3,1,0.4619137977771754,True,5.590000000000003,-45.3
74.02171843223854,76.27145434298801,21.070077805737284,34.97486069228619,100.0,0.5389147244207995,4121356,3,1,0.4619137977771754,True,0.3299999999999983,-78.0
68.03380051160246,70.28353642235193,18.539142690847672,33.9474844440415,100.0,0.5235809610066664,4122172,3,0,0.4619137977771754,True,1.5799999999999983,-69.8
62.21652242811463,64.4662583388641,11.163289105390989,42.58661374328939,86.3459029344388,0.5265594337316769,4122206,3,1,0.4619137977771754,True,2.9099999999999966,-62.3
67.60631485021946,69.85605076096893,18.94305574657669,32.728343740544105,100.0,0.5259687039945806,4122651,3,0,0.4619137977771754,True,1.6899999999999977,-69.4
83.47717438791348,85.72691029866294,14.95769447388931,56.410367838086096,100.0,0.35090664501480945,4123303,3,1,0.4619137977771754,True,-5.799999999999997,-85.8
81.95011426985857,84.19985018060804,15.087409774266524,54.62907040304806,100.0,0.3903649891136705,4123709,3,1,0.4619137977771754,True,-4.200000000000003,-84.2
72.5690308525201,74.81876676326956,12.910680236758262,49.51429848331031,100.0,0.4855182068878727,4124020,3,0,0.4619137977771754,True,1.0499999999999972,-73.3
79.003937586041,81.25367349679047,15.573698850698024,50.729784643349504,100.0,0.4679200345764396,4124707,3,1,0.4619137977771754,True,-1.2000000000000028,-81.2
89.98774205803466,92.23747796878412,15.52089890282112,61.817075111567476,100.0,0.21521629183565266,4124905,3,0,0.4619137977771754,True,-13.299999999999997,-93.3
80.1523418970164,82.40207780776586,16.230043837466145,50.59177641882596,100.0,0.4411706226504345,4126009,3,0,0.4619137977771754,True,-2.799999999999997,-82.8
85.7628501919531,88.01258610270257,16.099274250934858,56.458588393637186,100.0,0.3093482508551938,4126108,3,1,0.4619137977771754,True,-9.0,-89.0
58.00060572776527,60.25034163851473,10.247160615804352,40.166275887740916,80.33440738928854,0.5535509966450376,4126256,3,1,0.4619137977771754,True,3.6300000000000026,-58.0
94.23970170325978,96.48943761400925,17.8358962185309,61.531723393694534,100.0,0.17761081467305462,4126355,3,0,0.4619137977771754,True,-20.0,-100.0
62.9525779674481,65.20231387819757,22.609988925195477,20.887549893964938,100.0,0.5302786097309601,4126652,3,0,0.4619137977771754,True,2.519999999999996,-64.4
68.88597858796828,71.13571449871775,12.755452061382494,46.13548785188086,96.13594114555463,0.49857022650107163,4126801,3,1,0.4619137977771754,True,1.6899999999999977,-69.4
78.1021979235528,80.35193383430226,12.039237433845477,56.7554620626387,100.0,0.4533200059001502,4127601,3,1,0.4619137977771754,True,0.14000000000000057,-78.8
70.59071474137599,72.84045065212545,14.059471038524624,45.284393774933235,100.0,0.49913595304774777,4127908,3,1,0.4619137977771754,True,1.3100000000000023,-71.5
69.30063082312347,71.55036673387293,16.43728513342725,39.333879868739864,100.0,0.5152778220463317,4127957,3,0,0.4619137977771754,True,1.480000000000004,-70.7
59.64886230170792,61.89859821245739,24.310062053558553,14.251752125548784,100.0,0.5262609421401344,4128302,3,0,0.4619137977771754,True,3.299999999999997,-60.2
75.08971811643902,77.33945402718848,14.834424796515783,48.26451569464962,100.0,0.4927539695880087,4128401,3,1,0.4619137977771754,True,0.46999999999999886,-76.6
80.23650748944367,82.48624340019313,12.275010443410656,58.4276650212552,100.0,0.4197452963220555,4128500,3,1,0.4619137977771754,True,-1.0999999999999943,-81.1
70.4023026979136,72.65203860866306,14.464251638992687,44.302626332912936,100.0,0.5024260710219185,4128708,3,1,0.4619137977771754,True,1.3399999999999892,-71.4
72.25988770211166,74.50962361286112,15.738400740710018,43.662924986810964,100.0,0.5071066991443656,4128807,3,1,0.4619137977771754,True,0.9900000000000091,-73.8
70.7952556059201,73.04499151666957,16.163953000411908,41.364225788064076,100.0,0.5107351419492915,4200507,3,0,0.4619137977771754,True,1.1800000000000068,-72.3
45.187169745942114,47.43690565669158,18.80401510117084,10.581713293649422,84.29209801973373,0.5272007672672636,4200556,3,0,0.4619137977771754,False,5.920000000000002,-42.8
79.13887859820242,81.38861450895189,15.469098031332305,51.06973949422111,100.0,0.46423618659572286,4200606,3,1,0.4619137977771754,True,-1.2999999999999972,-81.3
69.59905084683481,71.84878675758428,14.331470535502476,43.759620662502456,99.93795285266609,0.5047659154354954,4201505,3,0,0.4619137977771754,True,1.519999999999996,-70.5
63.88409242356323,66.1338283343127,10.01225106652956,46.51017683974201,85.75747982888338,0.5157815054593162,4202404,3,1,0.4619137977771754,True,2.6300000000000026,-63.9
69.80820906168489,72.05794497243436,22.609988925195477,27.743180988201722,100.0,0.5403730370768405,4202578,3,0,0.4619137977771754,True,1.0499999999999972,-73.3
60.54663017463591,62.79636608538537,11.25820650164022,40.73068681165586,84.86204535911489,0.5369289869919428,4202800,3,1,0.4619137977771754,True,3.240000000000002,-60.6
61.636189523879565,63.88592543462903,17.8358962185309,28.928211214314317,98.84363965494373,0.527357863925713,4202859,3,1,0.4619137977771754,True,2.9099999999999966,-62.2
68.6331163309632,70.88285224171267,10.259235358318042,50.77512043048942,90.9905840529359,0.48511580074609434,4202909,3,1,0.4619137977771754,True,1.7999999999999972,-68.7
73.39017535524619,75.63991126599565,16.980541016218933,42.358662436201364,100.0,0.5122170989356901,4203105,3,1,0.4619137977771754,False,0.6599999999999966,-75.5
66.03562852052023,68.2853644312697,13.33430046500693,42.150615760820415,94.42011310171898,0.5118051812416547,4203303,3,1,0.4619137977771754,True,2.180000000000007,-66.5
73.70160931384393,75.9513452245934,20.64282555329324,35.49215060099552,100.0,0.5345242526682198,4204152,3,1,0.4619137977771754,True,0.3399999999999892,-77.4
53.30448350698722,55.55421941773668,18.94305574657669,18.42651239731186,92.6819264381615,0.5304187205923458,4204194,3,0,0.4619137977771754,True,4.600000000000001,-52.4
72.9774703217416,75.22720623249107,14.834424796515783,46.15226789995221,100.0,0.4981926285448183,4204400,3,0,0.4619137977771754,True,0.8599999999999994,-74.3
77.89333237364906,80.14306828439852,16.50953267299328,47.7849788437444,100.0,0.49654288983183614,4204905,3,1,0.4619137977771754,True,-0.4000000000000057,-80.4
83.19935895468659,85.44909486543605,17.8358962185309,50.49138064512134,100.0,0.3799878055622212,4205100,3,0,0.4619137977771754,True,-7.200000000000003,-87.2
63.635167617335455,65.88490352808492,23.23398117975169,20.347137198290156,100.0,0.5325039702188157,4205431,3,0,0.4619137977771754,True,2.3799999999999955,-65.4
76.2619950571918,78.51173096794126,21.070077805737284,37.215137317239446,100.0,0.5281555724391722,4205605,3,1,0.4619137977771754,True,-0.7999999999999972,-80.8
64.57625212127371,66.82598803202318,15.177729192224147,37.07818544816163,96.57379061588472,0.5195483129753369,4206108,3,0,0.4619137977771754,True,2.3699999999999903,-65.2
53.037287211712844,55.28702312246231,14.71712019131747,26.441997591332832,84.13204865359178,0.5506347387913915,4206207,3,0,0.4619137977771754,True,4.559999999999995,-52.6
45.372290707460984,47.62202661821045,14.236899197201122,19.718216940169032,75.52583629625185,0.5710192478641635,4206652,3,1,0.4619137977771754,True,5.770000000000003,-44.4
63.738140924271804,65.98787683502127,23.572303705828812,19.787010538956736,100.0,0.5331690491896344,4206751,3,0,0.4619137977771754,True,2.3500000000000085,-65.6
78.92225739683757,81.17199330758703,19.54905321059268,42.856553082968254,100.0,0.476097167048374,4207601,3,0,0.4619137977771754,True,-3.200000000000003,-83.2
72.67502546513447,74.92476137588393,14.605347581925503,46.29880613362077,100.0,0.4974116292717584,4207809,3,1,0.4619137977771754,True,0.9299999999999926,-73.9
64.04256102701865,66.29229693776811,11.54402071783331,43.6664320940306,88.91816178150563,0.5161586242853717,4208500,3,0,0.4619137977771754,True,2.5600000000000023,-64.2
71.5532591239807,73.80299503473016,18.412880395014664,37.714412608857764,100.0,0.5220237177809265,4208609,3,0,0.4619137977771754,True,0.9199999999999875,-73.9
39.431915195188054,41.68165110593752,16.43728513342725,9.465164240804448,73.89813797107058,0.5483818547532245,4209151,3,0,0.4619137977771754,True,6.579999999999998,-37.1
48.65241581673126,50.90215172748073,10.204837479474527,30.90103779962615,70.9032656553353,0.6083990201939204,4209300,3,0,0.4619137977771754,True,5.109999999999999,-48.6
79.47237617740954,81.72211208815901,12.521547950519661,57.18032907444914,100.0,0.4453051959502112,4210001,3,1,0.4619137977771754,True,-0.4000000000000057,-80.4
58.46508833664862,60.714824247398084,15.132171298432352,31.05631349457996,90.3733350002162,0.535679948882504,4210407,3,1,0.4619137977771754,True,3.5700000000000003,-58.5
55.12017357933993,57.36990949008939,15.682417730726266,26.63293554735354,88.10688343282524,0.541140010509429,4210803,3,1,0.4619137977771754,True,4.190000000000005,-54.8
77.276080849675,79.52581676042446,20.2495194997945,39.83748783658571,100.0,0.5093411824129532,4210902,3,0,0.4619137977771754,True,-1.5999999999999943,-81.6
63.39221488506203,65.6419507958115,14.267966639331101,37.67725005010354,93.60665154151945,0.5220232065484979,4211058,3,1,0.4619137977771754,True,2.6300000000000097,-63.8
67.64280214009386,69.89253805084333,12.185208553766179,46.00996814135222,93.77510796033444,0.5018812904160159,4211207,3,1,0.4619137977771754,True,1.9500000000000028,-68.0
68.41872677806818,70.66846268881764,22.321500342646576,26.919125936331866,100.0,0.5376823617777898,4211256,3,0,0.4619137977771754,True,1.3799999999999955,-71.4
48.59389640905413,50.843632319803596,26.094038867965033,0.0,100.0,0.4912306501851287,4211850,3,0,0.4619137977771754,True,5.670000000000002,-44.6
41.832128203743025,44.08186411449249,14.794682779359656,15.084818704252612,73.07890952473237,0.567575723633399,4212650,3,1,0.4619137977771754,True,6.200000000000003,-40.4
63.06301203736586,65.31274794811533,11.610519357073647,42.556548166445836,88.06894772978482,0.5215421622394484,4213203,3,0,0.4619137977771754,True,2.739999999999995,-63.2
43.15806443020572,45.407800340955184,17.24340285329617,11.611351777579479,79.20424890433088,0.540008760221227,4213302,3,0,0.4619137977771754,True,6.140000000000001,-41.0
70.10906098160523,72.35879689235469,11.903654854779301,49.02806209259189,95.68953169211748,0.48864700290401875,4213609,3,1,0.4619137977771754,True,1.519999999999996,-70.5
50.9742040527407,53.22393996349017,29.202812602119206,0.0,100.0,0.48915524988948805,4213906,3,0,0.4619137977771754,True,5.329999999999998,-47.1
60.51102019487175,62.76075610562121,14.331470535502476,34.67159001053939,90.84992220070302,0.5322344857308806,4214706,3,0,0.4619137977771754,True,3.219999999999999,-60.7
90.61376042366646,92.86349633441593,16.980541016218933,59.58224750462164,100.0,0.22436219524154788,4215356,3,1,0.4619137977771754,True,-15.099999999999994,-95.1
35.2568364153092,37.50657232605867,11.93768845203335,14.109132901413584,60.904011750703745,0.6233983193805253,4216503,3,0,0.4619137977771754,True,6.759999999999998,-34.5
75.40036839448555,77.65010430523502,13.296100203053427,51.590226772414596,100.0,0.47810461986274944,4216701,3,0,0.4619137977771754,True,0.519999999999996,-76.4
76.73346391633,78.98319982707946,30.00130411695779,20.18172426860893,100.0,0.5135183101921609,4217154,3,0,0.4619137977771754,True,-7.5,-87.5
66.87402058659457,69.12375649734403,19.235543163371705,31.422784674069824,100.0,0.526863562469333,4218350,3,1,0.4619137977771754,True,1.8200000000000074,-68.6
65.49957588366725,67.74931179441671,21.297927720658446,26.0061405165889,100.0,0.5316359080765242,4218855,3,1,0.4619137977771754,True,2.039999999999992,-67.4
60.03572605039791,62.28546196114738,14.642015412610023,33.58763909135135,90.9832848309434,0.5319676512645911,4218905,3,0,0.4619137977771754,True,3.259999999999998,-60.2
76.05108765345504,78.3008235642045,20.44220152802745,38.234844804561035,100.0,0.5331223399196688,4218954,3,1,0.4619137977771754,False,-0.20000000000000284,-80.2
80.89485756085051,83.14459347159998,24.310062053558553,35.49774738469137,100.0,0.448538939784185,4219150,3,1,0.4619137977771754,True,-9.0,-89.0
71.0423688810541,73.29210479180357,18.412880395014664,37.20352236593117,100.0,0.5222593074957027,4219200,3,0,0.4619137977771754,True,1.019999999999996,-73.3
57.31130355402467,59.56103946477413,10.788288017986305,38.41638349467597,80.7056954348723,0.5552525300314335,4219309,3,0,0.4619137977771754,True,3.760000000000005,-57.3
64.27282815274805,66.52256406349751,16.815942581063794,33.56392223851895,99.48120588847607,0.5231756891781567,4219853,3,1,0.4619137977771754,True,2.4000000000000057,-65.1
81.43396040031054,83.68369631106,12.881228235236255,58.4369528933565,100.0,0.38744901921104047,4301008,3,1,0.4619137977771754,True,-2.5999999999999943,-82.6
79.0715643501944,81.32130026094386,18.539142690847672,44.98524828263343,100.0,0.4715911014994957,4301503,3,1,0.4619137977771754,True,-2.799999999999997,-82.8
61.961765814790574,64.21150172554005,10.497031130805436,43.63769876456563,84.78530468651445,0.5291808982919327,4301602,3,1,0.4619137977771754,True,2.980000000000004,-62.0
77.23870992024956,79.48844583099903,10.39913656797467,59.10651268745521,99.87037897454285,0.4343740406346207,4302105,3,1,0.4619137977771754,False,0.36999999999999034,-77.4
79.19180311527445,81.44153902602392,16.583459101914556,48.93855644717843,100.0,0.46536504029995557,4302204,3,1,0.4619137977771754,True,-1.9000000000000057,-81.9
76.89364413816526,79.14338004891472,13.89608351418264,51.907556834955955,100.0,0.4803887660873879,4302402,3,1,0.4619137977771754,True,0.2599999999999909,-78.2
57.50837077064608,59.758106681395546,10.776927612456863,38.63571669698486,80.88049666580623,0.5535843104116474,4303004,3,1,0.4619137977771754,True,3.710000000000001,-57.5
79.15517854719657,81.40491445794603,27.806202922726545,26.905758182589608,100.0,0.47985192709616775,4303301,3,1,0.4619137977771754,True,-9.400000000000006,-89.4
59.64309366885999,61.892829579609455,20.44220152802745,21.826850819965983,100.0,0.5276348248859619,4303608,3,0,0.4619137977771754,True,3.3100000000000023,-60.0
53.21544926424562,55.465185174995085,10.04097088633715,35.78524386795904,75.14512648203112,0.584184570112382,4304606,3,1,0.4619137977771754,True,4.399999999999999,-53.2
55.6449227056376,57.89465861638706,32.947499567044254,0.0,100.0,0.5034549911456881,4304622,3,0,0.4619137977771754,True,4.280000000000001,-53.9
81.30261746333663,83.5523533740861,21.070077805737284,42.25575972338428,100.0,0.43305679284732906,4304697,3,1,0.4619137977771754,True,-7.099999999999994,-87.1
63.800733191827376,66.05046910257684,10.983450378978917,44.52330193379535,87.57763627135833,0.5170491679510871,4304705,3,1,0.4619137977771754,False,2.6199999999999974,-63.9
86.55685703720782,88.80659294795728,17.430319927827142,54.643793650405286,100.0,0.30669316304131466,4304713,3,1,0.4619137977771754,True,-10.799999999999997,-90.8
67.1306660099038,69.38040192065327,11.743066705829648,46.36441410917574,92.39638973213079,0.5020246918636703,4304804,3,1,0.4619137977771754,True,2.039999999999992,-67.4
56.19766354693753,58.44739945768699,35.5721411010131,0.0,100.0,0.5036179220002865,4304853,3,1,0.4619137977771754,True,4.170000000000002,-54.6
71.19474119310358,73.44447710385305,22.609988925195477,29.129713119620412,100.0,0.5418379616263044,4305124,3,1,0.4619137977771754,True,0.7199999999999989,-75.1
73.72431316456421,75.97404907531367,14.794682779359656,46.977003665073795,100.0,0.49584610364290793,4305207,3,1,0.4619137977771754,True,0.7199999999999989,-75.1
63.647784067621224,65.8975199783707,11.600705305220652,43.16055538487548,88.63448457186591,0.5183052856486147,4305355,3,1,0.4619137977771754,True,2.6300000000000097,-63.8
69.33886790317368,71.58860381392314,17.73024503622545,36.83796210585118,100.0,0.5195991020142734,4305447,3,1,0.4619137977771754,True,1.3599999999999994,-71.1
62.02282026277716,64.27255617352662,25.60247569900605,14.092625888412812,100.0,0.5320249788750685,4305603,3,0,0.4619137977771754,True,2.729999999999997,-63.6
78.31624950480474,80.56598541555421,14.56925062692577,52.01077890504209,100.0,0.48450581040184004,4305801,3,1,0.4619137977771754,False,0.0,-80.0
62.57281171980195,64.82254763055141,18.80401510117084,27.967355267509255,100.0,0.5279279596501136,4305975,3,1,0.4619137977771754,True,2.740000000000002,-63.4
72.08537660132313,74.3351125120726,14.396869456474883,46.117766887257076,100.0,0.49708732145946377,4306007,3,1,0.4619137977771754,True,1.0300000000000011,-73.2
52.035456151748,54.285192062497465,25.143435218838142,5.004964585958724,100.0,0.5064226715153108,4306320,3,0,0.4619137977771754,True,4.989999999999995,-49.7
79.70267670924524,81.9524126199947,12.925623252726629,56.61865656691704,100.0,0.4399682216210402,4306809,3,1,0.4619137977771754,False,-0.7999999999999972,-80.8
53.71997252734736,55.96970843809682,19.7144537182523,17.33008917544055,94.60932770075308,0.5273031915926318,4307104,3,0,0.4619137977771754,True,4.520000000000003,-52.8
66.06161896474354,68.31135487549301,18.171732157457097,32.69541431016876,100.0,0.5247623578235096,4307302,3,1,0.4619137977771754,True,2.039999999999992,-67.4
67.33484162922257,69.58457753997203,11.67706342976263,46.69795377244751,92.47120130749654,0.5005269021292214,4307807,3,1,0.4619137977771754,True,2.0,-67.6
63.06301203736586,65.31274794811533,11.610519357073647,42.556548166445836,88.06894772978482,0.5232574729005479,4308508,3,1,0.4619137977771754,True,2.789999999999992,-63.2
73.86984559425386,76.11958150500332,11.965733367443686,52.66717505620451,99.57198795380214,0.4713658429259547,4308607,3,1,0.4619137977771754,True,0.8599999999999994,-74.4
75.2299610657834,77.47969697653286,13.538922574062946,50.943896341893165,100.0,0.4814518322587992,4309001,3,1,0.4619137977771754,False,0.5499999999999972,-76.3
49.77731244322144,52.027048353970905,10.456751213962974,31.53219257930798,72.52190412863382,0.6008777487597522,4309308,3,1,0.4619137977771754,False,5.0,-49.7
68.62994063514218,70.87967654589164,18.171732157457097,35.26373598056739,100.0,0.5223884205637296,4309506,3,1,0.4619137977771754,True,1.5,-70.4
82.30349241053743,84.5532283212869,16.736597761347575,51.75009948531194,100.0,0.3927909394711462,4309555,3,1,0.4619137977771754,True,-5.5,-85.5
70.66468643515756,72.91442234590703,12.477033973605757,48.45988512375706,97.368959568057,0.4902673266092934,4309605,3,1,0.4619137977771754,True,1.4099999999999966,-71.2
59.91600440499933,62.16574031574879,12.67726807174088,37.31875147277712,87.01272915872045,0.5350196590380523,4310009,3,1,0.4619137977771754,True,3.280000000000001,-60.0
65.4313073437016,67.68104325445107,17.8358962185309,32.723329034136356,100.0,0.5243419861906442,4310405,3,1,0.4619137977771754,True,2.1700000000000017,-66.6
58.7810030508165,61.030738961565966,18.412880395014664,24.94215653569357,97.11932138743836,0.5302879044023235,4310538,3,1,0.4619137977771754,True,3.530000000000001,-58.9
66.6961555967268,68.94589150747626,16.583459101914556,36.44290892863077,100.0,0.518855988403788,4311700,3,1,0.4619137977771754,True,1.9300000000000068,-67.8
64.58055265564981,66.83028856639928,21.070077805737284,25.53369491569746,100.0,0.531015098421511,4311734,3,1,0.4619137977771754,True,2.269999999999996,-66.2
63.83302653012606,66.08276244087553,22.913707010394432,21.172721948199474,100.0,0.5317796879185414,4312104,3,1,0.4619137977771754,True,2.3100000000000023,-65.6
77.5971389033702,79.84687481411966,29.202812602119206,22.610413866693584,100.0,0.5020918475129613,4312179,3,1,0.4619137977771754,True,-8.200000000000003,-88.2
65.78718412393597,68.03692003468544,10.808832579721171,46.85199746350877,89.2218426058621,0.5067569597430871,4312401,3,1,0.4619137977771754,False,2.319999999999993,-65.9
52.43887215948182,54.68860807023128,21.785600407721684,11.989615889515655,97.3876002509469,0.5181483036925231,4312609,3,1,0.4619137977771754,True,4.780000000000001,-50.9
43.193555801839494,45.44329171258896,14.088019136159394,17.831281592205457,73.05530183297245,0.5759011585730227,4312708,3,0,0.4619137977771754,True,6.039999999999999,-42.1
73.09820599861948,75.34794190936894,22.047057515392645,32.13650321411622,100.0,0.542659897628485,4313003,3,0,0.4619137977771754,True,0.4099999999999966,-77.3
90.57961780819082,92.82935371894028,12.016658149518479,69.27713653135433,100.0,0.1428435541989913,4313201,3,1,0.4619137977771754,False,-11.700000000000003,-91.7
76.35083527583694,78.60057118658641,23.930360036309608,31.697927378342946,100.0,0.5233165433016294,4313359,3,0,0.4619137977771754,True,-2.5999999999999943,-82.6
57.32096267375015,59.57069858449962,11.571901925847527,36.89018757720876,82.25120959179046,0.5508604750955076,4313375,3,0,0.4619137977771754,True,3.75,-57.3
67.62458277623634,69.8743186869858,11.04694961393122,48.22269530465195,91.52594206931965,0.4958716437312569,4313508,3,1,0.4619137977771754,False,1.960000000000008,-67.8
53.78485030210437,56.03458621285383,13.721046078934702,29.141830067927284,82.92734235778038,0.5534944665360706,4313656,3,1,0.4619137977771754,True,4.380000000000003,-53.5
75.00889723593603,77.2586331466855,10.971126469823128,55.75562039599809,98.76164589737289,0.454332608615385,4313904,3,1,0.4619137977771754,False,0.7000000000000028,-75.3
71.31393330700921,73.56366921775867,14.874829209804153,44.40953969035813,100.0,0.5033881454216279,4313953,3,1,0.4619137977771754,False,1.1899999999999977,-72.5
62.374779560552845,64.62451547130232,29.202812602119206,7.388054523876242,100.0,0.5352744501213251,4314175,3,1,0.4619137977771754,True,2.509999999999991,-64.7
60.88642856003313,63.136164470782596,20.064292581391246,23.81087363598155,100.0,0.5274932756146321,4314308,3,1,0.4619137977771754,True,3.019999999999996,-61.5
69.20915681421008,71.45889272495954,26.6220053190587,19.280721103370723,100.0,0.5535030409315993,4314464,3,1,0.4619137977771754,True,0.9400000000000119,-74.1
80.88681321653779,83.13654912728725,18.80401510117084,46.281356764245096,100.0,0.4337628848126457,4314498,3,1,0.4619137977771754,True,-5.099999999999994,-85.1
45.319209704930685,47.56894561568015,23.572303705828812,1.3680793196156174,93.76981191174467,0.4940945918015924,4315057,3,0,0.4619137977771754,False,6.119999999999997,-41.1
70.57321824302606,72.82295415377553,15.271323242687417,42.89171060183875,100.0,0.5059310414295419,4315107,3,1,0.4619137977771754,True,1.25,-71.8
73.95749374468386,76.20722965543332,22.047057515392645,32.9957909601806,100.0,0.5441117427019411,4315156,3,1,0.4619137977771754,True,0.25,-78.4
46.22680651897765,48.47654242972711,13.475024810495485,22.065979110372286,74.88710574908193,0.5763106292073831,4315503,3,1,0.4619137977771754,True,5.57,-45.5
87.09414756898033,89.3438834797298,12.986893568651201,63.89003981411858,100.0,0.23592087231211245,4316006,3,1,0.4619137977771754,True,-8.599999999999994,-88.6
73.29337940756474,75.54311531831421,16.736597761347575,42.739986482339255,100.0,0.5111274637472086,4316105,3,1,0.4619137977771754,True,0.710000000000008,-75.3
65.3059829278276,67.55571883857706,15.177729192224147,37.80791625471552,97.30352142243859,0.5198179071911747,4316709,3,1,0.4619137977771754,True,2.3100000000000023,-66.0
87.52119144960686,89.77092736035632,16.297595222193888,57.82822769024423,100.0,0.27440913985299475,4316758,3,1,0.4619137977771754,False,-11.099999999999994,-91.1
46.63790050703646,48.88763641778593,24.71358859969082,0.44989283365224253,97.3253800019196,0.49212877720721127,4316972,3,1,0.4619137977771754,True,6.0,-42.4
50.3560058994011,52.60574181015056,19.3895238246527,14.602973436449943,90.60851018385117,0.5272256377838825,4317004,3,1,0.4619137977771754,False,5.130000000000003,-48.8
72.46953340591146,74.71926931666093,11.33167614168548,52.509592194485585,96.92894643883626,0.4729379405649339,4317400,3,1,0.4619137977771754,True,1.1500000000000057,-72.8
64.30873326753088,66.55846917828035,10.810333511603027,45.370604834672,87.74633352188869,0.5133393710194367,4317509,3,1,0.4619137977771754,False,2.519999999999996,-64.4
72.31833757256042,74.56807348330989,22.913707010394432,29.658032990633835,100.0,0.545204036336061,4318440,3,1,0.4619137977771754,True,0.46999999999999886,-76.7
76.49636272943138,78.74609864018085,27.190930477819652,25.45285419752183,100.0,0.5183905816711318,4318614,3,1,0.4619137977771754,True,-5.0,-85.0
81.4189227383754,83.66865864912486,29.202812602119206,26.43219770169879,100.0,0.45001363655825427,4319711,3,1,0.4619137977771754,True,-14.099999999999994,-94.1
59.09331350801831,61.34304941876778,10.284559305309791,41.1856835834943,81.50041525404124,0.548636518309446,4320008,3,1,0.4619137977771754,True,3.5,-59.1
77.00792792153537,79.25766383228483,24.71358859969082,30.81992024815115,100.0,0.5119814552498868,4320321,3,1,0.4619137977771754,True,-4.0,-84.0
75.40246981257741,77.65220572332687,30.00130411695779,18.850730164856344,100.0,0.5311879535252156,4320453,3,1,0.4619137977771754,False,-5.400000000000006,-85.4
63.79551110971684,66.0452470204663,11.042348055405327,44.40264252711596,87.68785151381665,0.5189513480800274,4321204,3,1,0.4619137977771754,True,2.6699999999999946,-63.9
82.58666924575687,84.83640515650633,32.947499567044254,20.26049262445055,100.0,0.4416483895606736,4321493,3,1,0.4619137977771754,True,-20.0,-100.0
62.80009092258359,65.04982683333306,11.224096016208495,43.05100288254491,87.04865078412121,0.522386720731004,4321501,3,1,0.4619137977771754,True,2.7800000000000082,-62.9
54.44527332561653,56.695009236366,10.661009968899275,35.79981365850093,77.59020481423106,0.5723811381212891,4321600,3,1,0.4619137977771754,True,4.240000000000002,-54.4
78.34398363587286,80.59371954662232,20.064292581391246,41.26842871182128,100.0,0.4881966799004939,4322327,3,1,0.4619137977771754,True,-2.799999999999997,-82.8
82.58666924575687,84.83640515650633,32.947499567044254,20.26049262445055,100.0,0.4416483895606736,4322343,3,1,0.4619137977771754,True,-20.0,-100.0
77.7459564309993,79.99569234174876,11.022062196540594,58.39284740116876,100.0,0.442803416536766,4322608,3,1,0.4619137977771754,True,0.3100000000000023,-78.1
80.5851667275701,82.83490263831956,24.71358859969082,34.39715905418588,100.0,0.45433738320634215,4323200,3,1,0.4619137977771754,True,-8.900000000000006,-88.9
87.14333866410763,89.3930745748571,21.070077805737284,48.09648092415528,100.0,0.327870279943289,4323408,3,1,0.4619137977771754,True,-14.400000000000006,-94.4
80.5613383788459,82.81107428959537,26.094038867965033,31.667697897195566,100.0,0.4571054907935649,4323507,3,1,0.4619137977771754,True,-10.0,-90.0
42.23427460665734,44.4840105174068,10.814863815258285,23.287266941795117,65.68075409301848,0.6288487442805429,5000609,3,0,0.4619137977771754,False,6.039999999999999,-42.0
51.6571197847262,53.90685569547566,11.41700529954681,31.52993649706098,76.28377489389034,0.5782231148946902,5001003,3,0,0.4619137977771754,True,4.659999999999997,-51.5
73.14411107683885,75.39384698758832,12.895882611058816,50.118381521056676,100.0,0.48318073528763006,5001243,3,1,0.4619137977771754,True,0.9499999999999886,-73.9
38.27978588885874,40.529521799608204,11.709484943122776,17.579353033573515,63.47969056564289,0.6223862387723245,5001904,3,0,0.4619137977771754,True,6.479999999999997,-37.7
40.065578847422294,42.31531475817176,11.163289105390989,20.435670162597056,64.19495935374646,0.6289886142945962,5003306,3,1,0.4619137977771754,True,6.289999999999999,-39.7
32.39955852759509,34.649294438344555,17.06594930647553,1.2006484356661957,68.0979404410229,0.5299103454380552,5003504,3,0,0.4619137977771754,False,7.129999999999999,-28.8
40.452368654129884,42.70210456487935,10.027384674713298,23.048791743312396,62.3554173864463,0.6531029298681074,5003702,3,0,0.4619137977771754,True,6.25,-40.4
74.29883690241353,76.54857281316299,13.819134417999786,49.46356705636552,100.0,0.4870525002459406,5003751,3,1,0.4619137977771754,True,0.6999999999999886,-75.4
65.62904441902361,67.87878032977308,17.153540469662797,34.258458801883705,100.0,0.5221113155231338,5005103,3,1,0.4619137977771754,True,2.1299999999999955,-66.7
24.843922256598873,27.093658167348337,13.794141687584075,0.05763726204098418,54.12967907265569,0.578338550934974,5005152,3,0,0.4619137977771754,True,7.219999999999999,-22.6
26.216312339361533,28.466048250111,11.864242238083483,5.212560759608486,51.71953574061351,0.629578674539831,5005202,3,0,0.4619137977771754,True,7.190000000000001,-25.2
37.7121195983807,39.96185550913017,11.461332703781945,17.49805619488647,62.42565482337386,0.6308121750120159,5006002,3,0,0.4619137977771754,True,6.589999999999996,-37.2
35.7459037615199,37.99563967226936,14.95769447388931,8.679097211692515,67.3121821328462,0.5672728407318013,5006408,3,0,0.4619137977771754,True,6.829999999999998,-33.7
53.61205452384197,55.861790434591434,15.973969911683527,24.553384717565244,87.17019615161762,0.5418355102366984,5007307,3,1,0.4619137977771754,True,4.439999999999998,-53.1
40.45391468454241,42.703650595291876,15.319406123695636,12.678166328306066,72.72913486227768,0.5626657210316545,5007505,3,0,0.4619137977771754,True,6.419999999999995,-38.7
52.407805014534944,54.65754092528441,11.08015977098385,32.940826831206486,76.37425501936232,0.5801921561216941,5007695,3,0,0.4619137977771754,True,4.600000000000001,-52.3
69.83564699686006,72.08538290760953,10.200350563438572,52.09306317358707,92.07770264163197,0.47633697688008547,5008305,3,0,0.4619137977771754,True,1.5799999999999983,-69.9
64.71991290872111,66.96964881947058,15.469098031332305,36.6507738047398,97.28852383420134,0.5206315538853471,5008404,3,1,0.4619137977771754,True,2.3699999999999903,-65.4
51.0572317319405,53.30696764268996,11.29069275086346,31.177616490490106,75.43631879488981,0.584271400433128,5101704,3,0,0.4619137977771754,True,4.810000000000002,-50.9
47.585106190422735,49.8348421011722,10.37690510258252,29.496481829120544,70.17320237322386,0.6135703792596671,5102504,3,1,0.4619137977771754,True,5.329999999999998,-47.5
62.15428001715127,64.40401592790074,10.587805865957977,43.652297755321186,85.1557341004803,0.5284608489220285,5102637,3,0,0.4619137977771754,True,2.9599999999999937,-62.2
37.123739589174285,39.37347549992375,16.035961300898702,7.943568892684215,70.80338210716327,0.5520090844494808,5102694,3,0,0.4619137977771754,False,6.769999999999996,-34.7
33.22093364800941,35.47066955875887,11.693132970075741,12.55255007097254,58.3887890465452,0.6315786824089284,5102702,3,0,0.4619137977771754,True,6.899999999999999,-32.5
48.061056224630015,50.31079213537948,12.101804543695886,26.591691081792355,74.0298931889666,0.5869618018254924,5103007,3,0,0.4619137977771754,True,5.269999999999996,-47.7
35.95660024511872,38.206336155868186,10.90055576188716,16.84163945109878,59.57103286063759,0.6467139113171855,5103353,3,0,0.4619137977771754,True,6.710000000000001,-35.6
52.262031295790614,54.51176720654008,11.62044285703554,31.736117722344687,77.28741669073547,0.5753571901393281,5103502,3,0,0.4619137977771754,True,4.619999999999997,-52.1
83.65224222092907,85.90197813167853,21.785600407721684,43.202985950962905,100.0,0.3932294008692968,5103957,3,0,0.4619137977771754,True,-10.599999999999994,-90.6
86.99176483373073,89.24150074448019,13.89608351418264,62.005677530521425,100.0,0.25301131856958653,5104542,3,1,0.4619137977771754,True,-9.0,-89.0
47.50288024490197,49.75261615565143,14.20627477828208,21.908829235738807,77.59640307556404,0.5661747315693808,5105002,3,0,0.4619137977771754,True,5.419999999999995,-46.7
49.238839974975235,51.4885758857247,13.454220832174396,25.118787614614362,77.85836415683502,0.5679101019204293,5105200,3,0,0.4619137977771754,True,5.089999999999996,-48.7
63.958554232234356,66.20829014298383,10.30818624590376,46.00461635508131,86.41196393088634,0.5147693690352517,5105259,3,0,0.4619137977771754,True,2.5900000000000034,-64.0
48.67699384192996,50.92672975267943,16.43728513342725,18.710242887546357,83.1432166178125,0.5451259682489307,5106000,3,0,0.4619137977771754,True,5.289999999999999,-47.5
64.13720904920784,66.3869449599573,10.53017273047338,45.748185657243674,87.02570426267093,0.5152662683488005,5106224,3,0,0.4619137977771754,True,2.5900000000000034,-64.2
58.53496189202729,60.784697802776755,17.430319927827142,26.621898505224756,94.94749710032875,0.5316732200028029,5106455,3,0,0.4619137977771754,True,3.5700000000000003,-58.6
44.823619154887076,47.07335506563654,13.51737120689723,20.57979433445924,73.56691579681384,0.5781939890405602,5106828,3,0,0.4619137977771754,True,5.740000000000002,-44.0
57.80638952928364,60.05612544003311,11.261390144070765,37.984206341800075,82.12804453826614,0.5517130575515059,5107065,3,0,0.4619137977771754,True,3.720000000000006,-57.8
49.326319329809515,51.57605524055898,16.583459101914556,19.07307266171349,84.07903781940446,0.5428330867330056,5107206,3,0,0.4619137977771754,True,5.159999999999997,-48.2
51.77887582286874,54.028611733618206,14.20627477828208,26.184824813705582,81.87239865353082,0.556295893354125,5107354,3,1,0.4619137977771754,True,4.740000000000002,-51.3
33.86923388797096,36.11896979872042,19.3895238246527,0.0,74.12173817242103,0.5012557032183479,5107578,3,0,0.4619137977771754,True,7.18,-29.0
52.81607989333699,55.065815804086455,10.032669745014234,35.40214443507391,74.729487173099,0.5865596521955805,5107602,3,0,0.4619137977771754,True,4.460000000000001,-52.8
53.94757891573368,56.197314826483144,13.393234297203032,29.947057967458573,82.44757168550771,0.5541249311684635,5107701,3,1,0.4619137977771754,True,4.32,-53.7
89.5998929346975,91.84962884544696,18.539142690847672,55.51357686713653,100.0,0.26135678681760877,5107750,3,0,0.4619137977771754,True,-15.200000000000003,-95.2
36.08016522215551,38.32990113290497,13.31509390618811,12.232796626007524,64.42700563980242,0.5975828151588108,5107859,3,1,0.4619137977771754,True,6.82,-34.8
63.76059832786571,66.01033423861517,21.785600407721684,23.311342057899544,100.0,0.5314581919729154,5107883,3,0,0.4619137977771754,True,2.430000000000007,-65.3
78.9883117163845,81.23804762713397,10.191048913846616,61.26395879130855,100.0,0.4211302634061415,5107925,3,0,0.4619137977771754,True,0.10999999999999943,-79.1
50.51084995491522,52.76058586566469,20.2495194997945,13.072256941825934,92.44891478950343,0.5228295155198631,5108352,3,1,0.4619137977771754,True,5.1200000000000045,-48.8
61.468598434787495,63.71833434553696,15.271323242687417,33.787090793600186,93.64957789747373,0.5271909933130139,5108907,3,1,0.4619137977771754,True,2.960000000000008,-61.8
59.75223382376735,62.00196973451681,11.68774544095206,39.09440960977855,84.90952985925506,0.5401421781688406,5200050,3,0,0.4619137977771754,True,3.3800000000000026,-59.8
78.03988782454739,80.28962373529686,12.78248743022748,55.236408739215044,100.0,0.4632360551498094,5200100,3,0,0.4619137977771754,True,0.10999999999999943,-79.0
58.48632537161522,60.73606128236469,12.062290072187926,37.0944071698013,84.37771539492807,0.5436995429945345,5200134,3,0,0.4619137977771754,True,3.5600000000000023,-58.5
74.00014394321211,76.24987985396157,26.6220053190587,24.071708232372757,100.0,0.5560118724831494,5200159,3,0,0.4619137977771754,True,-1.0,-81.0
64.06456671359291,66.31430262434237,14.874829209804153,37.16017309694183,95.4684321517429,0.5210625752551831,5200803,3,1,0.4619137977771754,True,2.5,-64.6
78.62036392386958,80.87009983461904,21.785600407721684,38.17110765390341,100.0,0.48407079246588586,5200829,3,0,0.4619137977771754,True,-4.200000000000003,-84.2
68.31474890565791,70.56448481640737,20.851923500665354,29.695465746718902,100.0,0.5314496100384649,5200902,3,0,0.4619137977771754,True,1.4099999999999966,-70.8
79.5784790286871,81.82821493943656,15.9132577800385,50.638802813859286,100.0,0.4542676312636825,5203807,3,0,0.4619137977771754,True,-2.0,-82.0
88.7997870422627,91.04952295301216,19.88607415722473,52.07353381095897,100.0,0.28922806574794535,5203939,3,0,0.4619137977771754,True,-15.400000000000006,-95.4
58.794656927993984,61.04439283874345,10.348929581502617,40.76086358045714,81.32792209702976,0.5498143765641422,5204508,3,0,0.4619137977771754,True,3.5400000000000063,-58.8
70.2921352606929,72.54187117144237,17.06594930647553,39.09322516876401,100.0,0.5170159458682217,5204557,3,1,0.4619137977771754,True,1.269999999999996,-72.0
64.92445970337246,67.17419561412193,12.351974160662863,42.96477112125335,91.3836201069905,0.5143954004300809,5204904,3,0,0.4619137977771754,True,2.4200000000000017,-65.2
64.83452435378327,67.08426026453273,10.485302188174476,46.533445608691736,87.63507492037373,0.5101097198746699,5205109,3,0,0.4619137977771754,True,2.4499999999999886,-64.9
42.570346528739954,44.82008243948942,14.498715566517062,16.403122107025727,73.2370427719531,0.5700736514979582,5205455,3,0,0.4619137977771754,True,6.080000000000005,-41.3
79.01834187880425,81.26807778955371,12.715824833054452,56.34551908304694,100.0,0.4602815709828017,5205471,3,0,0.4619137977771754,True,0.0,-80.0
67.81510333322737,70.06483924397683,10.419890624487634,49.642228897134494,90.48744959081917,0.4925407006923507,5206206,3,1,0.4619137977771754,True,1.9699999999999989,-67.9
56.28905662695664,58.53879253770611,19.88607415722473,19.56280339565292,97.5147816797593,0.5268861007256322,5206503,3,0,0.4619137977771754,True,3.980000000000004,-55.9
80.43828873589477,82.68802464664424,22.609988925195477,38.3732606624116,100.0,0.4526826001563872,5206909,3,0,0.4619137977771754,True,-7.099999999999994,-87.1
66.5911302776388,68.84086618838826,9.893092679792165,49.45076084027876,88.23097153649775,0.49593260759139157,5208707,3,0,0.4619137977771754,True,2.1400000000000006,-66.6
67.99577925467821,70.24551516542768,11.185819978968183,48.32171086910145,92.1693194617539,0.49445373014800087,5209101,3,0,0.4619137977771754,True,1.8900000000000006,-68.2
68.79644359383876,71.04617950458822,24.310062053558553,23.39933341767962,100.0,0.5442799572807412,5209291,3,0,0.4619137977771754,True,1.1500000000000057,-72.6
66.78495018999938,69.03468610074884,18.412880395014664,32.94610367487645,100.0,0.5241501559862967,5209804,3,0,0.4619137977771754,True,1.8500000000000085,-68.3
66.84979612758991,69.09953203833938,12.332279266445177,44.92870882881679,93.27035524786196,0.5042204862633518,5209952,3,0,0.4619137977771754,True,2.030000000000001,-67.2
84.63961084387557,86.88934675462504,23.23398117975169,41.351580424830274,100.0,0.3834163884236749,5210158,3,0,0.4619137977771754,True,-13.099999999999994,-93.1
78.06465923595081,80.31439514670028,12.151118679780735,56.498640162458145,100.0,0.45725655555292327,5210901,3,0,0.4619137977771754,True,0.21000000000000796,-78.8
90.12984633731001,92.37958224805948,22.913707010394432,47.469541755383425,100.0,0.2945055160090341,5212055,3,0,0.4619137977771754,True,-20.0,-100.0
75.21609308073258,77.46582899148204,11.650888780029007,54.63050659474337,100.0,0.46082841218409515,5213087,3,0,0.4619137977771754,True,0.6199999999999903,-75.7
65.76612552746306,68.01586143821253,15.738400740710018,37.16916281216237,98.86256006426267,0.5186024450581107,5213707,3,0,0.4619137977771754,True,2.1500000000000057,-66.6
87.60262515633308,89.85236106708254,26.094038867965033,38.70898467468274,100.0,0.3528745315444754,5213855,3,0,0.4619137977771754,True,-20.0,-100.0
80.82346412754838,83.07320003829784,19.086812737846834,45.66373449245769,100.0,0.43604209544965106,5213905,3,0,0.4619137977771754,True,-5.200000000000003,-85.2
92.11603259790428,94.36576850865374,16.230043837466145,62.55546711971384,100.0,0.1880421006690537,5214051,3,0,0.4619137977771754,True,-16.200000000000003,-96.2
87.3638545423595,89.61359045310897,19.086812737846834,52.20412490726882,100.0,0.3072441522149165,5214101,3,0,0.4619137977771754,True,-13.0,-93.0
79.39874175247608,81.64847766322555,15.9132577800385,50.45906553764827,100.0,0.45874678115918466,5214861,3,0,0.4619137977771754,True,-1.7999999999999972,-81.8
89.79553815812262,92.04527406887209,19.086812737846834,54.63580852303194,100.0,0.2639946519144356,5215405,3,0,0.4619137977771754,True,-15.900000000000006,-95.9
64.72669720633155,66.97643311708102,15.418267301078313,36.75718450295594,97.1956817312061,0.5215577496407691,5215504,3,0,0.4619137977771754,True,2.4099999999999966,-65.4
58.19767912866117,60.447415039410636,11.36029725756061,38.181641560922685,82.71318851789857,0.5487815381742007,5215603,3,0,0.4619137977771754,True,3.6400000000000006,-58.2
40.331702303517254,42.58143821426672,31.857283274383388,0.0,100.0,0.4147353284871529,5215801,3,0,0.4619137977771754,True,7.119999999999997,-28.6
72.25635207143608,74.50608798218555,19.88607415722473,35.53009884013236,100.0,0.5307419187741537,5216007,3,0,0.4619137977771754,True,0.7400000000000091,-75.3
67.08986434859965,69.33960025934911,12.016658149518479,45.78738307176316,92.89181744693506,0.5020052088118908,5217401,3,0,0.4619137977771754,True,2.0,-67.4
51.83559375509373,54.0853296658432,11.248739726418098,32.03820493059878,76.13245440108761,0.5794308201557318,5218003,3,1,0.4619137977771754,True,4.640000000000001,-51.7
66.86176159258555,69.11149750333502,10.879493549169515,47.78808197692692,90.43491302974311,0.49884501349287,5218508,3,0,0.4619137977771754,True,2.0799999999999983,-67.0
74.86110581952033,77.1108417302698,16.297595222193888,45.168142060157706,100.0,0.5058540490203093,5219258,3,0,0.4619137977771754,True,0.44999999999998863,-76.9
75.39921956903413,77.6489554797836,20.64282555329324,37.18976085618572,100.0,0.5368800696760203,5219357,3,1,0.4619137977771754,True,0.060000000000002274,-79.5
76.11391474707843,78.36365065782789,17.430319927827142,44.20085136027589,100.0,0.512960229612934,5219407,3,0,0.4619137977771754,True,0.13000000000000966,-78.8
86.48208653509677,88.73182244584623,23.930360036309608,41.82917863760277,100.0,0.35759873468384296,5219605,3,0,0.4619137977771754,True,-16.200000000000003,-96.2
73.6078668240092,75.85760273475866,16.035961300898702,44.42769612751913,100.0,0.5052838598391932,5220157,3,0,0.4619137977771754,True,0.6699999999999875,-75.4
48.54729326936122,50.797029180110684,10.164043065678117,30.87587083406749,70.71818752615387,0.611658430174435,5220454,3,0,0.4619137977771754,True,5.18,-48.5
57.709143637284534,59.958879548034,22.047057515392645,16.747440852781274,100.0,0.5251556801729126,5220702,3,0,0.4619137977771754,True,3.75,-57.6
83.54809409163379,85.79783000238325,22.321500342646576,42.048493249897476,100.0,0.3975314161361543,5221452,3,0,0.4619137977771754,True,-10.900000000000006,-90.9
69.06425991154028,71.31399582228974,11.23939723812993,49.285182027616116,93.34280961696336,0.4895658114412259,5221601,3,0,0.4619137977771754,True,1.7199999999999989,-69.3
73.13555481169074,75.3852907224402,23.572303705828812,29.18442442637567,100.0,0.55054703729952,5221809,3,1,0.4619137977771754,True,0.28000000000000114,-78.1
62.44908842584475,64.88959191421304,10.289290417694353,44.72295326905902,85.05623055936707,0.5193944640679953,1100049,4,0,0.4589319598807265,True,2.8900000000000006,-62.5
58.47303957918098,60.91354306754927,12.21578136284632,36.971051553354854,84.85603458174367,0.5383613535691324,1100056,4,0,0.4589319598807265,True,3.5900000000000034,-58.5
62.60875568786891,65.0492591762372,13.403536208241617,38.77881094260506,91.31970740986932,0.5184691011721889,1100064,4,0,0.4589319598807265,True,2.770000000000003,-62.9
42.07672061498098,44.51722410334927,10.758740324704254,23.43048054791016,65.60396765878838,0.6205727466282938,1100106,4,1,0.4589319598807265,True,6.020000000000003,-41.8
65.0889440407956,67.52944752916389,9.583275674028839,48.746572354148554,86.31232270417922,0.4987741304383818,1100205,4,1,0.4589319598807265,True,2.4000000000000057,-65.1
49.96122571947976,52.40172920784806,10.961843339252514,30.916911058742844,73.88654735695326,0.585879859367287,1100452,4,0,0.4589319598807265,True,4.980000000000004,-49.8
76.84522866915124,79.28573215751953,11.861916502076928,56.03680302582741,100.0,0.45149696837760844,1100940,4,1,0.4589319598807265,True,0.3400000000000034,-77.5
60.41285360560045,62.85335709396875,15.90742446259191,31.67537806049717,94.03133612744031,0.5249784636893301,1101435,4,0,0.4589319598807265,True,3.1499999999999986,-60.7
55.382127603855835,57.82263109222413,21.152638284538252,16.36422187652603,99.28104030792221,0.5212523034698361,1101468,4,1,0.4589319598807265,True,4.150000000000006,-54.8
70.3558890910111,72.79639257937939,16.861089983412356,39.7492634718021,100.0,0.5097851883219506,1101559,4,1,0.4589319598807265,True,1.2099999999999937,-72.0
38.55778229474226,40.99828578311055,14.489702147759955,12.598991426788366,69.39758013943273,0.5696233069320277,1101757,4,0,0.4589319598807265,True,6.539999999999999,-37.0
75.39956906677445,77.84007255514274,11.845392666128388,54.623529546796206,100.0,0.458311622196274,1300102,4,0,0.4589319598807265,True,0.5999999999999943,-76.0
27.56004368901151,30.000547177379808,12.50818205638094,5.484960834803008,54.516133519956604,0.6061813236537797,1300680,4,1,0.4589319598807265,True,7.169999999999998,-26.2
29.066342117307798,31.506845605676094,11.138399681827302,9.67598338388218,53.33770782747,0.6403525175575189,1300805,4,1,0.4589319598807265,True,7.109999999999999,-28.4
39.14566274515276,41.586166233521055,13.449800914413416,15.225040842036869,67.94729162500524,0.586336919306892,1301159,4,1,0.4589319598807265,True,6.520000000000003,-38.0
44.064058907299376,46.50456239566767,11.357364029502815,24.244537938531444,68.76458685280389,0.6036721438487588,1301308,4,1,0.4589319598807265,True,5.789999999999999,-43.7
50.39051848131143,52.831021969679725,10.380080282955081,32.48643845845343,73.17560548090601,0.5883904504652193,1301704,4,0,0.4589319598807265,True,4.850000000000001,-50.3
37.1304500074134,39.570953495781694,11.302235664370032,17.418978648832297,61.72292834273109,0.6279390235868267,1302306,4,1,0.4589319598807265,True,6.659999999999997,-36.6
64.360401404918,66.80090489328629,12.905930217357765,41.50574648027787,92.0960633062947,0.5117167316387565,1303007,4,1,0.4589319598807265,True,2.480000000000004,-64.7
35.88947663138026,38.329980119748555,11.383539736853347,16.018652218935426,60.64130802056168,0.628086403397857,1303569,4,0,0.4589319598807265,True,6.75,-35.3
36.87053800290327,39.31104149127156,10.76599083261469,18.21008720145837,60.41199578108474,0.6382539060114415,1303809,4,1,0.4589319598807265,True,6.619999999999997,-36.5
15.301740293214547,17.742243781582843,12.49474220885633,0.0,42.23148850705369,0.5638304635037353,1304260,4,1,0.4589319598807265,True,6.35,-13.4
31.288741555145585,33.72924504351388,11.072587106694382,12.027373098710324,55.43111698831743,0.641407614972736,1500503,4,0,0.4589319598807265,True,7.040000000000003,-30.7
48.9955361675136,51.43603965588189,11.072587106694382,29.73416771107834,73.13791160068544,0.5873454363313539,1500859,4,1,0.4589319598807265,True,5.080000000000005,-48.8
35.049713387453195,37.49021687582149,12.577242515764887,12.83927452009636,62.14115923154661,0.6040913880374252,1500958,4,0,0.4589319598807265,True,6.810000000000002,-34.0
47.09086360727972,49.531367095648015,11.993655769187649,26.02423374506918,73.03850044622685,0.5854412393246042,1501105,4,0,0.4589319598807265,True,5.419999999999995,-46.7
46.674162691644504,49.1146661800128,9.974672305382217,29.564667703874534,68.66466465615105,0.6134274727107684,1501303,4,1,0.4589319598807265,True,5.390000000000001,-46.6
48.209029884733106,50.6495333731014,9.538518267695679,31.954381102540477,69.34468564366232,0.6142641617476682,1501402,4,1,0.4589319598807265,True,5.219999999999999,-48.2
60.5733960609293,63.01389954929759,10.190746004530263,43.040404404822816,82.98739469377236,0.5307433792317564,1501501,4,0,0.4589319598807265,True,3.1999999999999957,-60.6
31.625343059343187,34.06584654771148,10.66513001165443,13.162575834431546,54.96911726099141,0.6532818951270828,1501782,4,0,0.4589319598807265,True,7.070000000000004,-31.2
51.65343500575381,54.093938494122106,12.283404650848386,30.018907770927466,78.16896921731674,0.5655055731609392,1501907,4,1,0.4589319598807265,True,4.719999999999999,-51.4
40.533245201006665,42.97374868937496,10.052716070808179,23.270787243783918,62.676710134965994,0.641961893314688,1502103,4,1,0.4589319598807265,True,6.230000000000004,-40.4
51.125669356635555,53.56617284500385,10.843251065260354,32.313791281767976,74.81855440823972,0.5805278900228188,1502301,4,1,0.4589319598807265,True,4.770000000000003,-51.0
41.191609455301,43.63211294366929,11.939239396293658,20.231633724131978,67.0325921632066,0.6052689707596832,1502756,4,0,0.4589319598807265,True,6.219999999999999,-40.6
50.466897919678885,52.90740140804718,12.80500764857956,27.81004759507131,78.00475522102303,0.5664428539734675,1502764,4,1,0.4589319598807265,True,4.949999999999996,-50.1
59.27361336388806,61.71411685225635,10.780739368752714,40.58425596278795,82.84397774172476,0.5382740499661625,1502939,4,0,0.4589319598807265,True,3.450000000000003,-59.3
48.143972026107846,50.58447551447614,11.939239396293658,27.183996294938826,73.98495473401344,0.5811478561710068,1503044,4,0,0.4589319598807265,True,5.230000000000004,-47.8
60.98557536758829,63.42607885595658,9.814187760827602,44.19062430722068,82.66153340469248,0.5289949964583869,1503606,4,1,0.4589319598807265,True,3.1400000000000006,-61.0
54.52147585638671,56.961979344755,18.05603851234259,21.572794157095345,92.35116453241466,0.5299767587901295,1504109,4,0,0.4589319598807265,True,4.32,-54.0
51.517561796671465,53.95806528503976,9.68191017452378,34.98187004142123,72.93426052865829,0.5903558968308624,1504208,4,1,0.4589319598807265,True,4.670000000000002,-51.5
49.22854814225102,51.669051630619315,11.367747478697593,29.388675987026023,73.94942727421261,0.5839803132107244,1504455,4,1,0.4589319598807265,True,5.079999999999998,-49.0
39.397360761828814,41.83786425019711,12.079982739561544,18.16153314679098,65.51419535360323,0.606755471701857,1505700,4,0,0.4589319598807265,True,6.409999999999997,-38.7
43.9028836481178,46.34338713648609,10.549371782993875,25.666998382295,67.01977589067718,0.6179765433355612,1505809,4,1,0.4589319598807265,True,5.809999999999995,-43.7
49.526311151565416,51.96681463993371,13.570495357045726,25.36913248775606,78.56449679211136,0.561001326315971,1506104,4,1,0.4589319598807265,True,5.049999999999997,-49.0
60.14948404295854,62.589987531326834,11.025668613364223,40.98007414365927,84.19990091899439,0.5310863456635424,1506187,4,0,0.4589319598807265,True,3.25,-60.2
52.189977787961816,54.63048127633011,11.829097585383066,31.44587603936958,77.81508651329064,0.5654520741314452,1506302,4,1,0.4589319598807265,True,4.579999999999998,-52.0
50.54015350311529,52.980656991483585,14.855211944463868,23.864976597625173,82.096337385342,0.5492703202466512,1506401,4,1,0.4589319598807265,True,4.920000000000002,-49.9
56.57478333950633,59.015286827874625,13.426530046812795,32.699771498776656,85.3308021569726,0.5398887452283059,1506559,4,1,0.4589319598807265,True,3.8599999999999994,-56.5
54.554849082075854,56.99535257044415,10.71017217814571,36.00380083305565,77.98690430783265,0.56506751003404,1506708,4,1,0.4589319598807265,True,4.25,-54.5
43.3807379101693,45.821241398537595,15.23004284347749,15.970905942319714,75.67157685475547,0.5568772715338741,1507961,4,0,0.4589319598807265,True,6.0,-42.0
70.35599841441942,72.79650190278771,11.41593030435205,50.42168965623831,95.1713141493371,0.47881508819759494,1507979,4,1,0.4589319598807265,True,1.4899999999999949,-70.7
48.07663067907754,50.51713416744583,10.064829173983135,30.790431475890863,70.2438368590008,0.6062426030815552,1508001,4,1,0.4589319598807265,True,5.229999999999997,-48.0
58.782654229879086,61.22315771824738,10.763564949771093,40.12695807143835,82.31935736505639,0.5402145266679028,1508084,4,1,0.4589319598807265,True,3.510000000000005,-58.8
30.38681922187004,32.827322710238334,11.018693645702916,11.231080007980268,54.423565412496394,0.6431504386446282,1508209,4,0,0.4589319598807265,True,7.069999999999997,-29.8
50.01573512767527,52.456238616043564,10.5682471104002,31.74285489993967,73.16962233214745,0.5884915389632919,1508407,4,1,0.4589319598807265,True,4.920000000000002,-49.9
72.64055176689797,75.08105525526626,12.871604918536208,49.853173191706674,100.0,0.4804489179110536,1600238,4,0,0.4589319598807265,True,1.0499999999999972,-73.4
51.18503454540775,53.625538033776046,15.605848700537981,23.038636632540392,84.21243943501169,0.5437398841842677,1600253,4,1,0.4589319598807265,True,4.840000000000003,-50.5
38.30752266884893,40.748026157217225,15.332424148506725,10.697027030451832,70.79902528398262,0.5596719844880597,1600550,4,1,0.4589319598807265,True,6.649999999999999,-36.4
41.88476671122766,44.325270199595955,9.874335293816435,24.971928652443008,63.6786117467489,0.6383007727326742,1600600,4,0,0.4589319598807265,True,6.020000000000003,-41.8
28.926399085918714,31.36690257428701,16.77719973051767,0.0,64.24960980753674,0.5250249967125581,1700301,4,0,0.4589319598807265,True,7.220000000000002,-25.2
19.83150780545696,22.272011293825255,15.605848700537981,0.0,52.8589126950609,0.5096618220785155,1700400,4,0,0.4589319598807265,True,6.749999999999998,-15.9
45.77487314627787,48.21537663464616,15.722856074358024,17.39914499479761,79.03160827449472,0.5504749467283807,1702000,4,1,0.4589319598807265,True,5.710000000000001,-44.5
37.13162587281725,39.572129361185546,17.125510212048678,6.006746128697223,73.13751259367386,0.5357769217690481,1702406,4,0,0.4589319598807265,True,6.810000000000002,-34.3
18.560969928879363,21.00147341724766,13.380814381569921,0.0,47.2273876889403,0.5567094190130509,1703842,4,0,0.4589319598807265,True,6.710000000000001,-16.2
61.899980582263204,64.3404840706315,16.460858492478454,32.07779427076344,96.60317387049956,0.5225156073833751,1707652,4,1,0.4589319598807265,True,2.8699999999999974,-62.4
16.43771883513357,18.878222323501866,15.783133252637146,0.0,49.81259506186719,0.47882263380387885,1707702,4,1,0.4589319598807265,True,6.039999999999999,-12.0
64.56601043089383,67.00651391926212,33.28785479073086,1.7635174068305162,100.0,0.5471508674877315,1712157,4,1,0.4589319598807265,True,1.75,-69.2
42.21680825241556,44.657311740783854,19.427296987827628,6.5805093276782145,82.73411415388948,0.5191455298195568,1715101,4,1,0.4589319598807265,True,6.390000000000001,-39.2
67.9385854081448,70.3790888965131,25.32330589113684,20.7463213803939,100.0,0.5409027163143656,1715150,4,1,0.4589319598807265,True,1.2800000000000011,-71.7
30.425688972405354,32.86619246077365,23.04197405133022,0.0,78.02763173408735,0.44209663838737356,1715259,4,0,0.4589319598807265,True,7.210000000000001,-22.3
29.415940418895882,31.85644390726418,23.369884459291743,0.0,77.66057577033831,0.43194040099773723,1718451,4,0,0.4589319598807265,True,7.150000000000002,-20.7
26.63673999473836,29.077243483106656,18.552843072076477,0.0,65.4401477152,0.4867298449626808,1718550,4,0,0.4589319598807265,True,7.16,-21.3
47.90338468225874,50.34388817062703,20.50842059029083,10.148122433857324,90.53965390739674,0.5178148400703676,1718840,4,0,0.4589319598807265,True,5.559999999999995,-45.7
77.46359372630062,79.90409721466891,23.04197405133022,34.74265794135518,100.0,0.5016604291511586,1720150,4,1,0.4589319598807265,True,-3.299999999999997,-83.3
28.892799516033357,31.333303004401653,13.672598716324229,4.535501945337582,58.13110406346571,0.5824653643365396,1720200,4,0,0.4589319598807265,True,7.18,-27.0
72.8226570496523,75.2631605380206,23.716186405741205,28.780289332129392,100.0,0.5451002240913025,1720853,4,1,0.4589319598807265,True,0.3500000000000085,-77.6
35.240565623071575,37.68106911143987,12.04088923198221,14.08135987491858,61.280778347961146,0.6155864438766724,1721208,4,1,0.4589319598807265,True,6.82,-34.4
24.636782909029364,27.07728639739766,14.415340485845839,0.0,55.33083457453763,0.5579865656322159,1722107,4,0,0.4589319598807265,True,7.18,-22.0
39.71926907538812,42.15977256375641,9.969519131599355,22.619874122638635,61.69967100487418,0.6462315979380467,2100055,4,0,0.4589319598807265,False,6.299999999999997,-39.6
66.80506082021041,69.24556430857871,13.088730055272762,43.59212479687714,94.89900382028027,0.5031831484513202,2100154,4,1,0.4589319598807265,True,2.049999999999997,-67.3
69.71124816990155,72.15175165826984,12.271900764339726,48.099268138314415,96.20423517822528,0.48791672312158213,2100436,4,1,0.4589319598807265,True,1.5799999999999983,-70.2
56.24085852726603,58.68136201563432,11.336935908567733,36.46137593980268,80.90134809146595,0.552234433536219,2100907,4,1,0.4589319598807265,True,3.969999999999999,-56.2
39.92814273337662,42.36864622174491,10.012200559730314,22.745093718681723,61.99219872480809,0.6460501148530335,2101400,4,1,0.4589319598807265,True,6.32,-39.8
52.09215653096263,54.532660019330926,12.871604918536208,29.304777955771335,79.76054208289051,0.5601263642232742,2101772,4,0,0.4589319598807265,True,4.68,-51.8
64.38957288680272,66.83007637517102,12.634831010489199,42.06626264386236,91.59389010647966,0.5123098070198013,2102556,4,1,0.4589319598807265,True,2.519999999999996,-64.7
37.86494649481409,40.305449983182385,15.844642839975991,9.250520668928996,71.36037929743577,0.551835286573473,2102754,4,0,0.4589319598807265,False,6.669999999999995,-35.7
65.74499551965579,68.18549900802408,14.566416983817057,39.63584633595008,96.73515168009807,0.5124457679368118,2103257,4,0,0.4589319598807265,True,2.239999999999995,-66.4
60.45341218201404,62.893915670382334,10.756341481092596,41.81187376202662,83.97595757873805,0.5317178490615869,2103406,4,0,0.4589319598807265,True,3.25,-60.5
68.71554496418389,71.15604845255218,13.521327781067862,44.65473297849829,97.65736392660608,0.4980512701179938,2103901,4,0,0.4589319598807265,True,1.6899999999999977,-69.4
79.79911197137231,82.2396154597406,11.410455541666208,59.87553355087936,100.0,0.4221964934420377,2104552,4,1,0.4589319598807265,True,-0.4000000000000057,-80.4
53.19506519299059,55.63556868135888,13.595541121867281,28.988797732165725,82.28233963055203,0.5510478085540756,2104602,4,1,0.4589319598807265,True,4.480000000000004,-52.9
75.74602945456321,78.1865329429315,11.27823250892473,56.08160341617021,100.0,0.45107776026317226,2104677,4,1,0.4589319598807265,True,0.5999999999999943,-76.2
87.26521926164433,89.70572275001263,13.49719444057683,63.25170775414779,100.0,0.2360421590377756,2104909,4,0,0.4589319598807265,True,-9.099999999999994,-89.1
61.49153692790241,63.9320404162707,11.544759759128944,41.30472707821066,86.55935375433074,0.5241041013962692,2105005,4,1,0.4589319598807265,True,3.029999999999994,-61.6
66.23540076867907,68.67590425704736,12.403938241169746,44.364632037895554,92.98717647619917,0.5023830938438713,2105104,4,0,0.4589319598807265,True,2.1500000000000057,-66.6
35.68384672556195,38.12435021393024,11.642912493615857,15.304661051291728,60.94403937656875,0.6238843100311534,2105500,4,0,0.4589319598807265,True,6.799999999999997,-35.0
91.54951426299748,93.99001775136577,10.873940530413885,72.67748594172417,100.0,0.0991231919845244,2105708,4,1,0.4589319598807265,True,-12.200000000000003,-92.2
94.02630194663321,96.4668054350015,18.296924648867485,60.605492095378054,100.0,0.18406633146077878,2105807,4,0,0.4589319598807265,True,-20.0,-100.0
80.21078114502224,82.65128463339053,13.725634275006362,55.74953578940952,100.0,0.4234156590687523,2105963,4,0,0.4589319598807265,True,-1.7000000000000028,-81.7
78.24343112079717,80.68393460916546,21.38631336781155,38.7675306461673,100.0,0.48724399447711064,2106359,4,1,0.4589319598807265,True,-3.299999999999997,-83.3
63.74193351638697,66.18243700475527,12.41657022782383,41.846406546708266,90.51846746280228,0.5134136993059373,2106508,4,1,0.4589319598807265,True,2.5999999999999943,-64.0
63.08681868958982,65.52732217795811,17.03516196851804,32.139018248856296,98.91562610705992,0.5218312458208217,2106631,4,1,0.4589319598807265,True,2.6599999999999966,-63.8
70.38172457784941,72.8222280662177,14.07522651799973,45.235291016695115,100.0,0.4959688163169998,2107001,4,1,0.4589319598807265,True,1.3800000000000097,-71.3
53.41029733280885,55.850800821177145,13.95229923891265,28.50479681138274,83.19680483097154,0.548182043050408,2107209,4,1,0.4589319598807265,True,4.439999999999998,-53.1
78.8289436988431,81.2694471872114,15.131322750850977,51.61259955709194,100.0,0.4665698296670964,2107456,4,1,0.4589319598807265,False,-0.7999999999999972,-80.8
73.55642365522908,75.99692714359738,12.260491772193541,51.96680483734837,100.0,0.4695431163391801,2108009,4,1,0.4589319598807265,True,0.8599999999999994,-74.2
64.39388673832798,66.83439022669627,14.273245665407064,38.85934278000598,94.80943767338655,0.5141290175661711,2108058,4,0,0.4589319598807265,True,2.4399999999999977,-64.9
75.66861786612431,78.1091213544926,11.921623420044268,54.7431688139566,100.0,0.4569450807576681,2108108,4,0,0.4589319598807265,True,0.519999999999996,-76.3
41.298246035325526,43.73874952369382,11.201142325964097,21.784913979096974,65.69258506829067,0.6179423307736585,2108504,4,0,0.4589319598807265,True,6.200000000000003,-40.9
58.09151534852982,60.53201883689811,11.532342959915875,37.92904197809895,83.13499569569727,0.5410236705018727,2109007,4,0,0.4589319598807265,True,3.6199999999999974,-58.1
72.2153387840391,74.6558422724074,15.90742446259191,43.477863238935825,100.0,0.5031137198983924,2109056,4,1,0.4589319598807265,False,0.980000000000004,-73.8
39.72404739965239,42.164550888020685,17.940805715640114,7.001217831735701,77.32788394430565,0.5292249099668489,2109205,4,0,0.4589319598807265,True,6.579999999999998,-36.9
62.64208886816495,65.08259235653324,11.75089134268516,42.0512685386268,88.11391617443968,0.5185777475934813,2109270,4,1,0.4589319598807265,False,2.8299999999999983,-62.8
47.3940445894292,49.83454807779749,13.208268847331498,23.946816838905377,75.7222793166896,0.5713631939799324,2110401,4,1,0.4589319598807265,True,5.410000000000004,-46.8
92.59895554628872,95.03945903465701,11.870265729083322,71.77416571873361,100.0,0.1025801699241376,2110500,4,1,0.4589319598807265,True,-13.799999999999997,-93.8
42.2060496569836,44.646553145351895,11.326887548064654,22.446261494209967,66.84684479649383,0.6123566138663084,2110708,4,0,0.4589319598807265,True,6.080000000000005,-41.8
45.990943399363935,48.43144688773223,19.116136863166407,10.96450711238758,85.89838666307688,0.5241635133634419,2110807,4,1,0.4589319598807265,True,5.790000000000006,-43.8
26.100514787903307,28.541018276271604,13.013278817366396,3.0354604734554727,54.04657607908773,0.5929213156266102,2111078,4,0,0.4589319598807265,True,7.200000000000003,-24.4
73.85335274458788,76.29385623295617,13.314232614666746,50.19843982642079,100.0,0.47921897930494073,2111409,4,1,0.4589319598807265,True,0.7999999999999972,-74.8
41.99568915264163,44.436192641009924,15.783133252637146,13.501819902644591,75.37056537937525,0.552268141201106,2111573,4,0,0.4589319598807265,True,6.210000000000001,-40.3
49.81599889739205,52.25650238576034,19.76115727879312,13.525345826494274,90.9876589450264,0.5238784161641631,2111672,4,1,0.4589319598807265,True,5.239999999999995,-48.2
41.494552844624344,43.93505633299264,13.426530046812795,17.619541003894668,70.25057166209061,0.5815777378238765,2112407,4,0,0.4589319598807265,True,6.200000000000003,-40.5
58.29158118727995,60.732084675648245,10.728236550684258,39.705127418680874,81.75904193261562,0.5426052887750582,2112803,4,1,0.4589319598807265,True,3.5800000000000054,-58.3
51.15774917730752,53.598252665675815,11.175485531742451,31.694703513712152,75.50180181763947,0.5787925303435277,2113009,4,0,0.4589319598807265,True,4.82,-51.0
34.91576651272834,37.35627000109663,15.493335549256846,6.989890324159109,67.72264967803414,0.5562987964588859,2200103,4,0,0.4589319598807265,True,6.949999999999996,-32.6
47.057451368889005,49.4979548572573,21.38631336781155,7.581550894259138,91.41435882025544,0.5125343297345675,2200251,4,0,0.4589319598807265,True,5.770000000000003,-44.4
90.07345390553377,92.51395739390206,18.552843072076477,56.151053161808704,100.0,0.24999563396322005,2200806,4,1,0.4589319598807265,True,-15.599999999999994,-95.6
48.89588570891829,51.336389197286586,11.789329754862296,28.22972747589006,74.44305091868311,0.581107840947719,2201150,4,0,0.4589319598807265,False,5.149999999999999,-48.6
60.68567321883185,63.126176707200145,17.410902606641997,29.001434659847277,97.250918754553,0.5252753676320033,2201176,4,0,0.4589319598807265,True,3.1300000000000026,-61.1
55.72965286248424,58.17015635085253,10.529505484115628,37.53270482696891,78.80760787473615,0.5585091882827422,2201200,4,0,0.4589319598807265,True,4.019999999999996,-55.7
97.48634403074745,99.92684751911574,12.249176490448479,75.91890275756198,100.0,0.05189076901399988,2201903,4,0,0.4589319598807265,True,-19.099999999999994,-99.1
92.86891402626719,95.30941751463548,15.605848700537981,64.72251611339983,100.0,0.1632951077604876,2201945,4,1,0.4589319598807265,True,-16.5,-96.5
48.091669964909336,50.53217345327763,13.982393172754353,23.127186417000352,77.9371604895549,0.5630141556601631,2202083,4,0,0.4589319598807265,True,5.350000000000001,-47.4
91.98857487289845,94.42907836126675,20.928855359198476,53.40927561958963,100.0,0.24527488789312574,2202091,4,0,0.4589319598807265,True,-20.0,-100.0
15.222691686418493,17.66319517478679,11.948143608158933,0.0,41.08112632889075,0.579494557149971,2202307,4,0,0.4589319598807265,True,6.359999999999999,-13.7
74.3408022029146,76.7813056912829,12.563176475268751,52.15793226833527,100.0,0.47013688570331835,2202604,4,0,0.4589319598807265,True,0.7400000000000091,-75.1
78.02083190545834,80.46133539382663,16.03697124246701,49.02944933748672,100.0,0.4885252140098379,2202729,4,0,0.4589319598807265,True,-0.29999999999999716,-80.3
59.700947306745164,62.14145079511346,15.663773348726975,31.44101916961022,92.84188242061668,0.5274479913577255,2202778,4,1,0.4589319598807265,True,3.3200000000000003,-59.9
48.657066730404374,51.09757021877267,17.61414380645152,16.574482739618425,85.6206576979269,0.5342129368677893,2202802,4,0,0.4589319598807265,True,5.310000000000002,-47.3
51.517284485195106,53.9577879735634,17.511152080302203,19.63656056836743,88.27901537875937,0.5344087191736135,2203107,4,0,0.4589319598807265,True,4.869999999999997,-50.6
88.69070059976914,91.13120408813744,17.511152080302203,56.80997668294147,100.0,0.2624978137072024,2203230,4,0,0.4589319598807265,True,-13.200000000000003,-93.2
20.579089345558565,23.01959283392686,16.38623907861482,0.0,55.13603127007471,0.49611458601026875,2203271,4,0,0.4589319598807265,True,6.759999999999998,-16.1
50.88010512202031,53.320608610388604,16.03697124246701,21.88872255404869,84.75249466672851,0.5419483940692104,2203503,4,1,0.4589319598807265,True,4.909999999999997,-50.1
41.07944582057505,43.519949308943346,21.886277777889127,0.6236331086413216,86.41626550924536,0.49544403206472665,2203750,4,0,0.4589319598807265,True,6.57,-36.7
75.38960433809099,77.83010782645928,17.61414380645152,43.30702034730504,100.0,0.5099620707309956,2204006,4,0,0.4589319598807265,True,0.269999999999996,-78.0
40.9357304398348,43.37623392820309,13.449800914413416,17.015108536718905,69.73735931968727,0.5822754283240934,2204659,4,1,0.4589319598807265,True,6.270000000000003,-39.9
55.51818134195613,57.95868483032442,12.905930217357765,32.66352641731601,83.25384324333284,0.5466105388973101,2204709,4,0,0.4589319598807265,True,4.07,-55.4
32.28039252380541,34.720896012173704,20.928855359198476,0.0,75.74069875385081,0.47731158708659344,2205300,4,0,0.4589319598807265,True,7.23,-26.3
52.345599467197516,54.78610295556581,20.714313797805378,14.186793947406152,95.38541196372546,0.5199038237573578,2205359,4,0,0.4589319598807265,False,4.719999999999999,-51.1
66.7934174851362,69.2339209735045,20.120458503310022,29.79854695458416,100.0,0.5252847517689572,2205516,4,0,0.4589319598807265,True,1.8100000000000023,-68.7
77.0122086547732,79.4527121431415,21.63059660025118,37.05752184253463,100.0,0.5100927855376175,2205540,4,0,0.4589319598807265,True,-1.9000000000000057,-81.9
24.59862251259637,27.039126000964668,14.811890119585126,0.0,56.06989717831619,0.5475831945499813,2205557,4,0,0.4589319598807265,False,7.109999999999999,-21.7
62.00354727431806,64.44405076268636,11.12243136718046,42.64448586249406,86.24361566287865,0.5210072630643034,2205706,4,1,0.4589319598807265,True,2.9299999999999997,-62.1
61.73507340582598,64.17557689419428,15.08327292827792,34.61290518578156,93.738248602607,0.5220586699242553,2205854,4,1,0.4589319598807265,True,2.9100000000000037,-62.1
26.167455763224382,28.60795925159268,16.61532587822525,0.0,61.173399564310515,0.5182905667807083,2206001,4,0,0.4589319598807265,False,7.170000000000002,-22.2
49.70351878957554,52.14402227794383,23.04197405133022,6.982583004630108,97.30546155125754,0.5087596524780376,2206308,4,0,0.4589319598807265,True,5.350000000000001,-47.3
65.93431547826357,68.37481896663186,16.31328173007474,36.40137430603011,100.0,0.5165068797000624,2206696,4,1,0.4589319598807265,True,2.1499999999999915,-66.9
47.99184574656955,50.432349234937845,15.971519511223695,19.12874621456063,81.73595225531506,0.5467928155066601,2206704,4,1,0.4589319598807265,True,5.410000000000004,-46.9
87.84090763521473,90.28141112358303,26.294925710255644,38.74430375532565,100.0,0.3478972802738538,2207553,4,1,0.4589319598807265,True,-20.0,-100.0
90.08636625181391,92.5268697401822,23.369884459291743,46.72273787710807,100.0,0.2959702307755565,2207793,4,1,0.4589319598807265,True,-20.0,-100.0
64.5360319850037,66.976535473372,21.886277777889127,24.08021927306997,100.0,0.5284745548518284,2207850,4,0,0.4589319598807265,True,2.240000000000009,-66.3
43.05306088398941,45.4935643723577,24.883777258312367,0.0,94.26487159796679,0.480551574465043,2207934,4,0,0.4589319598807265,True,6.480000000000004,-37.8
49.32425947081736,51.76476295918565,17.940805715640114,16.60142990290067,86.92809601547063,0.5332105167041418,2207959,4,1,0.4589319598807265,True,5.259999999999998,-48.0
36.11813805952314,38.55864154789143,12.070097095310244,14.901685951181829,62.215597144601034,0.6125390686501185,2208205,4,0,0.4589319598807265,True,6.710000000000001,-35.3
41.18776885017065,43.62827233853894,13.672598716324229,16.83047127947487,70.426073397603,0.5797518018516926,2208502,4,1,0.4589319598807265,True,6.280000000000001,-40.1
70.30747125863051,72.7479747469988,22.730937140149162,28.19615661746254,100.0,0.5361402695819316,2208551,4,1,0.4589319598807265,True,0.9099999999999966,-73.9
93.44111382581261,95.8816173141809,17.218185310889055,62.134594225701754,100.0,0.1781665990258775,2208858,4,0,0.4589319598807265,True,-18.400000000000006,-98.4
60.58048211359822,63.020985601966515,17.719997401277084,28.29042888932007,97.75154231461295,0.5256257534988726,2209377,4,1,0.4589319598807265,True,3.1599999999999966,-61.0
50.297286354745,52.73778984311329,16.947050380993304,19.522181452180604,85.95339823404598,0.5367232138643597,2209906,4,0,0.4589319598807265,False,5.0,-49.3
54.235062074359824,56.67556556272812,18.825327706680664,19.778601260469998,93.57252986498622,0.5282553820842479,2209955,4,0,0.4589319598807265,True,4.409999999999997,-53.6
89.23430847581041,91.6748119641787,24.471052617892404,43.712430169324975,100.0,0.3166502183284222,2210359,4,1,0.4589319598807265,True,-20.0,-100.0
87.00054400696168,89.44104749532997,13.271118185943745,63.430133816305684,100.0,0.23841880593311188,2210805,4,1,0.4589319598807265,True,-8.700000000000003,-88.7
52.26014135829109,54.70064484665938,13.646586569628592,27.95382665827933,81.44746303503942,0.5547676163446505,2211308,4,1,0.4589319598807265,True,4.68,-51.9
87.16333935107713,89.60384283944542,20.50842059029083,49.40807710267571,100.0,0.31978940143850376,2211407,4,1,0.4589319598807265,True,-13.700000000000003,-93.7
77.2549546339068,79.6954581222751,12.41657022782383,55.35942766422809,100.0,0.4587721097875845,2300150,4,0,0.4589319598807265,True,0.3100000000000023,-78.1
72.05236235437496,74.49286584274326,15.844642839975991,43.43793652848987,100.0,0.503200996507318,2301505,4,0,0.4589319598807265,True,1.0200000000000102,-73.6
85.06829172380165,87.50879521216994,10.376494117039005,67.17124045698174,100.0,0.2346448976168305,2301901,4,0,0.4589319598807265,True,-5.400000000000006,-85.4
87.98788861807755,90.42839210644584,11.383539736853347,68.11706420563272,100.0,0.179808805201369,2301950,4,0,0.4589319598807265,True,-8.799999999999997,-88.8
67.36965774495886,69.81016123332715,12.50818205638094,45.294574890750354,94.32574757590395,0.4996759125242116,2302008,4,1,0.4589319598807265,True,2.0,-67.8
95.15421886582472,97.59472235419301,11.797174769789805,74.47268468608038,100.0,0.0679236290030945,2302057,4,0,0.4589319598807265,True,-16.400000000000006,-96.4
94.08204901545649,96.52255250382478,10.330161510327091,76.27580798910179,100.0,0.054860586415902725,2302602,4,0,0.4589319598807265,True,-14.5,-94.5
76.75198272004481,79.1924862084131,12.49474220885633,54.703241482942246,100.0,0.46166522873126903,2302909,4,0,0.4589319598807265,True,0.39000000000000057,-77.6
86.04020922363026,88.48071271199855,11.837216832203394,65.28019404368858,100.0,0.23685836331351834,2303402,4,0,0.4589319598807265,True,-7.0,-87.0
77.12660948306792,79.56711297143622,15.783133252637146,48.632740233070884,100.0,0.4945123182487582,2303600,4,0,0.4589319598807265,True,0.14999999999999147,-79.2
97.13630036384819,99.57680385221649,11.55732795836745,76.92485729629844,100.0,0.045143409538166916,2303956,4,0,0.4589319598807265,True,-18.299999999999997,-98.3
96.6939802799506,99.13448376831889,10.252111756847532,79.04071395941806,100.0,0.030993104400148692,2304103,4,0,0.4589319598807265,True,-17.099999999999994,-97.1
97.17685026781928,99.61735375618757,11.813026496810291,76.46424727402203,100.0,0.04839144401602939,2304236,4,0,0.4589319598807265,True,-18.5,-98.5
94.30703313131426,96.74753661968255,16.38623907861482,64.6310981835347,100.0,0.15337889292010715,2304269,4,0,0.4589319598807265,True,-18.700000000000003,-98.7
81.32478553947765,83.76528902784594,14.205313509173251,55.92338616076607,100.0,0.3954808441752242,2304905,4,0,0.4589319598807265,True,-3.0999999999999943,-83.1
72.17951796160933,74.62002144997763,11.97524973294878,51.14896326752511,98.09107963243014,0.47503018555218385,2304954,4,0,0.4589319598807265,True,1.1700000000000017,-72.7
93.07349774466486,95.51400123303316,10.165974552321869,75.58905724273158,100.0,0.06349606374793397,2305233,4,0,0.4589319598807265,True,-13.400000000000006,-93.4
92.00852083587654,94.44902432424483,10.73746744294116,73.40397485090877,100.0,0.08920543664535563,2306553,4,0,0.4589319598807265,True,-12.599999999999994,-92.6
98.20544907132209,100.0,11.870265729083322,77.38065924376698,100.0,0.04099100827867839,2306603,4,0,0.4589319598807265,True,-19.599999999999994,-99.6
77.43740998056592,79.87791346893421,11.16294115701935,57.99895083963639,100.0,0.4399062628596313,2307106,4,1,0.4589319598807265,True,0.28999999999999204,-77.9
85.76389233676271,88.204395825131,11.80507349747467,65.06687693523236,100.0,0.24353110819824714,2307403,4,0,0.4589319598807265,True,-6.700000000000003,-86.7
95.37774700155623,97.81825048992452,15.131322750850977,68.16140285980507,100.0,0.11948326339682047,2308807,4,0,0.4589319598807265,True,-18.900000000000006,-98.9
88.58621065995642,91.02671414832471,11.56366970801647,68.36233799149562,100.0,0.17015186428792867,2309458,4,0,0.4589319598807265,True,-9.5,-89.5
89.65059504061287,92.09109852898116,12.1618920890426,68.25422805059506,100.0,0.1600678486834431,2309508,4,0,0.4589319598807265,True,-10.900000000000006,-90.9
75.83478601757854,78.27528950594683,10.159007775470892,58.36400014736151,98.18657886453215,0.43567113365760246,2309706,4,0,0.4589319598807265,True,0.6299999999999955,-76.0
69.47108383035452,71.91158731872281,14.855211944463868,42.7959069248644,100.0,0.5034485277015046,2310001,4,0,0.4589319598807265,True,1.5400000000000063,-70.5
95.8136356010911,98.25413908945939,14.769286099706136,69.30687025666731,100.0,0.10823807232571686,2310951,4,0,0.4589319598807265,True,-19.099999999999994,-99.1
92.76031718147208,95.20082066984037,19.937438938881606,56.12415840566594,100.0,0.2229029139191271,2311231,4,0,0.4589319598807265,True,-20.0,-100.0
85.1757667999874,87.6162702883557,12.050551204287737,63.99762393409595,100.0,0.26368471043777314,2311504,4,0,0.4589319598807265,True,-6.200000000000003,-86.2
76.35745340801019,78.79795689637848,19.116136863166407,41.33101712103383,100.0,0.5219444288922899,2312502,4,0,0.4589319598807265,True,0.04999999999999716,-79.8
98.55378886633555,100.0,9.742594784463988,81.89915746118666,100.0,0.015584931208378556,2312908,4,0,0.4589319598807265,True,-18.700000000000003,-98.7
88.30218463949792,90.74268812786622,10.20301992066671,70.74513654981475,100.0,0.14619502015779584,2314102,4,0,0.4589319598807265,True,-8.599999999999994,-88.6
37.85435672541046,40.294860213778755,20.714313797805378,0.0,80.8941692219384,0.49798047888295965,2400406,4,1,0.4589319598807265,True,6.890000000000001,-33.3
20.899956209525755,23.34045969789405,14.645601855371282,0.0,52.04531186633476,0.5364379085954566,2400505,4,0,0.4589319598807265,False,6.879999999999999,-17.8
22.257967713655454,24.69847120202375,14.605693054911278,0.0,53.32510355889666,0.5460996173291102,2400802,4,0,0.4589319598807265,True,7.09,-19.3
37.754126515200575,40.19463000356887,12.366692716807377,15.95635767075261,64.43290233638513,0.6041275842731015,2401008,4,0,0.4589319598807265,True,6.560000000000002,-36.9
33.178789647759494,35.61929313612779,12.679466883522617,10.767994701255134,60.47059157100044,0.6048187027960509,2401453,4,0,0.4589319598807265,True,6.990000000000002,-32.0
21.987008479074266,24.427511967442562,19.591228413509317,0.0,62.8256140708186,0.44020456331210817,2401602,4,0,0.4589319598807265,True,6.58,-14.9
33.83473812743709,36.275241615805385,15.90742446259191,5.0972625823338085,67.45322064927696,0.5489002840901988,2401859,4,1,0.4589319598807265,True,7.029999999999998,-31.2
40.84829295437545,43.288796442743745,18.422913763180244,7.180548976623186,79.3970439088643,0.5266414848575347,2401909,4,1,0.4589319598807265,True,6.520000000000003,-38.0
49.05721526939193,51.497718757760225,18.825327706680664,14.600754455502106,88.39468306001834,0.5282098663501452,2403301,4,0,0.4589319598807265,True,5.329999999999998,-47.5
37.44729934502319,39.88780283339148,20.714313797805378,0.0,80.48711184155113,0.4977312172576942,2403756,4,0,0.4589319598807265,True,6.970000000000006,-32.8
57.088151769379486,59.52865525774778,16.537199813643912,27.116339217863207,91.94097129763233,0.530158572556542,2404853,4,1,0.4589319598807265,True,3.780000000000001,-57.0
53.60497862474352,56.04548211311181,18.422913763180244,19.93723464699125,92.15372957923236,0.5297371520459131,2404903,4,1,0.4589319598807265,True,4.520000000000003,-52.9
32.74829803824965,35.188801526617944,15.131322750850977,5.531953896498486,64.8456491567374,0.5606993908393222,2405108,4,1,0.4589319598807265,True,7.100000000000001,-30.4
28.774908722886437,31.215412211254733,18.96832193115314,0.0,68.39264004347613,0.4889509285302804,2405207,4,0,0.4589319598807265,True,7.190000000000001,-23.5
32.2928653961994,34.733368884567696,14.139335520470683,7.020780499117251,62.445957270018134,0.5767348418447673,2405603,4,0,0.4589319598807265,False,7.07,-30.4
50.91603050206492,53.35653399043321,33.28785479073086,0.0,100.0,0.47943710642152415,2405900,4,1,0.4589319598807265,True,5.439999999999998,-46.2
15.230800616223153,17.67130410459145,21.63059660025118,0.0,60.0664944051983,0.32639629603844,2406908,4,0,0.4589319598807265,True,3.54,-4.4
28.648980145962287,31.089483634330584,14.645601855371282,2.3846314658898713,59.794335802771286,0.5637536266024228,2407005,4,1,0.4589319598807265,True,7.239999999999998,-26.2
28.645209692159746,31.085713180528042,12.577242515764887,6.434770824802914,55.73665553625317,0.6057600644157497,2407203,4,1,0.4589319598807265,True,7.16,-27.3
31.07520769590017,33.51571118426846,17.940805715640114,0.0,68.67904424055342,0.5129902924693766,2407302,4,1,0.4589319598807265,True,7.200000000000003,-26.9
43.152834075814795,45.59333756418309,15.722856074358024,14.777105924334535,76.40956920403164,0.5532936764607178,2407401,4,0,0.4589319598807265,True,6.100000000000001,-41.6
24.754799505649345,27.19530299401764,18.05603851234259,0.0,62.58448818167729,0.4855244719707699,2409704,4,1,0.4589319598807265,True,7.039999999999999,-19.5
52.36146836290809,54.801971851276384,10.314367807005672,34.586182426245884,75.01776127630689,0.5809708746398646,2412005,4,1,0.4589319598807265,False,4.609999999999999,-52.3
49.04433789976574,51.484841388134036,26.294925710255644,0.0,100.0,0.4932512616673898,2413805,4,0,0.4589319598807265,True,5.539999999999999,-45.5
43.86218190680849,46.30268539517678,13.8644459345322,19.12887069789089,73.47650009246266,0.5726044145531646,2414001,4,1,0.4589319598807265,True,5.940000000000005,-42.9
19.338574326940805,21.7790778153091,12.52174370338171,0.0,46.32124449757845,0.5863222198755107,2414209,4,0,0.4589319598807265,True,6.91,-17.6
30.813296133546668,33.253799621914965,25.32330589113684,0.0,82.88656713803415,0.4172051808416929,2414308,4,0,0.4589319598807265,True,7.16,-20.8
26.57012300897132,29.010626497339615,23.04197405133022,0.0,74.17206577065332,0.4159565505181009,2414704,4,0,0.4589319598807265,True,6.82,-17.3
46.9065748950625,49.34707838343079,29.469217058743062,0.0,100.0,0.47244480746765477,2414753,4,0,0.4589319598807265,True,6.109999999999999,-41.2
58.66073200523269,61.10123549360098,22.435424108175393,17.128612263695537,100.0,0.5234365131336705,2414902,4,1,0.4589319598807265,True,3.520000000000003,-58.9
32.06394123359863,34.50444472196692,11.56366970801647,11.84006856513783,57.168820878796,0.6289583653686418,2500304,4,1,0.4589319598807265,True,7.010000000000002,-31.3
39.701833397491896,42.14233688586019,12.46822131646414,17.70507215431589,66.57960161740448,0.6008944739043257,2500403,4,0,0.4589319598807265,False,6.43,-38.9
57.33542726509854,59.77593075346683,14.239029787723334,31.86794519473608,87.68391631219758,0.5359277311241656,2500502,4,1,0.4589319598807265,True,3.760000000000005,-57.3
43.11383954015548,45.554343028523775,13.8644459345322,18.380528331237883,72.72815772580967,0.5731233788486598,2500700,4,0,0.4589319598807265,False,6.009999999999998,-42.1
84.01430277404077,86.45480626240906,12.295004635930534,62.35703998623221,100.0,0.29979360750893413,2501104,4,0,0.4589319598807265,True,-5.099999999999994,-85.1
38.97216881476914,41.412672303137434,34.5391963807156,0.0,100.0,0.3950611176479053,2501153,4,0,0.4589319598807265,True,7.219999999999999,-25.0
90.41756706218695,92.85807055055524,14.239029787723334,64.9500849918245,100.0,0.1832587234793458,2501203,4,1,0.4589319598807265,True,-12.900000000000006,-92.9
67.63802670721647,70.07853019558476,12.012337131516075,46.534782047660066,93.62227834350945,0.49373897205344924,2501302,4,1,0.4589319598807265,False,1.8900000000000006,-68.0
64.18957840956287,66.63008189793116,19.269034521594225,28.863468218747485,100.0,0.5235868804459735,2502300,4,1,0.4589319598807265,True,2.3699999999999903,-65.4
38.405991978716976,40.84649546708527,11.663676378162068,17.98610983855703,63.7068810956135,0.6160921301653227,2503001,4,1,0.4589319598807265,True,6.490000000000002,-37.8
66.37934669361161,68.8198501819799,14.645601855371282,40.11499801353919,97.52470235042061,0.5092647571973519,2504801,4,1,0.4589319598807265,True,2.0600000000000023,-67.1
68.85040516305999,71.29090865142828,30.283872835898347,11.935608580676636,100.0,0.5586602399440164,2504850,4,0,0.4589319598807265,True,0.7600000000000051,-75.0
70.58859820665447,73.02910169502276,15.18023793095687,43.276382073598455,100.0,0.5021260273819195,2505006,4,0,0.4589319598807265,True,1.3100000000000023,-71.8
51.026098712303686,53.46660220067198,12.694631384507764,28.585581890024912,78.34762251131903,0.5633192070869979,2505105,4,0,0.4589319598807265,True,4.789999999999999,-50.7
56.074678398860506,58.5151818872288,15.493335549256846,28.148802210291276,88.88156156416632,0.535097689058458,2505402,4,1,0.4589319598807265,True,3.980000000000004,-55.9
27.192771746239448,29.633275234607744,13.473353954433874,3.225986732957029,56.04056373625845,0.5856935723195524,2506905,4,0,0.4589319598807265,True,7.2499999999999964,-25.3
26.14717157299673,28.587675061365026,14.944085145120352,0.0,57.87754372770094,0.5517060359474796,2507200,4,0,0.4589319598807265,True,7.23,-23.3
46.71791464039596,49.158418128764254,9.590984373751164,30.360434179925523,67.95640207760297,0.6216551664063749,2507507,4,0,0.4589319598807265,True,5.43,-46.7
50.89216715757142,53.332670645939714,13.982393172754353,25.927683609662438,80.73765768221699,0.5553816434900756,2507903,4,1,0.4589319598807265,True,4.880000000000003,-50.4
30.520961139526403,32.9614646278947,19.76115727879312,0.0,71.69262118716075,0.48503467217858726,2508109,4,0,0.4589319598807265,True,7.219999999999999,-25.0
66.18878203569567,68.62928552406396,12.031300113599059,45.048370614217134,92.21020043391077,0.503007945663372,2508307,4,1,0.4589319598807265,True,2.219999999999999,-66.5
45.60938328978864,48.04988677815693,17.61414380645152,13.52679929900269,82.57297425731116,0.5355144150301019,2508505,4,0,0.4589319598807265,True,5.82,-43.8
88.85200302215068,91.29250651051898,14.04384763682824,63.767070937967674,100.0,0.21067272455182767,2509008,4,1,0.4589319598807265,False,-11.099999999999994,-91.1
84.44444635805928,86.88494984642757,13.06956141001482,61.26908018906399,100.0,0.29916876835689743,2509305,4,1,0.4589319598807265,False,-5.900000000000006,-85.9
56.51590018710938,58.956403675477674,18.422913763180244,22.848156209357114,95.06465114159823,0.5271252916185315,2509800,4,1,0.4589319598807265,True,3.9100000000000037,-56.3
58.69643501571266,61.13693850408095,16.172127767279083,29.440150526833786,92.83372648132811,0.5286662798808757,2509909,4,1,0.4589319598807265,True,3.5,-58.8
59.130844711534074,61.57134819990237,19.76115727879312,22.8401916406363,100.0,0.5255942192317755,2510303,4,0,0.4589319598807265,True,3.440000000000005,-59.4
54.83838106735435,57.27888455572264,18.96832193115314,20.10165672350123,94.45611238794405,0.5262944282809112,2510501,4,1,0.4589319598807265,True,4.230000000000004,-54.3
52.725956874112136,55.16646036248043,12.481422504301333,30.703321778222083,79.62959894673877,0.5602916289693531,2511400,4,1,0.4589319598807265,True,4.560000000000002,-52.5
75.23160026734936,77.67210375571766,12.455137048653368,53.26048371784655,100.0,0.46474525343106327,2511905,4,1,0.4589319598807265,False,0.5699999999999932,-76.0
49.11194581691925,51.552449305287546,19.116136863166407,14.085509529942897,89.01938908063218,0.5253923813868572,2512200,4,0,0.4589319598807265,True,5.270000000000003,-47.5
58.75027115569106,61.19077464405935,12.940968885806482,35.82694170282521,86.5546075852935,0.533538873618455,2512705,4,1,0.4589319598807265,True,3.480000000000004,-58.8
49.25589232237998,51.69639581074827,20.31063410054623,11.888284470506576,91.50450715098995,0.5202933349084264,2512721,4,1,0.4589319598807265,True,5.329999999999998,-47.4
76.98272648593583,79.42322997430412,12.366692716807377,55.18495764148786,100.0,0.4593196956520745,2512903,4,1,0.4589319598807265,True,0.35999999999999943,-77.8
44.188100793560444,46.62860428192874,22.435424108175393,2.655981052023293,90.60122751183417,0.5003804543753311,2513802,4,1,0.4589319598807265,True,6.25,-40.4
74.86045634536137,77.30095983372966,28.72568960087706,20.999642784933855,100.0,0.53742917989318,2513968,4,1,0.4589319598807265,True,-3.299999999999997,-83.3
34.533194679299086,36.97369816766738,20.120458503310022,0.0,76.40907218658771,0.49457336403168145,2514008,4,0,0.4589319598807265,True,7.100000000000001,-29.6
56.57899622322518,59.019499711593475,20.714313797805378,18.420190703433818,99.61880871975313,0.5233000730986264,2514404,4,1,0.4589319598807265,True,3.9299999999999997,-56.3
56.040004161140025,58.48050764950832,14.415340485845839,30.226959472368343,86.73405582664829,0.5386699756698047,2515401,4,1,0.4589319598807265,True,3.980000000000004,-55.9
78.99652198237311,81.4370254707414,20.31063410054623,41.62891413049971,100.0,0.4717974205515089,2515906,4,1,0.4589319598807265,True,-3.5999999999999943,-83.6
25.961209045882402,28.4017125342507,20.928855359198476,0.0,69.42151527592782,0.44354349252683234,2516151,4,0,0.4589319598807265,True,6.93,-18.5
73.91984752060293,76.36035100897122,14.72738167400488,47.49521334134644,100.0,0.48996881396340036,2516607,4,1,0.4589319598807265,True,0.6899999999999977,-75.3
61.166541579880736,63.60704506824903,23.369884459291743,17.80291320517489,100.0,0.5254685885150744,2516755,4,1,0.4589319598807265,True,2.8999999999999915,-62.2
53.52355655511211,55.9640600434804,24.883777258312367,7.192752817871302,100.0,0.5106752239800423,2517100,4,0,0.4589319598807265,True,4.630000000000003,-52.0
84.26809264359404,86.70859613196234,21.886277777889127,43.81227993166031,100.0,0.3796041290713788,2517407,4,1,0.4589319598807265,True,-11.200000000000003,-91.2
56.907449479478274,59.34795296784657,10.098564256969475,39.5551307286229,79.14077520707022,0.5544276094727288,2601102,4,1,0.4589319598807265,True,3.8299999999999983,-56.9
70.1241567362494,72.5646602246177,14.811890119585126,43.53388904726617,100.0,0.5014905136783238,2601508,4,0,0.4589319598807265,True,1.4200000000000017,-71.2
56.723742371428834,59.16424585979713,11.06150972488094,37.48408518439092,80.84440653520333,0.5509212529192883,2602308,4,0,0.4589319598807265,True,3.8799999999999955,-56.7
55.80882845470913,58.24933194307742,13.06956141001482,32.63346228571384,83.865201600441,0.5454034861094538,2603504,4,0,0.4589319598807265,True,4.039999999999999,-55.7
65.1903311469403,67.63083463530859,10.566503986717443,46.9208673788435,88.34080189177368,0.5018562498966178,2604007,4,1,0.4589319598807265,True,2.3800000000000097,-65.3
64.50954848129459,66.95005196966288,13.271118185943745,40.939138290638596,92.96096564868716,0.5132228291367967,2605152,4,0,0.4589319598807265,True,2.489999999999995,-64.9
73.4403340194173,75.8808375077856,13.088730055272762,50.22739799608403,100.0,0.4774314490411993,2605608,4,1,0.4589319598807265,True,0.8400000000000034,-74.3
62.56286839145685,65.00337187982515,10.058710804057295,45.28866097296892,84.71808278668138,0.5185004759245818,2606804,4,0,0.4589319598807265,True,2.8699999999999974,-62.6
57.30090901753863,59.74141250590692,9.606601691537069,40.9128191766727,78.57000583514113,0.5533523340979568,2607901,4,1,0.4589319598807265,True,3.730000000000004,-57.3
52.18265194011708,54.623155428485376,12.821406834851544,29.493659801040653,79.75265105593009,0.5594218068593005,2608008,4,1,0.4589319598807265,True,4.640000000000001,-51.9
44.763407092836815,47.20391058120511,12.854702896830654,22.00915587145432,72.39866529095589,0.5809366237530782,2608255,4,0,0.4589319598807265,True,5.729999999999997,-44.1
71.21142012208152,73.65192361044981,15.605848700537981,43.06502220921416,100.0,0.5032740618163487,2608602,4,0,0.4589319598807265,True,1.1800000000000068,-72.6
69.72063616353539,72.16113965190368,15.385054218897446,42.00698748266866,100.0,0.50541568869994,2608701,4,0,0.4589319598807265,True,1.4699999999999989,-70.9
71.8856595665723,74.3261630549406,11.080058309835907,52.609647821058466,96.04267828882271,0.46848621698064885,2608909,4,1,0.4589319598807265,True,1.25,-72.2
36.42838019374047,38.868883682108766,12.41657022782383,14.53285322406176,63.204914140155765,0.6048279402865979,2609303,4,0,0.4589319598807265,True,6.670000000000002,-35.5
36.49506090468809,38.93556439305638,10.496440691546413,18.36291867176471,59.508210114348046,0.6443354646087838,2609907,4,1,0.4589319598807265,True,6.619999999999997,-36.2
49.10743961078919,51.547943099157486,12.620231457405088,26.81274396608407,76.2831422322309,0.5705033373673432,2610400,4,0,0.4589319598807265,True,5.089999999999996,-48.7
47.58324466798149,50.02374815634978,13.208268847331498,24.136016917457667,75.91147939524188,0.5716841379785529,2610806,4,0,0.4589319598807265,True,5.409999999999997,-47.0
52.02425101693033,54.46475450529862,11.025668613364223,32.85484111763106,76.07466789296618,0.57393661814266,2611002,4,0,0.4589319598807265,True,4.6200000000000045,-51.9
48.49104886207983,50.93155235044812,12.330393537770567,26.76442510121238,75.09867959968386,0.5771137106630115,2611507,4,0,0.4589319598807265,True,5.229999999999997,-48.1
81.45892718914061,83.8994306775089,14.107052521198968,56.250115807943956,100.0,0.39111385859500003,2612703,4,1,0.4589319598807265,True,-3.200000000000003,-83.2
44.23648404799394,46.67698753636223,10.224702409076873,26.63693906193163,66.71703601079284,0.6214723785729543,2613701,4,0,0.4589319598807265,True,5.740000000000002,-44.1
49.08222401102077,51.52272749938906,13.108108264621015,25.831307395280042,77.21414760349808,0.5677617226933533,2613800,4,1,0.4589319598807265,True,5.159999999999997,-48.6
75.93024392854119,78.37074741690948,10.173801534452167,58.43046282352489,98.31103201029407,0.4351656631089762,2613909,4,0,0.4589319598807265,True,0.6099999999999994,-76.1
53.83681927838562,56.27732276675391,11.870265729083322,33.01202945083051,79.54261608267731,0.5600210173880806,2614006,4,0,0.4589319598807265,True,4.369999999999997,-53.7
60.249411963403794,62.68991545177209,10.968313670305973,41.19241568683404,84.18741521671012,0.531613775424425,2614204,4,0,0.4589319598807265,True,3.260000000000005,-60.3
67.33521519663041,69.77571868499871,15.493335549256846,39.40933900806118,100.0,0.5096365381669175,2615102,4,0,0.4589319598807265,True,1.8500000000000085,-68.3
61.76168943703543,64.20219292540372,13.380814381569921,37.97627865371108,90.42810719709637,0.5234745107733326,2615201,4,0,0.4589319598807265,True,2.989999999999995,-62.0
73.77882598174239,76.21932947011068,10.930313392127465,54.79630888180502,97.64235005841634,0.4563137062695947,2615300,4,0,0.4589319598807265,True,0.9200000000000017,-74.1
27.985276945641097,30.425780434009393,12.193965663585404,6.526046904663936,54.32551396335485,0.6137144412177991,2701308,4,1,0.4589319598807265,True,7.150000000000002,-26.8
65.34828917482444,67.78879266319274,10.930313392127465,46.365772074887076,89.2118132514984,0.5025989571724709,2701407,4,1,0.4589319598807265,True,2.3599999999999994,-65.5
52.406363863769336,54.84686735213763,18.422913763180244,18.73861988601707,90.95511481825818,0.5294912879408656,2701506,4,1,0.4589319598807265,True,4.710000000000001,-51.5
41.97031763815371,44.410821126522,12.725401879083416,19.469491754720174,69.35215049832382,0.5916359474351955,2701704,4,1,0.4589319598807265,True,6.159999999999997,-41.2
44.19245949733823,46.63296298570652,12.854702896830654,21.43820827595573,71.8277176954573,0.5843057336877306,2701803,4,1,0.4589319598807265,True,5.869999999999997,-43.5
31.463054401860642,33.90355789022894,10.491884485108946,13.33984216946083,54.46727361099704,0.6571641677254638,2702405,4,1,0.4589319598807265,True,7.049999999999997,-31.1
40.4148890714151,42.85539255978339,18.17469066518232,7.233653425869711,78.47713169369706,0.5268603342060847,2702702,4,0,0.4589319598807265,True,6.479999999999997,-37.6
34.209711905508655,36.65021539387695,11.589429438081972,13.935351093868004,59.36507969388589,0.6252269236822255,2703809,4,1,0.4589319598807265,True,6.850000000000001,-33.5
40.76254621671067,43.20304970507896,12.14093092746705,19.407262348455063,66.99883706170286,0.6016245905910669,2704401,4,1,0.4589319598807265,True,6.229999999999997,-40.1
67.94760153789043,70.38810502625873,14.645601855371282,41.68325285781802,99.09295719469944,0.5057717610886181,2704609,4,0,0.4589319598807265,True,1.7999999999999972,-68.8
35.74638552613105,38.18688901449934,13.922615705475549,10.899063661175546,65.47471436782314,0.5814657388177674,2705804,4,1,0.4589319598807265,True,6.849999999999994,-34.2
53.59219341915329,56.03269690752158,12.549239177416966,31.43664008640527,80.62875372863789,0.556627140052727,2706448,4,1,0.4589319598807265,True,4.420000000000002,-53.4
32.72432032228312,35.16482381065141,12.260491772193541,11.134701504402408,59.19494611690041,0.6147042858258049,2706802,4,0,0.4589319598807265,True,7.040000000000003,-31.7
37.92070488334201,40.361208371710305,10.656918656461027,19.474031618873706,61.2483851245469,0.6374948792852132,2706901,4,0,0.4589319598807265,True,6.509999999999998,-37.6
35.5046353879426,37.94513887631089,22.730937140149162,0.0,82.49695700584715,0.4690518061346713,2707008,4,0,0.4589319598807265,True,7.079999999999998,-29.1
34.2110532047751,36.65155669314339,11.861916502076928,13.402627561451268,59.900485824835506,0.6198348624149665,2707206,4,0,0.4589319598807265,True,6.8700000000000045,-33.4
31.814125397527377,34.25462888589567,13.698945732225306,7.405188624565383,61.10406914722595,0.5854036679682787,2707404,4,1,0.4589319598807265,True,7.109999999999999,-30.1
67.17811193442523,69.61861542279352,13.12769955826101,43.888797088739565,95.34843375684748,0.5021693203402616,2707503,4,0,0.4589319598807265,True,1.9899999999999949,-67.7
39.9973361447897,42.43783963315799,11.080058309835907,20.721324399275865,64.15435486704011,0.6226574477092617,2708501,4,0,0.4589319598807265,True,6.299999999999997,-39.6
35.7659164085902,38.206419896958494,13.228981267017856,12.278093061448438,64.13474673246854,0.5927421877188717,2708709,4,0,0.4589319598807265,True,6.810000000000002,-34.5
52.60754832231969,55.04805181068798,10.971569962500508,33.54416983032551,76.55193379105044,0.5716764881091831,2709152,4,0,0.4589319598807265,True,4.530000000000001,-52.5
23.11275680170886,25.553260290077155,11.532342959915875,2.9502834312779918,48.156237148876315,0.6280238464529373,2800605,4,1,0.4589319598807265,True,7.219999999999999,-22.1
24.415697841413415,26.85620132978171,12.709942327887024,1.9451721215419653,51.76723053802145,0.5964629734146625,2800670,4,0,0.4589319598807265,True,7.16,-22.8
23.408920254513678,25.849423742881974,10.965071493223773,4.358278528256545,47.3405689575074,0.6437479897078433,2801207,4,1,0.4589319598807265,True,7.190000000000001,-22.7
21.76699635388568,24.207499842253977,13.982393172754353,0.0,51.61248687853124,0.5586340524217577,2802304,4,0,0.4589319598807265,True,7.07,-19.2
22.455741821814694,24.89624531018299,14.769286099706136,0.0,53.84351414297507,0.542429350134805,2802403,4,0,0.4589319598807265,True,7.07,-19.4
31.645448213211942,34.085951701580235,27.415453203075018,0.0,87.81925259945054,0.3992909632862353,2802502,4,1,0.4589319598807265,True,7.09,-20.0
29.346146077657625,31.786649566025922,14.566416983817057,3.236996893951922,60.33630223809992,0.564984669007104,2802700,4,1,0.4589319598807265,True,7.170000000000002,-27.0
59.077401721922115,61.51790521029041,10.76599083261469,40.41695092047722,82.61885950010358,0.537079862743321,2803005,4,1,0.4589319598807265,True,3.4200000000000017,-59.1
27.96919994272669,30.409703431094986,22.730937140149162,0.0,74.96152156063124,0.42999043777527346,2803104,4,0,0.4589319598807265,True,7.0,-19.4
25.193424333930075,27.63392782229837,11.41593030435205,5.259115575748968,50.00874006884777,0.6335550322196519,2803203,4,0,0.4589319598807265,True,7.23,-24.3
42.30046983997727,44.74097332834556,17.61414380645152,10.217885849191319,79.26406080749979,0.534587441037852,2803807,4,1,0.4589319598807265,True,6.270000000000003,-40.0
44.451319158400366,46.89182264676866,15.131322750850977,17.2349750166492,76.54867027688812,0.5567087146379417,2804102,4,0,0.4589319598807265,True,5.849999999999994,-43.2
20.887202378661794,23.32770586703009,18.296924648867485,0.0,59.18901920665353,0.45782951258691784,2805109,4,1,0.4589319598807265,True,6.59,-14.8
14.903687687283197,17.344191175651492,14.645601855371282,0.0,46.0490433440922,0.49797906084691235,2805901,4,0,0.4589319598807265,True,5.969999999999999,-11.3
27.820634144395907,30.261137632764203,13.595541121867281,3.6143666835710455,56.90790858195736,0.5832751978081696,2806305,4,1,0.4589319598807265,True,7.219999999999999,-25.9
36.09812985278347,38.538633341151765,13.8644459345322,11.364818643865874,65.71244803843766,0.5809083492983688,2806602,4,1,0.4589319598807265,True,6.769999999999996,-34.6
37.64248457859157,40.082988066959864,17.719997401277084,5.352431354313417,74.8135447796063,0.5289499147464154,2900108,4,0,0.4589319598807265,True,6.769999999999996,-34.6
29.627403375940627,32.067906864308924,12.634831010489199,7.3040931330002685,56.83172059561757,0.6052225565126698,2900207,4,1,0.4589319598807265,True,7.139999999999997,-28.3
35.63645899866717,38.076962487035466,17.125510212048678,4.511579254547144,71.64234571952377,0.533576118134855,2901809,4,1,0.4589319598807265,True,6.920000000000002,-32.6
39.34748452373149,41.78798801209978,16.695302710183658,9.065795989145847,74.51018003505371,0.5427389054095012,2901957,4,1,0.4589319598807265,True,6.579999999999998,-37.0
38.379098940779336,40.81960242914763,14.769286099706136,11.87233359635555,69.7668712619397,0.566153194512241,2902054,4,1,0.4589319598807265,True,6.579999999999998,-36.7
48.76517546064076,51.205678949009055,15.23004284347749,21.355343492791174,81.05601440522693,0.5507923741510641,2902302,4,0,0.4589319598807265,True,5.25,-47.9
41.21778303257645,43.65828652094474,16.172127767279083,11.961498543697576,75.3550744981919,0.548763848766691,2903300,4,1,0.4589319598807265,True,6.340000000000003,-39.3
29.484566711641463,31.92507020000976,18.17469066518232,0.0,67.54680933392343,0.5034007345870044,2905156,4,0,0.4589319598807265,True,7.18,-24.9
37.65913539081408,40.09963887918237,12.664446701909778,15.277779459312132,64.92149829905262,0.5994465268139032,2905909,4,1,0.4589319598807265,True,6.589999999999996,-36.7
29.832939729567908,32.273443217936205,11.570050366416472,9.596561200445457,54.950325235426945,0.630228307432352,2906303,4,1,0.4589319598807265,True,7.119999999999997,-29.0
38.908799594411875,41.34930308278017,12.379000905936397,17.08690714255612,65.6116990230042,0.6026353058143539,2906709,4,1,0.4589319598807265,True,6.469999999999999,-38.1
41.54896927448791,43.9894727628562,12.204829473343375,20.068446557650226,67.91049896806217,0.5999515370435755,2906907,4,0,0.4589319598807265,True,6.18,-40.9
13.690665574469541,16.131169062837838,10.463939871971343,0.0,36.64011434829433,0.6240794749689595,2907202,4,0,0.4589319598807265,True,6.340000000000002,-13.1
48.63635057317494,51.07685406154323,19.269034521594225,13.310240382359552,88.84346774072691,0.525513393373432,2907558,4,1,0.4589319598807265,True,5.410000000000004,-46.9
33.346734394301116,35.78723788266941,15.43868148106659,5.5279782109933855,66.04649755434542,0.5544247705062263,2907608,4,1,0.4589319598807265,True,7.0,-30.9
29.332246063025444,31.77274955139374,12.821406834851544,6.643253923949018,56.902245178838456,0.6014753034816576,2907905,4,1,0.4589319598807265,True,7.170000000000002,-27.9
38.46598174566697,40.906485234035266,13.672598716324229,14.108684174971195,67.70428629309933,0.58380165499038,2908002,4,1,0.4589319598807265,True,6.599999999999994,-37.2
32.61358223135269,35.05408571972098,13.595541121867281,8.407314770527822,61.700856668914135,0.5854854112610883,2908903,4,1,0.4589319598807265,True,6.990000000000002,-31.0
47.881141190803504,50.3216446791718,13.292551056003614,24.268723346744846,76.37456601159874,0.5698195273436335,2909109,4,1,0.4589319598807265,True,5.359999999999999,-47.3
41.97442928665621,44.4149327750245,14.139335520470683,16.70234438957406,72.12752116047494,0.5711457159797574,2909406,4,1,0.4589319598807265,True,6.150000000000006,-40.8
50.80638054336326,53.246884031731554,14.04384763682824,25.721448459180248,80.77231960428286,0.555303654073129,2909604,4,1,0.4589319598807265,True,4.900000000000006,-50.3
35.812779137978694,38.25328262634699,10.523044569843488,17.62849426174396,58.87807099095001,0.646896586242393,2910057,4,1,0.4589319598807265,True,6.719999999999999,-35.5
42.69145051743169,45.13195400579998,12.940968885806482,19.76812106456584,70.49578694703412,0.5852891716773476,2910404,4,1,0.4589319598807265,True,6.020000000000003,-41.9
20.961637850788595,23.40214133915689,11.507952665700937,0.8469685785913406,45.95731409972244,0.6210715406707734,2910602,4,1,0.4589319598807265,True,7.050000000000001,-19.9
43.62693145381604,46.067434942184335,14.415340485845839,17.81388676504436,74.3209831193243,0.5664569748644098,2910750,4,0,0.4589319598807265,True,5.979999999999997,-42.5
24.799101917567718,27.239605405936015,13.570495357045726,0.6419232537583639,53.83728755811366,0.5774231680285616,2911808,4,1,0.4589319598807265,True,7.190000000000001,-22.7
58.829540170831116,61.27004365919941,13.835943334473386,34.152093031494545,88.38799428690427,0.5334067655607796,2912301,4,1,0.4589319598807265,True,3.530000000000001,-58.9
50.01752644668961,52.4580299350579,13.013278817366396,26.95247213224177,77.96358773787402,0.5638574337477671,2913507,4,1,0.4589319598807265,True,4.949999999999996,-49.6
37.10379398684395,39.54429747521224,15.971519511223695,8.240694454835022,70.84790049558944,0.5514543562347567,2913804,4,0,0.4589319598807265,True,6.810000000000002,-34.8
65.98149992256091,68.42200341092921,15.43868148106659,38.16274373925319,98.68126308260523,0.512349667817645,2914109,4,1,0.4589319598807265,True,2.1000000000000085,-66.8
39.66190593730349,42.10240942567178,12.330393537770567,17.93528217643604,66.26953667490751,0.6010562001368586,2914406,4,1,0.4589319598807265,True,6.359999999999999,-38.9
31.788018994166542,34.228522482534835,10.016520899304314,14.59650226950562,53.86054269556405,0.669098452828387,2914802,4,1,0.4589319598807265,True,7.009999999999998,-31.6
42.54623573998909,44.986739228357386,14.527758295949086,16.51285619219418,73.46062226452058,0.5667786857157556,2915007,4,1,0.4589319598807265,True,6.130000000000003,-41.3
24.008988207291946,26.449491695660242,16.03697124246701,0.0,57.88137775200015,0.5204023997844511,2915403,4,1,0.4589319598807265,True,7.07,-20.2
36.9441764426754,39.38467993104369,16.460858492478454,7.121990131175629,71.64736973091175,0.5431840019257802,2916708,4,1,0.4589319598807265,True,6.770000000000003,-34.4
31.46846289655645,33.908966384924746,11.773798666126991,10.83274503809011,56.98518773175938,0.6240152893274113,2917706,4,0,0.4589319598807265,True,7.030000000000001,-30.6
27.71046729196045,30.15097078032875,13.380814381569921,3.9250565086361,56.37688505202139,0.5863440123099458,2917805,4,0,0.4589319598807265,True,7.170000000000002,-25.9
26.972899481859987,29.413402970228283,14.944085145120352,0.12353430389235953,58.703271636564196,0.5520838108209208,2918308,4,0,0.4589319598807265,True,7.170000000000002,-24.2
51.8822882288784,54.322791717246695,23.716186405741205,7.839920511355487,100.0,0.5102130498484363,2919009,4,1,0.4589319598807265,True,4.93,-50.0
26.37653113505243,28.817034623420728,16.947050380993304,0.0,62.03264301435341,0.5141911208855033,2919108,4,1,0.4589319598807265,True,7.220000000000002,-22.2
43.96156001637881,46.402063504747105,11.797174769789805,23.28002583663448,69.52410117285973,0.5986618410974878,2919801,4,1,0.4589319598807265,True,5.850000000000001,-43.5
60.63433218677707,63.074835675145366,16.77719973051767,30.192128441895626,95.9575429083951,0.524836725278006,2919959,4,1,0.4589319598807265,True,3.1200000000000045,-61.0
31.764798118083423,34.20530160645172,14.205313509173251,6.363398739371849,62.04720447353158,0.5760538528413851,2920007,4,1,0.4589319598807265,True,7.129999999999999,-29.8
24.559595595042357,27.000099083410653,13.807818393166432,0.0,54.06292583908658,0.5721199136134301,2920908,4,1,0.4589319598807265,True,7.210000000000001,-22.3
54.052564111035586,56.49306759940388,10.508791097252704,35.89621552773342,77.08991967107434,0.5690075431248636,2921005,4,1,0.4589319598807265,True,4.32,-54.0
52.82417922544286,55.264682713811155,16.61532587822525,22.699242401093315,87.83012302652898,0.5360940370560725,2921450,4,1,0.4589319598807265,True,4.57,-52.2
31.78099596737937,34.22149945574766,11.829097585383066,11.036894218787133,57.40610469270818,0.6236941019232255,2921500,4,1,0.4589319598807265,True,7.050000000000004,-30.9
49.30502458677187,51.745528075140165,11.201142325964097,29.79169253054332,73.699363619737,0.5853330192678968,2922003,4,1,0.4589319598807265,True,5.059999999999995,-49.1
25.1436890120778,27.584192500446097,14.489702147759955,0.0,55.98348685676828,0.5569579253545796,2922052,4,1,0.4589319598807265,True,7.16,-22.5
47.33394101407663,49.77444450244492,17.125510212048678,16.2090612699566,83.33982773493324,0.5387383789746132,2922201,4,1,0.4589319598807265,True,5.539999999999999,-45.9
24.82162539646216,27.262128884830457,12.577242515764887,2.6111865291053284,51.91307124055558,0.6031134867845853,2922300,4,0,0.4589319598807265,True,7.25,-23.3
33.17431393014635,35.61481741851464,14.239029787723334,7.70683185978389,63.52280297724539,0.5742380719687064,2922656,4,1,0.4589319598807265,True,6.98,-31.3
34.89906183572822,37.33956532409651,16.861089983412356,4.292436216519228,70.38669443167379,0.5368680715370879,2922854,4,1,0.4589319598807265,True,7.0,-31.9
56.4238111530204,58.864314641388695,10.73746744294116,37.81926516805263,79.90936411472475,0.5528150040909353,2923001,4,1,0.4589319598807265,False,3.8900000000000006,-56.4
24.589967607828868,27.030471096197164,14.645601855371282,0.0,55.73532326463787,0.5513278281725192,2923050,4,0,0.4589319598807265,True,7.120000000000001,-21.8
38.816329421561775,41.25683290993007,12.070097095310244,17.599877313220464,64.91378850663966,0.6084656895853947,2923209,4,1,0.4589319598807265,True,6.479999999999997,-38.1
63.44773180547405,65.88823529384234,17.719997401277084,31.157678581195896,100.0,0.5214174238570932,2924702,4,1,0.4589319598807265,True,2.5400000000000063,-64.3
44.269561157987184,46.71006464635548,10.918071943652777,25.311036856178802,68.10909243653214,0.6110647314000628,2925105,4,1,0.4589319598807265,True,5.789999999999999,-44.0
24.08032268122642,26.520826169594717,14.566416983817057,0.0,55.07047884166871,0.5521387724252167,2925600,4,1,0.4589319598807265,True,7.129999999999999,-21.3
42.786407945680885,45.22691143404918,12.151370060469986,21.410663752709702,69.04315911538865,0.5956882549162692,2926400,4,0,0.4589319598807265,True,5.969999999999999,-42.2
34.804696654816325,37.24520014318462,10.758740324704254,16.15845658774551,58.331943698623725,0.6434103232080832,2926608,4,1,0.4589319598807265,True,6.800000000000004,-34.4
62.093367177550924,64.53387066591922,15.18023793095687,34.78115104449492,94.28659028734351,0.5232745885896017,2926806,4,1,0.4589319598807265,True,2.9200000000000017,-62.5
39.21221972699152,41.65272321535981,9.516354392096748,23.001011342730624,60.304435087989,0.657769092195736,2927408,4,1,0.4589319598807265,True,6.32,-39.2
24.81474040224862,27.255243890616917,16.172127767279083,0.0,58.95203186786408,0.5220610435081658,2927507,4,0,0.4589319598807265,True,7.149999999999999,-21.0
27.197353473204245,29.637856961572542,12.741012246996814,4.665931830875035,54.609782092270045,0.6001286993175828,2927606,4,1,0.4589319598807265,True,7.169999999999998,-25.7
32.97804438561952,35.41854787398781,11.410455541666208,13.054465965126568,57.78262978284906,0.6328043183474357,2928109,4,1,0.4589319598807265,True,6.990000000000002,-32.3
30.975992476435184,33.41649596480348,12.21578136284632,9.474004450609069,57.35898747899789,0.6156856114405905,2928208,4,0,0.4589319598807265,True,7.109999999999999,-29.9
33.169670405688194,35.61017389405649,10.859822320396361,14.325313267575414,56.89503452053755,0.6429937309080054,2928802,4,1,0.4589319598807265,True,6.890000000000001,-32.7
44.943091691903014,47.38359518027131,10.848730706565666,26.120473717428823,68.64671664311379,0.6088022545371339,2928901,4,0,0.4589319598807265,True,5.68,-44.7
55.0443894699389,57.48489295830719,12.940968885806482,32.12106001707305,82.84872589954134,0.5481315241496951,2929057,4,1,0.4589319598807265,True,4.149999999999999,-54.9
34.29075755953728,36.731261047905576,16.695302710183658,4.009069024951643,69.4534530708595,0.5379064611789353,2929354,4,1,0.4589319598807265,True,7.02,-31.3
32.65991913113134,35.10042261949963,17.828839776148914,0.15653877211259015,70.04430646688667,0.5181090689980858,2929404,4,0,0.4589319598807265,True,7.109999999999996,-28.8
19.179311485899028,21.619814974267324,15.332424148506725,0.0,51.67081410103271,0.5104114392033414,2929701,4,0,0.4589319598807265,True,6.619999999999999,-15.4
36.75130116171162,39.191804650079916,11.336935908567733,16.971818574248278,61.411790725911544,0.6258626824962369,2930154,4,1,0.4589319598807265,True,6.6299999999999955,-36.2
27.073934369052626,29.514437857420923,11.054209689931257,7.848584987601974,51.180290727239864,0.6448311527365592,2930204,4,1,0.4589319598807265,True,7.219999999999999,-26.4
23.34651141733191,25.787014905700207,16.77719973051767,0.0,58.669722138949936,0.5038755348636422,2931103,4,0,0.4589319598807265,True,7.050000000000001,-18.9
47.89977888549745,50.34028237386574,13.403536208241617,24.069834140233606,76.61073060749787,0.568407613423371,2931608,4,1,0.4589319598807265,True,5.350000000000001,-47.3
48.124116127840175,50.56461961620847,14.172085688697614,22.787842080545612,78.34139715187132,0.56016229707987,2932101,4,1,0.4589319598807265,True,5.310000000000002,-47.4
47.928888688585246,50.36939217695354,9.69199050240195,31.37343985374145,69.36534450016563,0.6113235687536129,2933307,4,1,0.4589319598807265,True,5.210000000000001,-47.9
39.290958225456045,41.73146171382434,12.694631384507764,16.85044140317727,66.6124820244714,0.5961114985208685,2933505,4,1,0.4589319598807265,True,6.420000000000002,-38.4
52.53905947784008,54.97956296620837,12.535428837334065,30.410573914268795,79.54855201814794,0.5608800148146248,3100203,4,0,0.4589319598807265,True,4.600000000000001,-52.3
43.85259992817957,46.293103416547865,14.205313509173251,18.451200549467995,74.13500628362773,0.567550107434187,3101003,4,0,0.4589319598807265,False,5.910000000000004,-42.8
67.26019403593492,69.70069752430321,21.38631336781155,27.78429356130505,100.0,0.5285034567911294,3101409,4,0,0.4589319598807265,True,1.6300000000000097,-69.6
39.58350404588549,42.02400753425378,10.9947671315174,20.474659938074918,63.573355130432645,0.6271579484915357,3101706,4,0,0.4589319598807265,True,6.390000000000001,-39.2
47.89940466395706,50.33990815232535,18.96832193115314,13.162680320103938,87.51713598454675,0.5271123438696792,3101805,4,0,0.4589319598807265,True,5.530000000000001,-46.1
43.06301114574103,45.50351463410932,12.905930217357765,20.208356221100907,70.79867304711773,0.5845638129889061,3101904,4,0,0.4589319598807265,False,5.960000000000001,-42.3
90.42225153499935,92.86275502336764,15.605848700537981,62.27585362213199,100.0,0.20490541853329453,3102050,4,0,0.4589319598807265,True,-13.799999999999997,-93.8
60.07945626846672,62.519959756835014,15.2807628104717,32.570214992011415,92.4697045216586,0.5273923502551173,3102704,4,0,0.4589319598807265,True,3.270000000000003,-60.3
76.02134994756936,78.46185343593766,15.844642839975991,47.40692412168427,100.0,0.49642840941188493,3102902,4,1,0.4589319598807265,True,0.3199999999999932,-78.0
44.67463692722647,47.115140415594766,11.490037463601265,24.59508080592033,69.6352000252692,0.5997946058825874,3103405,4,0,0.4589319598807265,True,5.720000000000006,-44.3
68.85040516305999,71.29090865142828,30.283872835898347,11.935608580676636,100.0,0.5586602399440164,3103603,4,1,0.4589319598807265,True,0.7600000000000051,-75.0
62.35350465005016,64.79400813841846,14.239029787723334,36.88602257968771,92.7019936971492,0.5214508444538485,3103751,4,0,0.4589319598807265,True,2.8599999999999994,-62.7
78.31036851641343,80.75087200478173,11.18395258758536,58.830727728310876,100.0,0.4377989016879907,3104205,4,0,0.4589319598807265,True,0.20000000000000284,-78.8
69.18592072132522,71.62642420969351,15.332424148506725,41.57542508292812,100.0,0.5052967882343987,3104908,4,0,0.4589319598807265,True,1.5300000000000011,-70.3
59.28539330814812,61.725896796516416,10.208521434825126,41.71756244885401,81.73423114417882,0.5383986215101338,3105608,4,0,0.4589319598807265,False,3.4100000000000037,-59.3
66.85954750321406,69.30005099158235,18.05603851234259,33.9108658039227,100.0,0.5194344930311888,3106655,4,0,0.4589319598807265,True,1.8800000000000097,-68.3
53.895796672914145,56.33630016128244,11.227585709743854,34.3306365368479,78.34196378571697,0.5648671257723535,3107109,4,0,0.4589319598807265,True,4.3700000000000045,-53.8
51.51325065040962,53.95375413877791,21.152638284538252,12.495344923079813,95.412163354476,0.5184056251328948,3107208,4,0,0.4589319598807265,True,4.93,-50.0
66.72420205459558,69.16470554296387,13.620902809362814,42.46822659969231,95.86118448623543,0.5051340532297638,3108008,4,0,0.4589319598807265,True,2.0400000000000063,-67.3
67.53163058576405,69.97213407413234,18.96832193115314,32.79490624191093,100.0,0.5213975151193386,3108107,4,0,0.4589319598807265,True,1.6899999999999977,-69.3
65.02686969651317,67.46737318488147,13.672598716324229,40.669572125817396,94.26517424394552,0.511454582646335,3108404,4,0,0.4589319598807265,True,2.3599999999999994,-65.5
93.27831803869921,95.7188215270675,19.269034521594225,57.95220784788383,100.0,0.20731998517800804,3109253,4,0,0.4589319598807265,True,-20.0,-100.0
61.45358800386249,63.894091492230785,13.78006348280328,36.88566336126077,90.90251962320079,0.5236073160397814,3109709,4,0,0.4589319598807265,True,3.009999999999991,-61.7
58.37525666563755,60.815760154005844,20.31063410054623,21.00764881376415,100.0,0.5252082916394913,3110103,4,0,0.4589319598807265,True,3.6000000000000014,-58.5
60.60744190420087,63.04794539256916,23.716186405741205,16.565074186677954,100.0,0.5247463037834726,3110806,4,1,0.4589319598807265,True,3.019999999999996,-61.5
66.69958665272597,69.14009014109426,14.944085145120352,39.85022147475834,98.42995880743018,0.5109414439488729,3111309,4,0,0.4589319598807265,True,2.049999999999997,-67.5
64.25381614452623,66.69431963289452,37.598279119840825,0.0,100.0,0.5517999472869568,3113107,4,0,0.4589319598807265,True,1.5900000000000034,-70.0
56.554926668964775,58.99543015733307,12.455137048653368,34.58381011946196,83.40705019520416,0.5436203557995469,3113701,4,1,0.4589319598807265,True,3.8599999999999994,-56.5
56.576260251540795,59.01676373990909,13.49719444057683,32.56274874404426,85.47077873577392,0.5416954207500633,3114105,4,0,0.4589319598807265,True,3.9299999999999997,-56.5
62.50399778817655,64.94450127654484,23.04197405133022,19.783062003231116,100.0,0.5276019591577242,3115003,4,0,0.4589319598807265,True,2.6400000000000077,-63.9
36.44433611111605,38.884839599484344,10.978125264291304,17.368109463704123,60.40156973526456,0.6348743054043473,3115300,4,0,0.4589319598807265,True,6.670000000000002,-36.0
37.642758727185594,40.08326221555389,14.769286099706136,11.135993382761807,69.03053104834596,0.5671210763992208,3115458,4,0,0.4589319598807265,True,6.68,-35.9
84.66930446669319,87.10980795506148,18.296924648867485,51.248494615438034,100.0,0.348793654908306,3116001,4,1,0.4589319598807265,True,-9.099999999999994,-89.1
74.98701539878181,77.4275188871501,15.971519511223695,46.12391586677288,100.0,0.49881305813011234,3116704,4,0,0.4589319598807265,True,0.47999999999998977,-76.9
39.8082321512694,42.248735639637694,20.714313797805378,1.6494266314780361,82.84804464779734,0.5031058002898234,3116902,4,0,0.4589319598807265,True,6.709999999999994,-35.7
55.46641582146526,57.906919309833555,11.48413593403054,35.398426485571434,80.41541213409567,0.5537877736021612,3117306,4,1,0.4589319598807265,True,4.060000000000002,-55.4
70.02588758343235,72.46639107180064,19.76115727879312,33.735234512534575,100.0,0.524082176545419,3119708,4,0,0.4589319598807265,True,1.1599999999999966,-72.5
70.69643221124714,73.13693569961544,21.152638284538252,31.678526483917338,100.0,0.5305812513954049,3119906,4,0,0.4589319598807265,True,0.960000000000008,-73.8
68.23378471663007,70.67428820499836,16.861089983412356,37.62715909742108,100.0,0.5129095749980653,3119955,4,0,0.4589319598807265,True,1.6200000000000045,-69.6
86.72469457297676,89.16519806134505,21.886277777889127,46.26888186104303,100.0,0.33769409430047764,3122801,4,0,0.4589319598807265,True,-14.299999999999997,-94.3
48.443905777753876,50.88440926612217,17.410902606641997,16.7596672187693,85.00915131347503,0.5362810547835903,3122900,4,0,0.4589319598807265,False,5.369999999999997,-47.1
46.346254612848284,48.78675810121658,33.28785479073086,0.0,100.0,0.4535243096145193,3123403,4,0,0.4589319598807265,True,6.399999999999999,-38.5
76.4687982176764,78.90930170604469,16.103824887281963,47.346384913632235,100.0,0.49828318455380116,3123858,4,1,0.4589319598807265,True,0.2400000000000091,-78.6
38.82860121634493,41.26910470471322,18.296924648867485,5.407791365089771,77.13041804433666,0.5237715660771161,3125002,4,0,0.4589319598807265,True,6.659999999999997,-35.7
57.70127833083543,60.14178181920372,10.42410876045265,39.71090407778806,80.57265956061939,0.5472767896020075,3125101,4,0,0.4589319598807265,True,3.6799999999999997,-57.7
52.70942257680623,55.149926065174526,15.43868148106659,24.890666393498503,85.40918573685055,0.5425575929065292,3125606,4,0,0.4589319598807265,True,4.599999999999994,-52.2
62.19555251110182,64.63605599947012,23.04197405133022,19.47461672615639,100.0,0.526538672711926,3125804,4,1,0.4589319598807265,True,2.6700000000000017,-63.5
66.74263972310702,69.18314321147531,10.758740324704254,48.0963996560362,90.26988676691442,0.49506307438955743,3126109,4,0,0.4589319598807265,True,2.1499999999999915,-66.9
44.359786630337,46.80029011870529,19.591228413509317,8.402188015329237,85.19839222208134,0.5193316661310193,3127339,4,0,0.4589319598807265,True,6.049999999999997,-41.7
61.20553821240703,63.64604170077532,18.686910444019187,27.02037024817232,100.0,0.5252591358570002,3128808,4,1,0.4589319598807265,True,3.030000000000001,-61.8
84.9268365074255,87.3673399957938,18.296924648867485,51.50602665617035,100.0,0.3436011861632887,3129400,4,0,0.4589319598807265,True,-9.400000000000006,-89.4
57.090386152483056,59.53088964085135,16.695302710183658,26.808697617897415,92.25308166380528,0.5298202686035253,3129608,4,0,0.4589319598807265,True,3.780000000000001,-57.0
93.37214921454716,95.81265270291546,17.313282537340847,61.87924247556115,100.0,0.18053583511406124,3130309,4,0,0.4589319598807265,True,-18.400000000000006,-98.4
78.30529839064882,80.74580187901711,17.719997401277084,46.01524516637066,100.0,0.48321421403169706,3130606,4,0,0.4589319598807265,True,-1.4000000000000057,-81.4
42.9425521908469,45.38305567921519,17.719997401277084,10.652498966568743,80.11361239186164,0.5329886246925145,3131109,4,0,0.4589319598807265,True,6.149999999999999,-40.7
62.7762407385034,65.2167442268717,12.50818205638094,40.7011578842949,89.7323305694485,0.5173214283416873,3131158,4,0,0.4589319598807265,True,2.760000000000005,-63.0
71.18081473276057,73.62131822112886,28.72568960087706,17.32000117233305,100.0,0.5620860335817564,3132800,4,0,0.4589319598807265,True,0.3100000000000023,-77.8
71.60684486805529,74.04734835642358,13.228981267017856,48.11902152091353,99.97567519193363,0.4853065105470009,3133501,4,0,0.4589319598807265,True,1.1599999999999966,-72.4
73.20279479244608,75.64329828081438,13.982393172754353,48.2383112445371,100.0,0.48735403856957704,3133758,4,0,0.4589319598807265,True,0.9000000000000057,-74.3
55.793099953772874,58.23360344214117,17.511152080302203,23.912376036945197,92.55483084733713,0.5310979363183687,3134103,4,0,0.4589319598807265,True,4.100000000000001,-55.5
52.66932433195731,55.109827820325606,21.38631336781155,13.193423857327446,97.02623178332375,0.5182778239474548,3134509,4,0,0.4589319598807265,True,4.690000000000005,-51.4
46.178180280400795,48.61868376876909,13.752671183265603,21.663943558346652,75.57342397919152,0.5678769526527063,3134707,4,0,0.4589319598807265,True,5.57,-45.4
20.548279682803898,22.988783171172194,10.367067252219044,2.669704731518241,43.30786161082614,0.6591224727632556,3135209,4,0,0.4589319598807265,False,7.139999999999997,-20.1
42.21339317024539,44.65389665861368,17.61414380645152,10.13080917945944,79.17698413776792,0.5351983525860444,3135605,4,0,0.4589319598807265,True,6.310000000000002,-39.9
44.62097648914214,47.06147997751043,12.634831010489199,22.297666246201775,71.82529370881907,0.5845618623993435,3135803,4,0,0.4589319598807265,True,5.759999999999998,-44.0
60.86107122349719,63.301574711865484,10.416261976176806,42.886076385024936,83.71707303870603,0.5294039746101631,3136207,4,0,0.4589319598807265,True,3.1699999999999946,-60.9
76.13208418406121,78.5725876724295,18.17469066518232,42.95084853851583,100.0,0.5142079743455309,3136553,4,1,0.4589319598807265,True,0.12000000000000455,-79.1
80.14213308557248,82.58263657394077,14.139335520470683,54.87004818849033,100.0,0.42753391246663475,3137536,4,1,0.4589319598807265,True,-1.7999999999999972,-81.8
78.56836193946259,81.00886542783088,17.511152080302203,46.687638022634914,100.0,0.4770285512863307,3138674,4,0,0.4589319598807265,True,-1.5999999999999943,-81.6
66.17073344741843,68.61123693578672,17.03516196851804,35.222933006684904,100.0,0.5165935608635227,3138708,4,0,0.4589319598807265,True,2.019999999999996,-67.3
25.636662643634075,28.07716613200237,12.854702896830654,2.8824114222515824,53.27192084175316,0.5971762556350537,3139300,4,0,0.4589319598807265,True,7.239999999999998,-24.0
50.19823869932551,52.6387421876938,12.1618920890426,28.801871709307697,76.4756126660799,0.5731051734673007,3139607,4,0,0.4589319598807265,True,4.980000000000004,-49.9
54.98314989555561,57.423653383923906,13.646586569628592,30.676835195543855,84.17047157230395,0.5459804064620103,3139805,4,1,0.4589319598807265,True,4.200000000000003,-54.8
64.12620715237655,66.56671064074484,20.31063410054623,26.75859930050315,100.0,0.5249936276338911,3140209,4,1,0.4589319598807265,True,2.3400000000000034,-65.5
60.96999692622232,63.410500414590615,21.886277777889127,20.51418421428859,100.0,0.5247649824946945,3140308,4,0,0.4589319598807265,True,2.969999999999999,-61.8
72.76268097050897,75.20318445887726,22.154230537320707,31.781690500531212,100.0,0.5377021062786435,3140407,4,0,0.4589319598807265,True,0.5,-76.8
56.819988256894426,59.26049174526272,10.949069142307517,37.80071056210112,80.72027292842431,0.5497698441977064,3140704,4,0,0.4589319598807265,True,3.8300000000000054,-56.8
39.0885785116162,41.52908199998449,14.139335520470683,13.816493614534046,69.24167038543493,0.5749143344816965,3140852,4,1,0.4589319598807265,True,6.5,-37.7
47.723232841642485,50.16373633001078,11.068877510453902,28.46913506023575,71.8583375997858,0.5937746194952929,3141108,4,0,0.4589319598807265,True,5.289999999999999,-47.5
75.88685438718888,78.32735787555717,15.971519511223695,47.02375485517995,100.0,0.49681884351559047,3142304,4,0,0.4589319598807265,True,0.29999999999999716,-77.9
42.95132099361744,45.391824481985736,12.837971068833259,20.22986355250536,70.55378541146611,0.5856631879617751,3143203,4,0,0.4589319598807265,True,5.969999999999999,-42.2
54.61159629052465,57.052099778892945,16.77719973051767,24.169392545643205,89.93480701214267,0.5341497807897798,3143450,4,0,0.4589319598807265,True,4.289999999999999,-54.2
87.78657409547154,90.22707758383983,22.730937140149162,45.675259454303564,100.0,0.32638446987144154,3143609,4,1,0.4589319598807265,True,-16.400000000000006,-96.4
71.7408455238625,74.1813490122308,12.21578136284632,50.23885749803638,98.1238405264252,0.4790644794063018,3145000,4,0,0.4589319598807265,True,1.240000000000009,-72.3
44.27630611484721,46.7168096032155,19.591228413509317,8.318707499839448,85.11491170659154,0.5189956629195887,3145059,4,0,0.4589319598807265,True,6.049999999999997,-41.6
74.91358172802548,77.35408521639377,12.21578136284632,53.411593702199355,100.0,0.4646424242832732,3145307,4,0,0.4589319598807265,True,0.6700000000000017,-75.6
49.90155331521211,52.342056803580405,11.292558009550044,30.209049811532996,74.47506379562782,0.5830454163700368,3145604,4,0,0.4589319598807265,False,5.009999999999998,-49.7
65.22141062648029,67.66191411484859,11.196812534714132,45.71656480516225,89.60726342453492,0.5034947540738663,3145901,4,0,0.4589319598807265,True,2.3599999999999994,-65.4
49.10603186458521,51.546535352953505,11.912910259978513,28.197660292337922,74.89541041356908,0.5799450626052983,3147402,4,0,0.4589319598807265,True,5.150000000000006,-48.8
51.15654722543378,53.597050713802076,18.05603851234259,18.20786552614242,88.98623590146173,0.5311868209091314,3149101,4,0,0.4589319598807265,True,4.909999999999997,-50.1
37.23181372915499,39.672317217523286,25.32330589113684,0.0,89.30508473364247,0.4539074282115382,3150109,4,0,0.4589319598807265,True,7.140000000000001,-29.6
69.6971043604334,72.1376078488017,19.427296987827628,34.060805435696054,100.0,0.5220105453802997,3150406,4,0,0.4589319598807265,True,1.2099999999999937,-72.0
59.90104949262098,62.34155298098927,15.18023793095687,32.58883335956497,92.09427260241357,0.5285802999623146,3150802,4,0,0.4589319598807265,True,3.3299999999999983,-60.1
80.16804544393459,82.60854893230288,14.307972631830921,54.5654378821295,100.0,0.42766801332656507,3151701,4,1,0.4589319598807265,True,-1.9000000000000057,-81.9
65.03441413132919,67.47491761969748,11.118487072359631,45.68308339529841,89.26675184409655,0.5052055511497477,3152006,4,1,0.4589319598807265,True,2.4200000000000017,-65.2
52.79876504012043,55.23926852848872,10.906034261451971,33.86383416188296,76.61470289509447,0.570258891981511,3152105,4,0,0.4589319598807265,False,4.469999999999999,-52.7
71.3787114696178,73.81921495798609,14.944085145120352,44.52934629165017,100.0,0.4989531318472608,3152170,4,1,0.4589319598807265,True,1.1800000000000068,-72.6
55.45875045253729,57.89925394090558,11.264131369846107,35.821962138879385,79.97654574293178,0.5551006527834091,3152808,4,1,0.4589319598807265,True,4.060000000000002,-55.4
81.55421259875207,83.99471608712037,18.17469066518232,48.37297695320669,100.0,0.4130151936768461,3153004,4,1,0.4589319598807265,True,-5.400000000000006,-85.4
53.26702941159502,55.70753289996331,14.489702147759955,27.308238543641124,84.1068272562855,0.5467660845793584,3153608,4,0,0.4589319598807265,True,4.509999999999998,-52.9
66.70361599096229,69.14411947933058,12.481422504301333,44.68098089507224,93.60725806358893,0.5005075871294565,3154002,4,0,0.4589319598807265,True,2.0600000000000023,-67.1
42.137895669249545,44.57839915761784,15.036064990912974,15.108253306224828,74.04854500901084,0.5621400903003637,3154804,4,0,0.4589319598807265,True,6.229999999999997,-40.7
59.4757178578666,61.91622134623489,14.139335520470683,34.20363296078445,89.62880973168532,0.5305489693881125,3154903,4,1,0.4589319598807265,True,3.3999999999999986,-59.6
77.52142823741521,79.9619317257835,13.358359672028103,53.780027876076126,100.0,0.46802149345867644,3155504,4,1,0.4589319598807265,True,0.18999999999999773,-78.7
75.79522053787318,78.23572402624147,13.752671183265603,51.280983815819035,100.0,0.4775094534750467,3155702,4,1,0.4589319598807265,True,0.45999999999999375,-77.0
67.68084647663011,70.1213499649984,24.883777258312367,21.350042739389302,100.0,0.5390344893574956,3155900,4,1,0.4589319598807265,True,1.3599999999999994,-71.2
45.29232878134833,47.732832269716624,15.971519511223695,16.429229249339407,79.03643529009383,0.5480209242795024,3156007,4,0,0.4589319598807265,True,5.759999999999998,-43.9
63.01120450675462,65.45170799512292,21.38631336781155,23.535304032124756,100.0,0.5264375707398257,3156106,4,0,0.4589319598807265,True,2.5700000000000074,-64.3
57.72434764626822,60.164851134636514,23.716186405741205,13.681979928745307,100.0,0.5212716363218061,3156403,4,0,0.4589319598807265,True,3.729999999999997,-57.7
56.17792843771979,58.618431926088086,18.552843072076477,22.25552769399473,94.98133615818143,0.527964712332717,3156452,4,0,0.4589319598807265,True,4.020000000000003,-55.9
63.82358321418096,66.26408670254925,11.538532607376823,43.648978357649625,88.87919504744886,0.5126492532736044,3156908,4,0,0.4589319598807265,True,2.6299999999999955,-64.0
72.64653144293129,75.08703493129958,11.17970854164023,53.175208832029924,96.99886103056924,0.4648238588871233,3157005,4,0,0.4589319598807265,True,1.0999999999999943,-73.0
45.34101106642084,47.78151455478913,16.537199813643912,15.36919851490456,80.1938305946737,0.5430613418372219,3157104,4,0,0.4589319598807265,True,5.770000000000003,-43.8
69.59383780750046,72.03434129586876,11.321904005719345,49.84381720823907,94.22486538349844,0.48188273523145286,3157203,4,1,0.4589319598807265,True,1.6199999999999903,-69.9
62.70335451806494,65.14385800643323,12.21578136284632,41.20136649223882,89.08634952062764,0.5184824158989481,3157708,4,1,0.4589319598807265,True,2.809999999999995,-62.9
64.17258359688876,66.61308708525705,16.103824887281963,35.0501702928446,98.1760038776695,0.5180018006911359,3158300,4,0,0.4589319598807265,True,2.4399999999999977,-64.9
49.58600108331928,52.026504571687575,22.435424108175393,8.05388134178213,95.999127801593,0.5110854456240773,3158706,4,0,0.4589319598807265,True,5.350000000000001,-47.3
44.675713961269764,47.11621744963806,20.928855359198476,6.096414707960939,88.13602019131517,0.5111265207980528,3159308,4,0,0.4589319598807265,True,6.100000000000001,-41.6
60.937287834063454,63.37779132243175,16.172127767279083,31.681003345184582,95.0745792996789,0.5251995831062943,3159357,4,1,0.4589319598807265,True,3.1000000000000085,-61.3
49.87641489858363,52.316918386951926,11.07631399919245,30.607741867077905,74.02609490682595,0.5841191464611665,3159605,4,0,0.4589319598807265,True,4.969999999999999,-49.7
70.29651220425538,72.73701569262367,12.226822421009523,48.77288410207817,96.70114728316916,0.48378761265006437,3159803,4,1,0.4589319598807265,True,1.4399999999999977,-70.8
78.80364449204004,81.24414798040833,19.116136863166407,43.77720820506368,100.0,0.4740536987147394,3160108,4,0,0.4589319598807265,True,-2.700000000000003,-82.7
49.29519900825852,51.735702496626814,22.154230537320707,8.314208538280766,95.15719645497285,0.5108805373318512,3160207,4,1,0.4589319598807265,True,5.340000000000003,-47.0
81.5604222126894,84.0009257010577,11.921623420044268,60.634973160521696,100.0,0.36858534844723684,3160405,4,0,0.4589319598807265,True,-2.4000000000000057,-82.4
75.91967669079891,78.3601801791672,16.38623907861482,46.24374174301935,100.0,0.5007259982416288,3160454,4,1,0.4589319598807265,True,0.29000000000000625,-78.1
58.1571333332137,60.59763682158199,16.38623907861482,28.48119838543414,92.71407525772983,0.5302178411850528,3160801,4,0,0.4589319598807265,True,3.6400000000000006,-58.2
46.345722920821515,48.78622640918981,10.416261976176806,28.370728082349256,69.20172473603036,0.6105271260010121,3161106,4,0,0.4589319598807265,True,5.509999999999998,-46.2
73.9388027695143,76.37930625788259,18.296924648867485,40.51799291825914,100.0,0.5150561645422774,3161304,4,1,0.4589319598807265,True,0.46999999999999886,-76.6
78.88239148025635,81.32289496862464,15.90742446259191,50.144915935153065,100.0,0.4668613204483453,3161502,4,0,0.4589319598807265,True,-1.2000000000000028,-81.2
53.08762176089232,55.52812524926061,10.827070538601252,34.30745693552747,76.74879356299375,0.5722574868914748,3162104,4,0,0.4589319598807265,True,4.5,-53.0
51.17928363208369,53.61978712045198,18.825327706680664,16.722822818193862,90.51675142271009,0.5273205228582165,3162252,4,0,0.4589319598807265,True,4.909999999999997,-50.0
42.69368875849996,45.13419224686825,16.31328173007474,13.160747586266496,77.10763690747001,0.5474722527666086,3162450,4,1,0.4589319598807265,True,6.18,-40.9
77.30743800502516,79.74794149339345,16.947050380993304,46.53233310246077,100.0,0.5038148824370159,3162575,4,1,0.4589319598807265,True,0.009999999999990905,-79.9
70.44646367285067,72.88696716121896,23.04197405133022,27.725527887905237,100.0,0.5379123098752052,3162658,4,0,0.4589319598807265,True,0.8799999999999955,-74.2
90.25073914269434,92.69124263106264,14.04384763682824,65.16580705851133,100.0,0.18308069543697847,3162807,4,1,0.4589319598807265,True,-12.599999999999994,-92.6
55.50830309197488,57.948806580343174,18.825327706680664,21.051842278085054,94.84577088260129,0.5277640779082651,3163102,4,0,0.4589319598807265,True,4.159999999999997,-55.1
73.10602930781972,75.54653279618802,21.63059660025118,33.151342495581154,100.0,0.5345099991559574,3163904,4,0,0.4589319598807265,True,0.4200000000000017,-77.0
77.58503179527195,80.02553528364024,19.591228413509317,41.627433180264184,100.0,0.4994800172206304,3164001,4,1,0.4589319598807265,True,-1.5,-81.5
58.16090577819456,60.601409266562854,15.844642839975991,29.546479952309465,91.65633858081624,0.5304008617929018,3164472,4,0,0.4589319598807265,True,3.6099999999999994,-58.2
70.55366115560084,72.99416464396913,14.139335520470683,45.28157625851868,100.0,0.4956503206270296,3164605,4,0,0.4589319598807265,True,1.3400000000000034,-71.5
62.909261774084,65.3497652624523,34.5391963807156,0.0,100.0,0.5401302602613061,3164803,4,0,0.4589319598807265,True,2.1299999999999955,-66.7
65.01768684761227,67.45819033598056,28.043723315672043,12.493502644857152,100.0,0.5400746510764396,3164902,4,0,0.4589319598807265,True,1.8799999999999955,-68.4
82.30207068841513,84.74257417678342,17.719997401277084,50.012017464136974,100.0,0.3944883478863355,3165206,4,0,0.4589319598807265,True,-6.0,-86.0
79.69632667610692,82.13683016447521,10.816493794973379,60.93689188732641,100.0,0.4216974282040163,3165537,4,0,0.4589319598807265,True,-0.09999999999999432,-80.1
70.07217109170503,72.51267458007332,29.469217058743062,14.754070492343523,100.0,0.5605136460603676,3165560,4,0,0.4589319598807265,True,0.5,-76.5
47.11036963322328,49.55087312159157,28.043723315672043,0.0,100.0,0.4797956952068363,3165602,4,0,0.4589319598807265,True,6.030000000000001,-42.1
67.34957456063798,69.79007804900627,16.861089983412356,36.742948941428985,100.0,0.5141914753609664,3166303,4,0,0.4589319598807265,True,1.7900000000000063,-68.6
23.391071096521006,25.831574584889303,26.83434636581088,0.0,78.42592701055192,0.331529232681544,3167509,4,0,0.4589319598807265,True,5.34,-8.8
65.24367562664152,67.68417911500981,12.679466883522617,42.83288068013716,92.53547754988246,0.509306759819633,3167608,4,0,0.4589319598807265,True,2.3800000000000097,-65.6
64.88296678312562,67.32347027149392,20.714313797805378,26.72416126333426,100.0,0.5268757629785957,3167707,4,0,0.4589319598807265,True,2.219999999999999,-66.5
69.04958213177578,71.49008562014407,11.07631399919245,49.78090910027005,93.19926214001809,0.48199423215551435,3168002,4,0,0.4589319598807265,True,1.6899999999999977,-69.3
64.88660248738485,67.32710597575314,18.552843072076477,30.964201743659785,100.0,0.5217694723037263,3168309,4,0,0.4589319598807265,True,2.240000000000009,-66.1
61.7268846856767,64.167388174045,17.511152080302203,29.846160768849032,98.48861557924096,0.5230566577850582,3168804,4,0,0.4589319598807265,True,2.8800000000000097,-62.3
58.36841527776025,60.80891876612854,13.12769955826101,35.07910043207458,86.5387371001825,0.5349358402056134,3169000,4,0,0.4589319598807265,True,3.5600000000000023,-58.4
56.9002517317996,59.34075522016789,15.971519511223695,28.037152199790675,90.6443582405451,0.5331640578014586,3169208,4,0,0.4589319598807265,True,3.8700000000000045,-56.8
67.99734275894636,70.43784624731465,11.56366970801647,47.77347009048556,93.10222240414373,0.492484830464511,3169356,4,0,0.4589319598807265,True,1.9200000000000017,-68.3
46.81746748360975,49.25797097197804,16.77719973051767,16.3752637387283,82.14067820522777,0.5404029534485285,3169505,4,0,0.4589319598807265,True,5.560000000000002,-45.4
61.196107171794836,63.63661066016313,17.61414380645152,29.113523181008887,98.15969813931736,0.5240700549923478,3169802,4,0,0.4589319598807265,True,3.0,-61.7
64.43522234276205,66.87572583113034,10.20301992066671,46.87817425307887,86.87327740918181,0.506813860443369,3169901,4,0,0.4589319598807265,True,2.549999999999997,-64.5
50.90932928997277,53.34983277834106,9.570600672463321,34.59180014989812,72.10786540678399,0.5973934064391764,3170206,4,0,0.4589319598807265,True,4.810000000000002,-50.9
62.62586768306563,65.06637117143393,20.50842059029083,24.87060543466422,100.0,0.5255360447908973,3170305,4,1,0.4589319598807265,True,2.6799999999999926,-63.7
54.78783264686546,57.228336135233754,18.17469066518232,21.606597001320075,92.85007526914742,0.5283287282240627,3170479,4,0,0.4589319598807265,True,4.220000000000006,-54.3
56.96635287064181,59.406856359010106,14.415340485845839,31.15330818187013,87.66040453615008,0.537393115960063,3170529,4,0,0.4589319598807265,True,3.8599999999999994,-56.9
57.24119125830684,59.681694746675134,14.107052521198968,32.03237987711019,87.33100961624008,0.537226998645741,3170750,4,0,0.4589319598807265,False,3.799999999999997,-57.2
44.44297112212085,46.883474610489145,12.694631384507764,22.00245429984208,71.7644949211362,0.5859507820062538,3171006,4,0,0.4589319598807265,False,5.840000000000003,-43.8
51.90105571007222,54.341559198440514,21.63059660025118,11.94636889783365,96.73674949904736,0.5178553996020909,3171402,4,0,0.4589319598807265,True,4.910000000000004,-50.4
44.959757738163006,47.4002612265313,13.752671183265603,20.445521016108863,74.35500143695373,0.5721159811849379,3171808,4,0,0.4589319598807265,True,5.799999999999997,-44.1
85.78194413271622,88.22244762108451,11.302235664370032,66.07047277413511,100.0,0.23345792948744726,3200102,4,0,0.4589319598807265,True,-6.5,-86.5
76.25108366599369,78.69158715436198,13.49719444057683,52.237572158497144,100.0,0.4718968199171021,3200169,4,0,0.4589319598807265,True,0.3399999999999892,-77.4
66.62242469939132,69.06292818775961,11.677742515750355,46.17497343615675,91.95088293936247,0.49785021863661577,3200201,4,0,0.4589319598807265,True,2.0999999999999943,-66.9
64.10299172207004,66.54349521043834,15.18023793095687,36.79077558901403,96.29621483186263,0.5161975217025336,3200359,4,0,0.4589319598807265,True,2.4599999999999937,-64.7
68.48698252109216,70.92748600946045,11.538532607376823,48.31237766456083,93.54259435436006,0.48936999559431854,3200805,4,0,0.4589319598807265,True,1.8200000000000074,-68.8
73.68056998256337,76.12107347093166,10.038246141132941,56.446472566362914,95.7956743755004,0.44449847706850315,3201506,4,0,0.4589319598807265,True,0.9200000000000017,-73.8
73.36913630579194,75.80963979416023,11.008347915619712,54.23367435025902,97.38560523806144,0.4587731337105967,3201605,4,1,0.4589319598807265,True,0.9699999999999989,-73.7
80.12219592918636,82.56269941755465,11.018693645702916,60.96645671529659,100.0,0.40804477864292815,3201902,4,0,0.4589319598807265,True,-0.5999999999999943,-80.6
71.72280718183028,74.16331067019857,9.890800445424489,54.777698018893844,93.5489233215033,0.4571941726935198,3202405,4,0,0.4589319598807265,True,1.2999999999999972,-71.8
72.99211673668859,75.43262022505688,13.358359672028103,49.250716375349505,100.0,0.4826057856049648,3202553,4,0,0.4589319598807265,True,0.9499999999999886,-73.9
66.93266420136038,69.37316768972867,12.871604918536208,44.145285626169084,94.60104975328827,0.5020713900585408,3202652,4,0,0.4589319598807265,True,2.039999999999992,-67.4
71.90786154195953,74.34836503032783,10.971569962500508,52.844483049965355,95.85224701069029,0.4659212313242871,3203056,4,0,0.4589319598807265,True,1.2099999999999937,-72.2
69.46658261732382,71.90708610569212,13.050598886888984,46.32838231071118,97.48578990067304,0.49397552613205314,3203106,4,0,0.4589319598807265,True,1.6099999999999994,-70.1
67.67436617649716,70.11486966486545,11.773798666126991,47.038648318030816,93.19109101170008,0.49509137383803375,3203403,4,1,0.4589319598807265,True,1.9699999999999989,-68.0
62.88925264405719,65.32975613242549,12.295004635930534,41.23198985624863,89.42752240860233,0.516551391671187,3203502,4,0,0.4589319598807265,True,2.740000000000002,-63.1
69.00567503356926,71.44617852193755,11.34200117276321,49.216264710710604,93.6760923331645,0.48395875273040506,3204054,4,0,0.4589319598807265,True,1.6899999999999977,-69.3
72.15086493939737,74.59136842776566,11.214263437041089,52.61181597802076,96.57092087751056,0.46619605745343246,3204708,4,0,0.4589319598807265,True,1.1400000000000006,-72.5
70.43694911666438,72.87745260503267,12.00296164572359,49.35208007159882,96.40282513846653,0.4828067602762698,3205036,4,1,0.4589319598807265,True,1.4599999999999937,-70.9
65.8745866150933,68.3150901034616,9.70895571770048,49.285886569274425,87.34429363764878,0.49444930880179416,3205309,4,0,0.4589319598807265,True,2.280000000000001,-65.9
57.00389954730032,59.444403035668614,9.841673618124737,40.15507719654612,78.7337288747911,0.5555801948787081,3300100,4,1,0.4589319598807265,True,3.8200000000000003,-57.0
62.200907555462244,64.64141104383054,13.807818393166432,37.578584288154616,91.70423779950647,0.5201753681240702,3300225,4,1,0.4589319598807265,True,2.8400000000000034,-62.5
68.1951430989602,70.6356465873285,14.307972631830921,42.592535537155115,98.67875763750187,0.5034672424073081,3300902,4,1,0.4589319598807265,True,1.7600000000000051,-69.0
62.640844514362094,65.0813480027304,14.139335520470683,37.36875961727995,92.79393638818084,0.5202680864159532,3301801,4,1,0.4589319598807265,True,2.799999999999997,-63.0
64.95738200183007,67.39788549019836,12.679466883522617,42.54658705532571,92.24918392507101,0.5098192693622026,3302106,4,0,0.4589319598807265,True,2.4099999999999966,-65.3
46.336036815161215,48.77654030352951,9.708615396520239,29.74800378659878,67.80507682046023,0.6199083910390657,3302502,4,1,0.4589319598807265,True,5.440000000000005,-46.3
60.13862838151154,62.57913186987983,13.8644459345322,35.40531717259394,89.75294656716571,0.528200448015998,3303104,4,1,0.4589319598807265,True,3.260000000000005,-60.3
66.23000226932784,68.67050575769613,11.713716196897503,45.71204388665353,91.62896762873874,0.5003233520598424,3303856,4,0,0.4589319598807265,True,2.180000000000007,-66.5
62.482643666819094,64.9231471551874,9.751708823721561,45.810149072971676,84.0361452374031,0.5195002719787675,3303906,4,1,0.4589319598807265,True,2.9000000000000057,-62.5
65.97734106090137,68.41784454926966,11.40501165977169,46.06443245285776,90.77125664568156,0.5014745757263274,3304151,4,0,0.4589319598807265,True,2.259999999999991,-66.2
55.928743481878406,58.3692469702467,10.602450333495513,37.5888261687208,79.14966777177258,0.556281381164367,3304300,4,1,0.4589319598807265,True,3.969999999999999,-55.9
65.75884794606138,68.19935143442967,9.862685388340461,48.86884328243293,87.52985958642641,0.4971947811054676,3304524,4,0,0.4589319598807265,True,2.3299999999999983,-65.8
56.200317733886685,58.64082122225498,9.480438806724852,40.059502603438375,77.22213984107157,0.5628243564765602,3304557,4,0,0.4589319598807265,True,3.9399999999999977,-56.2
63.45781107429589,65.89831456266418,10.033579971761855,46.23285918200853,85.56376994331983,0.5135830307633709,3305505,4,1,0.4589319598807265,True,2.739999999999995,-63.5
46.60064182064219,49.04114530901048,10.146145706956165,29.15506514148071,68.92722547654026,0.6128272723814714,3305554,4,1,0.4589319598807265,True,5.450000000000003,-46.5
53.55297887144053,55.99348235980882,10.398443731319087,35.61290715115712,76.37405756846053,0.5719822460372558,3306008,4,1,0.4589319598807265,True,4.380000000000003,-53.5
65.22373658562769,67.66424007399598,11.175485531742451,45.760690922032325,89.56778922595964,0.5048462361863982,3306206,4,1,0.4589319598807265,True,2.3999999999999915,-65.4
59.85599772078694,62.29650120915523,16.31328173007474,30.323056548553474,94.26994586975698,0.5264775592209462,4100202,4,1,0.4589319598807265,True,3.280000000000001,-60.1
52.43929550231987,54.879798990688165,10.02402425989528,35.23307246113764,74.52652552023868,0.5837560993563882,4100400,4,1,0.4589319598807265,True,4.600000000000001,-52.4
68.45157943596107,70.89208292432936,14.899270437683384,41.69004947054759,100.0,0.5052992640010456,4100806,4,0,0.4589319598807265,True,1.6899999999999977,-69.4
64.72592929357559,67.16643278194388,12.183188862497609,43.28782139459906,91.0450441692887,0.5099393737801955,4101101,4,1,0.4589319598807265,True,2.469999999999999,-65.0
69.44263023809997,71.88313372646826,9.844332258617671,52.588597047731774,91.17767040520474,0.47193389681634024,4101804,4,1,0.4589319598807265,True,1.6899999999999977,-69.5
70.78315570619849,73.22365919456678,25.32330589113684,23.590891678447584,100.0,0.5478764206729778,4101853,4,1,0.4589319598807265,True,0.6700000000000017,-75.6
79.68447440888633,82.12497789725462,11.16294115701935,60.24601526795681,100.0,0.4245135052509188,4102000,4,0,0.4589319598807265,True,-0.20000000000000284,-80.2
86.04995437306515,88.49045786143344,19.937438938881606,49.41379559725901,100.0,0.3351067570902482,4102208,4,0,0.4589319598807265,True,-11.900000000000006,-91.9
74.89755081069295,77.33805429906124,11.544759759128944,54.71074096100119,99.96536763712128,0.45764308455484076,4102406,4,1,0.4589319598807265,True,0.7099999999999937,-75.4
83.83360294185802,86.27410643022631,17.125510212048678,52.70872319773799,100.0,0.3570481334568628,4103156,4,0,0.4589319598807265,True,-7.400000000000006,-87.4
80.93788406912043,83.37838755748872,18.552843072076477,47.015483325395365,100.0,0.42775392557910574,4103354,4,0,0.4589319598807265,True,-4.900000000000006,-84.9
71.71812549002257,74.15862897839087,19.116136863166407,36.69168920304622,100.0,0.5215136550710159,4103370,4,0,0.4589319598807265,True,0.8900000000000006,-74.3
86.0110034944733,88.4515069828416,11.904259405122351,65.11958728617957,100.0,0.23886553923786547,4103453,4,1,0.4589319598807265,True,-7.0,-87.0
56.116617723556416,58.55712121192471,21.38631336781155,16.64071724892655,100.0,0.521868027471141,4103479,4,0,0.4589319598807265,True,4.029999999999994,-55.7
62.35415208204061,64.7946555704089,11.713716196897503,41.836193699366305,87.75311744145151,0.5209475835587875,4103602,4,1,0.4589319598807265,True,2.9099999999999966,-62.5
78.92404378364334,81.36454727201163,10.097990038477343,61.5728504803518,100.0,0.4166804447974647,4103701,4,1,0.4589319598807265,True,0.14000000000000057,-79.1
79.34726278507506,81.78776627344335,12.183188862497609,57.90915488609853,100.0,0.4416684559479763,4103909,4,1,0.4589319598807265,True,-0.20000000000000284,-80.2
70.49494104593636,72.93544453430465,19.269034521594225,35.16883085512097,100.0,0.5216156825843333,4104055,4,0,0.4589319598807265,True,1.0799999999999983,-72.9
77.42645336549681,79.8669568538651,10.13567892328663,60.00139120536159,99.73252250236861,0.4249956231425474,4104303,4,1,0.4589319598807265,True,0.3500000000000085,-77.6
81.72212216874671,84.162625657115,13.698945732225306,57.313185395784714,100.0,0.38061549662727806,4104402,4,0,0.4589319598807265,True,-3.299999999999997,-83.3
79.70967959184848,82.15018308021678,12.52174370338171,57.608016397947424,100.0,0.431830424007017,4105409,4,1,0.4589319598807265,True,-0.7000000000000028,-80.7
79.4042993164527,81.84480280482099,10.151502692854054,61.94822313786566,100.0,0.41326272685209786,4105508,4,1,0.4589319598807265,True,0.020000000000010232,-79.6
83.09189105976861,85.5323945481369,11.957112916979307,62.096883871778786,100.0,0.3217945534675061,4105904,4,1,0.4589319598807265,True,-4.0,-84.0
52.42124551433488,54.86174900270317,18.552843072076477,18.498844770609814,91.22465323479652,0.5291804388506466,4106100,4,0,0.4589319598807265,True,4.719999999999999,-51.5
82.03631009679229,84.47681358516058,20.31063410054623,44.66870224491889,100.0,0.4127731162372661,4106555,4,0,0.4589319598807265,True,-7.299999999999997,-87.3
79.15518955605026,81.59569304441855,12.741012246996814,56.623767913721046,100.0,0.4501665061807438,4107009,4,1,0.4589319598807265,True,-0.20000000000000284,-80.2
71.06386948440775,73.50437297277604,17.511152080302203,39.18314556758007,100.0,0.5131116791848818,4107108,4,0,0.4589319598807265,True,1.0799999999999983,-73.0
72.39104931645451,74.8315528048228,21.38631336781155,32.915148841824646,100.0,0.5323934774221729,4107553,4,0,0.4589319598807265,True,0.5699999999999932,-76.0
79.51858214169182,81.95908563006012,10.09971582755142,62.16400635397018,100.0,0.41227453864522823,4108403,4,1,0.4589319598807265,True,0.01999999999999602,-79.7
83.26318311629507,85.70368660466336,27.415453203075018,31.970385706793053,100.0,0.4175963652483329,4108551,4,1,0.4589319598807265,True,-14.599999999999994,-94.6
64.27072860126623,66.71123208963452,16.03697124246701,35.27934603329461,98.14311814597443,0.5186198925671706,4108700,4,1,0.4589319598807265,True,2.4599999999999937,-65.0
72.45611687807035,74.89662036643864,11.602550124265303,52.15603999405791,97.63720073881936,0.46885844394430576,4109708,4,1,0.4589319598807265,True,1.0899999999999892,-72.9
73.17483280395767,75.61533629232596,10.552755342042941,54.93231588425914,96.29835670039279,0.45378058384949993,4109807,4,1,0.4589319598807265,True,0.9899999999999949,-73.4
69.75684520845024,72.19734869681854,24.082594281475064,24.996331250837137,100.0,0.5413833863533318,4110300,4,1,0.4589319598807265,True,1.0,-73.7
59.109038480425006,61.5495419687933,17.511152080302203,27.22831456359733,95.87076937398926,0.5275549311519242,4110904,4,0,0.4589319598807265,True,3.460000000000001,-59.3
75.44592425607642,77.88642774444472,19.937438938881606,38.809765480270286,100.0,0.527263423230196,4111001,4,0,0.4589319598807265,True,0.15000000000000568,-79.1
56.425994275059914,58.86649776342821,10.848730706565666,37.60337630058572,80.12961922627069,0.5543835494372434,4111258,4,1,0.4589319598807265,True,3.950000000000003,-56.4
73.4249010912445,75.86540457961279,21.63059660025118,33.47021427900592,100.0,0.5350819248862771,4111308,4,1,0.4589319598807265,True,0.36999999999999034,-77.4
55.158531830033084,57.59903531840138,11.068877510453902,35.90443404862635,79.2936365881764,0.5592838463891584,4111803,4,1,0.4589319598807265,True,4.149999999999999,-55.1
73.28154545021103,75.72204893857932,17.940805715640114,40.55871588229434,100.0,0.5137384057551603,4112306,4,1,0.4589319598807265,True,0.6400000000000006,-75.7
72.08838116463083,74.52888465299912,15.036064990912974,45.05873880160611,100.0,0.4976416941760654,4112405,4,0,0.4589319598807265,True,1.039999999999992,-73.4
84.12130731199433,86.56181080036262,12.940968885806482,61.19797785912848,100.0,0.30605735986241117,4112801,4,0,0.4589319598807265,True,-5.5,-85.5
71.84323601651172,74.28373950488002,10.806080698041704,53.104210522684824,95.4632684870752,0.4663064345295328,4113304,4,1,0.4589319598807265,True,1.2700000000000102,-72.1
61.247075845921906,63.6875793342902,19.269034521594225,25.92096565510652,100.0,0.5242585967814564,4113601,4,1,0.4589319598807265,True,2.960000000000001,-61.9
73.8714646026054,76.31196809097369,9.60331866802555,57.489809369582446,95.13412681236494,0.43826890184113726,4113700,4,1,0.4589319598807265,True,0.9199999999999875,-73.9
79.55082491487161,81.9913284032399,24.471052617892404,34.02894660838618,100.0,0.46757192206383663,4113809,4,1,0.4589319598807265,True,-7.0,-87.0
71.68485938073042,74.12536286909871,12.031300113599059,50.54444795925188,97.70627777894552,0.47728654259733444,4114401,4,1,0.4589319598807265,True,1.2399999999999949,-72.2
62.13898829736866,64.57949178573696,13.380814381569921,38.35357751404432,90.80540605742961,0.5223642999808368,4115101,4,1,0.4589319598807265,True,2.9299999999999997,-62.4
80.4434742330788,82.8839777214471,9.658959073761492,63.9527658087282,100.0,0.38263003769789594,4115200,4,1,0.4589319598807265,True,-0.5,-80.5
79.0675968772617,81.50810036563,14.989676326899103,52.128874624995106,100.0,0.459930319545902,4115358,4,1,0.4589319598807265,True,-1.0,-81.0
67.44015433940062,69.88065782776891,23.369884459291743,24.076525964694774,100.0,0.534258833590512,4115903,4,1,0.4589319598807265,True,1.4899999999999949,-70.4
73.43610030309884,75.87660379146713,20.928855359198476,34.856801049790015,100.0,0.530723850094584,4116000,4,1,0.4589319598807265,True,0.39000000000000057,-77.1
80.52497249271411,82.9654759810824,14.343222539110213,54.85327638218324,100.0,0.4181021524921047,4116703,4,1,0.4589319598807265,True,-2.299999999999997,-82.3
73.51216176414754,75.95266525251583,12.050551204287737,52.33401889825608,99.57131160677557,0.46948431305545935,4116901,4,1,0.4589319598807265,True,0.9300000000000068,-74.1
75.38412261971594,77.82462610808423,16.38623907861482,45.70818767193638,100.0,0.5006177570221922,4117057,4,1,0.4589319598807265,True,0.3499999999999943,-77.5
80.06455564419608,82.50505913256437,20.31063410054623,42.696947792322675,100.0,0.4509199955453111,4117214,4,1,0.4589319598807265,True,-4.900000000000006,-84.9
68.74357315691695,71.18407664528524,11.154680585409213,49.321304438835014,93.04684885173546,0.48590895207498996,4117909,4,0,0.4589319598807265,True,1.7900000000000063,-69.0
73.92957768278245,76.37008117115074,13.380814381569921,50.1441668994581,100.0,0.479136949154147,4118006,4,1,0.4589319598807265,True,0.769999999999996,-74.9
61.87315871628387,64.31366220465216,9.969155033828558,44.774477382052,83.85284702725232,0.5230508503571483,4118204,4,1,0.4589319598807265,True,2.990000000000002,-61.9
87.22482564111803,89.66532912948632,15.971519511223695,58.36172610910911,100.0,0.27253625421602756,4118451,4,0,0.4589319598807265,True,-10.5,-90.5
57.61772982443291,60.0582333128012,15.2807628104717,30.108488547977604,90.00797807762478,0.5329041591231805,4118857,4,0,0.4589319598807265,True,3.719999999999999,-57.6
77.22344417740467,79.66394766577297,13.403536208241617,53.39349943214083,100.0,0.4692561193508486,4118907,4,1,0.4589319598807265,True,0.22999999999998977,-78.4
84.61621090554942,87.05671439391772,12.679466883522617,62.20541595904506,100.0,0.2889186179486997,4119103,4,0,0.4589319598807265,True,-5.900000000000006,-85.9
72.78386203426102,75.22436552262931,15.493335549256846,44.857985845691786,100.0,0.4996300981465541,4120002,4,0,0.4589319598807265,True,0.9099999999999966,-74.3
90.58323054936609,93.02373403773439,22.730937140149162,48.47191590819812,100.0,0.2833386249765705,4120150,4,0,0.4589319598807265,True,-20.0,-100.0
80.54870977173763,82.98921326010593,18.825327706680664,46.09224895784781,100.0,0.4369184304400746,4120309,4,1,0.4589319598807265,True,-4.599999999999994,-84.6
74.58079151309147,77.02129500145976,16.38623907861482,44.90485656531191,100.0,0.5028899876531434,4120333,4,1,0.4589319598807265,True,0.5400000000000063,-76.6
73.21592276450886,75.65642625287715,19.427296987827628,37.579623839771514,100.0,0.5236748861682451,4120408,4,1,0.4589319598807265,True,0.6099999999999994,-76.2
52.04841455309546,54.488918041463755,16.03697124246701,23.057031985123842,85.92080409780365,0.5412479890129975,4120507,4,0,0.4589319598807265,True,4.75,-51.4
74.47939783989166,76.91990132825995,17.218185310889055,43.17287823978081,100.0,0.5074162018955849,4121109,4,1,0.4589319598807265,True,0.4399999999999977,-76.8
84.12668412869974,86.56718761706803,17.719997401277084,51.83663090442158,100.0,0.3554644497993406,4121257,4,1,0.4589319598807265,True,-8.099999999999994,-88.1
85.20093851122058,87.64144199958888,12.21578136284632,63.69895048539446,100.0,0.26580883203770644,4121505,4,1,0.4589319598807265,True,-6.299999999999997,-86.3
72.48101490496582,74.92151839333411,11.490037463601265,52.40145878365968,97.44157800300854,0.46734635744177006,4121703,4,0,0.4589319598807265,True,1.0799999999999983,-72.9
76.59268057859701,79.0331840669653,13.893334036268062,51.802749730695396,100.0,0.47666302632002355,4121752,4,0,0.4589319598807265,True,0.3199999999999932,-77.9
87.8180248938364,90.25852838220469,13.336167303451989,64.12012077563813,100.0,0.22087954009318933,4122008,4,0,0.4589319598807265,True,-9.599999999999994,-89.6
74.88892933621622,77.32943282458452,22.154230537320707,33.90793886623847,100.0,0.5402783360933239,4123824,4,0,0.4589319598807265,True,0.06999999999999318,-79.5
74.75909038026384,77.19959386863214,14.989676326899103,47.82036812799724,100.0,0.48963233322251104,4123857,4,1,0.4589319598807265,True,0.5100000000000051,-76.3
72.35041286105438,74.79091634942267,15.08327292827792,45.22824464100995,100.0,0.49574395305710345,4123907,4,0,0.4589319598807265,True,0.9299999999999926,-73.7
77.24714998983946,79.68765347820775,13.893334036268062,52.45721914193784,100.0,0.47424211321565296,4125100,4,0,0.4589319598807265,True,0.19000000000001194,-78.6
77.9777213773908,80.41822486575909,17.03516196851804,47.02992093665727,100.0,0.4902066782430329,4125407,4,1,0.4589319598807265,True,-0.7000000000000028,-80.7
82.59363722620856,85.03414071457685,10.952242107955772,63.56814063302049,100.0,0.32288561221606005,4125605,4,1,0.4589319598807265,True,-3.0999999999999943,-83.1
73.20247025788184,75.64297374625014,11.31201709991473,53.47182763791603,97.81411985458423,0.4622159703021903,4125704,4,0,0.4589319598807265,True,0.9699999999999989,-73.6
72.7928540939282,75.23335758229649,16.695302710183658,42.51116555934256,100.0,0.5073269559577858,4125753,4,0,0.4589319598807265,True,0.8400000000000034,-74.7
69.48115731527028,71.92166080363857,19.937438938881606,32.84499853946414,100.0,0.5255616753236891,4125902,4,0,0.4589319598807265,True,1.2999999999999972,-71.9
66.23924147499196,68.67974496336025,13.725634275006362,41.77799611937924,95.58149380734125,0.5066921614898948,4126504,4,1,0.4589319598807265,True,2.1099999999999994,-66.8
49.091458377698245,51.53196186606654,18.552843072076477,15.169057633973182,87.8948660981599,0.5291758738919059,4126702,4,1,0.4589319598807265,True,5.289999999999999,-47.6
63.14733533763454,65.58783882600284,10.209314076136272,45.577950929917925,85.59772672208774,0.5145394637512588,4127106,4,1,0.4589319598807265,True,2.759999999999991,-63.2
87.3191080913583,89.7596115797266,17.61414380645152,55.23652410057235,100.0,0.2897626938190052,4127809,4,0,0.4589319598807265,True,-11.700000000000003,-91.7
63.03400342564434,65.47450691401264,14.899270437683384,36.27247346023087,94.6765403677944,0.5188831985689535,4127882,4,0,0.4589319598807265,True,2.680000000000007,-63.5
64.04642097564964,66.48692446401793,10.116289225154922,46.65936192552367,86.3144870025122,0.5099791533483746,4128104,4,1,0.4589319598807265,True,2.6400000000000006,-64.1
78.70220086684508,81.14270435521337,15.90742446259191,49.964725321741795,100.0,0.47136674649884264,4128609,4,1,0.4589319598807265,True,-1.0,-81.0
79.84614927687062,82.28665276523891,13.449800914413416,55.925527373754726,100.0,0.43249961259880376,4200200,4,1,0.4589319598807265,True,-1.2000000000000028,-81.2
76.81674285260502,79.25724634097331,30.283872835898347,19.901946270221664,100.0,0.5097836275763546,4200754,4,0,0.4589319598807265,True,-7.400000000000006,-87.4
71.89643163633194,74.33693512470023,22.154230537320707,30.915441166354185,100.0,0.5363797704344192,4201653,4,0,0.4589319598807265,True,0.6599999999999966,-75.7
60.1727655240314,62.61326901239969,13.013278817366396,37.107711209583556,88.11882681521581,0.528080585287804,4202057,4,1,0.4589319598807265,True,3.230000000000004,-60.3
53.67448908098299,56.11499256935128,37.598279119840825,0.0,100.0,0.487428536751962,4202099,4,0,0.4589319598807265,True,4.93,-50.0
69.6129934627144,72.05349695108269,22.435424108175393,28.080873721177248,100.0,0.5347461052212976,4202156,4,0,0.4589319598807265,True,1.1099999999999994,-72.9
41.747297677977585,44.18780116634588,18.296924648867485,8.326487826722428,80.04911450596933,0.5283689171623592,4202438,4,1,0.4589319598807265,True,6.390000000000001,-39.1
68.18583541439901,70.6263389027673,15.783133252637146,39.69196616440197,100.0,0.5104547055080975,4202701,4,1,0.4589319598807265,True,1.740000000000009,-69.3
62.44822147029903,64.88872495866732,16.31328173007474,32.91528029806557,96.86216961926908,0.5212969577850363,4203154,4,1,0.4589319598807265,True,2.760000000000005,-63.0
68.626385753934,71.0668892423023,28.043723315672043,16.102201551178887,100.0,0.5509750968836248,4204459,4,0,0.4589319598807265,True,0.9599999999999937,-73.7
61.05980749223185,63.50031098060014,12.391415611499616,39.21358266459352,87.78703929660676,0.524764253241747,4204509,4,0,0.4589319598807265,True,3.069999999999993,-61.2
59.59152967712605,62.03203316549434,13.403536208241617,35.7615849318622,88.30248139912646,0.5293791971010723,4205001,4,0,0.4589319598807265,True,3.3200000000000003,-59.7
74.8133699507135,77.25387343908179,25.792560567341493,26.70138365802447,100.0,0.5423951584516538,4205357,4,1,0.4589319598807265,True,-1.4000000000000057,-81.4
70.26567410853521,72.7061775969035,11.378246382133112,50.40522448069943,95.00713071310757,0.4780561369921871,4205704,4,0,0.4589319598807265,True,1.480000000000004,-70.6
71.45935748354977,73.89986097191806,20.50842059029083,33.70409523514835,100.0,0.5274092833804259,4207577,4,0,0.4589319598807265,True,0.8100000000000023,-74.5
84.12414278800989,86.56464627637818,15.332424148506725,56.513647149612794,100.0,0.3342693228861886,4207650,4,0,0.4589319598807265,True,-6.700000000000003,-86.7
54.37646805632267,56.816971544690965,15.90742446259191,25.63899251121939,87.99495057816253,0.5366396275410826,4207700,4,0,0.4589319598807265,True,4.280000000000001,-54.0
59.91241902894489,62.35292251731318,22.435424108175393,18.380299287407738,100.0,0.524649033884048,4207759,4,0,0.4589319598807265,True,3.240000000000002,-60.5
79.2543760147954,81.69487950316369,32.17656661884848,18.629967784066906,100.0,0.47899569102191536,4207858,4,0,0.4589319598807265,True,-12.900000000000006,-92.9
53.42791817537124,55.86842166373953,15.332424148506725,25.81742253697414,85.91942079050492,0.5421141604014605,4208708,4,0,0.4589319598807265,True,4.490000000000002,-53.0
65.88891967709736,68.32942316546566,9.571862479575122,49.56891744052815,87.08992889040316,0.4958562514637773,4209102,4,0,0.4589319598807265,True,2.3299999999999983,-65.9
63.64904414485266,66.08954763322096,15.971519511223695,34.78594461284374,97.39315065359817,0.5192371713903832,4209508,4,1,0.4589319598807265,True,2.5600000000000023,-64.3
43.68823086422774,46.128734352596034,23.716186405741205,0.0,92.61160555848723,0.4902657751902981,4210852,4,0,0.4589319598807265,True,6.349999999999994,-39.2
66.08302551145572,68.52352899982401,18.05603851234259,33.13434381216435,100.0,0.5202404365625966,4211454,4,0,0.4589319598807265,True,2.039999999999992,-67.4
82.45318769821361,84.8936911865819,25.32330589113684,35.26092367046271,100.0,0.42338217375084536,4211652,4,0,0.4589319598807265,True,-11.599999999999994,-91.6
65.41559819650426,67.85610168487256,20.928855359198476,26.836298943195438,100.0,0.5261702182197493,4212056,4,1,0.4589319598807265,True,2.030000000000001,-67.2
70.00381552865079,72.44431901701908,12.249176490448479,48.436374255465324,96.45226377857284,0.48650865536515525,4212205,4,1,0.4589319598807265,True,1.5300000000000011,-70.5
81.41853840945123,83.85904189781952,19.116136863166407,46.392102122474874,100.0,0.4200078006871004,4212239,4,0,0.4589319598807265,True,-5.799999999999997,-85.8
61.40847670467611,63.848980193044405,11.282982482020426,41.73474089008802,85.96321949600079,0.5247706327374863,4212809,4,1,0.4589319598807265,True,3.049999999999997,-61.5
77.63839419332999,80.07889768169828,11.797174769789805,56.956860013585654,100.0,0.4471009325063927,4212908,4,1,0.4589319598807265,True,0.21000000000000796,-78.3
59.07716097839874,61.51766446676703,18.686910444019187,24.89199301416403,98.14333591937003,0.5254376182402979,4213005,4,0,0.4589319598807265,True,3.4100000000000037,-59.3
82.24532569685931,84.6858291852276,16.77719973051767,51.803121951977865,100.0,0.39000827964843,4215406,4,1,0.4589319598807265,True,-5.400000000000006,-85.4
73.4842446808893,75.9247481692576,23.369884459291743,30.120616306183457,100.0,0.5452298996819376,4215554,4,1,0.4589319598807265,True,0.28000000000000114,-78.3
80.0406287075338,82.48113219590209,13.922615705475549,55.193306842578295,100.0,0.4292795119344322,4217303,4,0,0.4589319598807265,True,-1.5999999999999943,-81.6
73.35153976506254,75.79204325343083,13.426530046812795,49.47652792433286,100.0,0.48241432696532033,4218509,4,1,0.4589319598807265,True,0.9000000000000057,-74.3
63.43926609048451,65.8797695788528,17.03516196851804,32.491465649750985,99.26807350795461,0.5220078512417159,4219176,4,0,0.4589319598807265,True,2.6199999999999903,-64.2
76.95433339607283,79.39483688444112,18.05603851234259,44.00565169678146,100.0,0.5127058925875817,4219408,4,1,0.4589319598807265,True,-0.030000000000001137,-80.0
63.4555945538143,65.8960980421826,19.76115727879312,27.164941482916532,100.0,0.5248940873772426,4300059,4,1,0.4589319598807265,True,2.530000000000001,-64.6
72.5540421094421,74.99454559781039,18.05603851234259,39.60536041015073,100.0,0.5158035960429705,4300505,4,1,0.4589319598807265,True,0.8099999999999881,-74.9
68.89899299783893,71.33949648620722,24.471052617892404,23.377114691353498,100.0,0.5406939317272135,4300570,4,1,0.4589319598807265,True,1.1400000000000006,-72.7
46.64487000963839,49.08537349800668,9.775678738917756,29.92539524529394,68.24535175071942,0.6172059671354284,4300604,4,1,0.4589319598807265,True,5.399999999999999,-46.6
81.37989567646396,83.82039916483225,17.828839776148914,48.87651531744521,100.0,0.41516358310597146,4300901,4,1,0.4589319598807265,False,-5.0,-85.0
83.26318311629507,85.70368660466336,27.415453203075018,31.970385706793053,100.0,0.4175963652483329,4301073,4,1,0.4589319598807265,False,-14.599999999999994,-94.6
78.97179961279117,81.41230310115947,13.78006348280328,54.40387497018945,100.0,0.4591843243624772,4301206,4,1,0.4589319598807265,True,-0.4000000000000057,-80.4
67.53233252509597,69.97283601346426,25.792560567341493,19.420346232406942,100.0,0.541642042334781,4302238,4,1,0.4589319598807265,True,1.3700000000000045,-71.3
72.89969291019491,75.34019639856321,12.97674379460253,49.90624592453861,100.0,0.47971242346249,4302352,4,1,0.4589319598807265,True,0.980000000000004,-73.7
51.4500732303455,53.890576718713795,20.714313797805378,13.291267710554138,94.48988572687344,0.5200101217711098,4302501,4,1,0.4589319598807265,True,4.93,-50.0
63.59923435975309,66.03973784812139,19.937438938881606,26.96307558394696,100.0,0.5250009904437081,4302659,4,1,0.4589319598807265,True,2.490000000000009,-64.8
51.37244150513208,53.81294499350037,14.899270437683384,24.610911539718607,83.01497844728213,0.5472039080725773,4302907,4,1,0.4589319598807265,True,4.780000000000001,-50.8
57.99860501481331,60.4391085031816,10.003759907167368,40.832099375147806,80.0461176312154,0.5493591919152893,4303103,4,1,0.4589319598807265,False,3.6799999999999997,-58.0
78.31140056686264,80.75190405523094,10.851486968951267,59.48338041738073,100.0,0.4311592336828696,4304408,4,1,0.4589319598807265,False,0.1700000000000017,-78.7
82.57259026373559,85.01309375210388,21.38631336781155,43.096689789105724,100.0,0.407334654060991,4304655,4,1,0.4589319598807265,True,-8.700000000000003,-88.7
67.03674780617123,69.47725129453953,14.01290629142482,42.012459644612136,96.9420429444669,0.5049179674430934,4304689,4,1,0.4589319598807265,True,1.9500000000000028,-67.7
80.83961609430686,83.28011958267516,20.714313797805378,42.6808105745155,100.0,0.4370903533849466,4304952,4,1,0.4589319598807265,False,-6.099999999999994,-86.1
80.23960121997311,82.6801047083414,23.04197405133022,37.51866543502768,100.0,0.45370183600237124,4305587,4,1,0.4589319598807265,True,-6.900000000000006,-86.9
78.62026351533082,81.06076700369911,23.04197405133022,35.89932773038539,100.0,0.48164066259053373,4305871,4,1,0.4589319598807265,True,-4.799999999999997,-84.8
65.18026775982379,67.62077124819209,22.730937140149162,23.06895311865582,100.0,0.5303198076074588,4306379,4,1,0.4589319598807265,True,2.049999999999997,-67.3
73.85780111866889,76.29830460703718,19.269034521594225,38.531690927853504,100.0,0.5217632877016762,4306734,4,1,0.4589319598807265,True,0.44999999999998863,-76.9
69.13578632011044,71.57628980847873,33.28785479073086,6.333293296047131,100.0,0.5692044745531106,4306924,4,1,0.4589319598807265,True,0.47999999999998977,-76.9
69.92591521864244,72.36641870701074,22.435424108175393,28.393795477105293,100.0,0.5354028733491476,4306973,4,1,0.4589319598807265,True,1.0600000000000023,-73.3
61.10484143082837,63.545344919196666,21.152638284538252,22.08693570349857,100.0,0.5255315668333164,4307054,4,1,0.4589319598807265,True,3.000000000000007,-61.9
78.6094939456458,81.04999743401409,22.435424108175393,37.077374204108644,100.0,0.4813359666287515,4307401,4,1,0.4589319598807265,True,-4.400000000000006,-84.4
89.55720735929748,91.99771084766577,21.152638284538252,50.539301631967675,100.0,0.28529020721222037,4307450,4,0,0.4589319598807265,True,-17.200000000000003,-97.2
71.56998749107676,74.01049097944505,16.947050380993304,40.794882588512365,100.0,0.5105804328480615,4307559,4,1,0.4589319598807265,True,1.059999999999988,-73.4
82.70740468969359,85.14790817806188,10.346554735543414,64.86903353232444,100.0,0.3094013122748135,4307906,4,1,0.4589319598807265,False,-3.0,-83.0
76.6441039843848,79.08460747275309,18.825327706680664,42.18764317049497,100.0,0.5193911589424886,4308078,4,1,0.4589319598807265,True,0.0,-80.0
68.47225197918048,70.91275546754878,18.17469066518232,35.2910163336351,100.0,0.5183713797898136,4309654,4,1,0.4589319598807265,True,1.5499999999999972,-70.2
79.62484669696138,82.06535018532968,11.043384629472882,60.420714044139615,100.0,0.42582189404282655,4310108,4,1,0.4589319598807265,False,-0.09999999999999432,-80.1
78.61975571881712,81.06025920718541,22.730937140149162,36.508441077649145,100.0,0.48139852763891566,4310900,4,1,0.4589319598807265,True,-4.599999999999994,-84.6
48.551965424423614,50.99246891279191,12.089944689331832,27.29661274662022,74.68832507896359,0.5792449004521772,4311007,4,1,0.4589319598807265,True,5.209999999999994,-48.2
74.52273282456737,76.96323631293566,10.263820955734657,56.846516895928254,97.07995572994307,0.4429331135372707,4311403,4,1,0.4589319598807265,False,0.789999999999992,-74.7
70.5887378152347,73.02924130360299,20.120458503310022,33.59386728468265,100.0,0.5257730904170843,4311601,4,1,0.4589319598807265,True,1.0300000000000011,-73.3
32.025713179555474,34.46621666792377,16.947050380993304,1.2506082769910805,67.68182505885645,0.5294878021727953,4311759,4,0,0.4589319598807265,True,7.119999999999997,-28.6
66.41983614850521,68.8603396368735,10.98473815097026,47.330648481368684,90.39003079237833,0.49708226161023705,4311809,4,1,0.4589319598807265,False,2.180000000000007,-66.6
81.62215673082426,84.06266021919255,29.469217058743062,26.30405613146275,100.0,0.44517507660132993,4312005,4,1,0.4589319598807265,True,-14.099999999999994,-94.1
87.24513092330383,89.68563441167213,20.50842059029083,49.48986867490242,100.0,0.3183649068536777,4312203,4,1,0.4589319598807265,False,-13.799999999999997,-93.8
84.91156985972336,87.35207334809165,30.283872835898347,27.996773277340004,100.0,0.40409105248506766,4312351,4,1,0.4589319598807265,True,-20.0,-100.0
62.374407093244244,64.81491058161254,19.76115727879312,26.08375402234647,100.0,0.5241120104438701,4312377,4,1,0.4589319598807265,True,2.710000000000008,-63.3
66.34554128227987,68.78604477064816,22.730937140149162,24.234226641111896,100.0,0.5309274826123157,4312617,4,1,0.4589319598807265,True,1.75,-68.8
65.71490422360012,68.15540771196841,12.725401879083416,43.21407834016658,93.09673708377022,0.5070406191520249,4312658,4,1,0.4589319598807265,True,2.280000000000001,-66.1
87.43431422017666,89.87481770854495,26.83434636581088,37.28046528288233,100.0,0.3564396980428778,4312955,4,1,0.4589319598807265,True,-20.0,-100.0
81.75594407621398,84.19644756458227,19.116136863166407,46.72950778923762,100.0,0.41312100973900234,4313037,4,0,0.4589319598807265,True,-6.200000000000003,-86.2
62.38210760553781,64.8226110939061,9.766820349147864,45.67999496610337,83.96522722170883,0.5182679670501249,4313409,4,1,0.4589319598807265,False,2.8699999999999974,-62.4
81.84612883138195,84.28663231975024,15.131322750850977,54.62978468963078,100.0,0.3884752474746469,4313805,4,1,0.4589319598807265,True,-4.099999999999994,-84.1
70.91471790461887,73.35522139298716,18.05603851234259,37.966036205327505,100.0,0.516450975235588,4314035,4,1,0.4589319598807265,True,1.0999999999999943,-73.0
56.7418191753801,59.182322663748394,20.714313797805378,18.583013655588736,99.78163167190804,0.5226689769556806,4314456,4,1,0.4589319598807265,True,3.8599999999999994,-56.5
61.005663173210394,63.44616666157869,35.96196157510312,0.0,100.0,0.5319574108643444,4314472,4,1,0.4589319598807265,True,2.729999999999997,-63.6
70.97630846027504,73.41681194864333,16.172127767279083,41.72002397139616,100.0,0.5057522022329595,4314704,4,1,0.4589319598807265,True,1.1500000000000057,-72.5
59.180813626923864,61.62131711529216,31.1814300582545,0.5068372146586455,100.0,0.521594834804327,4314787,4,1,0.4589319598807265,True,3.3100000000000023,-60.0
61.47707659990038,63.91758008826867,28.043723315672043,8.952892397145263,100.0,0.5286035799672438,4315073,4,0,0.4589319598807265,True,2.730000000000004,-63.2
81.45660240969343,83.89710589806172,20.928855359198476,42.877303156384606,100.0,0.42614109507775966,4315149,4,1,0.4589319598807265,True,-7.0,-87.0
54.58469034834061,57.0251938367089,29.469217058743062,0.0,100.0,0.5053445654582127,4315313,4,1,0.4589319598807265,True,4.520000000000003,-52.9
54.219565092729326,56.66006858109762,9.88466205000935,37.28648696372943,76.0336501984658,0.5718482762250707,4315602,4,1,0.4589319598807265,True,4.25,-54.2
73.79694396234049,76.23744745070879,16.03697124246701,44.80556139436887,100.0,0.5010585534434413,4315800,4,1,0.4589319598807265,True,0.6800000000000068,-75.6
84.30830957129345,86.74881305966174,18.17469066518232,51.127073925748064,100.0,0.355195771950849,4315909,4,1,0.4589319598807265,False,-8.599999999999994,-88.6
35.827153025218514,38.26765651358681,11.490037463601265,15.74759690391237,60.787716123261234,0.6253684197129251,4316402,4,1,0.4589319598807265,True,6.739999999999995,-35.2
64.74726690876756,67.18777039713585,10.043468246114921,47.50293435487893,86.87260643939275,0.5052522150791403,4316808,4,1,0.4589319598807265,False,2.519999999999996,-64.8
74.23495043289124,76.67545392125953,21.38631336781155,34.75904995826137,100.0,0.5349232332139651,4316956,4,1,0.4589319598807265,True,0.25,-78.3
80.12280673984107,82.56331022820936,37.598279119840825,8.872037272637002,100.0,0.47282266052724314,4317954,4,1,0.4589319598807265,True,-20.0,-100.0
65.28959399493318,67.73009748330148,10.55958637657101,47.03368849358249,88.42650647302047,0.5018853152952549,4318002,4,1,0.4589319598807265,False,2.3799999999999955,-65.4
58.17818448374342,60.618687972111715,13.249929667883764,34.64930302537077,86.58807291885265,0.5361208235297917,4318101,4,1,0.4589319598807265,True,3.6199999999999974,-58.2
61.90984996293965,64.35035345130795,17.410902606641997,30.225611403955085,98.4750954986608,0.5244937876653375,4318606,4,1,0.4589319598807265,True,2.9200000000000017,-62.5
79.72741624158354,82.16791972995183,11.331898108416018,59.957807560978864,100.0,0.4241408690564855,4318903,4,1,0.4589319598807265,False,-0.29999999999999716,-80.3
75.01131339096148,77.45181687932977,17.940805715640114,42.288483823044785,100.0,0.5137435628995377,4319307,4,1,0.4589319598807265,True,0.36999999999999034,-77.7
78.96820007314031,81.4087035615086,23.716186405741205,34.925832355617395,100.0,0.4763173931270018,4319372,4,1,0.4589319598807265,True,-5.700000000000003,-85.7
91.03266692769724,93.47317041606553,22.154230537320707,50.05167645771948,100.0,0.2715428722028268,4319752,4,1,0.4589319598807265,False,-20.0,-100.0
72.64173114410661,75.08223463247491,10.268417922333231,54.956505326496156,95.20796393845364,0.45416981815168317,4319901,4,1,0.4589319598807265,False,1.1000000000000085,-72.8
70.96939943392903,73.40990292229732,12.226822421009523,49.44577133175182,97.37403451284281,0.48043394731444944,4320107,4,1,0.4589319598807265,False,1.3100000000000023,-71.5
72.13988257347599,74.58038606184428,19.116136863166407,37.11344628649963,100.0,0.5206434266930712,4320552,4,1,0.4589319598807265,True,0.769999999999996,-74.8
69.37881950676459,71.81932299513288,11.438143517595714,49.400973650644985,94.23767233962076,0.48328695070941474,4320909,4,1,0.4589319598807265,False,1.6400000000000006,-69.7
58.55631945721096,60.996822945579254,13.249929667883764,35.02743799883831,86.9662078923202,0.5343772753223331,4321105,4,1,0.4589319598807265,True,3.539999999999999,-58.6
66.36306834417653,68.80357183254482,13.521327781067862,42.30225635849092,95.30488730659872,0.506385368456877,4321436,4,1,0.4589319598807265,True,2.1199999999999903,-66.9
81.03463755408816,83.47514104245646,22.435424108175393,39.50251781255101,100.0,0.4384519418865699,4321469,4,1,0.4589319598807265,True,-7.5,-87.5
78.10915857027699,80.54966205864528,12.44216813306293,56.16346062824997,100.0,0.4558533800340127,4321808,4,1,0.4589319598807265,False,0.1700000000000017,-79.0
82.08992974545573,84.53043323382403,11.797174769789805,61.4083955657114,100.0,0.35047923055903707,4321907,4,1,0.4589319598807265,False,-2.9000000000000057,-82.9
79.78149176373141,82.2219952520997,16.537199813643912,49.80967921221513,100.0,0.4465575903319116,4321956,4,1,0.4589319598807265,True,-2.5,-82.5
66.09085007247468,68.53135356084297,21.63059660025118,26.13616326023611,100.0,0.5290898205543895,4322152,4,1,0.4589319598807265,True,1.9099999999999966,-68.2
71.38099610011982,73.82149958848811,12.099983841799512,50.105967045044466,97.53703213193175,0.4791886033175075,4322202,4,1,0.4589319598807265,False,1.289999999999992,-71.9
73.87409432138617,76.31459780975446,17.719997401277084,41.58404109710801,100.0,0.5122770697469763,4322541,4,1,0.4589319598807265,False,0.5600000000000023,-76.3
76.69110940215616,79.13161289052445,25.32330589113684,29.498845374405256,100.0,0.5136778526868421,4322558,4,1,0.4589319598807265,True,-3.700000000000003,-83.7
76.29658434188413,78.73708783025242,12.41657022782383,54.401057372205415,100.0,0.4625568102226929,4322806,4,1,0.4589319598807265,True,0.46999999999999886,-77.1
58.89631908292254,61.33682257129083,9.725222866305653,42.27573601170636,80.3979091308753,0.541894870733377,4323002,4,1,0.4589319598807265,False,3.460000000000001,-58.9
69.14361082882232,71.58411431719061,22.435424108175393,27.611491087285167,100.0,0.5338493657188044,4323101,4,1,0.4589319598807265,True,1.1899999999999977,-72.3
67.87687342011878,70.31737690848708,24.082594281475064,23.116359462505677,100.0,0.537756447126301,4323358,4,1,0.4589319598807265,True,1.3999999999999915,-71.2
50.33045628700699,52.77095977537528,18.825327706680664,15.873995473117162,89.66792407763339,0.5283527411808899,4323457,4,1,0.4589319598807265,True,5.109999999999999,-49.0
83.1292700378308,85.5697735261991,28.043723315672043,30.60508583507569,100.0,0.421283780854358,4323606,4,0,0.4589319598807265,True,-15.0,-95.0
69.86633489899461,72.3068383873629,11.43254254668574,49.899466744137015,94.71421003058879,0.4805766238950544,5000203,4,0,0.4589319598807265,True,1.5499999999999972,-70.2
91.49238355140285,93.93288703977115,12.49474220885633,69.44364231430029,100.0,0.13240378571141326,5000856,4,0,0.4589319598807265,True,-13.0,-93.0
27.696658983266627,30.137162471634923,13.167535884102376,4.329266373655482,55.94505856961436,0.5910811146812793,5001508,4,0,0.4589319598807265,True,7.170000000000002,-26.0
52.99831287518885,55.438816363557144,10.955428736634378,33.96657060455861,76.91106212255568,0.5713952834259878,5002407,4,0,0.4589319598807265,True,4.509999999999998,-52.9
33.17463070665568,35.61513419502397,12.183188862497609,11.736522807679144,59.49374558236879,0.6147743057100554,5002605,4,0,0.4589319598807265,False,6.969999999999999,-32.2
38.30084439957836,40.74134788794665,11.636078903539753,17.93505231574241,63.547643460150894,0.6178402444895528,5002902,4,0,0.4589319598807265,True,6.529999999999994,-37.7
43.56520088048831,46.005704368856605,10.829740749053013,24.77980253880687,67.23160619890633,0.6152806217108293,5002951,4,0,0.4589319598807265,True,5.880000000000003,-43.3
39.264379578560266,41.70488306692856,10.900090242600788,20.341098763194548,63.06866737066257,0.6271520986385644,5003256,4,0,0.4589319598807265,True,6.340000000000003,-38.9
58.509818282783186,60.95032177115148,16.695302710183658,28.228129748197546,93.67251379410541,0.527927174929997,5003900,4,0,0.4589319598807265,True,3.519999999999996,-58.6
77.59439311248045,80.03489660084874,13.698945732225306,53.18545633951845,100.0,0.47192338726563793,5004007,4,1,0.4589319598807265,True,0.1699999999999875,-78.9
61.72421632756164,64.16471981592994,10.876798690113377,42.84658611621528,85.48285351564459,0.5240200196667718,5004700,4,0,0.4589319598807265,True,3.019999999999996,-61.8
40.832462300455,43.27296578882329,10.485871938002033,22.721034443840086,63.824897133806495,0.6324193561560072,5005400,4,1,0.4589319598807265,True,6.219999999999999,-40.6
82.86985888992395,85.31036237829224,12.031300113599059,61.729447468445414,100.0,0.32946934639256176,5005681,4,1,0.4589319598807265,False,-3.799999999999997,-83.8
60.27292396883087,62.71342745719916,10.289290417694353,42.546788812045136,82.88006610235318,0.5316274168895271,5005707,4,1,0.4589319598807265,True,3.230000000000004,-60.3
48.291372963449824,50.73187645181812,15.131322750850977,21.07502882169866,80.38872408193757,0.5514828351199186,5006259,4,0,0.4589319598807265,True,5.289999999999999,-47.4
48.97734477402271,51.417848262391004,14.273245665407064,23.442800815700714,79.39289570908129,0.5571613658132961,5007554,4,1,0.4589319598807265,True,5.170000000000002,-48.3
90.56301271684298,93.00351620521127,15.23004284347749,63.15318074899339,100.0,0.19660598556781095,5100359,4,1,0.4589319598807265,False,-13.700000000000003,-93.7
93.62065088591886,96.06115437428716,18.825327706680664,59.16419007202904,100.0,0.19678326184235012,5101001,4,0,0.4589319598807265,True,-20.0,-100.0
33.089056349810285,35.52955983817858,14.04384763682824,8.004124265627272,63.05499541072987,0.5793062267214191,5101852,4,0,0.4589319598807265,False,7.040000000000003,-31.3
39.826041447337836,42.26654493570613,13.208268847331498,16.378813696814014,68.15427617459824,0.5875842850310418,5102603,4,1,0.4589319598807265,True,6.390000000000001,-38.8
57.80003091342695,60.240534401795244,11.921623420044268,36.874581861259244,83.60648694233123,0.5407368449059827,5103304,4,1,0.4589319598807265,True,3.6600000000000037,-57.8
60.74292360921197,63.183427097580264,10.882550094506861,41.854020852393845,84.51283334276667,0.5291754285907865,5104104,4,1,0.4589319598807265,True,3.1799999999999997,-60.8
84.2936398009446,86.7341432893129,14.415340485845839,58.48059511217292,100.0,0.32019586037599573,5104203,4,0,0.4589319598807265,True,-6.400000000000006,-86.4
61.590405496324784,64.03090898469308,13.108108264621015,38.339488880584064,89.7223290888021,0.5243050973310129,5104526,4,1,0.4589319598807265,True,3.030000000000001,-61.8
43.150460744291244,45.59096423265954,12.06028687338159,21.95323631761044,69.22869214770863,0.596266610474526,5104609,4,0,0.4589319598807265,True,5.93,-42.6
51.861254189626585,54.30175767799488,11.39959839628137,31.95895538306283,76.64455997292691,0.5716411410866329,5105622,4,0,0.4589319598807265,True,4.659999999999997,-51.7
56.93249179584627,59.37299528421456,12.050551204287737,35.754348929954816,82.9916416384743,0.5461454744884472,5105903,4,1,0.4589319598807265,True,3.8700000000000045,-56.9
72.66662135468134,75.10712484304963,12.366692716807377,50.868852510233374,99.34539717586588,0.47526886239282123,5106158,4,0,0.4589319598807265,True,1.0400000000000063,-73.3
76.75400767380563,79.19451116217392,16.77719973051767,46.311803928924185,100.0,0.5032217318309801,5106190,4,1,0.4589319598807265,True,0.12999999999999545,-79.2
58.72761284279628,61.168116331164576,14.343222539110213,33.0559167322654,89.28031593006374,0.532281314854504,5106281,4,0,0.4589319598807265,False,3.530000000000001,-58.8
57.002591623361276,59.44309511172957,9.71650962548225,40.39908619034759,78.48710403311155,0.5571574213703048,5107909,4,1,0.4589319598807265,True,3.8400000000000034,-57.0
66.84898204829642,69.28948553666471,16.695302710183658,36.56729351371078,100.0,0.5157791940483913,5108808,4,1,0.4589319598807265,True,1.9500000000000028,-68.0
75.78506359180294,78.22556708017123,11.49597388625725,55.69387229589405,100.0,0.45203312759506087,5200308,4,1,0.4589319598807265,True,0.5400000000000063,-76.3
73.16105269290345,75.60155618127175,27.415453203075018,21.86825528340144,100.0,0.5637314445062855,5201207,4,0,0.4589319598807265,True,0.0,-80.0
63.375386413326396,65.81588990169469,12.226822421009523,41.85175831114919,89.78002149224018,0.5144874390383521,5201702,4,0,0.4589319598807265,True,2.6600000000000037,-63.6
77.18235737342977,79.62286086179806,15.385054218897446,49.46870869256304,100.0,0.49059170557022197,5203401,4,1,0.4589319598807265,True,0.1600000000000108,-79.1
50.84788128242012,53.28838477078841,20.50842059029083,13.092619034018703,93.48415050755811,0.5202534254960782,5203962,4,0,0.4589319598807265,True,5.030000000000001,-49.3
68.67032023234077,71.11082372070906,15.18023793095687,41.35810409928476,100.0,0.5052342762734853,5204003,4,0,0.4589319598807265,True,1.6099999999999994,-69.7
75.27040754835151,77.7109110367198,14.239029787723334,49.802925477989056,100.0,0.48288903839652353,5204409,4,0,0.4589319598807265,True,0.5,-76.6
76.39028077523696,78.83078426360525,18.17469066518232,43.209045129691575,100.0,0.5133700437605145,5204607,4,0,0.4589319598807265,True,0.03999999999999204,-79.4
84.6643595743001,87.10486306266839,14.605693054911278,58.478230705795475,100.0,0.31332592586107144,5204854,4,0,0.4589319598807265,True,-6.900000000000006,-86.9
67.30130983817973,69.74181332654803,16.172127767279083,38.04502534930086,100.0,0.5127807056486617,5205208,4,0,0.4589319598807265,True,1.8599999999999994,-68.4
78.89598914937878,81.33649263774707,11.49597388625725,58.80479785346989,100.0,0.43996725245926166,5205513,4,0,0.4589319598807265,True,0.09999999999999432,-79.5
61.99528195156279,64.43578543993108,18.422913763180244,28.32753797381052,100.0,0.5243294048021119,5205521,4,1,0.4589319598807265,True,2.8599999999999994,-62.7
82.35331102713818,84.79381451550647,21.63059660025118,42.398624214899606,100.0,0.41230410556077235,5206305,4,0,0.4589319598807265,True,-8.599999999999994,-88.6
68.75889381705993,71.19939730542822,18.422913763180244,35.09114983930766,100.0,0.518412985929429,5206701,4,0,0.4589319598807265,True,1.4500000000000028,-70.6
76.26559679751686,78.70610028588516,15.663773348726975,48.00566866038192,100.0,0.49398696483474974,5207253,4,0,0.4589319598807265,True,0.269999999999996,-78.2
66.1970489770654,68.6375524654337,14.01290629142482,41.17276081550631,96.10234411536108,0.5074713478392515,5207907,4,1,0.4589319598807265,True,2.1000000000000085,-66.8
91.64782869061838,94.08833217898668,19.427296987827628,56.011529765881036,100.0,0.2341700957873974,5208152,4,1,0.4589319598807265,True,-18.200000000000003,-98.2
79.58910927547576,82.02961276384406,10.196831444368867,62.04419037645553,100.0,0.414222625969497,5208608,4,0,0.4589319598807265,True,0.01999999999999602,-79.8
41.831490751756704,44.271994240125,16.695302710183658,11.549802217171063,76.99418626307892,0.5428813040479464,5209150,4,0,0.4589319598807265,False,6.270000000000003,-39.8
63.652611751880976,66.09311524024928,13.336167303451989,39.95470763368272,92.23152284681582,0.5160562015068211,5209903,4,1,0.4589319598807265,True,2.6299999999999955,-64.0
74.09691830781192,76.53742179618021,16.77719973051767,43.65471456293047,100.0,0.5055302618273246,5209937,4,0,0.4589319598807265,True,0.5699999999999932,-76.2
74.69424401109755,77.13474749946585,16.31328173007474,45.16130283886409,100.0,0.5018402978746532,5211305,4,0,0.4589319598807265,True,0.5099999999999909,-76.7
69.70990047056394,72.15040395893223,10.04155832020843,52.469311302665176,91.83149661519928,0.47061103413808564,5211503,4,0,0.4589319598807265,True,1.6099999999999994,-69.8
82.45469190687365,84.89519539524194,10.790759646772903,63.74569512173889,100.0,0.3250414712522829,5211800,4,0,0.4589319598807265,True,-2.9000000000000057,-82.9
88.90641856198998,91.34692205035827,22.154230537320707,47.925428092012226,100.0,0.3042630209520615,5212600,4,1,0.4589319598807265,True,-17.299999999999997,-97.3
50.96373686300679,53.40424035137508,14.566416983817057,24.85458767930108,81.95389302344907,0.5512313222260106,5212709,4,0,0.4589319598807265,True,4.880000000000003,-50.4
77.36154592453292,79.80204941290121,13.271118185943745,53.79113573387693,100.0,0.4666098296207687,5213004,4,0,0.4589319598807265,True,0.18999999999999773,-78.5
65.51617676097386,67.95668024934216,13.521327781067862,41.45536477528826,94.45799572339605,0.5086536229903673,5213756,4,0,0.4589319598807265,True,2.25,-66.0
59.108830077317315,61.54933356568561,20.50842059029083,21.3535678289159,100.0,0.5241194860679155,5213772,4,0,0.4589319598807265,True,3.3900000000000006,-59.4
67.86110922468771,70.301612713056,11.175485531742451,48.39806356109234,92.20516186501966,0.48923434178043096,5214507,4,0,0.4589319598807265,True,1.9000000000000057,-68.1
84.16419378852616,86.60469727689446,14.686159255751257,57.82035406440242,100.0,0.3264552476982088,5215009,4,1,0.4589319598807265,True,-6.400000000000006,-86.4
83.37610337425957,85.81660686262786,14.989676326899103,56.43738112199297,100.0,0.34899289884037055,5216304,4,0,0.4589319598807265,True,-5.700000000000003,-85.7
67.61824714445603,70.05875063282433,12.14093092746705,46.26296327620043,93.85453798944822,0.4947837167335467,5217104,4,0,0.4589319598807265,True,1.9000000000000057,-68.0
65.45657822468372,67.89708171305202,9.900352342399117,48.49274768769298,87.30141573841105,0.4989087229913805,5217609,4,0,0.4589319598807265,True,2.3700000000000045,-65.5
81.0966993779343,83.5372028663026,16.38623907861482,51.42076443015474,100.0,0.41454679038545894,5218052,4,1,0.4589319598807265,True,-3.9000000000000057,-83.9
67.47030500329052,69.91080849165881,14.205313509173251,42.068905624578946,97.75271135873868,0.5055939145889272,5218607,4,0,0.4589319598807265,True,1.9099999999999966,-68.2
76.84257731933874,79.28308080770704,16.77719973051767,46.4003735744573,100.0,0.5020668279702167,5218789,4,0,0.4589319598807265,True,0.07000000000000739,-79.3
86.00501068544885,88.44551417381714,9.72580578068131,69.38328512305031,100.0,0.19259826374398453,5218805,4,0,0.4589319598807265,True,-6.099999999999994,-86.1
76.26962758579283,78.71013107416113,15.90742446259191,47.53215204068955,100.0,0.49548258953360286,5219100,4,0,0.4589319598807265,True,0.23000000000000398,-78.3
42.85458065927583,45.295084147644125,10.245075414668031,25.21510531599802,65.37506297929022,0.6287113574328661,5219753,4,0,0.4589319598807265,True,5.959999999999994,-42.7
66.2542399993178,68.6947434876861,9.88091463599908,49.3285066668132,88.060980308559,0.4945598954930783,5221403,4,0,0.4589319598807265,True,2.260000000000005,-66.3
74.36081838163825,76.80132187000655,14.172085688697614,49.02454433434369,100.0,0.48448427809095906,5221700,4,0,0.4589319598807265,True,0.6500000000000057,-75.6
56.70469305207889,59.14519654044718,9.79536454864226,39.946634809667906,78.34375827122645,0.5574219120062939,5221858,4,0,0.4589319598807265,True,3.8599999999999994,-56.7
