id_municipio,sigla_uf,nome_regiao,cluster,cluster_nome,n_avaliados,taxa_alfabetizacao_2023,taxa_alfabetizacao_2024,media_portugues_2024,taxa_presenca_2024,log_porte,share_rede_estadual,proporcao_aluno_nivel_0,proporcao_aluno_nivel_1,proporcao_aluno_nivel_2,proporcao_aluno_nivel_3,proporcao_aluno_nivel_4,proporcao_aluno_nivel_5,proporcao_aluno_nivel_6,proporcao_aluno_nivel_7,proporcao_aluno_nivel_8
1600238,AP,Norte,0,alfabetização consolidada,150,0.679068922996521,0.72073525,773.5553,0.9316770186335404,2.1760912590556813,0.07445817,4.37,2.66,5.72,5.64,12.33,10.11,17.08,27.27,14.82
1600709,AP,Norte,0,alfabetização consolidada,284,0.2997140884399414,0.90536326,797.74725,0.9131832797427653,2.4533183400470375,0.054468334,0.67,1.46,2.13,2.5,4.55,12.05,23.52,22.55,30.57
2101350,MA,Nordeste,0,alfabetização consolidada,18,0.8888888359069824,1.0,810.2244,1.0,1.255272505103306,0.0,0.0,0.0,0.0,0.0,0.0,16.67,33.33,22.22,27.78
2106375,MA,Nordeste,0,alfabetização consolidada,122,0.7640974521636963,0.97619784,796.7022,0.9457364341085271,2.0863598306747484,0.0,0.0,0.0,0.0,0.78,5.63,16.02,34.29,24.39,18.89
2111748,MA,Nordeste,0,alfabetização consolidada,101,0.9562641978263855,0.9611424,788.07025,0.9805825242718447,2.0043213737826426,0.0,0.0,0.0,0.0,1.94,3.88,25.43,39.79,19.87,9.08
2200202,PI,Nordeste,0,alfabetização consolidada,187,0.9063044190406799,0.9197861,797.4295,1.0,2.271841606536499,0.0,0.53,0.53,0.0,2.67,5.88,11.76,26.2,30.48,21.93
2200301,PI,Nordeste,0,alfabetização consolidada,84,0.9092329144477844,0.82423323,782.6588,0.9767441860465116,1.9242792860618816,0.0,0.0,2.33,4.65,4.8,9.45,17.44,24.13,23.11,14.1
2200608,PI,Nordeste,0,alfabetização consolidada,97,0.6149501800537109,0.9587629,799.3115,1.0,1.9867717342662448,0.0,1.03,0.0,0.0,1.03,5.15,10.31,31.96,32.99,17.53
2201002,PI,Nordeste,0,alfabetização consolidada,54,0.8379806876182556,0.9814815,813.46783,1.0,1.7323937598229686,0.0,0.0,0.0,0.0,0.0,1.85,11.11,18.52,31.48,37.04
2201150,PI,Nordeste,0,alfabetização consolidada,201,0.486064612865448,0.810387,783.92017,0.9852941176470589,2.303196057420489,0.0,2.69,2.06,7.15,3.43,4.6,13.71,15.34,29.46,21.57
2201176,PI,Nordeste,0,alfabetização consolidada,44,0.6111493110656738,0.9318182,788.3141,1.0,1.6434526764861874,0.0,0.0,0.0,0.0,0.0,13.64,22.73,27.27,20.45,15.91
2201556,PI,Nordeste,0,alfabetização consolidada,38,0.6104576587677002,0.89271045,798.47406,0.9743589743589743,1.5797835966168101,0.0,0.0,0.0,0.0,5.29,5.45,21.15,10.58,26.12,31.41
2201572,PI,Nordeste,0,alfabetização consolidada,26,1.0,1.0,811.7569,1.0,1.414973347970818,0.0,0.0,0.0,0.0,0.0,0.0,7.69,19.23,50.0,23.08
2201903,PI,Nordeste,0,alfabetização consolidada,285,0.9908041954040527,0.9895485,826.8352,0.9930313588850174,2.45484486000851,0.0,0.0,0.0,0.0,0.35,1.39,3.48,5.23,29.21,60.34
2201988,PI,Nordeste,0,alfabetização consolidada,43,0.503333330154419,0.95348835,796.9195,1.0,1.6334684555795864,0.0,0.0,0.0,0.0,2.33,2.33,16.28,30.23,39.53,9.3
2202026,PI,Nordeste,0,alfabetização consolidada,59,0.8486472964286804,0.98332775,805.65295,0.9833333333333333,1.7708520116421442,0.0,0.0,0.0,0.0,0.0,3.33,10.6,27.26,33.57,25.24
2202091,PI,Nordeste,0,alfabetização consolidada,22,1.0,1.0,824.79956,1.0,1.3424226808222062,0.0,0.0,0.0,0.0,0.0,0.0,4.55,18.18,13.64,63.64
2202109,PI,Nordeste,0,alfabetização consolidada,32,0.90625,1.0,821.34717,1.0,1.505149978319906,0.0,0.0,0.0,0.0,0.0,3.12,0.0,15.62,28.12,53.12
2202133,PI,Nordeste,0,alfabetização consolidada,72,0.8555743098258972,0.9579559,805.708,0.972972972972973,1.8573324964312685,0.0,0.0,0.0,0.0,1.44,7.05,9.88,23.9,23.42,34.31
2202729,PI,Nordeste,0,alfabetização consolidada,82,0.8026527166366577,0.87682927,792.59955,1.0,1.9138138523837167,0.0,0.0,0.0,1.22,4.94,7.38,14.7,25.73,24.51,21.52
2202737,PI,Nordeste,0,alfabetização consolidada,73,0.780764639377594,0.9448095,807.7523,0.9605263157894737,1.863322860120456,0.0,0.0,0.0,1.38,1.38,2.76,12.3,21.7,22.88,37.6
2203230,PI,Nordeste,0,alfabetização consolidada,39,0.9314336776733398,0.9251497,802.2692,0.975,1.591064607026499,0.0,0.0,0.0,5.0,0.0,2.5,10.14,27.92,20.69,33.75
2203420,PI,Nordeste,0,alfabetização consolidada,45,0.9143542051315308,0.82222223,793.8369,1.0,1.6532125137753437,0.0,2.22,2.22,4.44,2.22,11.11,6.67,11.11,28.89,31.11
2203453,PI,Nordeste,0,alfabetização consolidada,55,0.9736842513084412,0.8727273,786.91095,1.0,1.7403626894942439,0.0,1.82,0.0,1.82,5.45,5.45,12.73,36.36,21.82,14.55
2203701,PI,Nordeste,0,alfabetização consolidada,415,0.5701276063919067,0.7314444,782.4406,0.9834123222748815,2.6180480967120925,0.0,0.0,0.96,3.82,10.62,15.34,13.34,10.94,20.26,24.73
2204154,PI,Nordeste,0,alfabetização consolidada,21,0.59375,0.95238096,811.6919,1.0,1.3222192947339193,0.0,0.0,0.0,0.0,0.0,4.76,4.76,23.81,23.81,42.86
2204303,PI,Nordeste,0,alfabetização consolidada,88,0.9826086759567261,0.96630436,815.91815,0.9565217391304348,1.9444826721501687,0.0,0.0,0.0,0.0,0.0,5.65,5.49,12.5,34.46,41.9
2204808,PI,Nordeste,0,alfabetização consolidada,72,0.8544796109199524,0.95824784,818.9904,0.9863013698630136,1.8573324964312685,0.0,1.37,0.0,0.0,0.0,4.17,2.74,11.09,23.74,56.88
2205151,PI,Nordeste,0,alfabetização consolidada,51,0.8846664428710938,0.84313726,786.9667,1.0,1.7075701760979363,0.0,0.0,0.0,0.0,5.88,13.73,19.61,23.53,21.57,15.69
2205250,PI,Nordeste,0,alfabetização consolidada,34,0.5842463374137878,0.77,778.9845,0.9714285714285714,1.5314789170422551,0.0,0.0,2.86,5.71,8.57,5.86,20.43,17.71,20.86,18.0
2205276,PI,Nordeste,0,alfabetização consolidada,41,0.7383409738540649,0.95238096,791.89966,0.9761904761904762,1.6127838567197355,0.0,0.0,0.0,0.0,2.38,5.0,22.38,31.67,19.52,19.05
2205359,PI,Nordeste,0,alfabetização consolidada,31,0.509925901889801,0.9713959,786.0907,0.8857142857142857,1.4913616938342726,0.0,0.0,0.0,2.86,0.0,7.62,21.9,24.76,40.0,2.86
2205409,PI,Nordeste,0,alfabetização consolidada,187,0.5554416179656982,0.81276125,786.13666,0.9894179894179894,2.271841606536499,0.0,0.0,1.06,1.06,7.5,12.33,15.03,21.92,21.36,19.74
2205524,PI,Nordeste,0,alfabetização consolidada,14,0.4324972629547119,1.0,793.31,0.9333333333333333,1.146128035678238,0.0,0.0,0.0,0.0,0.0,7.14,0.0,50.0,42.86,0.0
2205532,PI,Nordeste,0,alfabetização consolidada,61,0.9641016125679016,0.9836066,810.5767,1.0,1.7853298350107671,0.0,0.0,0.0,0.0,0.0,1.64,11.48,21.31,29.51,36.07
2205540,PI,Nordeste,0,alfabetização consolidada,34,0.8193842768669128,0.87796515,795.50543,0.9714285714285714,1.5314789170422551,0.0,0.0,3.12,0.0,0.0,12.21,11.69,11.95,34.81,26.23
2205607,PI,Nordeste,0,alfabetização consolidada,58,0.978983998298645,1.0,821.6026,1.0,1.7634279935629373,0.0,0.0,0.0,0.0,0.0,0.0,5.17,8.62,37.93,48.28
2205953,PI,Nordeste,0,alfabetização consolidada,139,0.9886731505393982,0.896402,793.2049,0.9586206896551724,2.143014800254095,0.0,0.0,0.78,1.55,2.96,7.12,12.43,30.25,25.76,19.15
2206506,PI,Nordeste,0,alfabetização consolidada,87,1.0,0.9770115,835.4853,1.0,1.9395192526186185,0.0,0.0,0.0,0.0,1.15,1.15,0.0,4.6,12.64,80.46
2206753,PI,Nordeste,0,alfabetização consolidada,21,0.21739129722118378,0.95238096,800.10425,1.0,1.3222192947339193,0.0,0.0,0.0,0.0,0.0,4.76,9.52,42.86,23.81,19.05
2206902,PI,Nordeste,0,alfabetização consolidada,56,0.6899707317352295,0.8955095,803.95233,0.9655172413793104,1.7481880270062005,0.0,0.0,0.0,1.81,5.17,3.45,6.99,21.42,26.86,34.3
2207108,PI,Nordeste,0,alfabetização consolidada,21,0.625,0.85714287,780.7543,1.0,1.3222192947339193,0.0,9.52,0.0,0.0,0.0,4.76,19.05,23.81,28.57,14.29
2207207,PI,Nordeste,0,alfabetização consolidada,86,0.8643233180046082,1.0,836.2758,1.0,1.9344984512435677,0.0,0.0,0.0,0.0,0.0,0.0,1.16,5.81,11.63,81.4
2207850,PI,Nordeste,0,alfabetização consolidada,40,0.6631579399108887,0.9,787.69775,1.0,1.6020599913279623,0.0,0.0,0.0,2.5,2.5,5.0,17.5,35.0,32.5,5.0
2208700,PI,Nordeste,0,alfabetização consolidada,77,0.9900000095367432,0.8051948,778.1861,1.0,1.8864907251724818,0.0,0.0,1.3,3.9,7.79,9.09,20.78,22.08,22.08,12.99
2208858,PI,Nordeste,0,alfabetização consolidada,66,0.9841270446777344,0.92424244,813.4962,1.0,1.8195439355418688,0.0,0.0,0.0,0.0,0.0,9.09,7.58,12.12,25.76,45.45
2208908,PI,Nordeste,0,alfabetização consolidada,93,0.8877621293067932,0.8524141,788.8871,0.9789473684210527,1.968482948553935,0.0,0.0,0.0,0.0,5.26,11.58,11.78,29.3,23.97,18.1
2209104,PI,Nordeste,0,alfabetização consolidada,54,0.9561018943786621,0.9814815,820.7255,1.0,1.7323937598229686,0.0,0.0,0.0,0.0,0.0,1.85,3.7,20.37,27.78,46.3
2209500,PI,Nordeste,0,alfabetização consolidada,41,0.7341896891593933,0.85365856,785.80536,1.0,1.6127838567197355,0.0,0.0,2.44,0.0,7.32,7.32,17.07,24.39,21.95,19.51
2209856,PI,Nordeste,0,alfabetização consolidada,27,0.8202763795852661,0.96338516,809.5489,0.9310344827586207,1.4313637641589874,0.0,0.0,0.0,0.0,3.66,0.0,7.43,22.18,33.46,33.27
2209955,PI,Nordeste,0,alfabetização consolidada,23,0.5367085337638855,0.8695652,800.70654,1.0,1.3617278360175928,0.0,0.0,0.0,0.0,4.35,8.7,8.7,26.09,26.09,26.09
2210052,PI,Nordeste,0,alfabetização consolidada,68,1.0,0.9264706,803.4493,1.0,1.8325089127062364,0.0,0.0,0.0,1.47,1.47,5.88,16.18,11.76,30.88,32.35
2210201,PI,Nordeste,0,alfabetização consolidada,34,0.9384900331497192,0.9705882,807.20294,1.0,1.5314789170422551,0.0,0.0,0.0,0.0,2.94,0.0,14.71,23.53,29.41,29.41
2210300,PI,Nordeste,0,alfabetização consolidada,58,0.9481355547904968,0.87931037,789.6523,1.0,1.7634279935629373,0.0,0.0,3.45,3.45,5.17,1.72,8.62,25.86,43.1,8.62
2210631,PI,Nordeste,0,alfabetização consolidada,52,0.9350668787956238,0.76830626,780.48944,0.9629629629629629,1.7160033436347992,0.0,1.94,1.95,5.86,3.81,11.51,11.52,26.62,17.42,19.36
2211605,PI,Nordeste,0,alfabetização consolidada,20,1.0,1.0,807.0495,1.0,1.3010299956639813,0.0,0.0,0.0,0.0,0.0,0.0,10.0,35.0,20.0,35.0
2300101,CE,Nordeste,0,alfabetização consolidada,95,0.8830332159996033,0.91486263,790.944,0.9895833333333334,1.9777236052888478,0.0,2.2,1.1,1.04,3.12,5.27,14.81,28.3,25.29,18.87
2300150,CE,Nordeste,0,alfabetização consolidada,168,0.7814305424690247,0.812123,786.3541,0.9655172413793104,2.225309281725863,0.0,0.0,0.0,2.3,6.5,12.91,9.86,27.01,23.55,17.89
2300200,CE,Nordeste,0,alfabetização consolidada,835,0.9581405520439148,0.9771562,824.07007,0.9553775743707094,2.921686475483602,0.0,0.11,0.36,0.38,0.24,1.81,5.26,17.23,24.41,50.2
2300507,CE,Nordeste,0,alfabetização consolidada,105,0.9780715107917786,0.9904762,851.6154,1.0,2.0211892990699383,0.0,0.95,0.0,0.0,0.0,0.95,0.0,4.76,11.43,81.9
2300606,CE,Nordeste,0,alfabetização consolidada,113,1.0,0.88518256,822.1851,0.9912280701754386,2.0530784434834195,0.0,1.79,1.75,2.63,3.51,1.79,1.75,9.73,14.07,62.97
2300705,CE,Nordeste,0,alfabetização consolidada,187,0.9961311221122742,0.9415347,818.67816,0.9894179894179894,2.271841606536499,0.0,1.08,0.0,1.06,1.59,2.12,3.72,12.95,30.03,47.46
2300754,CE,Nordeste,0,alfabetização consolidada,669,0.8299688696861267,0.8228619,784.8262,0.9681620839363242,2.8254261177678233,0.0,0.48,2.18,3.06,6.34,8.2,13.94,22.6,25.99,17.21
2300804,CE,Nordeste,0,alfabetização consolidada,91,0.9730769395828247,0.94505495,806.45636,1.0,1.9590413923210936,0.0,1.1,0.0,0.0,1.1,3.3,6.59,30.77,26.37,30.77
2301000,CE,Nordeste,0,alfabetização consolidada,1053,0.8789014220237732,0.8399333,791.0232,0.9759036144578314,3.0224283711854865,0.0,0.57,1.83,3.36,4.46,7.76,11.41,20.67,26.91,23.03
2301109,CE,Nordeste,0,alfabetização consolidada,848,0.891158938407898,0.9115765,810.3678,0.9883449883449883,2.9283958522567137,0.0,0.36,1.05,1.53,2.24,4.84,7.62,16.38,25.26,40.72
2301208,CE,Nordeste,0,alfabetização consolidada,317,0.8725394606590271,0.9086585,794.0332,0.9548192771084337,2.5010592622177517,0.0,0.97,0.63,1.86,1.85,7.0,14.3,22.29,29.97,21.13
2301257,CE,Nordeste,0,alfabetização consolidada,154,0.9891790151596069,0.99336153,844.7449,0.9746835443037974,2.187520720836463,0.0,0.66,0.0,0.0,0.0,0.0,0.0,5.12,19.34,74.88
2301406,CE,Nordeste,0,alfabetização consolidada,176,0.826926589012146,0.8042256,789.4374,0.9887640449438202,2.24551266781415,0.0,0.0,0.0,2.81,5.78,13.8,8.59,18.3,32.1,18.62
2301604,CE,Nordeste,0,alfabetização consolidada,260,0.9072615504264832,0.9808392,843.0209,0.9961685823754789,2.4149733479708178,0.0,0.0,0.0,0.0,0.77,1.92,1.92,7.66,18.39,69.35
2301802,CE,Nordeste,0,alfabetização consolidada,36,0.9762616753578186,0.9166667,810.73083,1.0,1.5563025007672873,0.0,0.0,0.0,0.0,0.0,8.33,8.33,13.89,27.78,41.67
2301851,CE,Nordeste,0,alfabetização consolidada,239,0.8028208017349243,0.76244,778.1754,0.987603305785124,2.3783979009481375,0.0,1.65,4.56,3.75,9.98,5.92,13.05,18.41,24.68,17.99
2301901,CE,Nordeste,0,alfabetização consolidada,705,0.8538270592689514,0.879181,796.90326,0.9943582510578279,2.848189116991399,0.0,2.4,0.85,2.13,2.56,5.69,8.95,20.42,29.2,27.8
2301950,CE,Nordeste,0,alfabetização consolidada,305,0.8875739574432373,0.91148007,804.78265,0.9967320261437909,2.484299839346786,0.0,0.99,1.63,1.31,2.61,3.61,8.82,19.31,27.48,34.23
2302057,CE,Nordeste,0,alfabetização consolidada,254,0.9636130928993225,0.9570227,818.79663,0.9883268482490273,2.404833716619938,0.0,1.18,0.78,0.78,0.39,1.17,4.7,15.3,27.15,48.55
2302107,CE,Nordeste,0,alfabetização consolidada,324,0.778584361076355,0.86773974,789.66406,0.9908256880733946,2.510545010206612,0.0,1.53,1.22,2.14,3.71,9.23,14.22,23.43,22.22,22.3
2302206,CE,Nordeste,0,alfabetização consolidada,676,0.7811294198036194,0.8159981,783.86255,0.9782923299565847,2.829946695941636,0.0,1.45,1.66,5.01,5.95,6.88,14.3,23.79,22.16,18.81
2302305,CE,Nordeste,0,alfabetização consolidada,275,0.9585191011428833,0.97834873,829.70935,0.9927797833935018,2.439332693830263,0.0,0.0,0.0,0.0,0.72,1.44,3.28,12.71,26.88,54.97
2302404,CE,Nordeste,0,alfabetização consolidada,396,0.8004188537597656,0.90356904,805.0166,0.9753694581280788,2.597695185925512,0.0,0.49,0.74,3.02,2.29,4.61,7.77,17.64,28.67,34.77
2302503,CE,Nordeste,0,alfabetização consolidada,532,0.9304931163787842,0.95399475,810.027,0.9779411764705882,2.7259116322950483,0.0,0.0,0.38,0.56,0.93,3.47,8.07,20.64,32.4,33.54
2302602,CE,Nordeste,0,alfabetização consolidada,745,0.9450094103813171,0.9408471,820.78143,0.9906914893617021,2.8721562727482928,0.0,0.4,0.27,1.36,1.62,3.21,5.11,13.51,24.75,49.77
2302701,CE,Nordeste,0,alfabetização consolidada,204,0.8417840600013733,0.82787085,788.0186,0.9902912621359223,2.3096301674258988,0.0,1.02,2.96,1.55,3.4,10.71,10.88,24.06,24.96,20.46
2302800,CE,Nordeste,0,alfabetização consolidada,815,0.9686806201934814,0.9494703,815.2178,0.986682808716707,2.9111576087399764,0.017000666,0.13,0.24,1.0,1.59,3.2,4.83,18.07,27.7,43.24
2302909,CE,Nordeste,0,alfabetização consolidada,174,0.7763715982437134,0.873461,789.16797,0.9613259668508287,2.2405492482826,0.0,1.1,1.66,0.55,4.09,8.37,14.67,27.0,21.06,21.49
2303006,CE,Nordeste,0,alfabetização consolidada,157,0.9673048853874207,0.9872612,839.6886,1.0,2.1958996524092336,0.0,0.0,0.0,0.0,0.64,2.55,0.64,7.64,20.38,68.15
2303105,CE,Nordeste,0,alfabetização consolidada,162,0.9956896305084229,0.9876543,844.2314,1.0,2.2095150145426308,0.0,0.0,0.0,0.62,0.0,1.85,1.85,6.17,16.67,72.84
2303204,CE,Nordeste,0,alfabetização consolidada,338,0.9004713296890259,0.82606673,789.3336,0.9825581395348837,2.5289167002776547,0.0,1.16,0.87,4.78,3.8,7.65,11.35,21.92,26.37,22.09
2303303,CE,Nordeste,0,alfabetização consolidada,168,0.9710618853569031,0.95260084,807.72125,0.9824561403508771,2.225309281725863,0.0,0.58,0.0,0.0,1.17,4.23,8.38,23.16,31.56,30.91
2303402,CE,Nordeste,0,alfabetização consolidada,226,0.8702611923217773,0.83774775,796.0526,0.9912280701754386,2.3541084391474008,0.0,0.45,1.33,4.99,3.62,7.14,9.35,19.88,24.71,28.53
2303501,CE,Nordeste,0,alfabetização consolidada,957,0.8756234645843506,0.8260157,787.48254,0.9795291709314228,2.9809119377768436,0.0,1.26,2.22,4.73,5.01,6.5,11.7,22.09,24.83,21.66
2303600,CE,Nordeste,0,alfabetização consolidada,64,0.7923712730407715,0.8125,788.16486,1.0,1.806179973983887,0.0,0.0,1.56,4.69,9.38,4.69,10.94,18.75,25.0,25.0
2303659,CE,Nordeste,0,alfabetização consolidada,64,1.0,1.0,837.65924,1.0,1.806179973983887,0.0,0.0,0.0,0.0,0.0,1.56,0.0,3.12,34.38,60.94
2303808,CE,Nordeste,0,alfabetização consolidada,162,0.9663461446762085,0.9876543,822.97125,1.0,2.2095150145426308,0.0,0.0,0.0,0.0,0.0,1.85,4.32,14.2,35.19,44.44
2303907,CE,Nordeste,0,alfabetização consolidada,153,0.7530016899108887,0.9150327,802.33844,1.0,2.184691430817599,0.0,0.0,0.0,1.31,2.61,5.88,10.46,26.14,28.1,25.49
2303931,CE,Nordeste,0,alfabetização consolidada,152,0.9780908823013306,0.9542454,823.83,0.9934640522875817,2.1818435879447726,0.0,0.0,0.0,0.0,0.65,4.58,2.61,11.76,23.24,57.15
2303956,CE,Nordeste,0,alfabetização consolidada,244,0.983251690864563,0.9715343,817.3539,0.991869918699187,2.387389826338729,0.0,0.0,0.0,0.41,0.0,3.29,4.11,18.5,31.88,41.82
2304004,CE,Nordeste,0,alfabetização consolidada,277,1.0,1.0,868.00824,1.0,2.4424797690644486,0.0,0.0,0.0,0.0,0.0,0.0,0.36,2.53,7.94,89.17
2304103,CE,Nordeste,0,alfabetização consolidada,674,0.9708077907562256,0.9720411,823.8521,0.9853801169590644,2.82865989653532,0.016085165,0.0,0.0,0.0,1.04,2.35,5.02,15.16,26.95,49.48
2304202,CE,Nordeste,0,alfabetização consolidada,1210,0.9354993104934692,0.9537114,822.9681,0.9950657894736842,3.0827853703164503,0.0,0.41,0.0,0.58,1.49,2.72,4.21,15.04,25.95,49.6
2304236,CE,Nordeste,0,alfabetização consolidada,233,0.9850187301635742,0.99141634,849.739,1.0,2.367355921026019,0.0,0.0,0.0,0.0,0.43,0.43,2.15,6.01,13.3,77.68
2304251,CE,Nordeste,0,alfabetização consolidada,477,0.9952843189239502,0.98934156,829.2087,0.9814814814814815,2.678518379040114,0.0,0.0,0.0,0.22,0.41,0.64,2.34,14.35,28.31,53.73
2304269,CE,Nordeste,0,alfabetização consolidada,85,0.9864864945411682,0.9882353,817.13446,1.0,1.9294189257142926,0.0,0.0,0.0,0.0,0.0,2.35,2.35,23.53,34.12,37.65
2304277,CE,Nordeste,0,alfabetização consolidada,59,0.9858015179634094,0.94999164,811.8853,0.9833333333333333,1.7708520116421442,0.0,0.0,1.67,0.0,0.0,3.33,10.45,13.33,33.94,37.27
2304285,CE,Nordeste,0,alfabetização consolidada,949,0.9263904094696045,0.9391349,811.7861,0.9753340184994861,2.977266212427293,0.0,0.22,0.31,0.94,1.68,3.99,9.08,15.34,30.21,38.23
2304301,CE,Nordeste,0,alfabetização consolidada,175,0.9801487922668457,0.96,827.21643,1.0,2.2430380486862944,0.0,0.57,0.57,0.0,0.57,2.29,1.71,16.0,20.57,57.71
2304350,CE,Nordeste,0,alfabetização consolidada,229,1.0,1.0,862.1577,0.9956521739130435,2.359835482339888,0.0,0.0,0.0,0.0,0.0,0.0,1.3,5.68,11.34,81.68
2304459,CE,Nordeste,0,alfabetização consolidada,225,0.9752280116081238,0.9328212,818.62427,0.9,2.3521825181113627,0.0,0.8,0.83,0.85,1.7,2.54,7.1,12.02,24.4,49.76
2304509,CE,Nordeste,0,alfabetização consolidada,221,0.9966565370559692,0.981765,825.6888,0.9954954954954955,2.3443922736851106,0.0,0.45,0.0,0.0,0.45,1.39,4.52,18.61,21.62,52.95
2304608,CE,Nordeste,0,alfabetização consolidada,85,0.9419630765914917,0.9764706,832.0532,1.0,1.9294189257142926,0.0,0.0,0.0,0.0,1.18,1.18,0.0,11.76,27.06,58.82
2304657,CE,Nordeste,0,alfabetização consolidada,157,0.9841058850288391,1.0,847.88763,0.9345238095238095,2.1958996524092336,0.0,0.0,0.0,0.0,0.0,0.6,1.79,2.42,16.79,78.41
2304707,CE,Nordeste,0,alfabetização consolidada,675,0.932644248008728,0.9778093,839.3098,0.9985207100591716,2.829303772831025,0.0,0.15,0.15,0.15,0.59,1.48,0.74,7.7,22.67,66.37
2304806,CE,Nordeste,0,alfabetização consolidada,59,0.9487179517745972,0.91597337,811.7648,0.9833333333333333,1.7708520116421442,0.0,0.0,0.0,0.0,5.08,3.33,8.41,11.89,22.2,49.09
2304905,CE,Nordeste,0,alfabetização consolidada,125,0.8311147093772888,0.96945167,822.20166,0.9541984732824428,2.0969100130080562,0.0,0.0,0.0,1.53,0.76,1.53,7.63,11.17,27.76,49.62
2304954,CE,Nordeste,0,alfabetização consolidada,243,0.7273743152618408,0.7983423,781.6761,0.9918367346938776,2.385606273598312,0.0,0.82,0.0,4.12,7.83,10.69,15.23,23.03,24.7,13.58
2305001,CE,Nordeste,0,alfabetização consolidada,620,0.9855268597602844,0.9564516,824.0086,1.0,2.792391689498254,0.0,0.0,0.16,0.0,0.81,4.03,4.52,10.97,26.45,53.06
2305100,CE,Nordeste,0,alfabetização consolidada,73,0.5560896992683411,0.9585415,825.82965,0.9864864864864865,1.863322860120456,0.0,1.35,1.44,0.0,0.0,1.35,2.79,10.99,30.09,51.98
2305209,CE,Nordeste,0,alfabetização consolidada,179,0.9901672005653381,0.9611111,832.08264,0.9944444444444445,2.2528530309798933,0.0,0.56,0.56,0.0,0.56,2.22,2.78,11.11,22.28,59.94
2305233,CE,Nordeste,0,alfabetização consolidada,914,0.933591902256012,0.9619509,826.45264,0.9501039501039501,2.960946195733831,0.0,0.54,0.23,0.22,0.65,3.0,2.65,13.07,26.53,53.09
2305308,CE,Nordeste,0,alfabetização consolidada,313,0.9497441649436951,0.97380203,817.33875,0.9936507936507937,2.4955443375464483,0.0,0.0,0.0,0.0,0.99,3.22,6.43,19.17,25.55,44.64
2305332,CE,Nordeste,0,alfabetização consolidada,89,0.9612557888031006,0.9666852,825.25616,0.9888888888888889,1.9493900066449128,0.0,0.0,0.0,0.0,2.22,2.22,2.33,13.44,27.2,52.59
2305357,CE,Nordeste,0,alfabetização consolidada,292,0.8216056823730469,0.76330847,776.9926,0.9831649831649831,2.4653828514484184,0.0,0.69,3.08,9.24,7.23,5.84,15.72,15.85,23.65,18.69
2305605,CE,Nordeste,0,alfabetização consolidada,143,0.9880239367485046,0.9861964,840.44836,0.9862068965517241,2.155336037465062,0.0,0.0,0.0,0.0,0.0,1.38,1.48,5.67,23.91,67.56
2305654,CE,Nordeste,0,alfabetização consolidada,124,0.9747136831283569,0.9916666,849.5626,0.9841269841269841,2.093421685162235,0.0,0.0,0.0,0.0,0.0,0.84,1.63,4.05,19.41,74.07
2305704,CE,Nordeste,0,alfabetização consolidada,126,0.8785302042961121,0.8888889,797.56366,1.0,2.100370545117563,0.0,0.79,0.79,2.38,2.38,6.35,9.52,23.02,27.78,26.98
2305803,CE,Nordeste,0,alfabetização consolidada,441,0.9420928955078125,0.8665598,793.26447,0.9954853273137697,2.6444385894678386,0.0,0.68,0.9,1.81,4.51,7.48,11.32,23.82,26.1,23.37
2305902,CE,Nordeste,0,alfabetização consolidada,433,0.9790123105049133,0.99538106,826.7072,1.0,2.6364878963533656,0.0,0.0,0.0,0.0,0.0,0.92,2.54,16.63,29.1,50.81
2306009,CE,Nordeste,0,alfabetização consolidada,177,0.9861231446266174,0.8418079,807.7598,1.0,2.247973266361807,0.0,2.26,1.69,2.26,5.65,5.08,3.95,13.56,19.77,45.76
2306108,CE,Nordeste,0,alfabetização consolidada,340,0.9653458595275879,0.9676471,817.4686,1.0,2.531478917042255,0.0,0.3,0.29,0.29,0.29,2.94,5.88,16.76,29.41,43.82
2306207,CE,Nordeste,0,alfabetização consolidada,92,0.9131646752357483,0.9673913,809.6981,1.0,1.9637878273455553,0.0,1.09,0.0,0.0,1.09,1.09,8.7,20.65,34.78,32.61
2306256,CE,Nordeste,0,alfabetização consolidada,771,0.8582011461257935,0.85105246,788.7199,0.9809160305343512,2.8870543780509568,0.0,0.77,0.76,3.1,5.38,7.98,14.07,23.07,24.06,20.81
2306306,CE,Nordeste,0,alfabetização consolidada,491,0.9068172574043274,0.8972394,798.152,0.9722772277227723,2.6910814921229687,0.0,0.8,0.82,2.18,3.0,5.91,10.46,24.43,25.27,27.13
2306405,CE,Nordeste,0,alfabetização consolidada,1461,0.8481367826461792,0.88574976,796.714,0.9499349804941483,3.1646502159342966,0.006499246,0.49,0.71,2.12,4.51,5.31,11.8,22.68,26.99,25.39
2306504,CE,Nordeste,0,alfabetização consolidada,174,0.9613547325134277,0.92571557,803.0013,0.9886363636363636,2.2405492482826,0.0,0.0,0.0,1.18,1.7,6.25,7.39,24.65,33.17,25.66
2306553,CE,Nordeste,0,alfabetização consolidada,456,0.9256083369255066,0.9248326,807.24634,0.946058091286307,2.658964842664435,0.0,0.65,1.57,1.33,1.56,4.39,9.31,18.67,27.17,35.35
2306603,CE,Nordeste,0,alfabetização consolidada,222,0.9961538314819336,0.99062735,840.1864,0.9955156950672646,2.346352974450639,0.0,0.0,0.0,0.0,0.45,0.49,0.9,8.11,21.61,68.45
2306702,CE,Nordeste,0,alfabetização consolidada,174,0.9467689990997314,0.93657434,818.4708,0.9830508474576272,2.2405492482826,0.0,0.0,0.56,0.56,1.69,4.7,5.7,13.71,25.98,47.09
2306801,CE,Nordeste,0,alfabetização consolidada,98,0.8940593004226685,0.93877554,806.388,1.0,1.9912260756924949,0.0,1.02,2.04,0.0,2.04,2.04,7.14,19.39,32.65,33.67
2306900,CE,Nordeste,0,alfabetização consolidada,335,0.8596815466880798,0.8925403,798.02954,0.9911242603550295,2.525044807036845,0.0,0.3,1.78,1.78,2.71,6.6,11.98,19.68,27.25,27.93
2307007,CE,Nordeste,0,alfabetização consolidada,346,0.8417601585388184,0.88244325,800.6145,0.947945205479452,2.5390760987927767,0.0,0.31,1.47,1.21,4.67,4.65,11.47,15.46,30.99,29.78
2307254,CE,Nordeste,0,alfabetização consolidada,452,0.997577965259552,0.9803102,825.1481,0.9890590809628009,2.655138434811382,0.0,0.0,0.22,0.22,0.0,1.76,3.78,12.97,29.23,51.82
2307403,CE,Nordeste,0,alfabetização consolidada,278,0.8668788075447083,0.9027787,800.39813,0.9928571428571429,2.444044795918076,0.0,2.14,0.79,2.86,1.43,3.57,7.22,24.44,28.1,29.44
2307601,CE,Nordeste,0,alfabetização consolidada,524,0.878434956073761,0.8964455,803.0994,0.9225352112676056,2.7193312869837265,0.0,0.77,0.92,2.67,2.56,4.04,8.18,17.2,31.05,32.61
2307635,CE,Nordeste,0,alfabetização consolidada,187,0.9766727685928345,0.9531079,824.45575,0.9739583333333334,2.271841606536499,0.0,0.0,0.0,0.52,1.04,3.65,3.65,12.65,25.62,52.88
2307650,CE,Nordeste,0,alfabetização consolidada,3110,0.8251378536224365,0.84659654,791.09033,0.9838658652325214,3.4927603890268375,0.011705119,1.45,1.39,2.41,4.91,7.09,12.5,20.7,25.81,23.75
2307700,CE,Nordeste,0,alfabetização consolidada,1097,0.7976329326629639,0.81663895,785.7701,0.9751111111111112,3.0402066275747113,0.0,1.3,1.54,3.2,6.63,8.43,12.44,21.81,25.12,19.52
2307809,CE,Nordeste,0,alfabetização consolidada,445,0.9417849183082581,0.96657896,820.5448,0.9845132743362832,2.6483600109809315,0.0,0.0,0.0,0.0,0.22,3.59,4.33,17.07,31.53,43.27
2307908,CE,Nordeste,0,alfabetização consolidada,132,0.984687328338623,0.99242425,838.98267,1.0,2.12057393120585,0.0,0.0,0.0,0.0,0.0,0.76,0.0,10.61,24.24,64.39
2308005,CE,Nordeste,0,alfabetização consolidada,422,0.9941176176071167,0.95026004,817.1894,0.9976359338061466,2.625312450961674,0.0,0.0,0.0,0.24,1.18,4.26,4.04,18.02,28.17,44.09
2308104,CE,Nordeste,0,alfabetização consolidada,532,0.8473123908042908,0.8454845,785.4897,0.9851851851851852,2.7259116322950483,0.0,1.48,1.49,2.06,4.63,9.53,13.65,26.58,23.91,16.66
2308203,CE,Nordeste,0,alfabetização consolidada,222,0.9846794009208679,0.9820563,838.52997,0.9955156950672646,2.346352974450639,0.0,0.0,0.0,0.0,0.9,1.35,3.14,8.97,19.34,66.31
2308351,CE,Nordeste,0,alfabetização consolidada,144,1.0,0.9791667,822.82635,1.0,2.1583624920952498,0.0,0.0,0.0,0.69,1.39,0.0,4.86,14.58,29.17,49.31
2308377,CE,Nordeste,0,alfabetização consolidada,151,0.8666055202484131,0.85598284,797.63184,0.9805194805194806,2.1789769472931693,0.0,0.65,1.95,0.65,4.6,6.55,7.2,22.6,31.8,24.0
2308401,CE,Nordeste,0,alfabetização consolidada,396,0.7474663853645325,0.82375026,784.366,0.9850746268656716,2.597695185925512,0.0,0.0,1.01,4.0,6.01,8.9,15.3,22.21,26.91,15.66
2308500,CE,Nordeste,0,alfabetização consolidada,415,0.9352391958236694,0.93509305,811.7049,0.9975961538461539,2.6180480967120925,0.0,0.0,0.24,0.0,1.68,5.29,8.89,18.34,25.81,39.75
2308609,CE,Nordeste,0,alfabetização consolidada,211,0.9672890305519104,0.97196263,825.5789,0.985981308411215,2.3242824552976926,0.27102804,0.0,0.0,0.0,0.47,2.8,3.74,15.42,24.77,52.8
2308807,CE,Nordeste,0,alfabetização consolidada,84,0.9891204237937927,0.9285714,823.03394,1.0,1.9242792860618816,0.0,2.38,0.0,1.19,1.19,2.38,3.57,11.9,21.43,55.95
2308906,CE,Nordeste,0,alfabetização consolidada,269,0.9890386462211609,0.97769517,835.2126,1.0,2.429752280002408,0.0,0.0,0.0,0.0,0.37,2.23,2.6,10.78,23.05,60.97
2309003,CE,Nordeste,0,alfabetização consolidada,170,0.9791666865348816,0.9882353,831.46674,1.0,2.230448921378274,0.0,1.18,0.0,0.0,0.0,0.59,2.35,10.59,23.53,61.76
2309102,CE,Nordeste,0,alfabetização consolidada,108,0.8580623269081116,0.8888889,799.4423,1.0,2.03342375548695,0.0,0.0,0.0,2.78,2.78,9.26,9.26,21.3,26.85,27.78
2309201,CE,Nordeste,0,alfabetização consolidada,213,1.0,0.9953052,856.1144,1.0,2.3283796034387376,0.0,0.0,0.0,0.0,0.0,0.94,0.0,1.88,18.31,78.87
2309300,CE,Nordeste,0,alfabetização consolidada,273,0.9668517112731934,0.9963644,831.23334,0.9927272727272727,2.436162647040756,0.0,0.0,0.0,0.0,0.0,0.36,2.91,11.33,30.64,54.76
2309409,CE,Nordeste,0,alfabetização consolidada,334,0.9875906109809875,1.0,837.55634,0.9970149253731343,2.5237464668115646,0.0,0.0,0.0,0.0,0.0,0.0,1.19,8.12,25.17,65.52
2309458,CE,Nordeste,0,alfabetização consolidada,321,0.894474446773529,0.84766126,785.9052,0.9938080495356038,2.506505032404872,0.0,0.0,1.86,3.76,4.02,9.0,12.49,26.43,27.18,15.26
2309508,CE,Nordeste,0,alfabetização consolidada,224,0.9090197086334229,0.9075725,795.48755,0.9739130434782609,2.3502480183341627,0.0,0.95,0.43,0.91,2.37,6.48,8.87,28.96,35.86,15.17
2309607,CE,Nordeste,0,alfabetização consolidada,667,0.857027530670166,0.87910134,793.9604,0.9652677279305355,2.824125833916549,0.0,1.95,2.08,1.66,3.76,3.83,9.04,24.59,29.19,23.9
2309706,CE,Nordeste,0,alfabetização consolidada,812,0.7561916708946228,0.78360057,779.9527,0.9866342648845686,2.9095560292411755,0.0,0.98,4.52,3.47,7.48,7.31,11.72,25.88,20.47,18.17
2309805,CE,Nordeste,0,alfabetização consolidada,136,0.8888749480247498,0.9117647,813.1848,1.0,2.1335389083702174,0.0,0.0,0.74,0.0,4.41,4.41,5.15,21.32,23.53,40.44
2309904,CE,Nordeste,0,alfabetização consolidada,73,0.9787878394126892,1.0,837.173,1.0,1.863322860120456,0.0,0.0,0.0,0.0,0.0,0.0,4.11,6.85,23.29,65.75
2310001,CE,Nordeste,0,alfabetização consolidada,122,0.7054389715194702,0.74590164,771.72217,1.0,2.0863598306747484,0.0,4.1,4.1,6.56,4.92,9.84,14.75,16.39,22.13,17.21
2310100,CE,Nordeste,0,alfabetização consolidada,123,0.9867954850196838,0.9430894,806.13116,1.0,2.089905111439398,0.0,0.0,0.0,0.0,2.44,4.88,9.76,24.39,25.2,33.33
2310209,CE,Nordeste,0,alfabetização consolidada,568,0.9485987424850464,0.9507924,819.87616,0.993006993006993,2.754348335711019,0.0,0.0,0.0,0.17,0.71,5.09,5.98,12.82,27.08,48.15
2310258,CE,Nordeste,0,alfabetização consolidada,453,0.9823976755142212,0.9378213,818.5115,0.982646420824295,2.656098202012832,0.0,0.22,0.43,0.45,1.33,5.09,5.11,13.26,29.22,44.89
2310308,CE,Nordeste,0,alfabetização consolidada,256,0.8314903974533081,0.8834768,789.0426,0.9884169884169884,2.4082399653118496,0.0,0.77,0.77,2.7,3.86,7.09,13.77,26.44,23.74,20.85
2310407,CE,Nordeste,0,alfabetização consolidada,69,0.988534688949585,0.942029,813.79236,1.0,1.8388490907372552,0.0,1.45,2.9,0.0,0.0,2.9,7.25,14.49,26.09,44.93
2310506,CE,Nordeste,0,alfabetização consolidada,335,0.994378387928009,0.99701494,840.0917,1.0,2.525044807036845,0.0,0.0,0.0,0.0,0.0,0.3,1.49,9.25,19.7,69.25
2310704,CE,Nordeste,0,alfabetização consolidada,357,0.9305849671363831,0.91289777,816.2279,0.9889196675900277,2.552668216112193,0.0,0.0,1.15,1.13,1.97,5.3,3.67,10.92,29.36,46.51
2310803,CE,Nordeste,0,alfabetização consolidada,246,0.9584512710571289,0.9343979,818.4387,0.9919354838709677,2.3909351071033793,0.0,0.0,0.0,0.82,1.67,4.07,3.26,13.41,32.97,43.8
2310852,CE,Nordeste,0,alfabetização consolidada,272,0.9028950333595276,0.8863349,787.9113,0.9543859649122807,2.4345689040341987,0.0,0.0,1.82,1.49,3.76,8.64,16.76,24.52,28.18,14.85
2310902,CE,Nordeste,0,alfabetização consolidada,152,1.0,1.0,836.128,1.0,2.1818435879447726,0.0,0.0,0.0,0.0,0.0,0.0,2.63,9.87,22.37,65.13
2310951,CE,Nordeste,0,alfabetização consolidada,68,0.9913793206214905,1.0,866.1832,1.0,1.8325089127062364,0.0,0.0,0.0,0.0,0.0,0.0,0.0,1.47,8.82,89.71
2311009,CE,Nordeste,0,alfabetização consolidada,136,0.9187818765640259,1.0,826.91644,0.9855072463768116,2.1335389083702174,0.10138315,0.0,0.0,0.0,0.0,0.0,3.62,18.27,23.99,54.12
2311108,CE,Nordeste,0,alfabetização consolidada,252,0.9346137642860413,0.92096424,813.3517,0.9960474308300395,2.401400540781544,0.0,0.0,1.58,0.0,3.16,5.14,7.11,11.86,26.12,45.02
2311207,CE,Nordeste,0,alfabetização consolidada,67,0.9084677696228027,0.9104478,808.96387,1.0,1.8260748027008264,0.0,0.0,0.0,1.49,1.49,8.96,5.97,23.88,20.9,37.31
2311231,CE,Nordeste,0,alfabetização consolidada,79,1.0,0.9746835,830.8468,1.0,1.8976270912904414,0.0,0.0,0.0,0.0,0.0,2.53,1.27,7.59,29.11,59.49
2311264,CE,Nordeste,0,alfabetização consolidada,209,0.9723608493804932,0.9900471,835.57794,0.9952380952380953,2.3201462861110542,0.05709796,0.0,0.0,0.0,0.52,0.95,2.99,8.18,21.52,65.84
2311306,CE,Nordeste,0,alfabetização consolidada,811,0.8836082220077515,0.92487717,808.7743,0.9724220623501199,2.909020854211156,0.0,0.36,0.48,0.61,2.32,4.71,8.78,16.81,29.99,35.93
2311355,CE,Nordeste,0,alfabetização consolidada,154,0.7929922342300415,0.884645,797.0257,0.9871794871794872,2.187520720836463,0.0,0.64,2.56,2.56,1.92,5.77,10.26,21.23,27.45,27.6
2311405,CE,Nordeste,0,alfabetização consolidada,876,0.9852820038795471,0.98758465,835.82776,0.9887133182844243,2.9425041061680806,0.0,0.11,0.0,0.34,0.23,0.79,2.41,7.16,22.89,66.08
2311504,CE,Nordeste,0,alfabetização consolidada,175,0.8621079921722412,0.9312849,801.07935,0.9776536312849162,2.2430380486862944,0.0,1.28,1.12,1.68,1.12,2.85,12.46,19.13,34.5,25.87
2311603,CE,Nordeste,0,alfabetização consolidada,318,0.8498952388763428,0.9245283,807.654,1.0,2.5024271199844326,0.0,0.31,0.63,0.94,2.2,5.03,9.43,17.61,29.25,34.59
2311702,CE,Nordeste,0,alfabetização consolidada,199,0.9952152967453003,0.985006,836.36707,0.995,2.298853076409707,0.0,0.0,1.0,0.0,0.0,0.5,3.02,7.06,21.17,67.26
2311801,CE,Nordeste,0,alfabetização consolidada,763,0.9293005466461182,0.94595265,810.1786,0.9083333333333333,2.8825245379548803,0.0,0.62,0.75,0.79,1.16,3.25,7.38,18.31,31.34,36.39
2311900,CE,Nordeste,0,alfabetização consolidada,141,0.7538248300552368,0.8155171,783.1985,0.9791666666666666,2.1492191126553797,0.0,1.39,3.6,2.84,5.0,7.08,12.29,29.76,20.47,17.56
2311959,CE,Nordeste,0,alfabetização consolidada,253,0.9661654233932495,0.9839247,819.12384,0.9921568627450981,2.403120521175818,0.0,0.0,0.0,0.0,0.0,2.39,2.75,16.18,37.5,41.18
2312007,CE,Nordeste,0,alfabetização consolidada,287,0.9917871356010437,0.9825784,824.7272,1.0,2.4578818967339924,0.0,0.35,0.0,0.0,0.7,1.39,5.92,13.94,23.0,54.7
2312106,CE,Nordeste,0,alfabetização consolidada,172,0.8948376774787903,0.9644509,820.21313,0.9942196531791907,2.2355284469075487,0.0,0.0,0.0,0.61,0.61,2.34,2.95,15.17,33.76,44.57
2312205,CE,Nordeste,0,alfabetização consolidada,385,0.982077419757843,0.950767,819.19916,0.9974093264248705,2.5854607295085006,0.0,0.0,0.26,1.55,2.07,1.04,6.74,17.14,27.51,43.69
2312304,CE,Nordeste,0,alfabetização consolidada,570,0.964874804019928,0.9509701,818.62103,0.9982486865148862,2.7558748556724915,0.033270296,0.35,0.0,0.53,0.53,4.2,4.39,15.26,28.96,45.79
2312403,CE,Nordeste,0,alfabetização consolidada,999,0.8198563456535339,0.8578062,796.69183,0.9891089108910891,2.9995654882259823,0.0,0.99,2.0,1.78,4.36,6.57,8.76,19.63,27.17,28.73
2312502,CE,Nordeste,0,alfabetização consolidada,55,0.7981558442115784,0.9596716,825.3936,0.9821428571428571,1.7403626894942439,0.0,0.0,0.0,2.01,2.01,0.0,9.38,12.72,14.51,59.38
2312700,CE,Nordeste,0,alfabetização consolidada,191,1.0,0.9843717,826.88763,0.9947916666666666,2.2810333672477277,0.0,0.0,0.0,0.0,0.0,1.56,2.08,18.33,25.68,52.34
2312809,CE,Nordeste,0,alfabetização consolidada,113,0.99066561460495,0.99115044,850.1478,1.0,2.0530784434834195,0.0,0.0,0.0,0.0,0.0,0.88,0.88,7.96,14.16,76.11
2312908,CE,Nordeste,0,alfabetização consolidada,2307,0.9874409437179565,0.9857565,838.01874,0.9734177215189873,3.3630475945210936,0.0,0.04,0.04,0.21,0.17,1.39,2.81,8.98,20.54,65.81
2313005,CE,Nordeste,0,alfabetização consolidada,192,0.9810088872909546,0.9895833,846.47314,1.0,2.2833012287035497,0.0,0.0,0.0,0.0,0.0,1.04,0.0,6.77,14.58,77.6
2313104,CE,Nordeste,0,alfabetização consolidada,253,0.8898571133613586,0.843199,789.2557,0.9730769230769231,2.403120521175818,0.0,2.73,3.99,3.52,3.12,3.93,8.26,21.74,31.21,21.5
2313203,CE,Nordeste,0,alfabetização consolidada,236,0.97160804271698,0.9830508,827.39355,1.0,2.3729120029701067,0.0,0.42,0.0,0.0,0.0,2.54,2.54,15.25,27.12,52.12
2313252,CE,Nordeste,0,alfabetização consolidada,97,0.9511182904243469,0.91611135,815.38727,0.9509803921568627,1.9867717342662448,0.0,0.0,0.0,0.0,1.03,7.37,6.04,16.69,27.89,40.98
2313302,CE,Nordeste,0,alfabetização consolidada,527,0.8718280792236328,0.9200645,815.79926,0.9887429643527205,2.7218106152125467,0.0,0.58,0.58,0.38,2.67,4.54,6.26,11.62,26.05,47.32
2313351,CE,Nordeste,0,alfabetização consolidada,226,0.8536674380302429,0.8015967,779.54987,0.9912280701754386,2.3541084391474008,0.0,0.88,2.21,5.28,7.04,8.42,18.18,20.76,21.29,15.95
2313401,CE,Nordeste,0,alfabetização consolidada,1093,0.8436172604560852,0.86098194,792.1251,0.9750223015165032,3.038620161949703,0.0,0.81,1.18,2.15,4.77,7.47,13.36,20.75,27.16,22.34
2313500,CE,Nordeste,0,alfabetização consolidada,813,0.898665189743042,0.9178357,811.7141,0.9842615012106537,2.910090545594068,0.0,0.36,0.12,0.61,2.19,6.29,7.44,15.99,27.9,39.09
2313559,CE,Nordeste,0,alfabetização consolidada,232,0.8923661112785339,0.95293725,817.1835,0.9747899159663865,2.3654879848909,0.0,0.0,0.0,0.42,0.42,3.87,5.99,19.24,24.51,45.56
2313609,CE,Nordeste,0,alfabetização consolidada,451,0.9698173403739929,0.9513232,817.5486,0.9890350877192983,2.6541765418779604,0.0,0.0,0.0,1.32,1.13,3.09,5.35,14.36,27.68,47.08
2313708,CE,Nordeste,0,alfabetização consolidada,53,0.8758753538131714,0.8849509,796.54517,0.9636363636363636,1.724275869600789,0.0,0.0,1.89,3.84,5.78,1.95,11.38,18.6,26.33,30.23
2313757,CE,Nordeste,0,alfabetização consolidada,208,0.6792998909950256,0.82272726,785.25494,0.9952153110047847,2.3180633349627615,0.0,1.44,1.91,2.87,6.7,10.55,11.53,18.28,28.92,17.8
2313807,CE,Nordeste,0,alfabetização consolidada,224,0.8136135935783386,0.8216419,783.8498,0.9911504424778761,2.3502480183341627,0.0,0.88,5.75,2.21,4.94,6.33,15.11,20.42,24.74,19.61
2313906,CE,Nordeste,0,alfabetização consolidada,200,0.9550802707672119,0.9901039,832.9001,0.9900990099009901,2.3010299956639813,0.0,0.0,0.0,0.0,0.0,0.99,2.97,8.46,27.44,60.14
2313955,CE,Nordeste,0,alfabetização consolidada,205,0.9957341551780701,0.98059005,828.3557,0.9951456310679612,2.311753861055754,0.0,0.97,0.0,0.0,0.0,1.46,5.37,9.74,23.98,58.5
2314003,CE,Nordeste,0,alfabetização consolidada,420,0.9516801834106445,0.9089815,807.9447,0.9905660377358491,2.6232492903979003,0.0,1.42,0.94,1.95,2.36,3.14,6.94,15.71,29.35,38.19
2314102,CE,Nordeste,0,alfabetização consolidada,765,0.8858734369277954,0.90222406,808.1031,0.9858247422680413,2.8836614351536176,0.0,0.52,1.48,1.43,2.72,4.41,7.73,17.75,22.54,41.41
2413805,RN,Nordeste,0,alfabetização consolidada,25,0.45454543828964233,0.7307693,786.4726,0.8928571428571429,1.3979400086720377,0.0,0.0,0.0,3.85,7.69,19.23,8.01,12.18,20.19,28.85
2500403,PB,Nordeste,0,alfabetização consolidada,235,0.3894062638282776,0.89386106,793.6449,0.9873949579831933,2.3710678622717363,0.0,0.0,0.0,4.26,4.26,4.65,15.26,17.96,31.21,22.4
2501104,PB,Nordeste,0,alfabetização consolidada,212,0.8507835865020752,0.90524995,792.4187,0.9464285714285714,2.326335860928751,0.0,0.0,0.49,1.89,4.26,4.25,19.86,21.6,30.77,16.87
2502052,PB,Nordeste,0,alfabetização consolidada,35,0.6137787699699402,0.9394276,798.8821,0.9722222222222222,1.5440680443502757,0.0,0.0,0.0,3.03,3.03,11.87,6.06,16.92,33.59,25.51
2503100,PB,Nordeste,0,alfabetização consolidada,39,0.6085208654403687,0.89728355,800.1566,0.8297872340425532,1.591064607026499,0.0,0.0,3.19,0.0,2.39,7.08,11.76,11.76,37.09,26.72
2504108,PB,Nordeste,0,alfabetização consolidada,24,0.6895238161087036,0.9166667,796.3658,1.0,1.380211241711606,0.0,0.0,0.0,0.0,0.0,12.5,16.67,29.17,16.67,25.0
2504207,PB,Nordeste,0,alfabetização consolidada,50,0.3278718590736389,0.9608457,814.42365,0.9803921568627451,1.6989700043360187,0.0,0.0,0.0,0.0,1.96,1.96,11.98,7.95,37.47,38.67
2504405,PB,Nordeste,0,alfabetização consolidada,152,0.8067594170570374,0.9249358,797.3065,0.8491620111731844,2.1818435879447726,0.25700417,1.86,0.93,0.59,1.7,2.98,13.69,26.55,30.37,21.32
2505006,PB,Nordeste,0,alfabetização consolidada,86,0.7183225154876709,0.97464377,818.229,0.9662921348314607,1.9344984512435677,0.0,1.26,0.0,0.0,1.26,2.53,6.09,10.39,31.27,47.18
2505709,PB,Nordeste,0,alfabetização consolidada,79,0.4888269901275635,0.9629393,803.7072,0.8404255319148937,1.8976270912904414,0.0,0.0,0.0,0.0,0.0,6.26,21.48,12.49,29.01,30.76
2506509,PB,Nordeste,0,alfabetização consolidada,29,0.7331118583679199,1.0,816.06244,0.90625,1.462397997898956,0.0,0.0,0.0,0.0,0.0,0.0,10.42,6.94,51.58,31.06
2508554,PB,Nordeste,0,alfabetização consolidada,39,0.8074829578399658,0.9459705,791.45166,0.8863636363636364,1.591064607026499,0.0,0.0,0.0,0.0,0.0,5.4,24.56,33.62,24.65,11.78
2509156,PB,Nordeste,0,alfabetização consolidada,55,1.0,0.9815789,802.40137,0.9649122807017544,1.7403626894942439,0.0,0.0,0.0,1.84,0.0,1.84,18.43,23.55,32.37,21.98
2509602,PB,Nordeste,0,alfabetização consolidada,45,0.84325110912323,0.9340426,794.8486,0.9574468085106383,1.6532125137753437,0.0,0.0,0.0,0.0,0.0,13.4,15.53,29.36,15.74,25.96
2510600,PB,Nordeste,0,alfabetização consolidada,29,0.8976190686225891,1.0,822.419,1.0,1.462397997898956,0.0,0.0,0.0,0.0,0.0,0.0,10.34,6.9,27.59,55.17
2511103,PB,Nordeste,0,alfabetização consolidada,67,0.7561017870903015,0.83676475,784.1299,0.9852941176470589,1.8260748027008264,0.0,1.47,2.94,0.0,2.94,10.44,21.03,20.88,25.44,14.85
2512309,PB,Nordeste,0,alfabetização consolidada,193,0.9669151306152344,0.8654227,790.4746,0.9796954314720813,2.285557309007774,0.055925578,0.52,0.0,1.02,5.18,9.33,18.12,18.61,26.96,20.26
2512507,PB,Nordeste,0,alfabetização consolidada,561,0.8504073619842529,0.9265022,801.8151,0.9428571428571428,2.7489628612561616,0.0,0.0,0.36,0.18,3.28,4.05,12.42,23.89,29.61,26.21
2513000,PB,Nordeste,0,alfabetização consolidada,38,0.7272727489471436,0.8393394,797.4922,0.95,1.5797835966168101,0.0,0.0,0.0,0.0,0.0,18.57,16.43,15.71,16.43,32.86
2513208,PB,Nordeste,0,alfabetização consolidada,60,0.527948796749115,0.8628073,787.3664,0.9523809523809523,1.7781512503836436,0.0,1.75,0.0,3.41,5.15,5.15,21.97,19.98,22.99,19.58
2513307,PB,Nordeste,0,alfabetização consolidada,57,0.5283018946647644,0.9658561,806.8645,0.95,1.7558748556724915,0.0,0.0,0.0,1.75,0.0,7.19,7.19,24.3,26.23,33.33
2513505,PB,Nordeste,0,alfabetização consolidada,40,0.8158252239227295,1.0,805.08514,0.9090909090909091,1.6020599913279623,0.0,0.0,0.0,0.0,0.0,4.99,10.39,27.55,30.35,26.73
2513943,PB,Nordeste,0,alfabetização consolidada,40,0.9545453786849976,1.0,828.5167,1.0,1.6020599913279623,0.0,0.0,0.0,0.0,0.0,0.0,5.0,10.0,17.5,67.5
2513984,PB,Nordeste,0,alfabetização consolidada,39,0.5659124851226807,0.975,799.6725,0.975,1.591064607026499,0.0,0.0,0.0,0.0,2.5,0.0,20.62,23.12,38.38,15.38
2516508,PB,Nordeste,0,alfabetização consolidada,123,0.7833396196365356,0.905856,785.80646,0.917910447761194,2.089905111439398,0.0,0.0,1.71,2.76,1.71,6.68,16.92,31.07,32.33,6.82
2517001,PB,Nordeste,0,alfabetização consolidada,111,0.38286373019218445,0.7939234,784.98303,0.9173553719008265,2.0453229787866576,0.0,0.93,0.93,2.63,6.99,13.11,15.05,15.55,20.92,23.89
2603926,PE,Nordeste,0,alfabetização consolidada,53,0.8430768847465515,1.0,790.76624,1.0,1.724275869600789,0.0,0.0,0.0,0.0,0.0,0.0,20.75,52.83,18.87,7.55
2609105,PE,Nordeste,0,alfabetização consolidada,123,0.8688372373580933,0.9675165,792.93994,0.9761904761904762,2.089905111439398,0.0,0.0,0.0,1.61,0.0,2.43,22.5,40.72,19.65,13.09
2610202,PE,Nordeste,0,alfabetização consolidada,237,0.7681941986083984,0.9452536,792.4063,0.9916317991631799,2.374748346010104,0.0,0.0,0.0,0.0,1.26,6.35,18.03,38.11,25.28,10.98
2611903,PE,Nordeste,0,alfabetização consolidada,209,0.933078944683075,0.9090909,786.94055,0.9952380952380953,2.3201462861110542,0.0,0.48,0.0,0.0,0.49,10.06,18.72,41.18,19.06,10.01
2612109,PE,Nordeste,0,alfabetização consolidada,51,0.9341638088226318,0.92156863,793.18964,1.0,1.7075701760979363,0.0,0.0,0.0,0.0,0.0,7.84,13.73,41.18,25.49,11.76
2700904,AL,Nordeste,0,alfabetização consolidada,90,0.8388723134994507,0.98813707,802.79956,0.989010989010989,1.954242509439325,0.0,0.0,0.0,1.18,0.0,1.1,15.47,29.25,29.84,23.16
2702306,AL,Nordeste,0,alfabetização consolidada,787,0.9412719011306763,0.9214983,788.93427,0.9632802937576499,2.8959747323590648,0.0,0.0,0.66,1.42,2.93,6.32,21.66,31.68,20.99,14.34
2703759,AL,Nordeste,0,alfabetização consolidada,115,0.502208411693573,0.956507,794.0551,0.9745762711864406,2.060697840353612,0.0,0.0,0.0,0.0,1.69,3.62,18.33,40.06,24.35,11.95
2708105,AL,Nordeste,0,alfabetização consolidada,86,0.988740086555481,0.9767442,790.69104,1.0,1.9344984512435677,0.0,0.0,0.0,0.0,1.16,3.49,20.93,38.37,24.42,11.63
2708303,AL,Nordeste,0,alfabetização consolidada,171,0.7921648621559143,0.953171,789.6287,0.9884393063583815,2.2329961103921536,0.0,0.0,0.0,0.0,0.58,7.03,25.75,32.76,23.93,9.96
2709301,AL,Nordeste,0,alfabetização consolidada,633,0.8934887051582336,0.94751173,791.7488,0.9844479004665629,2.801403710017355,0.0,0.66,0.16,0.49,1.73,4.24,20.82,32.54,22.9,16.47
3103900,MG,Sudeste,0,alfabetização consolidada,93,0.7400323152542114,0.88510466,785.67303,0.93,1.968482948553935,0.0,0.0,0.0,5.33,2.17,7.0,22.65,26.14,22.22,14.49
3106408,MG,Sudeste,0,alfabetização consolidada,78,0.9305262565612793,0.97325003,787.0788,0.975,1.8920946026904804,0.0,0.0,0.0,1.34,1.34,3.93,25.83,37.2,21.47,8.9
3106804,MG,Sudeste,0,alfabetização consolidada,16,0.6875,1.0,792.27814,1.0,1.2041199826559248,0.0,0.0,0.0,0.0,0.0,0.0,6.25,68.75,18.75,6.25
3110400,MG,Sudeste,0,alfabetização consolidada,30,0.9130434393882751,0.8663654,782.1247,0.967741935483871,1.4771212547196624,0.0,0.0,3.46,0.0,0.0,23.04,9.68,29.95,23.5,10.37
3116803,MG,Sudeste,0,alfabetização consolidada,77,0.6406441926956177,0.91208786,786.3716,0.9390243902439024,1.8864907251724818,0.0,0.0,3.79,0.0,2.44,2.57,24.49,32.48,21.18,13.06
3119906,MG,Sudeste,0,alfabetização consolidada,51,0.7380218505859375,1.0,794.2497,0.9622641509433962,1.7075701760979363,0.0,0.0,0.0,0.0,0.0,0.0,17.65,48.72,25.86,7.77
3119955,MG,Sudeste,0,alfabetização consolidada,52,0.6954790353775024,0.9606112,794.21185,0.8813559322033898,1.7160033436347992,0.0,0.0,0.0,0.0,2.12,1.82,31.28,27.02,20.7,17.07
3126505,MG,Sudeste,0,alfabetização consolidada,19,0.7083333134651184,1.0,800.90314,1.0,1.2787536009528289,1.0,0.0,0.0,0.0,0.0,0.0,15.79,36.84,31.58,15.79
3129400,MG,Sudeste,0,alfabetização consolidada,50,0.894294798374176,0.87872726,787.4854,0.9090909090909091,1.6989700043360187,0.0,0.0,0.0,4.07,3.94,6.18,6.08,41.5,28.21,10.02
3130309,MG,Sudeste,0,alfabetização consolidada,66,0.9844290614128113,0.94068253,798.11084,0.88,1.8195439355418688,0.0,0.0,0.0,2.82,3.1,1.69,6.44,36.33,31.81,17.81
3146602,MG,Sudeste,0,alfabetização consolidada,14,0.7999999523162842,0.92857146,789.07355,0.9333333333333333,1.146128035678238,0.0,0.0,0.0,0.0,7.14,0.0,35.71,14.29,21.43,21.43
3147501,MG,Sudeste,0,alfabetização consolidada,11,0.3529411554336548,0.9090909,792.5773,0.9166666666666666,1.0413926851582251,0.0,0.0,0.0,0.0,0.0,9.09,18.18,27.27,27.27,18.18
3149408,MG,Sudeste,0,alfabetização consolidada,13,0.7999999523162842,1.0,803.3854,1.0,1.1139433523068367,0.0,0.0,0.0,0.0,0.0,0.0,7.69,46.15,15.38,30.77
3150505,MG,Sudeste,0,alfabetização consolidada,71,0.7280629277229309,0.94377625,789.03613,0.9594594594594594,1.8512583487190752,0.0,0.0,1.35,1.35,0.0,4.37,23.8,35.14,25.57,8.42
3155009,MG,Sudeste,0,alfabetização consolidada,21,0.8786764740943909,0.9043479,791.03815,0.9130434782608695,1.3222192947339193,0.0,0.0,0.0,0.0,0.0,9.57,18.26,24.35,38.26,9.57
3158805,MG,Sudeste,0,alfabetização consolidada,45,0.7625550627708435,0.86666673,786.9758,0.9375,1.6532125137753437,0.0,0.0,0.0,0.0,2.22,13.33,22.22,26.67,17.78,17.78
3160959,MG,Sudeste,0,alfabetização consolidada,94,0.9069690108299255,0.9361702,797.79755,1.0,1.9731278535996986,0.0,0.0,0.0,0.0,2.13,6.38,12.77,29.79,30.85,18.09
3163904,MG,Sudeste,0,alfabetização consolidada,70,0.7697368264198303,0.9704298,789.40704,0.9210526315789473,1.845098040014257,0.0,0.0,0.0,1.4,0.0,3.01,21.51,38.64,29.73,5.7
3165008,MG,Sudeste,0,alfabetização consolidada,94,0.9229381084442139,0.92493623,787.62885,0.9591836734693877,1.9731278535996986,0.3982662,0.0,0.0,2.11,3.35,4.08,21.46,35.22,22.18,11.6
3166956,MG,Sudeste,0,alfabetização consolidada,26,0.9534980058670044,0.9599407,794.97345,0.9629629629629629,1.414973347970818,0.0,0.0,0.0,4.01,0.0,0.0,19.44,38.89,15.12,22.53
3168200,MG,Sudeste,0,alfabetização consolidada,11,0.7647058963775635,1.0,799.92,0.8461538461538461,1.0413926851582251,0.0,0.0,0.0,0.0,0.0,0.0,18.18,45.45,18.18,18.18
3200102,ES,Sudeste,0,alfabetização consolidada,277,0.8735162019729614,0.9168942,786.93054,0.9453924914675768,2.4424797690644486,0.27665532,0.36,0.38,0.76,2.61,5.67,17.85,42.26,21.87,8.24
3200136,ES,Sudeste,0,alfabetização consolidada,146,0.9234263896942139,0.9455587,788.4143,0.9299363057324841,2.164352855784437,0.0,0.0,0.67,0.67,2.75,2.03,20.48,42.06,20.46,10.88
3203304,ES,Sudeste,0,alfabetização consolidada,163,0.9173033237457275,0.95065004,790.4764,0.9421965317919075,2.2121876044039577,0.0,0.0,0.0,0.0,3.1,5.56,24.03,33.72,15.79,17.8
3203601,ES,Sudeste,0,alfabetização consolidada,69,0.8370583653450012,0.8409629,783.1053,0.9583333333333334,1.8388490907372552,0.0,0.0,2.87,0.0,8.71,7.23,17.39,23.2,29.02,11.58
3503356,SP,Sudeste,0,alfabetização consolidada,22,0.28600000000000003,0.77272725,780.01056,1.0,1.3424226808222062,0.0,0.0,0.0,4.55,9.09,9.09,13.64,22.73,31.82,9.09
3504701,SP,Sudeste,0,alfabetização consolidada,10,1.0,1.0,819.9315,1.0,1.0,0.0,0.0,0.0,0.0,0.0,0.0,0.0,30.0,10.0,60.0
3506201,SP,Sudeste,0,alfabetização consolidada,32,1.0,0.8410714,782.0433,0.9142857142857143,1.505149978319906,0.0,0.0,6.25,0.0,3.21,9.46,19.29,21.79,21.79,18.21
3507407,SP,Sudeste,0,alfabetização consolidada,118,0.932,0.85158086,786.5928,0.959349593495935,2.0718820073061255,0.60975605,0.0,0.0,1.77,6.08,11.15,13.5,28.8,22.66,16.05
3507753,SP,Sudeste,0,alfabetização consolidada,24,0.9440000000000001,1.0,803.409,0.96,1.380211241711606,0.0,0.0,0.0,0.0,0.0,0.0,20.29,12.29,38.0,29.43
3510104,SP,Sudeste,0,alfabetização consolidada,26,0.696,0.9230769,791.6947,1.0,1.414973347970818,0.0,0.0,0.0,0.0,0.0,15.38,15.38,23.08,34.62,11.54
3514700,SP,Sudeste,0,alfabetização consolidada,83,0.779,0.95074767,791.26917,0.9431818181818182,1.919078092376074,0.0,0.0,0.0,0.0,3.72,3.61,17.12,30.09,33.63,11.83
3515301,SP,Sudeste,0,alfabetização consolidada,28,0.73,0.89264953,787.895,0.9333333333333333,1.4471580313422192,0.0,0.0,0.0,0.0,3.56,10.74,17.85,24.96,35.76,7.15
3515608,SP,Sudeste,0,alfabetização consolidada,64,0.9790000000000001,0.8599327,784.4461,0.9696969696969697,1.806179973983887,0.0,1.52,0.0,1.52,0.0,17.22,19.01,25.17,13.99,21.58
3515905,SP,Sudeste,0,alfabetização consolidada,27,1.0,0.96190476,807.882,0.9,1.4313637641589874,0.0,0.0,0.0,0.0,3.81,0.0,11.43,18.17,33.19,33.41
3516507,SP,Sudeste,0,alfabetização consolidada,28,0.852,0.8544803,784.19867,0.9032258064516129,1.4471580313422192,0.0,0.0,0.0,3.41,7.28,11.15,21.36,17.49,17.96,21.36
3519105,SP,Sudeste,0,alfabetização consolidada,88,1.0,0.9767267,797.67786,0.7927927927927928,1.9444826721501687,0.0,0.0,0.0,0.0,1.13,6.01,11.99,32.96,31.87,16.04
3520806,SP,Sudeste,0,alfabetização consolidada,39,0.892,0.94722223,798.72516,0.975,1.591064607026499,0.0,0.0,0.0,0.0,0.0,5.28,13.06,20.56,53.47,7.64
3521606,SP,Sudeste,0,alfabetização consolidada,47,0.972,0.96,810.395,0.94,1.6720978579357175,0.0,0.0,0.0,0.0,2.0,4.0,4.0,19.36,23.09,47.55
3521903,SP,Sudeste,0,alfabetização consolidada,147,0.851,0.8273704,783.9457,0.9607843137254902,2.167317334748176,0.0,0.0,2.14,3.5,7.55,8.84,13.39,23.94,17.67,22.98
3528106,SP,Sudeste,0,alfabetização consolidada,54,0.815,0.96295696,797.8037,0.9473684210526315,1.7323937598229686,0.0,0.0,0.0,1.86,1.85,1.86,11.1,33.34,29.64,20.36
3528205,SP,Sudeste,0,alfabetização consolidada,40,0.825,0.725,770.238,1.0,1.6020599913279623,0.0,2.5,5.0,2.5,12.5,7.5,20.0,7.5,32.5,10.0
3528304,SP,Sudeste,0,alfabetização consolidada,33,0.845,0.93949574,801.2783,0.9428571428571428,1.5185139398778875,0.0,3.03,0.0,0.0,3.03,0.0,9.09,21.19,33.37,30.3
3528809,SP,Sudeste,0,alfabetização consolidada,110,0.848,0.9117335,797.776,0.9322033898305084,2.041392685158225,0.0,0.0,0.9,0.9,1.8,8.79,10.72,21.39,33.52,21.99
3528858,SP,Sudeste,0,alfabetização consolidada,37,0.9470000000000001,1.0,796.932,0.925,1.568201724066995,0.0,0.0,0.0,0.0,0.0,0.0,16.21,43.46,29.52,10.8
3529104,SP,Sudeste,0,alfabetização consolidada,13,0.9329999999999999,1.0,804.6015,1.0,1.1139433523068367,0.0,0.0,0.0,0.0,0.0,7.69,15.38,0.0,61.54,15.38
3530201,SP,Sudeste,0,alfabetização consolidada,116,0.98,0.874226,786.9804,0.90625,2.0644579892269186,0.1171875,0.0,0.97,0.0,2.86,17.44,11.58,20.38,36.51,10.27
3532108,SP,Sudeste,0,alfabetização consolidada,32,0.5760000000000001,1.0,802.73474,0.9696969696969697,1.505149978319906,0.0,0.0,0.0,0.0,0.0,0.0,18.94,21.59,44.13,15.34
3533700,SP,Sudeste,0,alfabetização consolidada,52,0.8370000000000001,0.90378284,783.03986,0.8666666666666667,1.7160033436347992,0.0,0.0,1.98,1.84,1.84,9.74,17.25,32.58,26.93,7.84
3534757,SP,Sudeste,0,alfabetização consolidada,121,0.993,0.89936006,793.703,0.937984496124031,2.0827853703164503,0.0,1.62,0.81,2.43,4.31,4.06,15.69,22.27,18.16,30.64
3535408,SP,Sudeste,0,alfabetização consolidada,171,0.86,0.9253968,790.75134,0.9771428571428571,2.2329961103921536,0.0,0.0,0.0,1.71,3.43,5.3,19.93,26.29,25.73,17.61
3535705,SP,Sudeste,0,alfabetização consolidada,46,0.768,0.87137574,782.54047,0.8846153846153846,1.662757831681574,0.0,0.0,2.02,2.37,4.44,10.64,21.58,17.5,30.61,10.84
3536257,SP,Sudeste,0,alfabetização consolidada,32,0.767,0.907197,797.0391,0.9696969696969697,1.505149978319906,0.0,0.0,0.0,0.0,0.0,9.28,12.12,28.03,34.85,15.72
3536901,SP,Sudeste,0,alfabetização consolidada,22,0.391,0.72727275,789.41144,0.9166666666666666,1.3424226808222062,0.0,0.0,0.0,0.0,9.09,18.18,9.09,9.09,27.27,27.27
3537107,SP,Sudeste,0,alfabetização consolidada,411,0.9440000000000001,0.94253165,806.7528,0.9762470308788599,2.6138418218760693,0.0,0.0,0.71,0.24,1.9,4.86,6.65,18.5,30.67,36.46
3539608,SP,Sudeste,0,alfabetização consolidada,50,0.745,0.83675325,782.37463,0.9090909090909091,1.6989700043360187,0.0,0.0,0.0,0.0,6.17,12.06,18.1,25.7,29.86,8.11
3540101,SP,Sudeste,0,alfabetização consolidada,33,0.871,0.91452986,806.5004,0.8461538461538461,1.5185139398778875,0.0,0.0,0.0,0.0,2.78,11.54,5.77,6.2,40.17,33.55
3540853,SP,Sudeste,0,alfabetização consolidada,10,0.9440000000000001,0.8,790.84845,1.0,1.0,0.0,0.0,0.0,10.0,10.0,0.0,10.0,0.0,40.0,30.0
3542503,SP,Sudeste,0,alfabetização consolidada,71,0.9670000000000001,0.845286,788.8657,0.9726027397260274,1.8512583487190752,0.0,0.0,0.0,1.37,5.56,9.91,19.66,24.01,11.36,28.12
3543105,SP,Sudeste,0,alfabetização consolidada,59,0.7190000000000001,0.74509805,778.0421,0.9516129032258065,1.7708520116421442,0.0,1.69,1.8,0.0,8.41,15.2,10.1,25.03,17.01,20.76
3543238,SP,Sudeste,0,alfabetização consolidada,12,0.706,0.9166667,795.68036,1.0,1.0791812460476249,0.0,0.0,0.0,0.0,0.0,8.33,25.0,16.67,16.67,33.33
3544202,SP,Sudeste,0,alfabetização consolidada,85,0.857,0.84717155,787.7839,0.9550561797752809,1.9294189257142926,0.0,0.0,0.0,3.52,1.18,15.29,18.82,17.65,23.54,20.01
3544707,SP,Sudeste,0,alfabetização consolidada,24,0.703,0.9133333,800.9892,0.96,1.380211241711606,0.0,0.0,0.0,4.33,4.33,0.0,4.33,17.0,58.0,12.0
3545506,SP,Sudeste,0,alfabetização consolidada,50,0.7909999999999999,0.8982704,794.48865,0.9433962264150944,1.6989700043360187,0.0,0.0,0.0,2.0,4.03,8.03,8.03,26.26,33.05,18.59
3546108,SP,Sudeste,0,alfabetização consolidada,26,0.9,1.0,810.40265,0.9285714285714286,1.414973347970818,0.0,0.0,0.0,0.0,0.0,0.0,11.73,18.88,41.84,27.55
3546504,SP,Sudeste,0,alfabetização consolidada,47,0.8370000000000001,0.9225589,802.20465,0.8703703703703703,1.6720978579357175,0.0,0.0,0.0,0.0,3.87,3.87,8.6,26.56,20.88,36.22
3547007,SP,Sudeste,0,alfabetização consolidada,71,0.504,0.8697619,790.84344,0.9466666666666667,1.8512583487190752,0.0,1.33,0.0,0.0,4.37,8.74,11.32,31.26,20.7,22.27
3547106,SP,Sudeste,0,alfabetização consolidada,36,0.956,0.8108108,790.2533,0.972972972972973,1.5563025007672873,0.0,0.0,0.0,5.41,10.81,8.11,8.45,16.39,8.28,42.57
3548302,SP,Sudeste,0,alfabetização consolidada,28,0.914,1.0,798.03973,0.875,1.4471580313422192,0.0,0.0,0.0,0.0,0.0,10.71,7.14,32.14,35.71,14.29
3549300,SP,Sudeste,0,alfabetização consolidada,14,0.81,1.0,796.82587,1.0,1.146128035678238,0.0,0.0,0.0,0.0,0.0,7.14,21.43,21.43,42.86,7.14
3552551,SP,Sudeste,0,alfabetização consolidada,32,0.971,0.9084967,789.6661,0.8205128205128205,1.505149978319906,0.0,0.0,0.0,0.0,0.0,9.15,21.17,25.14,41.13,3.42
3552601,SP,Sudeste,0,alfabetização consolidada,85,0.903,0.9882533,814.99255,0.9550561797752809,1.9294189257142926,0.0,0.0,0.0,1.17,0.0,0.0,4.97,14.52,40.31,39.03
3553955,SP,Sudeste,0,alfabetização consolidada,192,0.831,0.91716987,795.92505,0.9320388349514563,2.2833012287035497,0.0,0.52,0.0,1.55,2.03,5.14,16.89,18.81,34.92,20.12
3555109,SP,Sudeste,0,alfabetização consolidada,122,0.935,0.934593,804.26715,0.9457364341085271,2.0863598306747484,0.0,0.0,0.0,0.0,1.65,4.89,10.63,20.32,32.31,30.19
3555604,SP,Sudeste,0,alfabetização consolidada,98,0.44799999999999995,0.87562364,787.493,0.875,1.9912260756924949,0.0,0.0,0.0,2.14,7.29,8.92,12.24,21.28,38.05,10.08
3555901,SP,Sudeste,0,alfabetização consolidada,16,0.815,1.0,794.701,1.0,1.2041199826559248,0.0,0.0,0.0,0.0,0.0,6.25,18.75,31.25,37.5,6.25
3556958,SP,Sudeste,0,alfabetização consolidada,14,0.667,1.0,829.4439,1.0,1.146128035678238,0.0,0.0,0.0,0.0,0.0,0.0,0.0,7.14,21.43,71.43
3557154,SP,Sudeste,0,alfabetização consolidada,25,0.38299999999999995,0.8,784.63763,1.0,1.3979400086720377,0.0,0.0,4.0,0.0,12.0,8.0,4.0,24.0,44.0,4.0
4207577,SC,Sul,0,alfabetização consolidada,33,0.7446193099021912,0.9708935,802.2479,0.7674418604651163,1.5185139398778875,0.0,0.0,0.0,0.0,0.0,2.91,10.76,33.53,31.62,21.19
4210902,SC,Sul,0,alfabetização consolidada,41,0.8155321478843689,0.9486692,789.3941,0.8913043478260869,1.6127838567197355,0.0,0.0,0.0,0.0,0.0,8.1,30.09,22.44,24.58,14.79
4217550,SC,Sul,0,alfabetização consolidada,40,0.9221177697181702,0.9742896,790.206,0.9302325581395349,1.6020599913279623,0.0,0.0,0.0,2.57,0.0,2.44,22.46,32.74,29.91,9.88
4315131,RS,Sul,0,alfabetização consolidada,17,0.9230769276618958,0.94117653,789.17914,0.9444444444444444,1.2304489213782739,0.0,0.0,0.0,0.0,0.0,11.76,29.41,11.76,29.41,17.65
4319364,RS,Sul,0,alfabetização consolidada,10,0.8999999165534973,0.90000004,793.4553,0.9090909090909091,1.0,0.0,0.0,0.0,0.0,10.0,0.0,20.0,0.0,60.0,10.0
5101001,MT,Centro-Oeste,0,alfabetização consolidada,37,1.0,0.91536963,817.8752,0.9024390243902439,1.568201724066995,0.0,0.0,0.0,0.0,2.82,5.65,2.82,16.7,16.7,55.31
5101209,MT,Centro-Oeste,0,alfabetização consolidada,10,0.2222222238779068,1.0,832.7021,0.8333333333333334,1.0,0.0,0.0,0.0,0.0,0.0,0.0,0.0,10.0,10.0,80.0
5102793,MT,Centro-Oeste,0,alfabetização consolidada,121,0.4589661955833435,0.9895225,828.37305,0.968,2.0827853703164503,0.0,0.0,0.0,0.0,0.0,1.05,1.85,8.8,25.23,63.08
5103437,MT,Centro-Oeste,0,alfabetização consolidada,71,0.3322865068912506,0.92974174,788.93616,0.9861111111111112,1.8512583487190752,0.0,0.0,0.0,0.0,2.78,7.03,12.75,45.1,26.72,5.64
5104203,MT,Centro-Oeste,0,alfabetização consolidada,117,0.8640324473381042,0.8451073,790.8737,0.9590163934426229,2.0681858617461617,0.0,0.0,0.86,2.59,5.17,10.34,12.07,21.5,26.43,21.05
5106281,MT,Centro-Oeste,0,alfabetização consolidada,97,0.6115872859954834,0.9415755,798.137,0.9150943396226415,1.9867717342662448,0.0,0.0,0.0,0.94,1.98,5.17,14.39,24.53,33.48,19.5
5106703,MT,Centro-Oeste,0,alfabetização consolidada,32,0.7677595615386963,0.96875,807.28345,1.0,1.505149978319906,0.0,0.0,0.0,0.0,0.0,6.25,12.5,15.62,31.25,34.38
5107248,MT,Centro-Oeste,0,alfabetização consolidada,95,0.7149863839149475,0.9391304,791.12933,0.95,1.9777236052888478,0.0,0.0,0.0,1.0,0.0,7.13,18.59,40.39,21.28,11.61
5107750,MT,Centro-Oeste,0,alfabetização consolidada,38,0.8831725716590881,0.97499406,796.1777,0.9047619047619048,1.5797835966168101,0.0,0.0,0.0,0.0,0.0,2.51,23.31,31.58,29.32,13.28
5108204,MT,Centro-Oeste,0,alfabetização consolidada,35,0.9514521956443787,0.8860349,791.9204,0.875,1.5440680443502757,0.0,0.0,0.0,0.0,5.77,5.62,5.62,39.66,37.41,5.91
5108956,MT,Centro-Oeste,0,alfabetização consolidada,134,0.7719182372093201,0.9237093,794.3332,0.881578947368421,2.1271047983648077,0.0,0.0,0.0,0.0,5.18,6.54,13.58,26.77,32.06,15.86
5200506,GO,Centro-Oeste,0,alfabetização consolidada,22,0.9415205121040344,0.90909094,791.0759,1.0,1.3424226808222062,0.0,4.55,0.0,0.0,4.55,9.09,4.55,27.27,27.27,22.73
5201306,GO,Centro-Oeste,0,alfabetização consolidada,159,0.9226129055023193,0.9808649,800.40137,0.9875776397515528,2.2013971243204513,0.0,0.0,0.0,0.0,0.62,1.91,15.13,31.51,31.39,19.43
5201603,GO,Centro-Oeste,0,alfabetização consolidada,46,0.7727272510528564,0.9319742,794.85394,0.9583333333333334,1.662757831681574,0.0,0.0,0.0,2.26,2.26,2.26,21.74,24.0,32.52,14.95
5202353,GO,Centro-Oeste,0,alfabetização consolidada,31,0.9152683019638062,0.8364188,780.96234,0.9393939393939394,1.4913616938342726,0.0,3.03,0.0,0.0,13.33,6.87,17.17,18.99,22.42,18.18
5202809,GO,Centro-Oeste,0,alfabetização consolidada,26,0.7143797278404236,1.0,798.27576,0.896551724137931,1.414973347970818,0.0,0.0,0.0,0.0,0.0,0.0,3.66,54.14,38.53,3.66
5205406,GO,Centro-Oeste,0,alfabetização consolidada,164,0.8809930682182312,0.94512194,797.85767,1.0,2.214843848047698,0.0,0.0,0.0,1.83,1.22,2.44,18.9,30.49,23.17,21.95
5205703,GO,Centro-Oeste,0,alfabetização consolidada,14,0.7739999890327454,1.0,793.1122,1.0,1.146128035678238,0.0,0.0,0.0,0.0,0.0,0.0,21.43,50.0,14.29,14.29
5206800,GO,Centro-Oeste,0,alfabetização consolidada,33,0.9321427941322327,0.9707742,792.37616,0.868421052631579,1.5185139398778875,0.0,0.0,0.0,0.0,0.0,5.85,21.17,39.65,27.02,6.32
5207501,GO,Centro-Oeste,0,alfabetização consolidada,50,0.6718426942825317,0.98,792.7346,1.0,1.6989700043360187,0.0,0.0,0.0,0.0,0.0,4.0,26.0,26.0,32.0,12.0
5207600,GO,Centro-Oeste,0,alfabetização consolidada,39,0.9655897617340088,1.0,804.73816,0.975,1.591064607026499,0.0,0.0,0.0,0.0,0.0,0.0,7.76,41.05,30.79,20.39
5209291,GO,Centro-Oeste,0,alfabetização consolidada,21,0.7258741855621338,0.95320624,796.6258,0.9130434782608695,1.3222192947339193,0.0,0.0,0.0,0.0,0.0,4.68,4.68,52.34,19.15,19.15
5209457,GO,Centro-Oeste,0,alfabetização consolidada,24,0.5238094925880432,0.95652175,801.67523,1.0,1.380211241711606,0.0,0.0,0.0,0.0,4.35,0.0,26.09,21.74,26.09,21.74
5210158,GO,Centro-Oeste,0,alfabetização consolidada,28,0.9309523701667786,0.9655647,788.40155,0.9655172413793104,1.4471580313422192,0.0,0.0,0.0,3.45,0.0,7.43,21.75,32.1,17.77,17.51
5211404,GO,Centro-Oeste,0,alfabetização consolidada,91,0.9696624875068665,0.9551517,789.5666,0.978494623655914,1.9590413923210936,0.0,0.0,1.06,0.0,2.25,4.37,20.85,39.55,21.01,10.92
5212006,GO,Centro-Oeste,0,alfabetização consolidada,17,0.9742647409439087,1.0,785.4806,1.0,1.2304489213782739,0.0,0.0,0.0,0.0,0.0,0.0,35.29,29.41,29.41,5.88
5213905,GO,Centro-Oeste,0,alfabetização consolidada,37,0.8522179126739502,1.0,821.1833,0.9736842105263158,1.568201724066995,0.0,0.0,0.0,0.0,0.0,0.0,5.26,19.25,32.27,43.21
5214101,GO,Centro-Oeste,0,alfabetização consolidada,52,0.9294871687889099,1.0,811.58093,0.9811320754716981,1.7160033436347992,0.0,0.0,0.0,0.0,0.0,0.0,9.72,34.62,17.27,38.39
5214705,GO,Centro-Oeste,0,alfabetização consolidada,21,0.8989788889884949,0.95238096,793.79285,1.0,1.3222192947339193,0.0,0.0,0.0,4.76,0.0,0.0,19.05,33.33,28.57,14.29
5216304,GO,Centro-Oeste,0,alfabetização consolidada,102,0.8570972681045532,0.9700991,791.00507,0.9807692307692307,2.0086001717619175,0.0,0.0,0.0,2.03,0.0,0.96,21.53,41.22,26.46,7.8
5218607,GO,Centro-Oeste,0,alfabetização consolidada,134,0.6820916533470154,0.97024256,797.66943,0.9852941176470589,2.1271047983648077,0.0,0.0,0.74,0.0,0.74,2.27,15.83,33.59,29.83,17.02
5218805,GO,Centro-Oeste,0,alfabetização consolidada,2546,0.8603982329368591,0.89879566,784.03735,0.9717557251908397,3.4058583993176366,0.0,0.43,1.22,1.91,2.55,6.83,21.26,33.54,21.91,10.36
5219001,GO,Centro-Oeste,0,alfabetização consolidada,88,0.7809052467346191,0.9182598,785.85645,0.967032967032967,1.9444826721501687,0.0,0.0,0.0,0.0,2.2,8.3,14.86,45.36,23.74,5.54
5219100,GO,Centro-Oeste,0,alfabetização consolidada,82,0.7828419804573059,1.0,800.23505,0.9425287356321839,1.9138138523837167,0.0,0.0,0.0,0.0,0.0,0.0,21.21,32.84,26.95,19.0
5219704,GO,Centro-Oeste,0,alfabetização consolidada,79,0.8477084636688232,0.96075207,787.6296,0.9294117647058824,1.8976270912904414,0.0,0.0,0.0,0.0,2.62,5.14,23.2,36.18,25.04,7.83
5219712,GO,Centro-Oeste,0,alfabetização consolidada,73,0.8247591853141785,0.91628265,791.61694,0.9358974358974359,1.863322860120456,0.0,0.0,0.0,0.0,6.91,1.46,19.15,35.89,21.45,15.16
5220207,GO,Centro-Oeste,0,alfabetização consolidada,275,0.866675853729248,0.91394645,786.71783,0.9515570934256056,2.439332693830263,0.0,0.0,0.0,1.42,2.53,7.2,25.31,32.32,17.63,13.6
5221700,GO,Centro-Oeste,0,alfabetização consolidada,132,0.7557629942893982,0.97727275,792.72424,1.0,2.12057393120585,0.0,0.0,0.76,0.0,0.76,3.03,21.21,38.64,21.97,13.64
1100015,RO,Norte,1,faixa intermediária,275,0.6454716920852661,0.6780828,752.5192,0.8986928104575164,2.439332693830263,0.0,1.41,1.49,3.6,5.16,31.95,36.81,14.5,4.02,1.06
1100023,RO,Norte,1,faixa intermediária,1066,0.6229817271232605,0.6561727,748.1614,0.88759367194005,3.0277572046905536,0.0,1.99,3.23,6.04,6.83,28.27,33.89,15.64,3.11,1.01
1100031,RO,Norte,1,faixa intermediária,75,0.6909950971603394,0.75901675,759.66785,0.9259259259259259,1.8750612633917,0.0,0.0,1.31,2.62,3.96,27.16,43.96,13.11,5.23,2.65
1100049,RO,Norte,1,faixa intermediária,951,0.6337274312973022,0.66130775,747.7147,0.920619554695063,2.978180516937414,0.1674926,2.44,4.16,8.26,7.47,19.98,36.44,15.37,3.37,2.51
1100056,RO,Norte,1,faixa intermediária,244,0.5853438973426819,0.6681955,749.65857,0.9644268774703557,2.387389826338729,0.0,2.89,3.25,5.3,8.61,22.2,33.56,18.05,5.36,0.79
1100064,RO,Norte,1,faixa intermediária,175,0.628519594669342,0.717156,755.8006,0.9067357512953368,2.2430380486862944,0.0,1.73,4.15,4.39,7.54,16.79,33.99,22.19,6.28,2.95
1100072,RO,Norte,1,faixa intermediária,129,0.581880509853363,0.7267438,759.56433,0.8835616438356164,2.110589710299249,0.0,0.74,0.0,6.09,6.9,22.04,33.3,24.84,3.16,2.92
1100080,RO,Norte,1,faixa intermediária,197,0.8069524168968201,0.59636873,744.47644,0.9162790697674419,2.294466226161593,0.0,2.46,2.0,12.33,6.74,24.85,34.28,11.31,4.17,1.86
1100098,RO,Norte,1,faixa intermediária,392,0.8164662718772888,0.6979784,755.2296,0.9011494252873563,2.593286067020457,0.1631978,0.76,2.1,5.28,9.92,20.59,31.36,23.59,4.61,1.78
1100114,RO,Norte,1,faixa intermediária,595,0.627497136592865,0.6516406,747.1372,0.919629057187017,2.7745169657285498,0.058842618,1.57,3.77,7.34,10.16,22.16,35.54,14.77,2.82,1.87
1100122,RO,Norte,1,faixa intermediária,1481,0.7052494883537292,0.6640733,751.3138,0.8758131283264341,3.1705550585212086,0.45484105,1.94,3.31,6.94,7.73,21.51,32.08,18.83,6.19,1.46
1100130,RO,Norte,1,faixa intermediária,405,0.5137958526611328,0.6476646,748.2476,0.8653846153846154,2.6074550232146687,0.0,1.55,3.01,8.9,7.25,21.41,38.56,14.72,3.17,1.43
1100148,RO,Norte,1,faixa intermediária,240,0.7481399178504944,0.7560947,753.47516,0.933852140077821,2.380211241711606,0.0,1.29,1.63,4.6,5.46,19.5,49.44,14.7,2.05,1.32
1100155,RO,Norte,1,faixa intermediária,362,0.7238751649856567,0.6640526,749.65857,0.9187817258883249,2.558708570533166,0.0,1.27,1.9,3.93,11.99,24.72,37.14,13.84,3.84,1.38
1100189,RO,Norte,1,faixa intermediária,472,0.6971874833106995,0.81057733,761.8444,0.8973384030418251,2.673941998634088,0.0,1.31,1.27,2.75,4.99,14.96,42.45,24.81,5.61,1.84
1100254,RO,Norte,1,faixa intermediária,202,0.5939533114433289,0.6780675,748.85913,0.9017857142857143,2.305351369446624,0.29871407,2.44,3.14,5.62,5.86,24.01,39.62,15.97,3.34,0.0
1100262,RO,Norte,1,faixa intermediária,62,0.8383664488792419,0.6281078,743.58154,0.9253731343283582,1.792391689498254,0.0,3.22,1.65,9.67,6.45,32.17,32.36,11.25,1.61,1.61
1100288,RO,Norte,1,faixa intermediária,673,0.6879682540893555,0.74168605,756.18,0.9119241192411924,2.828015064223977,0.09334886,0.44,2.57,5.96,6.66,18.4,40.76,17.89,4.86,2.45
1100296,RO,Norte,1,faixa intermediária,78,0.7610503435134888,0.8337641,763.60425,0.9176470588235294,1.8920946026904804,0.0,0.0,0.0,3.83,6.45,12.81,50.16,19.08,3.83,3.83
1100304,RO,Norte,1,faixa intermediária,1319,0.656231164932251,0.71657956,753.72876,0.8626553302812295,3.1202447955463652,0.0,1.88,3.23,5.2,7.77,18.7,35.24,20.46,5.7,1.82
1100320,RO,Norte,1,faixa intermediária,302,0.6775060296058655,0.69137305,754.49915,0.9207317073170732,2.4800069429571505,0.0,0.68,1.71,6.74,9.61,20.98,32.05,20.1,6.57,1.57
1100346,RO,Norte,1,faixa intermediária,144,0.33551084995269775,0.68343407,748.2731,0.8520710059171598,2.1583624920952498,0.24890392,2.16,3.54,4.33,5.98,24.18,40.13,16.44,3.24,0.0
1100379,RO,Norte,1,faixa intermediária,186,0.6951103806495667,0.7954208,759.08527,0.9207920792079208,2.2695129442179165,0.0,0.61,1.06,4.38,4.31,21.04,45.39,18.82,3.24,1.15
1100403,RO,Norte,1,faixa intermediária,171,0.6155426502227783,0.6042583,743.36584,0.855,2.2329961103921536,0.0,2.29,4.13,6.19,10.35,23.88,40.23,10.57,1.86,0.5
1100452,RO,Norte,1,faixa intermediária,438,0.49816057085990906,0.72303563,753.3016,0.9049586776859504,2.6414741105040997,0.0,2.23,3.66,4.53,6.3,20.65,36.62,18.11,6.08,1.82
1100502,RO,Norte,1,faixa intermediária,102,0.7252722978591919,0.7066911,751.82275,0.9357798165137615,2.0086001717619175,0.0,0.96,1.92,8.89,9.68,15.62,39.51,18.61,3.85,0.96
1100601,RO,Norte,1,faixa intermediária,68,0.5464996099472046,0.7886959,754.9015,0.8831168831168831,1.8325089127062364,0.0,2.73,1.44,3.41,4.44,20.49,43.37,17.22,6.9,0.0
1100700,RO,Norte,1,faixa intermediária,163,0.5930884480476379,0.7194647,755.49774,0.9209039548022598,2.2121876044039577,0.0,2.01,4.43,4.4,6.6,17.41,34.78,20.74,6.74,2.89
1100908,RO,Norte,1,faixa intermediária,50,0.7013620138168335,0.6538851,745.82263,0.847457627118644,1.6989700043360187,0.0,0.0,7.89,5.72,5.72,27.21,36.65,16.81,0.0,0.0
1100924,RO,Norte,1,faixa intermediária,154,0.8074373602867126,0.7289955,751.5271,0.8603351955307262,2.187520720836463,0.0,0.59,1.93,7.76,7.88,21.36,38.27,18.4,2.6,1.21
1100940,RO,Norte,1,faixa intermediária,260,0.7745413780212402,0.67610115,751.0322,0.8996539792387543,2.4149733479708178,0.0,0.76,2.24,8.65,6.22,22.04,38.7,16.5,3.78,1.11
1101005,RO,Norte,1,faixa intermediária,124,0.6513527035713196,0.7076149,753.34485,0.9185185185185185,2.093421685162235,0.0,1.48,0.0,4.13,4.89,28.29,45.1,13.65,2.46,0.0
1101104,RO,Norte,1,faixa intermediária,160,0.9879506230354309,0.7063008,754.3956,0.903954802259887,2.2041199826559246,0.0,0.66,1.93,7.03,8.18,18.23,38.21,18.48,6.06,1.22
1101203,RO,Norte,1,faixa intermediária,82,0.7248954772949219,0.6917518,751.95746,0.9425287356321839,1.9138138523837167,0.0,1.15,0.0,3.81,7.47,25.65,40.96,19.64,1.31,0.0
1101302,RO,Norte,1,faixa intermediária,130,0.6035798788070679,0.7380843,753.2828,0.8552631578947368,2.113943352306837,0.0,1.52,3.88,4.64,9.14,14.0,41.11,18.25,4.54,2.92
1101401,RO,Norte,1,faixa intermediária,172,0.7217718362808228,0.69896936,747.4466,0.9052631578947369,2.2355284469075487,0.0,0.65,3.2,8.55,5.97,22.75,42.64,13.93,2.32,0.0
1101435,RO,Norte,1,faixa intermediária,85,0.6062021255493164,0.7090987,751.67554,0.9042553191489362,1.9294189257142926,0.0,1.11,2.42,4.64,2.37,38.4,36.79,9.52,2.32,2.41
1101450,RO,Norte,1,faixa intermediária,59,0.6104150414466858,0.7060203,751.2667,0.921875,1.7708520116421442,0.0,1.95,3.12,6.33,9.62,13.53,38.3,20.02,7.11,0.0
1101476,RO,Norte,1,faixa intermediária,59,0.8609959483146667,0.57635325,742.13763,0.8676470588235294,1.7708520116421442,0.0,3.39,5.08,11.87,13.57,13.56,30.5,13.57,8.48,0.0
1101484,RO,Norte,1,faixa intermediária,53,0.5333895683288574,0.7836613,760.8537,0.828125,1.724275869600789,0.0,0.0,1.67,2.56,7.03,20.97,43.92,14.03,3.35,6.46
1101492,RO,Norte,1,faixa intermediária,264,0.6577596068382263,0.63005894,750.9878,0.88,2.4216039268698313,0.0,1.91,3.1,7.31,11.36,19.4,28.72,19.64,3.7,4.87
1101500,RO,Norte,1,faixa intermediária,186,0.6303558945655823,0.6606155,746.1927,0.9346733668341709,2.2695129442179165,0.0,0.58,2.19,3.18,14.99,29.87,35.34,12.24,1.62,0.0
1101559,RO,Norte,1,faixa intermediária,53,0.7196386456489563,0.6529471,754.19617,0.8983050847457628,1.724275869600789,0.0,1.95,0.0,3.96,13.58,22.56,35.64,9.62,11.0,1.69
1101609,RO,Norte,1,faixa intermediária,114,0.507044792175293,0.78727144,758.18207,0.912,2.0569048513364727,0.0,0.0,1.87,2.7,7.8,19.53,41.72,21.17,3.53,1.68
1101708,RO,Norte,1,faixa intermediária,146,0.709257960319519,0.61274916,749.53033,0.9299363057324841,2.164352855784437,0.0,0.0,1.97,10.51,12.43,22.24,28.08,17.14,5.67,1.96
1300060,AM,Norte,1,faixa intermediária,176,0.6231254935264587,0.6457388,743.9234,0.9312169312169312,2.24551266781415,0.0,0.0,2.22,12.87,5.11,31.29,40.05,6.77,1.11,0.58
1300086,AM,Norte,1,faixa intermediária,59,0.4396863579750061,0.6384014,749.65674,0.8676470588235294,1.7708520116421442,0.42604333,1.58,5.5,11.76,1.96,22.04,26.02,26.01,5.12,0.0
1300102,AM,Norte,1,faixa intermediária,277,0.7402435541152954,0.75347257,756.65643,0.9233333333333333,2.4424797690644486,0.30285463,0.38,1.08,7.07,5.02,20.95,37.79,19.5,6.08,2.12
1300201,AM,Norte,1,faixa intermediária,164,0.5420361757278442,0.8408333,765.7716,0.9111111111111111,2.214843848047698,0.0,0.0,0.64,0.65,6.53,18.8,37.57,24.86,7.8,3.14
1300631,AM,Norte,1,faixa intermediária,227,0.8911948800086975,0.80640286,758.86426,0.7138364779874213,2.3560258571931225,0.30461034,0.0,2.84,4.99,0.98,18.95,39.27,28.08,4.88,0.0
1300904,AM,Norte,1,faixa intermediária,165,0.5551512837409973,0.7582258,757.43414,0.7051282051282052,2.2174839442139063,0.20493974,0.0,0.6,5.04,4.75,24.15,40.44,19.35,4.64,1.04
1301803,AM,Norte,1,faixa intermediária,248,0.4701351821422577,0.6431737,749.657,0.8322147651006712,2.3944516808262164,0.14075615,2.1,2.06,8.92,12.09,16.2,31.26,20.5,5.61,1.25
1301951,AM,Norte,1,faixa intermediária,120,0.7444583177566528,0.8276491,761.18427,0.9523809523809523,2.0791812460476247,0.11897208,0.0,0.0,1.65,4.96,18.89,48.97,21.96,2.65,0.93
1302108,AM,Norte,1,faixa intermediária,95,0.7592395544052124,0.9050391,772.19183,0.8260869565217391,1.9777236052888478,0.16576889,1.13,0.0,1.93,1.43,10.6,38.3,34.89,8.46,3.26
1302405,AM,Norte,1,faixa intermediária,467,0.6682868599891663,0.68211025,749.5159,0.8460144927536232,2.6693168805661123,0.3188671,1.23,1.01,7.02,8.0,25.77,37.59,15.64,3.33,0.41
1302702,AM,Norte,1,faixa intermediária,557,0.5592449307441711,0.6152431,744.5671,0.9237147595356551,2.745855195173729,0.3645756,1.08,3.3,9.97,6.14,27.77,37.11,11.75,2.53,0.34
1303007,AM,Norte,1,faixa intermediária,136,0.6772023439407349,0.5949138,741.94586,0.9855072463768116,2.1335389083702174,0.37675697,1.48,7.34,11.79,4.38,24.36,35.96,11.06,2.17,1.45
1303403,AM,Norte,1,faixa intermediária,1355,0.6104975342750549,0.618991,745.826,0.8614113159567705,3.1319392952104246,0.4112962,1.37,3.56,10.72,5.61,28.44,31.19,15.05,2.67,1.39
1304302,AM,Norte,1,faixa intermediária,180,0.6233980655670166,0.7487379,756.07886,0.9574468085106383,2.255272505103306,0.13817292,0.58,1.75,7.95,3.85,19.31,40.74,20.82,3.32,1.69
1501006,PA,Norte,1,faixa intermediária,106,0.5718742609024048,0.64365995,746.05176,0.8833333333333333,2.0253058652647704,0.0,0.89,2.71,10.49,3.86,30.82,38.05,9.36,1.89,1.93
1501501,PA,Norte,1,faixa intermediária,1028,0.6106995344161987,0.6528496,746.477,0.9228007181328546,3.011993114659257,0.009869365,2.12,3.77,10.75,5.06,23.3,32.2,18.91,3.47,0.41
1501725,PA,Norte,1,faixa intermediária,207,0.7321316003799438,0.87590164,771.81116,0.9,2.315970345456918,0.0,2.39,0.95,2.84,0.48,11.08,33.34,31.84,12.13,4.95
1501758,PA,Norte,1,faixa intermediária,91,0.6156676411628723,0.75691044,757.45337,0.8921568627450981,1.9590413923210936,0.0,3.0,3.32,1.96,4.3,17.27,34.98,26.53,8.64,0.0
1502152,PA,Norte,1,faixa intermediária,1402,0.6209462881088257,0.6511464,748.01306,0.8094688221709007,3.14674801363064,0.0,1.44,3.53,9.69,4.94,25.59,32.75,17.56,3.92,0.58
1502509,PA,Norte,1,faixa intermediária,196,0.4490637481212616,0.74079937,753.98315,0.9116279069767442,2.292256071356476,0.0,0.59,0.5,8.91,4.46,22.86,40.92,19.25,2.49,0.0
1502772,PA,Norte,1,faixa intermediária,271,0.5075496435165405,0.7286149,755.10895,0.8338461538461538,2.432969290874406,0.0,0.98,3.88,6.53,2.91,19.71,37.32,21.78,5.55,1.35
1502939,PA,Norte,1,faixa intermediária,510,0.5932074189186096,0.69239247,751.18353,0.9222423146473779,2.7075701760979363,0.0,1.8,3.62,9.11,2.52,21.81,34.42,21.84,3.67,1.21
1503044,PA,Norte,1,faixa intermediária,228,0.4780591130256653,0.6736036,750.00854,0.8871595330739299,2.357934847000454,0.0,0.39,2.08,13.23,4.79,22.34,34.67,18.15,4.34,0.0
1504109,PA,Norte,1,faixa intermediária,60,0.5393375158309937,0.60101324,748.6094,0.9230769230769231,1.7781512503836436,0.0,0.0,1.71,4.95,5.07,38.23,38.43,9.92,1.7,0.0
1505601,PA,Norte,1,faixa intermediária,70,0.5378912091255188,0.84320086,763.16766,0.9459459459459459,1.845098040014257,0.0,0.0,0.0,4.05,4.23,16.33,37.07,32.72,5.59,0.0
1505908,PA,Norte,1,faixa intermediária,430,0.7250919342041016,0.8115289,763.9033,0.8884297520661157,2.6334684555795866,0.0,0.21,1.38,10.23,3.27,8.45,34.4,28.42,11.33,2.3
1506187,PA,Norte,1,faixa intermediária,376,0.6017512679100037,0.6880711,750.7547,0.8545454545454545,2.575187844927661,0.0,5.16,2.64,4.59,4.79,21.43,34.5,21.89,4.06,0.94
1506906,PA,Norte,1,faixa intermediária,61,0.5217219591140747,0.7823409,757.3298,0.8970588235294118,1.7853298350107671,0.0,0.0,1.65,6.56,1.65,21.88,40.69,22.92,4.66,0.0
1507102,PA,Norte,1,faixa intermediária,140,0.3339008390903473,0.6986491,751.8739,0.8092485549132948,2.146128035678238,0.0,0.0,1.28,12.65,4.28,25.01,30.05,20.98,5.06,0.69
1507755,PA,Norte,1,faixa intermediária,84,0.7988168597221375,0.7178348,757.51385,0.8484848484848485,1.9242792860618816,0.0,0.0,4.53,6.89,1.07,19.18,30.81,31.59,5.92,0.0
1507979,PA,Norte,1,faixa intermediária,313,0.7072015404701233,0.6558403,750.18805,0.937125748502994,2.4955443375464483,0.0,1.57,5.25,6.88,6.4,23.49,31.56,18.26,5.01,1.57
1508050,PA,Norte,1,faixa intermediária,227,0.7083463072776794,0.6219181,742.7575,0.8566037735849057,2.3560258571931225,0.0,1.84,8.1,7.91,4.0,28.27,32.35,14.1,2.55,0.89
1508126,PA,Norte,1,faixa intermediária,377,0.617553174495697,0.61509836,746.621,0.9172749391727494,2.576341350205793,0.0,3.46,4.03,4.86,5.41,29.28,30.87,17.45,4.41,0.24
1508357,PA,Norte,1,faixa intermediária,263,0.6059734225273132,0.7014437,749.9654,0.8795986622073578,2.419955748489758,0.0,3.44,2.55,8.49,3.34,20.82,35.9,20.06,5.05,0.35
1600055,AP,Norte,1,faixa intermediária,49,0.3291555345058441,0.73598796,768.56665,0.9245283018867925,1.6901960800285136,0.0,0.0,0.0,7.99,8.13,20.68,8.41,30.25,18.4,6.13
1600535,AP,Norte,1,faixa intermediária,337,0.6486735343933105,0.68690825,768.8531,0.930939226519337,2.5276299008713385,0.24571477,0.29,1.78,2.41,13.52,17.43,18.25,19.0,16.58,10.72
1700251,TO,Norte,1,faixa intermediária,28,0.6206896901130676,0.75,762.0525,0.875,1.4471580313422192,0.0,0.0,3.57,10.71,0.0,21.43,17.86,35.71,3.57,7.14
1700350,TO,Norte,1,faixa intermediária,65,0.955244779586792,0.7607285,765.3495,0.8125,1.8129133566428555,0.0,0.0,0.0,2.95,11.96,18.14,33.47,20.54,4.64,8.3
1700707,TO,Norte,1,faixa intermediária,110,0.47861042618751526,0.72007555,760.2519,0.8661417322834646,2.041392685158225,0.0,0.89,3.66,5.35,9.11,15.08,26.08,20.98,16.0,2.84
1701051,TO,Norte,1,faixa intermediária,34,0.40157783031463623,0.5912271,751.1104,0.918918918918919,1.5314789170422551,0.0,0.0,2.85,2.85,11.79,29.28,30.03,17.49,0.0,5.71
1702307,TO,Norte,1,faixa intermediária,65,0.37314051389694214,0.68294716,757.62354,0.9027777777777778,1.8129133566428555,0.0,0.0,1.45,6.0,16.5,13.8,27.91,21.86,7.79,4.68
1702554,TO,Norte,1,faixa intermediária,191,0.5001455545425415,0.5994568,752.0623,0.9271844660194175,2.2810333672477277,0.0,1.57,2.58,5.18,15.14,22.01,23.72,17.69,8.99,3.11
1703206,TO,Norte,1,faixa intermediária,56,0.5279810428619385,0.59277105,756.4096,0.9655172413793104,1.7481880270062005,0.0,0.0,0.0,8.72,12.47,25.02,12.67,28.57,9.0,3.54
1703602,TO,Norte,1,faixa intermediária,29,0.29734593629837036,0.6890072,764.60614,0.90625,1.462397997898956,0.0,0.0,0.0,3.35,17.51,10.24,17.71,34.26,13.59,3.35
1703826,TO,Norte,1,faixa intermediária,25,0.2754386067390442,0.64,748.64716,0.9615384615384616,1.3979400086720377,0.0,0.0,4.0,16.0,4.0,12.0,32.0,32.0,0.0,0.0
1704105,TO,Norte,1,faixa intermediária,30,0.23333334922790527,0.6666666,751.1273,0.8823529411764706,1.4771212547196624,0.0,3.33,3.33,6.67,6.67,16.67,40.0,10.0,13.33,0.0
1705557,TO,Norte,1,faixa intermediária,55,0.6208958029747009,0.5612316,746.817,0.9649122807017544,1.7403626894942439,0.0,3.7,3.7,5.56,23.59,11.01,23.68,16.08,12.67,0.0
1706100,TO,Norte,1,faixa intermediária,89,0.46846356987953186,0.614207,747.0264,0.9081632653061225,1.9493900066449128,0.0,2.72,4.54,9.6,9.89,19.87,21.85,23.22,5.6,2.72
1706258,TO,Norte,1,faixa intermediária,23,0.29032257199287415,0.82608694,780.7992,1.0,1.3617278360175928,0.0,0.0,0.0,0.0,8.7,17.39,17.39,17.39,26.09,13.04
1707009,TO,Norte,1,faixa intermediária,233,0.5181306600570679,0.6127346,751.64886,0.8893129770992366,2.367355921026019,0.0,2.11,2.49,10.33,12.27,18.43,21.88,21.98,5.82,4.69
1707108,TO,Norte,1,faixa intermediária,85,0.39088383316993713,0.6081986,754.2299,0.8762886597938144,1.9294189257142926,0.0,0.0,4.93,7.38,15.68,14.74,21.24,21.22,8.15,6.66
1707306,TO,Norte,1,faixa intermediária,50,0.34952399134635925,0.6858238,759.90137,0.8333333333333334,1.6989700043360187,0.0,1.9,1.9,5.83,5.71,20.03,36.24,10.21,8.11,10.06
1707553,TO,Norte,1,faixa intermediária,37,0.5254011154174805,0.578157,754.9615,0.8409090909090909,1.568201724066995,0.0,0.0,2.62,5.07,15.99,21.58,22.36,16.51,10.62,5.24
1711506,TO,Norte,1,faixa intermediária,32,0.6109317541122437,0.62312347,756.4715,0.8421052631578947,1.505149978319906,0.0,0.0,0.0,6.84,9.33,28.21,20.65,32.34,0.0,2.63
1712157,TO,Norte,1,faixa intermediária,29,0.692307710647583,0.5880587,759.6887,0.9666666666666667,1.462397997898956,0.0,0.0,0.0,0.0,20.48,27.86,17.38,20.24,10.48,3.57
1713304,TO,Norte,1,faixa intermediária,132,0.5254656672477722,0.6300612,751.86273,0.868421052631579,2.12057393120585,0.0,0.0,5.38,7.61,10.57,27.3,22.02,13.41,9.56,4.16
1715002,TO,Norte,1,faixa intermediária,29,0.3216820955276489,0.5539281,756.91486,0.9666666666666667,1.462397997898956,0.0,0.0,0.0,6.67,10.26,31.28,21.28,23.85,0.0,6.67
1715150,TO,Norte,1,faixa intermediária,24,0.7166666388511658,0.7035256,768.57904,0.96,1.380211241711606,0.0,0.0,0.0,4.33,8.67,20.67,29.33,12.33,16.33,8.33
1715754,TO,Norte,1,faixa intermediária,81,0.47770312428474426,0.7742611,772.7438,0.9418604651162791,1.9084850188786497,0.0,1.16,2.49,2.66,7.48,9.97,21.17,27.12,19.58,8.37
1716109,TO,Norte,1,faixa intermediária,611,0.6055802702903748,0.63456565,757.84625,0.8629943502824858,2.786041210242554,0.0,2.15,1.71,5.41,13.51,18.23,21.86,21.24,10.89,4.99
1716208,TO,Norte,1,faixa intermediária,120,0.42279115319252014,0.68421465,756.66504,0.9375,2.0791812460476247,0.0,0.0,4.12,5.93,8.18,19.99,32.42,15.95,10.15,3.26
1716505,TO,Norte,1,faixa intermediária,231,0.5305910110473633,0.5670107,749.623,0.9428571428571428,2.3636119798921444,0.0,1.26,2.64,5.56,15.99,25.24,23.08,14.25,9.44,2.53
1716653,TO,Norte,1,faixa intermediária,55,0.35225340723991394,0.6179414,755.4744,0.9322033898305084,1.7403626894942439,0.0,0.0,0.0,7.29,11.11,28.69,27.26,14.37,9.45,1.83
1716703,TO,Norte,1,faixa intermediária,59,0.484543114900589,0.6062059,756.48755,0.7866666666666666,1.7708520116421442,0.0,0.0,3.28,4.89,10.3,24.15,22.34,23.1,10.03,1.9
1718840,TO,Norte,1,faixa intermediária,45,0.4569612145423889,0.53496933,757.3069,0.9183673469387755,1.6532125137753437,0.0,0.0,0.0,2.33,22.08,24.42,15.29,17.83,13.58,4.46
1720002,TO,Norte,1,faixa intermediária,42,0.560606062412262,0.57142854,753.8262,0.9333333333333333,1.6232492903979006,0.0,0.0,0.0,11.9,19.05,16.67,21.43,9.52,16.67,4.76
1720150,TO,Norte,1,faixa intermediária,21,0.8333333134651184,0.61904764,750.1267,0.9545454545454546,1.3222192947339193,0.0,0.0,0.0,4.76,19.05,23.81,33.33,14.29,4.76,0.0
1720259,TO,Norte,1,faixa intermediária,45,0.47618216276168823,0.5908998,751.399,0.9183673469387755,1.6532125137753437,0.0,2.04,0.0,4.2,16.92,21.95,30.31,11.51,8.75,4.32
1720853,TO,Norte,1,faixa intermediária,29,0.7759023904800415,0.58988017,751.6252,0.9666666666666667,1.462397997898956,0.0,0.0,7.18,6.67,13.59,20.26,17.18,17.44,14.1,3.59
1720937,TO,Norte,1,faixa intermediária,27,0.55850750207901,0.5555556,752.2685,1.0,1.4313637641589874,0.0,0.0,0.0,14.81,14.81,18.52,25.93,11.11,7.41,7.41
1720978,TO,Norte,1,faixa intermediária,31,0.4387698471546173,0.75116956,765.42645,0.6888888888888889,1.4913616938342726,0.0,0.0,2.56,3.52,8.65,12.72,27.91,28.4,16.24,0.0
1721257,TO,Norte,1,faixa intermediária,24,0.3636363744735718,0.6666667,755.03217,0.8888888888888888,1.380211241711606,0.0,0.0,0.0,8.64,4.01,33.33,20.68,25.31,8.02,0.0
2100055,MA,Nordeste,1,faixa intermediária,1208,0.3959367871284485,0.62752384,750.0542,0.9371605896043445,3.082066934285113,0.0,1.72,3.04,9.3,13.11,15.66,25.88,22.28,7.68,1.32
2100105,MA,Nordeste,1,faixa intermediária,58,0.7213159203529358,0.9310345,771.79706,1.0,1.7634279935629373,0.0,0.0,0.0,0.0,5.17,3.45,51.72,31.03,5.17,3.45
2100154,MA,Nordeste,1,faixa intermediária,119,0.672883927822113,0.6373848,750.7209,0.8561151079136691,2.0755469613925306,0.0,0.0,5.32,7.96,12.62,15.45,30.45,22.89,1.59,3.72
2100204,MA,Nordeste,1,faixa intermediária,110,0.7346655130386353,0.7097515,756.056,0.9016393442622951,2.041392685158225,0.0,1.82,4.69,7.02,6.98,15.04,23.41,27.79,12.23,1.02
2100402,MA,Nordeste,1,faixa intermediária,52,0.90520179271698,0.7303558,750.47644,0.9629629629629629,1.7160033436347992,0.0,1.85,0.0,1.85,9.6,17.56,65.43,3.7,0.0,0.0
2100873,MA,Nordeste,1,faixa intermediária,145,0.981904149055481,0.9159702,763.29504,0.9539473684210527,2.161368002234975,0.0,0.0,0.75,0.75,3.35,10.98,58.97,23.69,1.5,0.0
2100956,MA,Nordeste,1,faixa intermediária,133,0.7624524235725403,0.7443609,760.15393,1.0,2.123851640967086,0.0,0.0,0.0,4.51,9.02,18.8,36.84,21.8,6.77,2.26
2101004,MA,Nordeste,1,faixa intermediária,319,0.6748889088630676,0.72373116,755.06885,0.9725609756097561,2.503790683057181,0.0,1.24,4.01,5.88,6.63,14.91,39.18,20.97,5.34,1.85
2101103,MA,Nordeste,1,faixa intermediária,143,0.8188453912734985,0.71861726,757.4867,0.934640522875817,2.155336037465062,0.0,2.0,1.36,6.84,9.01,15.41,32.33,20.72,9.06,3.27
2101301,MA,Nordeste,1,faixa intermediária,177,0.6767080426216125,0.5755449,743.0874,0.9414893617021277,2.247973266361807,0.0,2.33,2.83,13.06,10.05,22.05,28.11,17.16,3.32,1.1
2101608,MA,Nordeste,1,faixa intermediária,782,0.6544613242149353,0.6404531,750.71484,0.9387755102040817,2.893206753059848,0.0,0.76,4.64,6.48,13.7,17.68,28.6,19.47,7.13,1.55
2101707,MA,Nordeste,1,faixa intermediária,762,0.50351482629776,0.7852159,767.82367,0.9670050761421319,2.8819549713396007,0.0,0.9,0.94,3.82,8.18,13.18,26.04,32.01,8.58,6.34
2101731,MA,Nordeste,1,faixa intermediária,108,0.611229658126831,0.72311044,757.5535,0.9818181818181818,2.03342375548695,0.0,0.0,0.0,5.54,9.24,23.09,31.67,24.91,5.55,0.0
2101772,MA,Nordeste,1,faixa intermediária,245,0.5181662440299988,0.7772274,761.5944,0.9645669291338582,2.3891660843645326,0.0,0.41,1.68,5.41,6.93,12.74,37.56,27.57,4.46,3.25
2101939,MA,Nordeste,1,faixa intermediária,33,0.12839506566524506,0.8787879,779.443,1.0,1.5185139398778875,0.0,0.0,0.0,0.0,9.09,3.03,30.3,27.27,21.21,9.09
2101970,MA,Nordeste,1,faixa intermediária,110,0.5998950600624084,0.8,766.03284,1.0,2.041392685158225,0.0,0.0,0.0,3.64,5.45,14.55,38.18,29.09,5.45,3.64
2102002,MA,Nordeste,1,faixa intermediária,332,0.9390538334846497,0.6856227,757.4453,0.967930029154519,2.5211380837040362,0.032046612,0.64,2.18,4.3,13.19,16.29,28.6,25.44,5.94,3.43
2102036,MA,Nordeste,1,faixa intermediária,405,0.6361231207847595,0.6317898,749.7085,0.9331797235023042,2.6074550232146687,0.0,2.58,2.99,7.55,12.04,19.85,24.34,23.28,6.09,1.27
2102077,MA,Nordeste,1,faixa intermediária,105,1.0,0.9528302,775.2692,0.9905660377358491,2.0211892990699383,0.0,0.0,0.0,0.0,0.0,12.31,48.3,28.73,6.79,3.87
2102408,MA,Nordeste,1,faixa intermediária,68,0.6603151559829712,0.6399733,747.2115,0.9066666666666666,1.8325089127062364,0.0,1.48,4.0,11.19,14.96,10.37,31.11,19.33,4.59,2.96
2102556,MA,Nordeste,1,faixa intermediária,178,0.6472172141075134,0.6169467,749.67633,0.9175257731958762,2.250420002308894,0.0,0.54,4.47,6.7,16.72,18.56,22.01,22.43,5.64,2.94
2102705,MA,Nordeste,1,faixa intermediária,208,0.5304158926010132,0.70835024,754.54346,0.9411764705882353,2.3180633349627615,0.0,2.92,1.36,5.79,9.51,17.81,35.54,16.92,8.69,1.46
2102754,MA,Nordeste,1,faixa intermediária,101,0.35663941502571106,0.91139364,780.61615,0.9439252336448598,2.0043213737826426,0.0,0.93,0.0,3.84,1.03,5.08,27.12,39.77,13.55,8.67
2103109,MA,Nordeste,1,faixa intermediária,88,0.6980192065238953,0.6684789,751.0647,0.9777777777777777,1.9444826721501687,0.0,0.0,2.3,12.49,15.99,4.67,35.36,19.14,8.95,1.11
2103125,MA,Nordeste,1,faixa intermediária,88,1.0,0.8442452,776.0191,0.9166666666666666,1.9444826721501687,0.0,0.0,1.79,4.06,3.95,6.87,32.46,24.35,21.31,5.21
2103158,MA,Nordeste,1,faixa intermediária,117,0.9291686415672302,0.8791721,771.8166,0.9590163934426229,2.0681858617461617,0.0,0.0,0.0,1.71,2.58,14.57,34.2,35.92,7.65,3.36
2103257,MA,Nordeste,1,faixa intermediária,170,0.6643772721290588,0.8624506,775.53534,0.96045197740113,2.230448921378274,0.0,1.21,0.0,0.56,6.05,10.58,31.04,25.69,17.72,7.15
2103406,MA,Nordeste,1,faixa intermediária,430,0.6053207516670227,0.76128095,766.80725,0.8921161825726142,2.6334684555795866,0.0,0.0,0.24,2.41,10.09,15.77,26.38,31.07,10.27,3.77
2103703,MA,Nordeste,1,faixa intermediária,276,0.658332884311676,0.6632215,749.30554,0.9261744966442953,2.4409090820652177,0.0,1.54,1.51,5.09,12.05,21.62,43.71,12.05,1.4,1.04
2103752,MA,Nordeste,1,faixa intermediária,153,0.6675416827201843,0.6981509,755.7853,0.95625,2.184691430817599,0.0,0.0,0.0,2.0,15.14,21.67,34.85,23.08,2.64,0.62
2103901,MA,Nordeste,1,faixa intermediária,169,0.6938663721084595,0.81523776,761.8269,0.9602272727272727,2.2278867046136734,0.0,1.79,1.83,2.5,4.71,10.65,44.81,27.89,4.68,1.14
2104008,MA,Nordeste,1,faixa intermediária,189,0.5935809016227722,0.8148148,771.08606,1.0,2.2764618041732443,0.0,0.0,1.59,3.7,6.35,10.58,25.93,35.45,12.17,4.23
2104057,MA,Nordeste,1,faixa intermediária,500,0.5488828420639038,0.5979469,747.41315,0.8976660682226212,2.6989700043360187,0.0,0.86,2.73,8.03,15.42,20.53,29.08,16.92,5.27,1.17
2104073,MA,Nordeste,1,faixa intermediária,109,0.8489376902580261,0.6539388,746.1565,0.9732142857142857,2.037426497940624,0.0,2.68,5.4,6.29,6.38,18.48,45.34,11.78,1.79,1.85
2104081,MA,Nordeste,1,faixa intermediária,73,0.29879501461982727,0.7775419,768.65784,0.9125,1.863322860120456,0.0,0.0,0.0,0.0,16.32,8.61,28.09,38.94,5.19,2.86
2104099,MA,Nordeste,1,faixa intermediária,198,0.8560225963592529,0.84294415,774.0203,0.9801980198019802,2.296665190261531,0.0,0.0,0.0,0.5,4.56,15.7,30.41,32.62,10.15,6.05
2104107,MA,Nordeste,1,faixa intermediária,194,0.4508892893791199,0.7824873,771.92175,0.9509803921568627,2.287801729930226,0.0,0.0,0.0,1.01,11.91,9.95,29.17,29.07,13.74,5.14
2104206,MA,Nordeste,1,faixa intermediária,310,0.4040055274963379,0.72061175,750.3251,0.9717868338557993,2.4913616938342726,0.0,1.32,5.21,7.49,7.79,14.11,38.4,21.49,2.61,1.58
2104305,MA,Nordeste,1,faixa intermediária,158,0.8297250270843506,0.884108,768.0186,0.9575757575757575,2.1986570869544226,0.0,0.0,0.61,2.42,3.64,11.99,43.58,31.39,3.17,3.2
2104404,MA,Nordeste,1,faixa intermediária,94,0.45223644375801086,0.6697542,748.78687,0.8623853211009175,1.9731278535996986,0.0,0.0,0.0,3.15,23.12,17.4,41.01,13.5,1.83,0.0
2104503,MA,Nordeste,1,faixa intermediária,93,0.8897692561149597,0.7821174,763.8633,0.9207920792079208,1.968482948553935,0.0,0.0,0.0,1.04,14.27,10.85,34.46,29.99,8.3,1.09
2104552,MA,Nordeste,1,faixa intermediária,306,0.8040278553962708,0.67474276,750.6005,0.9161676646706587,2.48572142648158,0.0,1.04,2.52,4.88,11.19,22.76,34.71,18.14,3.47,1.29
2104628,MA,Nordeste,1,faixa intermediária,96,0.9831808805465698,0.9166667,770.6103,1.0,1.9822712330395684,0.0,0.0,0.0,1.04,1.04,15.62,41.67,32.29,7.29,1.04
2104651,MA,Nordeste,1,faixa intermediária,82,0.6913402080535889,0.7805864,765.7385,0.9213483146067416,1.9138138523837167,0.0,0.0,1.19,4.73,7.79,16.03,31.53,25.65,9.42,3.67
2104677,MA,Nordeste,1,faixa intermediária,281,0.7623317837715149,0.6092482,746.3407,0.8672839506172839,2.44870631990508,0.0,0.0,2.25,5.74,15.57,26.53,36.26,11.99,1.35,0.31
2104701,MA,Nordeste,1,faixa intermediária,72,0.7277708053588867,0.75659233,763.9712,0.972972972972973,1.8573324964312685,0.0,0.0,1.35,1.35,9.46,16.42,35.34,22.66,8.94,4.47
2104909,MA,Nordeste,1,faixa intermediária,127,0.8907162547111511,0.8693478,764.60657,0.9477611940298507,2.103803720955957,0.0,0.0,0.75,1.49,5.39,10.06,55.33,21.72,4.51,0.75
2105005,MA,Nordeste,1,faixa intermediária,334,0.6158579587936401,0.5922578,747.39514,0.9277777777777778,2.5237464668115646,0.0,1.49,2.16,5.36,15.05,25.81,29.06,16.93,2.72,1.42
2105104,MA,Nordeste,1,faixa intermediária,234,0.665659487247467,0.6898127,756.8478,0.9629629629629629,2.369215857410143,0.0,1.31,0.92,2.59,14.36,20.4,30.67,19.32,7.11,3.33
2105153,MA,Nordeste,1,faixa intermediária,145,0.5891836881637573,0.77637935,759.51886,0.9863945578231292,2.161368002234975,0.0,0.68,0.0,5.09,8.29,15.97,37.12,25.36,4.76,2.72
2105203,MA,Nordeste,1,faixa intermediária,97,0.9776879549026489,0.8911756,778.22125,0.941747572815534,1.9867717342662448,0.0,0.0,0.0,0.0,4.24,9.56,30.24,38.77,9.32,7.87
2105351,MA,Nordeste,1,faixa intermediária,162,0.8612397909164429,0.729954,758.0004,0.9818181818181818,2.2095150145426308,0.0,0.68,0.0,5.45,11.11,18.9,29.81,27.3,4.27,2.47
2105401,MA,Nordeste,1,faixa intermediária,772,0.5334936380386353,0.6046985,747.6383,0.9637952559300874,2.887617300335736,0.0,1.55,2.44,7.43,12.34,24.76,29.85,17.07,3.4,1.16
2105427,MA,Nordeste,1,faixa intermediária,252,0.79926598072052,0.60143113,746.6331,0.9298892988929889,2.401400540781544,0.0,1.99,3.83,6.02,13.02,20.54,33.95,15.59,4.69,0.37
2105450,MA,Nordeste,1,faixa intermediária,92,0.7280608415603638,0.68315804,755.8662,0.9484536082474226,1.9637878273455553,0.0,2.24,5.54,1.03,11.88,18.32,25.47,21.53,9.87,4.12
2105476,MA,Nordeste,1,faixa intermediária,86,0.4708576202392578,0.6940771,754.711,0.9885057471264368,1.9344984512435677,0.0,1.15,4.66,3.57,10.77,15.18,35.81,21.9,4.66,2.3
2105609,MA,Nordeste,1,faixa intermediária,120,0.5455107092857361,0.75325924,761.32916,0.96,2.0791812460476247,0.0,0.84,0.0,2.55,8.95,16.67,40.66,18.15,12.19,0.0
2105658,MA,Nordeste,1,faixa intermediária,87,0.9478031992912292,0.6785182,752.9807,0.925531914893617,1.9395192526186185,0.0,1.15,0.0,1.15,8.05,33.19,40.01,14.26,2.2,0.0
2105708,MA,Nordeste,1,faixa intermediária,410,0.9218094348907471,0.7937996,762.9771,0.9234234234234234,2.6127838567197355,0.0,0.26,0.0,1.53,8.46,19.64,37.62,25.34,4.68,2.47
2105807,MA,Nordeste,1,faixa intermediária,68,1.0,0.9710313,775.3405,0.9855072463768116,1.8325089127062364,0.0,0.0,0.0,0.0,0.0,8.81,37.24,45.26,5.8,2.9
2105906,MA,Nordeste,1,faixa intermediária,109,0.6212337613105774,0.7673509,760.55164,0.8861788617886179,2.037426497940624,0.0,0.86,1.79,2.79,9.73,16.29,35.57,23.66,8.39,0.93
2105922,MA,Nordeste,1,faixa intermediária,79,0.8596963882446289,0.78439224,766.4046,0.9875,1.8976270912904414,0.0,1.25,1.25,2.5,7.71,13.96,33.12,27.71,5.0,7.5
2105948,MA,Nordeste,1,faixa intermediária,78,0.8813976049423218,0.9229915,776.71185,0.9629629629629629,1.8920946026904804,0.0,0.0,0.0,0.0,2.59,6.34,35.65,39.64,14.55,1.23
2105963,MA,Nordeste,1,faixa intermediária,106,0.8167434930801392,0.97120416,776.8332,0.9906542056074766,2.0253058652647704,0.0,0.0,0.0,0.0,1.01,7.55,40.89,41.2,6.54,2.8
2105989,MA,Nordeste,1,faixa intermediária,78,0.6062998175621033,0.6590965,751.33887,0.9629629629629629,1.8920946026904804,0.0,1.38,0.0,9.25,10.46,18.16,33.01,20.19,7.55,0.0
2106003,MA,Nordeste,1,faixa intermediária,131,0.8666990995407104,0.90906394,779.2683,0.9703703703703703,2.1172712956557644,0.0,0.79,0.0,1.53,3.01,7.56,35.74,28.26,14.67,8.43
2106102,MA,Nordeste,1,faixa intermediária,129,0.38805004954338074,0.6611707,748.4912,0.9280575539568345,2.110589710299249,0.0,2.21,4.04,5.23,6.97,28.04,28.84,19.22,5.45,0.0
2106201,MA,Nordeste,1,faixa intermediária,113,0.7692538499832153,0.8495833,768.7645,0.9416666666666667,2.0530784434834195,0.0,0.0,0.88,4.53,5.36,9.58,32.31,38.4,7.19,1.76
2106300,MA,Nordeste,1,faixa intermediária,144,0.5158538818359375,0.8203602,762.6698,0.9863013698630136,2.1583624920952498,0.0,0.0,0.0,1.4,9.69,14.59,45.74,22.37,4.85,1.37
2106409,MA,Nordeste,1,faixa intermediária,199,0.6968380808830261,0.76864964,762.19525,0.9521531100478469,2.298853076409707,0.0,1.03,0.0,1.99,9.13,16.49,38.48,22.82,9.59,0.48
2106672,MA,Nordeste,1,faixa intermediária,33,1.0,0.96857566,784.7881,0.9705882352941176,1.5185139398778875,0.0,0.0,0.0,0.0,0.0,9.02,26.67,39.8,15.29,9.22
2106805,MA,Nordeste,1,faixa intermediária,143,0.915377140045166,0.693806,748.4048,0.9285714285714286,2.155336037465062,0.0,0.0,0.73,9.2,10.69,16.87,53.14,8.72,0.65,0.0
2107100,MA,Nordeste,1,faixa intermediária,239,0.9482721090316772,0.6697414,758.02875,0.9227799227799228,2.3783979009481375,0.0,0.0,0.47,2.01,13.67,24.31,31.74,17.85,7.8,2.16
2107258,MA,Nordeste,1,faixa intermediária,70,0.8564751744270325,0.7714286,763.93774,1.0,1.845098040014257,0.0,0.0,1.43,2.86,8.57,12.86,38.57,24.29,5.71,5.71
2107357,MA,Nordeste,1,faixa intermediária,164,0.5716565847396851,0.6220934,748.5715,0.9425287356321839,2.214843848047698,0.0,2.56,3.91,9.59,11.12,16.04,27.04,20.96,6.98,1.78
2107605,MA,Nordeste,1,faixa intermediária,119,0.4207584857940674,0.7009771,750.9062,0.9015151515151515,2.0755469613925306,0.0,2.8,1.9,3.23,6.68,22.92,43.51,15.55,2.46,0.96
2107704,MA,Nordeste,1,faixa intermediária,261,0.7885514497756958,0.7466825,758.5578,0.9094076655052264,2.416640507338281,0.0,0.76,1.09,3.46,7.06,21.93,34.31,23.07,7.23,1.08
2107803,MA,Nordeste,1,faixa intermediária,322,0.907291829586029,0.54644936,742.6646,0.9279538904899135,2.507855871695831,0.0,1.93,2.85,8.13,19.81,19.08,29.53,14.13,3.01,1.53
2107902,MA,Nordeste,1,faixa intermediária,201,0.7675918936729431,0.5841977,746.466,0.9392523364485982,2.303196057420489,0.0,1.47,2.41,8.49,13.45,22.81,28.67,17.17,3.99,1.53
2108009,MA,Nordeste,1,faixa intermediária,229,0.7415922284126282,0.6399287,750.37366,0.950207468879668,2.359835482339888,0.0,1.74,7.69,7.86,6.86,15.67,28.37,22.29,7.37,2.15
2108058,MA,Nordeste,1,faixa intermediária,179,0.6486250162124634,0.68881977,753.17957,0.9944444444444445,2.2528530309798933,0.0,1.11,2.78,5.0,11.67,18.33,34.07,18.03,8.43,0.58
2108108,MA,Nordeste,1,faixa intermediária,211,0.7626162767410278,0.90570486,773.11646,0.9952830188679245,2.3242824552976926,0.0,0.0,0.0,0.0,4.25,6.63,42.58,38.94,5.23,2.38
2108207,MA,Nordeste,1,faixa intermediária,267,0.6809920072555542,0.6450586,752.1649,0.9143835616438356,2.4265112613645754,0.0,1.43,2.84,7.48,14.03,14.85,26.99,23.27,6.47,2.65
2108306,MA,Nordeste,1,faixa intermediária,382,0.55463045835495,0.63871026,754.5079,0.9204819277108434,2.582063362911709,0.0,1.85,2.37,6.74,13.95,17.42,22.71,23.55,8.41,3.0
2108405,MA,Nordeste,1,faixa intermediária,84,0.35347414016723633,0.6103463,747.00397,0.9333333333333333,1.9242792860618816,0.0,1.23,2.29,3.63,18.59,16.82,40.7,13.15,3.58,0.0
2108454,MA,Nordeste,1,faixa intermediária,206,0.5730265378952026,0.7052997,759.8041,0.9155555555555556,2.3138672203691533,0.0,0.52,1.47,6.46,9.06,17.2,26.45,29.36,6.58,2.9
2108702,MA,Nordeste,1,faixa intermediária,219,0.24848505854606628,0.6362349,751.164,0.8866396761133604,2.3404441148401185,0.0,0.43,1.97,5.5,16.98,18.9,30.13,21.09,3.57,1.42
2108900,MA,Nordeste,1,faixa intermediária,80,0.8931649923324585,0.7724897,761.54706,0.8888888888888888,1.9030899869919435,0.0,0.0,1.22,3.61,4.26,22.28,36.41,26.26,3.58,2.39
2109007,MA,Nordeste,1,faixa intermediária,278,0.5807780027389526,0.7407722,762.7961,0.9455782312925171,2.444044795918076,0.0,1.08,1.07,3.55,11.86,12.69,26.88,31.44,9.34,2.09
2109239,MA,Nordeste,1,faixa intermediária,68,0.7545948624610901,0.74732304,762.3972,0.9444444444444444,1.8325089127062364,0.0,1.39,2.98,1.6,10.13,16.73,30.62,20.45,14.51,1.59
2109403,MA,Nordeste,1,faixa intermediária,89,0.7554805278778076,0.68962616,753.4902,0.8317757009345794,1.9493900066449128,0.0,3.21,0.0,4.63,8.23,31.34,28.61,14.22,7.48,2.28
2109700,MA,Nordeste,1,faixa intermediária,67,0.8592475056648254,0.7792424,762.433,0.9305555555555556,1.8260748027008264,0.0,0.0,0.0,1.56,5.9,20.49,40.16,30.31,1.57,0.0
2109809,MA,Nordeste,1,faixa intermediária,200,0.5713217258453369,0.7273943,754.9004,0.7434944237918215,2.3010299956639813,0.0,0.41,0.49,5.7,7.57,27.65,35.58,16.21,5.22,1.17
2110039,MA,Nordeste,1,faixa intermediária,243,0.9365759491920471,0.8574852,771.65027,0.972,2.385606273598312,0.0,0.0,0.84,3.03,7.06,10.27,30.4,29.19,16.8,2.42
2110104,MA,Nordeste,1,faixa intermediária,189,0.891424834728241,0.80180776,763.98126,0.9593908629441624,2.2764618041732443,0.0,0.0,0.53,0.0,7.78,23.43,32.2,28.87,5.06,2.13
2110237,MA,Nordeste,1,faixa intermediária,60,0.8584859371185303,0.54168624,750.14374,0.9375,1.7781512503836436,0.0,0.0,1.56,3.26,17.71,31.38,23.18,17.71,1.56,3.65
2110302,MA,Nordeste,1,faixa intermediária,115,0.5271340608596802,0.7256264,758.68195,0.9504132231404959,2.060697840353612,0.0,1.8,2.79,5.54,5.25,15.52,34.53,22.17,6.61,5.79
2110500,MA,Nordeste,1,faixa intermediária,309,0.93753582239151,0.79256356,767.7245,0.911504424778761,2.4899584794248346,0.0,0.32,0.31,2.73,9.7,13.34,32.61,26.43,8.44,6.12
2110609,MA,Nordeste,1,faixa intermediária,321,0.7442664504051208,0.6786988,752.1767,0.9786585365853658,2.506505032404872,0.0,1.27,1.24,7.12,9.47,18.99,37.03,21.07,3.15,0.65
2110906,MA,Nordeste,1,faixa intermediária,134,0.5130464434623718,0.8335515,765.14984,0.9241379310344827,2.1271047983648077,0.0,0.76,0.0,4.62,5.28,16.3,36.97,25.99,5.84,4.24
2111029,MA,Nordeste,1,faixa intermediária,173,0.6517258286476135,0.7067487,755.92755,0.9505494505494505,2.2380461031287955,0.0,0.0,1.2,4.53,12.52,20.39,29.63,25.41,6.32,0.0
2111409,MA,Nordeste,1,faixa intermediária,132,0.7480731010437012,0.7045454,750.4784,0.88,2.12057393120585,0.0,0.67,1.39,6.41,10.61,17.98,45.06,13.88,4.01,0.0
2111508,MA,Nordeste,1,faixa intermediária,453,0.6456336975097656,0.6615188,752.40466,0.9207317073170732,2.656098202012832,0.0,0.65,1.04,6.52,14.57,18.37,33.66,17.34,6.8,1.06
2111573,MA,Nordeste,1,faixa intermediária,72,0.4027248024940491,0.5947147,749.4406,0.8888888888888888,1.8573324964312685,0.0,1.45,2.9,9.58,12.64,20.87,24.91,16.56,9.69,1.38
2111607,MA,Nordeste,1,faixa intermediária,254,0.7102525234222412,0.84492546,774.72577,0.9304029304029304,2.404833716619938,0.0,0.0,0.78,2.68,5.62,10.67,30.85,29.26,12.82,7.31
2111631,MA,Nordeste,1,faixa intermediária,47,0.5628710389137268,0.55337566,754.271,0.9038461538461539,1.6720978579357175,0.0,2.27,0.0,2.27,21.07,19.04,27.9,12.5,10.7,4.25
2111706,MA,Nordeste,1,faixa intermediária,108,0.6103499531745911,0.76828825,766.9766,0.972972972972973,2.03342375548695,0.0,1.95,1.98,4.97,6.52,8.73,22.23,35.5,14.52,3.6
2111722,MA,Nordeste,1,faixa intermediária,62,1.0,0.79315203,766.62274,0.8732394366197183,1.792391689498254,0.0,1.58,0.0,1.6,13.97,4.94,35.01,28.79,12.53,1.58
2111763,MA,Nordeste,1,faixa intermediária,133,0.3223457336425781,0.6413271,749.8644,0.8986486486486487,2.123851640967086,0.0,1.39,2.08,5.21,19.6,15.62,30.62,20.07,4.59,0.81
2111789,MA,Nordeste,1,faixa intermediária,74,0.6798520088195801,0.5363234,758.06195,0.9367088607594937,1.8692317197309762,0.0,0.0,1.4,8.4,16.15,25.49,17.9,6.67,7.88,16.1
2111953,MA,Nordeste,1,faixa intermediária,31,0.7538802623748779,0.8064516,764.2071,1.0,1.4913616938342726,0.0,3.23,0.0,0.0,9.68,9.68,48.39,12.9,9.68,6.45
2112209,MA,Nordeste,1,faixa intermediária,1666,0.6780233383178711,0.757358,759.6938,0.937007874015748,3.2216749970707688,0.0,0.69,1.72,3.57,5.87,20.36,38.24,20.91,6.09,2.54
2112233,MA,Nordeste,1,faixa intermediária,236,0.5901389718055725,0.9087249,782.33044,0.959349593495935,2.3729120029701067,0.0,0.0,0.41,4.18,1.22,5.9,22.79,38.07,21.15,6.28
2112308,MA,Nordeste,1,faixa intermediária,298,0.38936153054237366,0.66437584,748.61707,0.93125,2.4742162640762553,0.0,1.31,2.96,4.32,13.65,20.82,37.13,14.71,4.7,0.41
2112407,MA,Nordeste,1,faixa intermediária,294,0.40480804443359375,0.6441522,750.69183,0.9158878504672897,2.4683473304121573,0.0,0.74,1.47,6.11,11.59,26.18,32.23,17.82,2.59,1.27
2112704,MA,Nordeste,1,faixa intermediária,526,0.9884606599807739,0.96576333,786.4752,0.9981024667931688,2.7209857441537393,0.0,0.0,0.0,0.0,1.14,5.16,27.6,41.61,15.0,9.5
2112852,MA,Nordeste,1,faixa intermediária,167,0.8607029318809509,0.7455036,759.8236,0.9382022471910112,2.2227164711475833,0.0,2.94,0.61,4.91,7.6,14.27,31.82,25.82,9.63,2.41
2112902,MA,Nordeste,1,faixa intermediária,249,0.4897662401199341,0.60196185,747.44147,0.9222222222222223,2.3961993470957363,0.0,1.21,4.93,6.85,14.27,18.6,28.89,19.4,5.04,0.8
2113009,MA,Nordeste,1,faixa intermediária,258,0.5104451775550842,0.73107576,756.3161,0.8835616438356164,2.41161970596323,0.0,0.78,0.88,4.58,8.21,21.25,44.1,14.47,4.32,1.42
2114007,MA,Nordeste,1,faixa intermediária,408,0.8154252767562866,0.72290987,760.03845,0.9086859688195991,2.61066016308988,0.0,0.22,2.72,4.82,11.97,10.83,33.89,23.44,8.37,3.74
2200053,PI,Nordeste,1,faixa intermediária,61,0.817094624042511,0.81882656,771.891,0.9838709677419355,1.7853298350107671,0.0,0.0,3.35,0.0,6.7,12.9,29.53,27.92,13.15,6.45
2200103,PI,Nordeste,1,faixa intermediária,63,0.32608693838119507,0.6023776,752.3871,0.984375,1.7993405494535817,0.0,0.0,3.18,14.36,12.65,14.36,19.15,15.88,20.41,0.0
2200251,PI,Nordeste,1,faixa intermediária,59,0.4444444179534912,0.74629104,754.85516,0.9833333333333333,1.7708520116421442,0.0,1.67,0.0,0.0,10.19,26.85,42.41,13.7,5.19,0.0
2200277,PI,Nordeste,1,faixa intermediária,38,0.5393438935279846,0.5526316,752.06104,0.95,1.5797835966168101,0.0,0.0,0.0,15.79,15.79,15.79,13.16,15.79,23.68,0.0
2200400,PI,Nordeste,1,faixa intermediária,577,0.6192257404327393,0.61803216,755.8583,0.9428104575163399,2.7611758131557314,0.0,1.06,4.86,6.31,12.22,19.13,20.74,16.7,12.57,6.41
2200707,PI,Nordeste,1,faixa intermediária,126,0.46551546454429626,0.57014644,753.56335,0.9921259842519685,2.100370545117563,0.0,0.0,0.79,7.97,15.15,27.0,17.32,19.92,9.5,2.36
2200806,PI,Nordeste,1,faixa intermediária,42,0.9562902450561523,0.7380952,772.9024,1.0,1.6232492903979006,0.0,2.38,2.38,2.38,9.52,16.67,19.05,14.29,16.67,16.67
2200954,PI,Nordeste,1,faixa intermediária,21,0.534126877784729,0.8095238,774.5124,1.0,1.3222192947339193,0.0,4.76,0.0,4.76,4.76,14.29,23.81,14.29,14.29,19.05
2201051,PI,Nordeste,1,faixa intermediária,83,0.8446817398071289,0.6987952,762.333,1.0,1.919078092376074,0.0,3.61,1.2,7.23,8.43,14.46,21.69,21.69,14.46,7.23
2201200,PI,Nordeste,1,faixa intermediária,557,0.5567934513092041,0.6012669,751.6364,0.9720767888307156,2.745855195173729,0.0,2.14,3.16,7.49,14.5,19.57,22.74,16.05,9.37,4.97
2201606,PI,Nordeste,1,faixa intermediária,111,0.7758227586746216,0.68477327,759.8015,0.9568965517241379,2.0453229787866576,0.0,0.86,1.77,4.38,10.71,18.2,24.37,27.86,10.12,1.72
2201739,PI,Nordeste,1,faixa intermediária,115,0.42518147826194763,0.82765394,770.1363,0.9829059829059829,2.060697840353612,0.0,0.0,0.85,2.56,7.69,8.74,36.01,25.89,14.8,3.46
2201804,PI,Nordeste,1,faixa intermediária,20,0.9076923131942749,0.55,748.58203,0.9090909090909091,1.3010299956639813,0.0,5.0,0.0,5.0,10.0,35.0,15.0,25.0,0.0,5.0
2201919,PI,Nordeste,1,faixa intermediária,37,0.8792194128036499,0.759347,769.11005,0.9736842105263158,1.568201724066995,0.0,2.63,0.0,0.0,5.26,27.07,15.98,27.44,11.09,10.53
2201945,PI,Nordeste,1,faixa intermediária,63,0.9647979736328125,0.77103865,771.8859,0.9545454545454546,1.7993405494535817,0.0,3.64,0.0,1.59,3.19,19.41,25.33,17.43,23.19,6.22
2202000,PI,Nordeste,1,faixa intermediária,298,0.41488760709762573,0.6168344,751.11786,0.9834983498349835,2.4742162640762553,0.0,1.35,2.37,5.78,10.03,26.43,26.87,18.76,6.76,1.65
2202075,PI,Nordeste,1,faixa intermediária,24,1.0,0.75,760.1104,1.0,1.380211241711606,0.0,0.0,0.0,0.0,4.17,25.0,37.5,29.17,4.17,0.0
2202083,PI,Nordeste,1,faixa intermediária,142,0.47441786527633667,0.6274839,762.58203,0.993006993006993,2.1522883443830563,0.0,1.4,4.2,5.62,13.38,16.18,12.04,16.94,22.44,7.81
2202174,PI,Nordeste,1,faixa intermediária,60,0.17623081803321838,0.6426494,774.7512,0.967741935483871,1.7781512503836436,0.0,1.61,0.0,4.84,8.06,22.79,11.69,13.44,18.74,18.83
2202251,PI,Nordeste,1,faixa intermediária,39,0.5075744390487671,0.86821705,781.4719,0.975,1.591064607026499,0.0,0.0,0.0,5.45,2.5,7.73,20.45,35.68,18.18,10.0
2202455,PI,Nordeste,1,faixa intermediária,53,0.653030276298523,0.7735849,780.1079,1.0,1.724275869600789,0.0,0.0,0.0,1.89,7.55,20.75,11.32,24.53,18.87,15.09
2202539,PI,Nordeste,1,faixa intermediária,78,0.38530346751213074,0.68162084,775.1091,0.9397590361445783,1.8920946026904804,0.0,0.0,0.0,8.53,7.33,17.17,27.71,2.51,9.28,27.47
2202554,PI,Nordeste,1,faixa intermediária,57,0.6143459677696228,0.58179355,756.66315,0.9661016949152542,1.7558748556724915,0.0,1.92,0.0,12.83,14.82,13.98,15.9,24.77,8.74,7.04
2202604,PI,Nordeste,1,faixa intermediária,167,0.7507596015930176,0.8262489,777.5314,0.9881656804733728,2.2227164711475833,0.0,0.0,0.59,2.37,5.39,16.15,20.44,23.29,23.32,8.46
2202703,PI,Nordeste,1,faixa intermediária,318,0.7312939167022705,0.8393731,782.2184,0.9906542056074766,2.5024271199844326,0.0,0.0,0.95,1.6,5.69,12.57,20.88,22.99,23.15,12.17
2202711,PI,Nordeste,1,faixa intermediária,60,0.6757468581199646,0.59541357,758.07086,0.9836065573770492,1.7781512503836436,0.0,1.64,6.78,8.42,11.91,15.08,16.61,11.69,18.03,9.84
2202752,PI,Nordeste,1,faixa intermediária,64,0.5444873571395874,0.8930246,778.1388,0.9696969696969697,1.806179973983887,0.0,1.62,0.0,0.0,3.03,15.15,26.31,25.31,26.95,1.63
2202802,PI,Nordeste,1,faixa intermediária,62,0.47296151518821716,0.70975417,767.7993,0.9841269841269841,1.792391689498254,0.0,0.0,3.17,6.35,14.66,6.5,14.74,27.36,16.1,11.11
2202851,PI,Nordeste,1,faixa intermediária,44,0.6113818883895874,0.6136364,759.80023,1.0,1.6434526764861874,0.0,4.55,4.55,0.0,13.64,18.18,15.91,22.73,11.36,9.09
2203008,PI,Nordeste,1,faixa intermediária,88,0.7990644574165344,0.79545456,771.9473,1.0,1.9444826721501687,0.0,0.0,2.27,1.14,11.36,9.09,20.45,27.27,27.27,1.14
2203107,PI,Nordeste,1,faixa intermediária,20,0.5063113570213318,0.85,784.7545,1.0,1.3010299956639813,0.0,0.0,0.0,0.0,0.0,20.0,25.0,20.0,5.0,30.0
2203206,PI,Nordeste,1,faixa intermediária,142,0.6816824078559875,0.81765234,776.9684,0.9726027397260274,2.1522883443830563,0.0,0.0,0.71,2.74,4.11,18.53,21.72,24.32,16.48,11.39
2203305,PI,Nordeste,1,faixa intermediária,101,0.7014930248260498,0.73323184,766.6322,0.9619047619047619,2.0043213737826426,0.0,0.95,0.0,3.95,6.85,19.73,31.8,17.86,9.95,8.91
2203404,PI,Nordeste,1,faixa intermediária,73,0.7712182402610779,0.76465094,775.7159,0.9733333333333334,1.863322860120456,0.0,0.0,1.4,2.78,6.86,24.89,11.11,17.64,21.79,13.51
2203602,PI,Nordeste,1,faixa intermediária,41,0.8288170099258423,0.6585366,756.7366,1.0,1.6127838567197355,0.0,2.44,0.0,0.0,7.32,36.59,26.83,12.2,14.63,0.0
2203859,PI,Nordeste,1,faixa intermediária,22,1.0,0.54545456,759.91595,1.0,1.3424226808222062,0.0,0.0,0.0,4.55,31.82,13.64,4.55,27.27,4.55,13.64
2204006,PI,Nordeste,1,faixa intermediária,38,0.7797093987464905,0.84210527,780.5221,1.0,1.5797835966168101,0.0,0.0,0.0,5.26,10.53,5.26,23.68,21.05,21.05,13.16
2204501,PI,Nordeste,1,faixa intermediária,128,0.48904794454574585,0.6855596,758.4518,0.9770992366412213,2.1072099696478683,0.0,0.76,3.05,6.87,8.4,17.79,21.92,29.27,8.71,3.21
2204550,PI,Nordeste,1,faixa intermediária,29,0.5804857015609741,0.7501667,765.55,0.9666666666666667,1.462397997898956,0.0,0.0,0.0,0.0,7.14,21.19,37.86,23.81,3.33,6.67
2204600,PI,Nordeste,1,faixa intermediária,50,0.8243007063865662,0.81481475,771.64105,0.9433962264150944,1.6989700043360187,0.0,2.16,0.0,3.77,6.24,8.24,21.99,32.05,23.65,1.89
2204709,PI,Nordeste,1,faixa intermediária,122,0.55408775806427,0.67524815,762.05194,0.9457364341085271,2.0863598306747484,0.0,0.0,1.77,8.41,11.14,16.87,23.05,19.38,10.54,8.84
2205003,PI,Nordeste,1,faixa intermediária,84,0.741097629070282,0.73659456,767.6143,0.9882352941176471,1.9242792860618816,0.0,0.0,1.18,9.41,11.95,12.13,16.74,17.92,18.91,11.76
2205102,PI,Nordeste,1,faixa intermediária,64,0.25150468945503235,0.8589428,777.77747,0.9846153846153847,1.806179973983887,0.0,0.0,0.0,3.08,7.86,6.24,31.28,18.72,28.21,4.62
2205201,PI,Nordeste,1,faixa intermediária,164,0.7901556491851807,0.58654535,752.16174,0.9761904761904762,2.214843848047698,0.0,2.5,6.82,7.54,12.15,15.94,16.37,18.32,16.17,4.19
2205300,PI,Nordeste,1,faixa intermediária,57,0.26349973678588867,0.75301206,769.65796,0.9827586206896551,1.7558748556724915,0.0,0.0,0.0,5.41,6.97,14.03,28.06,22.96,19.12,3.45
2205516,PI,Nordeste,1,faixa intermediária,43,0.6866932511329651,0.7144128,760.4644,0.9555555555555556,1.6334684555795864,0.0,0.0,2.54,7.3,4.76,18.73,25.4,30.16,8.89,2.22
2205557,PI,Nordeste,1,faixa intermediária,94,0.21644531190395355,0.58868396,753.7186,0.9690721649484536,1.9731278535996986,0.0,0.0,3.18,7.38,14.75,20.04,22.39,18.25,10.78,3.23
2205565,PI,Nordeste,1,faixa intermediária,81,0.5570966601371765,0.59518075,752.64996,0.9759036144578314,1.9084850188786497,0.0,0.0,0.0,8.43,15.66,22.65,22.17,23.61,5.06,2.41
2205573,PI,Nordeste,1,faixa intermediária,86,0.413923442363739,0.76744187,772.3908,1.0,1.9344984512435677,0.0,0.0,0.0,4.65,8.14,16.28,19.77,24.42,20.93,5.81
2205599,PI,Nordeste,1,faixa intermediária,27,0.1269841194152832,0.6296297,755.45337,0.9642857142857143,1.4313637641589874,0.0,0.0,7.41,0.0,14.81,25.93,11.11,22.22,18.52,0.0
2205904,PI,Nordeste,1,faixa intermediária,68,1.0,0.8237415,772.8529,0.9444444444444444,1.8325089127062364,0.0,0.0,0.0,0.0,7.39,16.34,29.47,24.72,17.67,4.41
2206001,PI,Nordeste,1,faixa intermediária,63,0.22193986177444458,0.8095238,776.04254,1.0,1.7993405494535817,0.0,0.0,0.0,0.0,1.59,19.05,22.22,34.92,20.63,1.59
2206209,PI,Nordeste,1,faixa intermediária,329,0.3905503749847412,0.6078437,751.09814,0.9454022988505747,2.5171958979499744,0.0,1.49,4.85,8.53,11.11,19.79,21.73,17.75,11.25,3.49
2206308,PI,Nordeste,1,faixa intermediária,13,0.4732142686843872,0.84615386,759.9877,1.0,1.1139433523068367,0.0,0.0,0.0,0.0,0.0,38.46,38.46,15.38,7.69,0.0
2206605,PI,Nordeste,1,faixa intermediária,116,0.67197585105896,0.57854694,757.2801,0.9914529914529915,2.0644579892269186,0.0,1.71,4.27,6.84,15.46,19.17,14.06,11.37,19.15,7.97
2206696,PI,Nordeste,1,faixa intermediária,84,0.6693834662437439,0.6516751,754.3425,0.9655172413793104,1.9242792860618816,0.0,0.0,1.15,8.62,6.03,29.5,26.15,18.87,8.46,1.21
2206951,PI,Nordeste,1,faixa intermediária,56,0.4850669801235199,0.8208143,769.75195,0.9824561403508771,1.7481880270062005,0.0,0.0,1.75,3.63,9.02,8.77,36.09,16.04,17.67,7.02
2207009,PI,Nordeste,1,faixa intermediária,337,0.6593974232673645,0.7250406,761.0722,0.9768115942028985,2.5276299008713385,0.0,2.13,3.03,3.92,8.96,18.43,23.09,21.88,12.39,6.19
2207355,PI,Nordeste,1,faixa intermediária,25,0.6601307392120361,0.64,757.47205,1.0,1.3979400086720377,0.0,0.0,0.0,4.0,16.0,24.0,16.0,28.0,8.0,4.0
2207405,PI,Nordeste,1,faixa intermediária,36,0.7083333730697632,0.7222222,771.52026,1.0,1.5563025007672873,0.0,0.0,0.0,0.0,22.22,13.89,13.89,13.89,36.11,0.0
2207751,PI,Nordeste,1,faixa intermediária,42,1.0,0.64508235,754.36975,0.9333333333333333,1.6232492903979006,0.0,2.31,0.0,2.31,11.88,35.96,21.6,16.36,2.47,7.1
2207777,PI,Nordeste,1,faixa intermediária,46,0.8161160945892334,0.6304348,749.17365,1.0,1.662757831681574,0.0,8.7,4.35,8.7,10.87,10.87,21.74,19.57,6.52,8.7
2208106,PI,Nordeste,1,faixa intermediária,68,0.605606198310852,0.61378556,762.28174,0.9315068493150684,1.8325089127062364,0.0,0.0,1.42,11.52,11.69,18.22,18.0,12.15,14.67,12.33
2208304,PI,Nordeste,1,faixa intermediária,394,0.7565147280693054,0.8247902,780.3407,0.9899497487437185,2.595496221825574,0.0,0.5,0.51,1.27,5.06,14.5,21.41,26.64,14.96,15.14
2208551,PI,Nordeste,1,faixa intermediária,42,0.7386264204978943,0.64285713,754.2793,1.0,1.6232492903979006,0.0,0.0,0.0,0.0,21.43,19.05,40.48,11.9,4.76,2.38
2208650,PI,Nordeste,1,faixa intermediária,89,0.6020981669425964,0.6741573,760.1099,1.0,1.9493900066449128,0.0,1.12,2.25,4.49,13.48,14.61,31.46,13.48,13.48,5.62
2209153,PI,Nordeste,1,faixa intermediária,44,0.524402916431427,0.681749,753.9001,0.9565217391304348,1.6434526764861874,0.0,2.27,9.1,6.83,6.81,9.08,29.55,20.42,15.92,0.0
2209203,PI,Nordeste,1,faixa intermediária,100,0.2772705852985382,0.62466383,757.79877,0.9615384615384616,2.0,0.0,0.0,1.96,8.76,16.02,15.86,16.87,24.99,9.41,6.14
2209302,PI,Nordeste,1,faixa intermediária,34,1.0,0.5568182,755.8018,0.918918918918919,1.5314789170422551,0.0,0.0,0.0,2.84,18.28,31.72,18.03,17.28,2.84,9.02
2209351,PI,Nordeste,1,faixa intermediária,40,0.3308292329311371,0.68095237,760.9777,0.9523809523809523,1.6020599913279623,0.0,0.0,7.14,2.38,11.9,17.62,20.0,20.95,12.38,7.62
2209401,PI,Nordeste,1,faixa intermediária,32,0.6119562387466431,0.5569007,748.7682,0.9696969696969697,1.505149978319906,0.0,0.0,3.26,12.82,9.56,24.71,18.65,24.71,3.03,3.26
2209450,PI,Nordeste,1,faixa intermediária,23,0.9615384936332703,0.7826087,768.40393,1.0,1.3617278360175928,0.0,0.0,0.0,0.0,0.0,21.74,47.83,13.04,8.7,8.7
2209559,PI,Nordeste,1,faixa intermediária,66,0.8780181407928467,0.6638806,766.2443,0.9850746268656716,1.8195439355418688,0.0,0.0,1.55,6.15,7.64,21.25,16.66,24.12,18.15,4.48
2209609,PI,Nordeste,1,faixa intermediária,28,0.35599401593208313,0.64285713,773.45856,1.0,1.4471580313422192,0.0,0.0,0.0,0.0,10.71,25.0,17.86,14.29,21.43,10.71
2209708,PI,Nordeste,1,faixa intermediária,65,0.5814146995544434,0.6429114,761.3371,0.9848484848484849,1.8129133566428555,0.0,3.19,1.59,1.59,12.2,23.29,15.47,21.37,16.75,4.55
2209757,PI,Nordeste,1,faixa intermediária,28,0.7647058367729187,0.60714287,743.2714,1.0,1.4471580313422192,0.0,3.57,3.57,7.14,17.86,10.71,28.57,25.0,3.57,0.0
2209807,PI,Nordeste,1,faixa intermediária,53,0.9417900443077087,0.64041466,757.36395,0.9636363636363636,1.724275869600789,0.0,3.84,0.0,3.84,18.79,13.33,26.06,11.11,17.17,5.86
2209906,PI,Nordeste,1,faixa intermediária,50,0.4925306737422943,0.9396551,786.39905,0.9803921568627451,1.6989700043360187,0.0,0.0,0.0,0.0,0.0,14.03,24.43,25.79,27.75,7.99
2209971,PI,Nordeste,1,faixa intermediária,115,0.3358151912689209,0.8779343,783.22656,0.9829059829059829,2.060697840353612,0.0,0.0,0.9,0.85,4.39,8.62,21.73,29.61,22.5,11.4
2210003,PI,Nordeste,1,faixa intermediária,251,0.4434491991996765,0.6524886,760.2777,0.9766536964980544,2.399673721481038,0.0,1.17,5.48,7.85,14.69,11.9,14.25,16.5,20.09,8.07
2210102,PI,Nordeste,1,faixa intermediária,40,0.7600000500679016,0.75,763.7785,1.0,1.6020599913279623,0.0,0.0,0.0,2.5,12.5,25.0,25.0,15.0,12.5,7.5
2210359,PI,Nordeste,1,faixa intermediária,26,1.0,0.7307692,765.77423,0.896551724137931,1.414973347970818,0.0,0.0,0.0,0.0,11.54,26.92,26.92,19.23,11.54,3.85
2210375,PI,Nordeste,1,faixa intermediária,18,0.5849745869636536,0.6111111,769.2061,1.0,1.255272505103306,0.0,0.0,0.0,0.0,22.22,16.67,11.11,27.78,11.11,11.11
2210383,PI,Nordeste,1,faixa intermediária,15,0.24137930572032928,0.79999995,764.9639,0.8823529411764706,1.1760912590556813,0.0,0.0,0.0,6.67,6.67,26.67,26.67,6.67,20.0,6.67
2210391,PI,Nordeste,1,faixa intermediária,25,0.5578768849372864,0.6440678,747.8946,0.9615384615384616,1.3979400086720377,0.0,0.0,4.17,15.71,3.85,16.03,35.9,20.19,4.17,0.0
2210508,PI,Nordeste,1,faixa intermediária,192,0.49265456199645996,0.67151475,765.8192,0.9896907216494846,2.2833012287035497,0.0,1.56,0.53,4.17,13.54,17.78,18.31,17.69,18.68,7.73
2210607,PI,Nordeste,1,faixa intermediária,413,0.6820780038833618,0.7324869,772.1159,0.9582366589327146,2.615950051656401,0.0,0.71,0.97,3.21,9.06,16.7,21.6,20.83,11.84,15.08
2210656,PI,Nordeste,1,faixa intermediária,54,0.45161816477775574,0.7565977,767.6358,0.9642857142857143,1.7323937598229686,0.0,0.0,0.0,7.37,7.59,15.18,29.24,20.09,15.18,5.36
2210706,PI,Nordeste,1,faixa intermediária,195,0.6852440237998962,0.8604033,779.27454,0.9420289855072463,2.290034611362518,0.0,0.0,1.07,1.5,5.89,11.39,26.72,19.79,24.35,9.29
2210805,PI,Nordeste,1,faixa intermediária,120,0.8869657516479492,0.6744719,757.39105,0.9836065573770492,2.0791812460476247,0.0,0.82,0.86,2.5,10.04,27.46,25.09,22.48,9.09,1.68
2210953,PI,Nordeste,1,faixa intermediária,43,0.6875,0.6511111,759.10913,0.9555555555555556,1.6334684555795864,0.0,2.44,0.0,4.44,9.33,23.11,26.22,18.44,11.56,4.44
2211407,PI,Nordeste,1,faixa intermediária,42,0.9366459846496582,0.7619048,765.946,1.0,1.6232492903979006,0.0,0.0,2.38,9.52,7.14,11.9,26.19,23.81,14.29,4.76
2300309,CE,Nordeste,1,faixa intermediária,365,0.6263113617897034,0.64578307,757.73663,0.989159891598916,2.5622928644564746,0.0,6.52,5.17,7.06,9.24,10.71,13.15,20.8,18.88,8.47
2300408,CE,Nordeste,1,faixa intermediária,154,0.7514240145683289,0.75831336,769.42676,0.9746835443037974,2.187520720836463,0.0,0.66,1.96,3.97,7.75,15.66,24.07,21.55,17.33,7.05
2300903,CE,Nordeste,1,faixa intermediária,137,0.8079650402069092,0.74452555,768.1871,1.0,2.1367205671564067,0.0,3.65,5.11,8.76,3.65,5.11,18.98,23.36,18.98,12.41
2301307,CE,Nordeste,1,faixa intermediária,285,0.7549983859062195,0.7722028,770.5476,0.9965034965034965,2.45484486000851,0.0,2.1,4.56,5.24,8.06,8.06,18.53,20.4,21.8,11.24
2301505,CE,Nordeste,1,faixa intermediária,50,0.7363601326942444,0.76,771.02936,1.0,1.6989700043360187,0.0,4.0,4.0,0.0,10.0,12.0,22.0,14.0,20.0,14.0
2301703,CE,Nordeste,1,faixa intermediária,211,0.7284847497940063,0.73843104,775.3029,0.9952830188679245,2.3242824552976926,0.0,0.47,0.94,4.72,12.01,10.85,12.31,24.61,22.73,11.36
2302008,CE,Nordeste,1,faixa intermediária,164,0.6784120798110962,0.6393939,754.6346,0.9939393939393939,2.214843848047698,0.0,3.64,7.39,7.88,10.36,9.88,19.45,21.82,10.97,8.61
2303709,CE,Nordeste,1,faixa intermediária,3784,0.6682935953140259,0.6834234,764.3327,0.974002574002574,3.5779511277297553,0.039894074,3.15,3.69,7.7,9.32,10.95,15.56,20.11,18.75,10.76
2304400,CE,Nordeste,1,faixa intermediária,17722,0.74156254529953,0.7503799,773.7152,0.9796031175722735,4.2485127322209,0.008398336,2.66,3.48,5.65,7.01,8.71,15.24,21.81,20.27,15.17
2305266,CE,Nordeste,1,faixa intermediária,132,0.7030157446861267,0.6052632,759.6785,0.9924812030075187,2.12057393120585,0.0,1.5,3.01,10.56,13.8,12.11,14.44,15.23,18.08,11.28
2305407,CE,Nordeste,1,faixa intermediária,549,0.8007524013519287,0.75399584,769.0202,0.9838709677419355,2.739572344450092,0.0,1.08,2.56,4.76,9.44,10.94,20.8,26.39,14.82,9.21
2305506,CE,Nordeste,1,faixa intermediária,741,0.5655452609062195,0.633534,756.36707,0.9827586206896551,2.869818207979328,0.0,4.45,6.63,9.39,8.64,10.75,16.04,17.16,16.84,10.08
2307106,CE,Nordeste,1,faixa intermediária,349,0.7787548899650574,0.708014,769.4687,0.9943019943019943,2.5428254269591797,0.0,1.71,2.87,6.86,8.29,11.78,12.98,24.34,21.46,9.71
2307205,CE,Nordeste,1,faixa intermediária,93,0.74369877576828,0.7744894,781.0186,0.96875,1.968482948553935,0.0,0.0,0.0,6.46,8.76,11.8,12.93,29.14,13.0,17.92
2307502,CE,Nordeste,1,faixa intermediária,245,0.7538095116615295,0.742915,773.0428,0.9919028340080972,2.3891660843645326,0.0,2.04,3.28,6.88,5.73,9.8,15.48,21.33,19.19,16.26
2308302,CE,Nordeste,1,faixa intermediária,256,0.7527715563774109,0.7932627,779.57623,0.9696969696969697,2.4082399653118496,0.0,0.38,1.18,4.31,5.43,11.69,19.39,25.26,17.42,14.94
2308708,CE,Nordeste,1,faixa intermediária,561,0.7196052074432373,0.76089126,770.03973,0.9807692307692307,2.7489628612561616,0.0,3.56,5.13,5.04,4.84,8.91,14.73,26.98,18.72,12.08
2310605,CE,Nordeste,1,faixa intermediária,118,0.7770499587059021,0.63670623,757.31665,0.9672131147540983,2.0718820073061255,0.0,1.85,5.19,6.45,10.12,16.89,22.13,17.29,15.03,5.05
2312601,CE,Nordeste,1,faixa intermediária,111,0.816628098487854,0.6512093,757.0557,0.9652173913043478,2.0453229787866576,0.0,4.75,4.62,6.55,9.93,15.44,16.28,20.31,13.25,8.87
2401503,RN,Nordeste,1,faixa intermediária,21,0.5527272820472717,0.7433881,765.36835,0.75,1.3222192947339193,0.0,0.0,0.0,0.0,5.36,35.23,23.38,22.24,13.8,0.0
2401651,RN,Nordeste,1,faixa intermediária,10,0.6500000357627869,0.6,773.517,0.8333333333333334,1.0,0.0,0.0,0.0,0.0,10.0,30.0,20.0,10.0,0.0,30.0
2403301,RN,Nordeste,1,faixa intermediária,63,0.4753272533416748,0.6703799,763.7017,0.9,1.7993405494535817,0.0,1.43,4.29,4.4,16.55,7.86,22.02,19.52,9.29,14.64
2403905,RN,Nordeste,1,faixa intermediária,19,0.44999998807907104,0.78947365,773.78845,0.9047619047619048,1.2787536009528289,0.0,0.0,0.0,0.0,10.53,10.53,31.58,21.05,26.32,0.0
2404408,RN,Nordeste,1,faixa intermediária,84,0.573894202709198,0.6743877,757.78015,0.8571428571428571,1.9242792860618816,0.24408162,1.15,1.5,2.31,17.66,18.2,21.77,25.89,7.84,3.68
2405702,RN,Nordeste,1,faixa intermediária,72,0.3387250006198883,0.6276825,754.4709,0.8181818181818182,1.8573324964312685,0.22652437,1.76,3.85,13.88,13.56,6.81,13.85,25.13,15.95,5.22
2406601,RN,Nordeste,1,faixa intermediária,54,0.23433822393417358,0.63438296,749.0224,0.8059701492537313,1.7323937598229686,0.29876137,1.99,3.19,10.47,7.87,17.84,30.61,16.16,8.68,3.19
2407252,RN,Nordeste,1,faixa intermediária,45,0.3141721189022064,0.6003584,755.6695,0.9,1.6532125137753437,0.0,0.0,2.25,8.88,22.14,8.88,28.71,11.25,13.38,4.5
2408508,RN,Nordeste,1,faixa intermediária,60,0.40664851665496826,0.7360025,757.5285,0.9375,1.7781512503836436,0.0,6.59,3.31,1.65,6.66,18.25,25.26,16.68,15.08,6.52
2408904,RN,Nordeste,1,faixa intermediária,210,0.5761888027191162,0.63680863,761.09296,0.9090909090909091,2.322219294733919,0.5025772,0.87,1.98,6.56,10.62,19.93,20.33,18.46,13.84,7.41
2410207,RN,Nordeste,1,faixa intermediária,71,0.49423351883888245,0.6535142,758.4024,0.8765432098765432,1.8512583487190752,0.0,5.41,2.71,8.44,11.0,10.04,13.7,21.66,19.79,7.26
2410603,RN,Nordeste,1,faixa intermediária,19,0.2993007004261017,0.6724295,759.48914,0.8636363636363636,1.2787536009528289,0.0,0.0,0.0,11.11,11.11,15.56,31.11,15.56,15.56,0.0
2410801,RN,Nordeste,1,faixa intermediária,31,0.4754270613193512,0.53366643,749.7826,0.8157894736842105,1.4913616938342726,0.0,0.0,0.0,6.29,18.86,25.15,20.91,17.84,10.96,0.0
2411809,RN,Nordeste,1,faixa intermediária,27,0.4714040458202362,0.6487455,754.4184,0.6923076923076923,1.4313637641589874,0.0,0.0,3.04,0.0,18.27,21.5,32.44,12.37,12.37,0.0
2411908,RN,Nordeste,1,faixa intermediária,55,0.5684641599655151,0.6897784,760.27655,0.9821428571428571,1.7403626894942439,0.0,5.58,0.0,5.58,7.14,18.08,20.09,25.45,10.94,7.14
2412104,RN,Nordeste,1,faixa intermediária,64,0.4958094656467438,0.6648778,764.0245,0.9552238805970149,1.806179973983887,0.1639833,1.61,0.0,3.21,11.13,19.16,25.1,18.52,7.69,13.58
2414902,RN,Nordeste,1,faixa intermediária,21,0.5892857909202576,0.61904764,760.73566,0.9545454545454546,1.3222192947339193,0.0,0.0,9.52,9.52,0.0,19.05,19.05,14.29,19.05,9.52
2500205,PB,Nordeste,1,faixa intermediária,45,0.6872933506965637,0.61930585,755.76965,0.9782608695652174,1.6532125137753437,0.0,0.0,0.0,6.72,4.45,31.32,28.85,24.21,4.45,0.0
2500700,PB,Nordeste,1,faixa intermediária,113,0.42086824774742126,0.72827065,765.6108,0.9262295081967213,2.0530784434834195,0.0,0.0,0.0,5.36,9.13,24.14,21.38,14.86,22.58,2.56
2500775,PB,Nordeste,1,faixa intermediária,46,0.4249896705150604,0.6241062,750.2256,0.9387755102040817,1.662757831681574,0.0,0.0,6.64,4.9,15.12,17.06,28.7,19.1,8.49,0.0
2501203,PB,Nordeste,1,faixa intermediária,101,0.9286287426948547,0.70752424,764.892,0.9439252336448598,2.0043213737826426,0.0,2.02,0.0,3.85,10.62,15.72,24.56,22.99,16.17,4.06
2501351,PB,Nordeste,1,faixa intermediária,66,0.4836956560611725,0.9396423,784.88477,0.9850746268656716,1.8195439355418688,0.0,0.0,0.0,0.0,1.49,13.64,16.82,34.74,27.27,6.04
2501534,PB,Nordeste,1,faixa intermediária,59,0.5935960412025452,0.8975991,777.7015,0.855072463768116,1.7708520116421442,0.0,0.0,0.0,0.0,1.71,10.27,28.93,40.61,16.83,1.65
2501708,PB,Nordeste,1,faixa intermediária,46,0.6051453351974487,0.7860271,770.47174,0.9583333333333334,1.662757831681574,0.0,2.08,0.0,4.17,6.25,10.97,28.47,24.58,21.39,2.08
2502201,PB,Nordeste,1,faixa intermediária,19,0.25555554032325745,0.68421054,758.7505,1.0,1.2787536009528289,0.0,0.0,0.0,5.26,10.53,31.58,10.53,36.84,0.0,5.26
2502409,PB,Nordeste,1,faixa intermediária,83,0.40867379307746887,0.60894746,758.0724,0.9431818181818182,1.919078092376074,0.0,0.0,1.22,7.08,12.94,20.34,19.27,26.83,8.74,3.58
2502607,PB,Nordeste,1,faixa intermediária,49,0.289577841758728,0.790544,769.52313,0.8305084745762712,1.6901960800285136,0.0,2.23,1.88,0.0,1.88,19.05,28.82,24.7,13.18,8.24
2502706,PB,Nordeste,1,faixa intermediária,41,0.8274111747741699,0.6759643,764.6563,0.8913043478260869,1.6127838567197355,0.0,2.51,0.0,5.02,22.4,2.51,14.62,31.21,16.77,4.97
2502904,PB,Nordeste,1,faixa intermediária,34,0.4548799693584442,0.64048105,753.3001,0.8717948717948718,1.5314789170422551,0.0,0.0,3.21,8.62,21.44,2.71,31.77,20.44,11.82,0.0
2503506,PB,Nordeste,1,faixa intermediária,137,0.7948866486549377,0.63271356,765.216,0.9448275862068966,2.1367205671564067,0.0,1.4,2.84,2.23,15.06,20.99,12.23,19.76,13.34,12.14
2503605,PB,Nordeste,1,faixa intermediária,54,0.5384013056755066,0.72274923,768.667,0.9,1.7323937598229686,0.0,5.95,1.98,7.94,5.95,9.76,11.11,18.41,23.1,15.79
2503902,PB,Nordeste,1,faixa intermediária,63,0.36338356137275696,0.686636,763.5289,0.9692307692307692,1.7993405494535817,0.0,0.0,1.54,9.38,7.99,15.68,22.56,23.66,12.89,6.3
2504033,PB,Nordeste,1,faixa intermediária,106,0.5602740049362183,0.60381067,751.43616,0.905982905982906,2.0253058652647704,0.0,0.0,1.18,12.99,14.75,14.83,25.06,17.28,13.05,0.85
2504074,PB,Nordeste,1,faixa intermediária,42,0.48409703373908997,0.8782984,776.402,0.9545454545454546,1.6232492903979006,0.0,0.0,0.0,2.44,7.31,7.14,25.97,35.71,11.85,9.58
2504157,PB,Nordeste,1,faixa intermediária,87,0.47971439361572266,0.58520544,752.48596,0.9560439560439561,1.9395192526186185,0.0,1.2,2.25,5.91,16.27,19.25,26.46,18.35,6.9,3.4
2504355,PB,Nordeste,1,faixa intermediária,56,0.529959499835968,0.7666612,775.5734,0.9180327868852459,1.7481880270062005,0.0,1.76,1.72,5.3,7.3,7.25,21.9,22.91,15.63,16.24
2504603,PB,Nordeste,1,faixa intermediária,406,0.6238240003585815,0.6947844,771.0977,0.9082774049217002,2.6085260335771943,0.0,1.37,3.53,5.95,10.22,12.82,15.08,16.97,18.07,15.98
2504850,PB,Nordeste,1,faixa intermediária,15,0.75,0.93333334,781.0233,1.0,1.1760912590556813,0.0,0.0,0.0,0.0,0.0,33.33,13.33,20.0,33.33,0.0
2505105,PB,Nordeste,1,faixa intermediária,151,0.5065980553627014,0.62206614,755.7984,0.8628571428571429,2.1789769472931693,0.0,2.03,1.29,5.28,14.93,20.74,20.21,16.42,14.43,4.67
2505303,PB,Nordeste,1,faixa intermediária,16,0.380952388048172,0.625,753.67065,1.0,1.2041199826559248,0.0,0.0,6.25,0.0,12.5,18.75,37.5,12.5,12.5,0.0
2505600,PB,Nordeste,1,faixa intermediária,28,0.25,0.7217631,760.07056,0.9655172413793104,1.4471580313422192,0.0,3.45,0.0,0.0,7.16,24.4,43.5,10.88,3.45,7.16
2505808,PB,Nordeste,1,faixa intermediária,35,0.11052631586790085,0.59999996,752.964,0.9459459459459459,1.5440680443502757,0.0,0.0,0.0,11.43,8.57,25.72,28.56,17.16,2.85,5.71
2506004,PB,Nordeste,1,faixa intermediária,253,0.6149758696556091,0.64212346,757.6098,0.9301470588235294,2.403120521175818,0.0,1.93,1.57,9.87,10.33,17.51,18.82,20.55,14.67,4.76
2506202,PB,Nordeste,1,faixa intermediária,14,0.3869697153568268,0.71428573,760.3264,0.9333333333333333,1.146128035678238,0.0,0.0,7.14,7.14,7.14,14.29,21.43,28.57,7.14,7.14
2506251,PB,Nordeste,1,faixa intermediária,27,0.7825669050216675,0.70714283,775.664,0.9642857142857143,1.4313637641589874,0.0,0.0,0.0,7.5,14.64,7.14,22.14,11.07,26.43,11.07
2506608,PB,Nordeste,1,faixa intermediária,29,0.13067008554935455,0.5862069,758.8686,1.0,1.462397997898956,0.0,0.0,0.0,0.0,20.69,24.14,20.69,20.69,13.79,0.0
2507101,PB,Nordeste,1,faixa intermediária,143,0.7175083160400391,0.84195304,782.9101,0.89937106918239,2.155336037465062,0.0,0.0,0.0,4.65,5.23,11.17,17.48,27.1,18.34,16.02
2507804,PB,Nordeste,1,faixa intermediária,68,0.5622275471687317,0.76208174,768.07214,0.9714285714285714,1.8325089127062364,0.0,0.0,0.0,4.55,10.41,17.92,23.01,22.01,17.67,4.44
2508109,PB,Nordeste,1,faixa intermediária,30,0.25,0.59380525,754.46497,0.8823529411764706,1.4771212547196624,0.0,0.0,0.0,3.57,26.79,20.09,16.52,23.21,9.82,0.0
2508406,PB,Nordeste,1,faixa intermediária,29,0.2077205926179886,0.82758623,769.9159,1.0,1.462397997898956,0.0,0.0,0.0,6.9,6.9,6.9,41.38,20.69,13.79,3.45
2508505,PB,Nordeste,1,faixa intermediária,56,0.4381493330001831,0.55320525,754.84845,0.9032258064516129,1.7481880270062005,0.0,0.0,3.58,1.84,12.43,28.67,17.93,26.6,5.28,3.66
2508703,PB,Nordeste,1,faixa intermediária,11,0.7000000476837158,0.6363636,755.8773,1.0,1.0413926851582251,0.0,0.0,0.0,18.18,18.18,0.0,18.18,27.27,18.18,0.0
2508901,PB,Nordeste,1,faixa intermediária,467,0.461692750453949,0.68648213,765.68176,0.9377510040160643,2.6693168805661123,0.0,1.17,1.09,5.09,10.62,18.5,21.5,19.33,14.1,8.59
2509008,PB,Nordeste,1,faixa intermediária,95,0.7051908373832703,0.60277367,753.8281,0.9405940594059405,1.9777236052888478,0.42644867,2.26,2.11,12.71,10.51,17.88,20.01,15.03,12.19,7.3
2509107,PB,Nordeste,1,faixa intermediária,189,0.3798511028289795,0.7005435,763.92535,0.863013698630137,2.2764618041732443,0.0,2.35,2.25,3.85,7.85,20.87,20.63,22.84,10.91,8.44
2509339,PB,Nordeste,1,faixa intermediária,36,0.7928157448768616,0.72660357,772.49835,0.9473684210526315,1.5563025007672873,0.0,0.0,0.0,2.83,5.67,24.09,16.46,22.65,19.62,8.68
2509396,PB,Nordeste,1,faixa intermediária,84,0.5063780546188354,0.60754186,755.0561,0.9767441860465116,1.9242792860618816,0.0,0.0,3.54,8.36,11.91,21.37,23.79,15.54,8.19,7.3
2509404,PB,Nordeste,1,faixa intermediária,99,0.73206627368927,0.6060606,751.9925,1.0,1.99563519459755,0.0,0.0,2.02,5.05,13.13,27.27,24.24,21.21,6.06,1.01
2509503,PB,Nordeste,1,faixa intermediária,69,0.6587575078010559,0.8233305,777.1728,0.971830985915493,1.8388490907372552,0.0,1.41,1.54,1.41,4.35,16.39,21.64,20.1,25.74,7.43
2509701,PB,Nordeste,1,faixa intermediária,300,0.5503147840499878,0.6109692,756.23785,0.9584664536741214,2.4771212547196626,0.0,3.05,2.31,7.69,11.86,18.46,17.21,19.16,16.0,4.27
2509800,PB,Nordeste,1,faixa intermediária,81,0.5626575350761414,0.66598266,768.6202,0.7570093457943925,1.9084850188786497,0.36377203,0.0,3.47,7.68,13.51,8.7,14.27,20.7,17.41,14.25
2510006,PB,Nordeste,1,faixa intermediária,42,0.3648175895214081,0.63882864,747.30554,0.9130434782608695,1.6232492903979006,0.0,0.0,2.27,9.77,14.77,18.64,35.23,14.55,4.77,0.0
2510105,PB,Nordeste,1,faixa intermediária,109,0.6094383001327515,0.6755147,758.4985,0.956140350877193,2.037426497940624,0.0,0.88,4.48,11.69,7.36,12.62,21.31,23.31,12.05,6.31
2510303,PB,Nordeste,1,faixa intermediária,47,0.5943464040756226,0.7674024,770.6298,0.8867924528301887,1.6720978579357175,0.0,0.0,2.12,10.53,6.37,10.53,21.23,19.27,25.67,4.27
2510402,PB,Nordeste,1,faixa intermediária,64,0.7611111402511597,0.9123683,786.1252,0.8888888888888888,1.806179973983887,0.3477538,0.0,0.0,0.0,7.38,4.17,19.37,36.15,18.96,13.97
2510709,PB,Nordeste,1,faixa intermediária,21,0.7952381372451782,0.6666666,767.4495,0.9545454545454546,1.3222192947339193,0.0,0.0,0.0,4.76,9.52,28.57,14.29,14.29,23.81,4.76
2510808,PB,Nordeste,1,faixa intermediária,785,0.4361436367034912,0.6747951,762.8435,0.9235294117647059,2.8948696567452528,0.0,1.13,2.48,5.03,11.85,16.65,21.21,18.34,17.65,5.66
2511004,PB,Nordeste,1,faixa intermediária,40,0.9561128616333008,0.69893426,769.61304,0.8888888888888888,1.6020599913279623,0.0,0.0,0.0,2.33,18.11,12.36,14.69,27.78,14.69,10.04
2511608,PB,Nordeste,1,faixa intermediária,89,0.41756486892700195,0.6121991,754.4961,0.9081632653061225,1.9493900066449128,0.0,0.0,2.19,5.59,15.16,20.38,28.76,14.46,10.17,3.29
2511707,PB,Nordeste,1,faixa intermediária,38,0.9855072498321533,0.5607515,756.05536,0.7755102040816326,1.5797835966168101,0.0,0.0,4.96,4.99,15.51,24.01,4.99,23.42,16.6,5.53
2512036,PB,Nordeste,1,faixa intermediária,43,0.23241858184337616,0.8167484,776.8179,0.9148936170212766,1.6334684555795864,0.0,0.0,0.0,0.0,4.58,15.88,28.26,29.11,11.91,10.26
2512077,PB,Nordeste,1,faixa intermediária,41,0.8793497681617737,0.57571244,751.2043,0.8723404255319149,1.6127838567197355,0.0,0.0,0.0,7.27,20.09,26.95,23.82,12.0,7.27,2.6
2512101,PB,Nordeste,1,faixa intermediária,247,0.5865318179130554,0.65562624,761.4987,0.8884892086330936,2.392696953259666,0.0,0.85,0.86,7.37,12.32,17.5,19.96,20.01,15.32,5.79
2512200,PB,Nordeste,1,faixa intermediária,41,0.47455745935440063,0.63265306,762.0618,0.9318181818181818,1.6127838567197355,0.0,0.0,0.0,2.49,24.38,12.34,16.81,21.99,17.12,4.88
2512408,PB,Nordeste,1,faixa intermediária,210,0.7556781768798828,0.62112176,754.6377,0.9722222222222222,2.322219294733919,0.0,1.96,3.39,5.31,15.17,16.85,22.61,19.43,12.48,2.8
2512747,PB,Nordeste,1,faixa intermediária,25,0.5241379141807556,0.704142,769.53754,0.9259259259259259,1.3979400086720377,0.0,0.0,0.0,7.41,11.11,11.11,15.43,29.01,21.6,4.32
2512762,PB,Nordeste,1,faixa intermediária,27,0.6823793053627014,0.75031203,760.5675,0.84375,1.4313637641589874,0.0,0.0,3.12,9.38,6.25,20.05,15.1,25.26,20.83,0.0
2513653,PB,Nordeste,1,faixa intermediária,30,0.3969780206680298,0.90090376,778.1966,0.967741935483871,1.4771212547196624,0.0,0.0,0.0,3.23,3.23,10.14,36.87,16.59,23.27,6.68
2513927,PB,Nordeste,1,faixa intermediária,35,0.6597744226455688,0.6002494,749.1103,0.875,1.5440680443502757,0.0,0.0,0.0,5.71,22.72,20.29,28.68,14.09,8.5,0.0
2513968,PB,Nordeste,1,faixa intermediária,22,0.8333333730697632,0.54545456,758.2191,0.88,1.3424226808222062,0.0,0.0,0.0,4.55,9.09,31.82,22.73,18.18,9.09,4.55
2514206,PB,Nordeste,1,faixa intermediária,84,0.8574010133743286,0.5952381,759.45,1.0,1.9242792860618816,0.0,0.0,1.19,7.14,15.48,20.24,21.43,13.1,14.29,7.14
2514552,PB,Nordeste,1,faixa intermediária,11,0.8235294222831726,0.8181818,766.7136,0.8461538461538461,1.0413926851582251,0.0,0.0,0.0,9.09,0.0,27.27,27.27,9.09,18.18,9.09
2514800,PB,Nordeste,1,faixa intermediária,21,0.8025084137916565,0.952381,777.65094,0.9545454545454546,1.3222192947339193,0.0,0.0,0.0,0.0,4.76,4.76,42.86,28.57,14.29,4.76
2515005,PB,Nordeste,1,faixa intermediária,23,0.10074613243341446,1.0,787.2982,0.8214285714285714,1.3617278360175928,0.0,0.0,0.0,0.0,0.0,5.36,25.0,30.36,39.29,0.0
2515203,PB,Nordeste,1,faixa intermediária,33,0.9498792290687561,0.69270235,751.594,0.9428571428571428,1.5185139398778875,0.0,3.21,2.86,3.21,9.29,21.07,26.79,30.36,3.21,0.0
2515708,PB,Nordeste,1,faixa intermediária,28,0.4000000059604645,0.7079889,768.79236,0.9655172413793104,1.4471580313422192,0.0,3.71,3.45,3.71,14.59,7.43,14.32,17.24,21.75,13.79
2515807,PB,Nordeste,1,faixa intermediária,14,0.145454540848732,0.85714287,756.68427,1.0,1.146128035678238,0.0,0.0,0.0,7.14,0.0,28.57,50.0,14.29,0.0,0.0
2515906,PB,Nordeste,1,faixa intermediária,55,0.836363673210144,0.74701333,776.4542,0.9649122807017544,1.7403626894942439,0.0,0.0,0.0,3.51,9.21,19.74,14.33,23.83,14.62,14.77
2515930,PB,Nordeste,1,faixa intermediária,63,0.5200422406196594,0.75361276,770.6867,0.9130434782608695,1.7993405494535817,0.0,0.0,1.45,3.08,12.52,10.9,20.73,28.52,13.16,9.63
2516151,PB,Nordeste,1,faixa intermediária,55,0.184477761387825,0.665878,765.5502,0.9322033898305084,1.7403626894942439,0.0,1.83,5.62,11.1,14.84,3.7,10.74,12.83,26.97,12.39
2516201,PB,Nordeste,1,faixa intermediária,524,0.42426860332489014,0.65816325,759.6274,0.888135593220339,2.7193312869837265,0.054105364,2.31,4.27,5.02,12.69,13.93,20.68,17.98,15.38,7.73
2516300,PB,Nordeste,1,faixa intermediária,132,0.33197447657585144,0.6454108,751.73535,0.9635036496350365,2.12057393120585,0.0,2.95,0.83,7.58,11.38,23.54,24.23,17.24,9.87,2.37
2516409,PB,Nordeste,1,faixa intermediária,45,0.559288501739502,0.77731097,768.28784,0.9,1.6532125137753437,0.0,2.14,0.0,0.0,13.42,15.56,22.28,31.22,8.71,6.66
2516607,PB,Nordeste,1,faixa intermediária,77,0.7526665925979614,0.6747527,760.33826,0.9058823529411765,1.8864907251724818,0.0,0.0,2.59,5.36,10.46,20.55,27.22,14.22,11.53,8.07
2516706,PB,Nordeste,1,faixa intermediária,123,0.7285382747650146,0.818239,777.55505,0.968503937007874,2.089905111439398,0.0,0.0,0.87,4.27,8.12,8.04,21.04,24.81,24.58,8.27
2516805,PB,Nordeste,1,faixa intermediária,61,0.5007827877998352,0.63339156,747.1478,0.9682539682539683,1.7853298350107671,0.0,3.36,5.03,8.31,10.16,14.83,27.26,22.94,4.94,3.17
2517100,PB,Nordeste,1,faixa intermediária,27,0.5199999809265137,0.6296296,760.1537,0.9310344827586207,1.4313637641589874,0.0,0.0,3.7,7.41,7.41,25.93,11.11,25.93,14.81,3.7
2517209,PB,Nordeste,1,faixa intermediária,39,0.28193625807762146,0.6436417,763.51996,0.9512195121951219,1.591064607026499,0.0,0.0,0.0,2.44,7.67,33.37,22.92,10.37,23.23,0.0
2517407,PB,Nordeste,1,faixa intermediária,24,0.9117646813392639,0.6473617,748.9975,0.7741935483870968,1.380211241711606,0.0,0.0,3.44,8.82,14.19,17.63,35.27,13.76,3.44,3.44
2600104,PE,Nordeste,1,faixa intermediária,387,0.6659262180328369,0.7018569,755.5108,0.9748110831234257,2.5877109650189114,0.0,1.57,2.8,7.22,9.67,11.38,31.04,28.38,6.16,1.78
2600203,PE,Nordeste,1,faixa intermediária,172,0.5458081364631653,0.5986664,745.18915,0.9885057471264368,2.2355284469075487,0.0,2.39,4.63,4.66,18.55,15.71,30.78,18.67,4.6,0.0
2600302,PE,Nordeste,1,faixa intermediária,230,0.7171298861503601,0.6408296,749.5335,0.9871244635193133,2.361727836017593,0.0,1.74,2.58,4.72,14.65,16.95,37.14,16.11,4.37,1.75
2600401,PE,Nordeste,1,faixa intermediária,174,0.611355185508728,0.5555616,751.12494,0.9456521739130435,2.2405492482826,0.0,0.0,0.6,5.98,13.0,28.97,27.63,17.58,5.16,1.09
2600500,PE,Nordeste,1,faixa intermediária,455,0.57558673620224,0.59765214,744.6454,0.9806034482758621,2.6580113966571126,0.0,2.71,4.0,7.46,17.28,14.38,30.35,17.62,4.77,1.44
2600807,PE,Nordeste,1,faixa intermediária,111,0.5841469168663025,0.6807957,756.8776,0.9327731092436975,2.0453229787866576,0.0,0.88,3.68,3.64,10.9,18.37,27.06,23.94,8.9,2.64
2600906,PE,Nordeste,1,faixa intermediária,151,0.6874454021453857,0.5526053,748.841,0.94375,2.1789769472931693,0.0,1.25,1.39,4.73,14.45,29.41,23.05,19.68,5.31,0.72
2601003,PE,Nordeste,1,faixa intermediária,88,0.62053382396698,0.62409484,748.92377,0.967032967032967,1.9444826721501687,0.0,1.1,8.07,9.2,10.21,10.11,32.93,22.68,2.25,3.45
2601201,PE,Nordeste,1,faixa intermediária,670,0.5952686667442322,0.70044005,750.74457,0.9696092619392185,2.8260748027008264,0.0,3.57,2.72,6.84,9.38,12.04,36.55,23.56,4.0,1.34
2601300,PE,Nordeste,1,faixa intermediária,104,0.8078221678733826,0.86538464,775.2009,1.0,2.0170333392987803,0.0,0.96,0.0,0.0,2.88,12.5,29.81,38.46,10.58,4.81
2601409,PE,Nordeste,1,faixa intermediária,421,0.6177616119384766,0.53063434,746.3683,0.9700460829493087,2.6242820958356683,0.0,0.94,0.7,5.41,20.04,24.7,29.83,14.33,2.61,1.45
2601508,PE,Nordeste,1,faixa intermediária,123,0.7123857140541077,0.796748,763.2868,1.0,2.089905111439398,0.0,0.81,0.0,0.81,1.63,20.33,44.72,27.64,3.25,0.81
2601607,PE,Nordeste,1,faixa intermediária,174,0.5154613852500916,0.6262039,748.71796,0.8969072164948454,2.2405492482826,0.0,1.83,0.55,3.8,14.66,22.56,38.38,15.53,1.63,1.07
2601805,PE,Nordeste,1,faixa intermediária,92,0.7044917345046997,0.76979345,764.1555,0.989247311827957,1.9637878273455553,0.0,1.08,0.0,1.08,7.71,19.76,34.72,25.94,6.45,3.27
2602100,PE,Nordeste,1,faixa intermediária,462,0.599822998046875,0.60743225,742.21045,0.9746835443037974,2.6646419755561257,0.0,2.58,5.38,7.22,12.95,18.76,35.61,14.46,2.38,0.65
2602209,PE,Nordeste,1,faixa intermediária,297,0.6093539595603943,0.6915968,761.0484,0.9769736842105263,2.4727564493172123,0.0,0.68,1.0,2.01,8.58,21.61,32.53,24.59,6.0,3.0
2602308,PE,Nordeste,1,faixa intermediária,347,0.5671360492706299,0.79750043,764.01636,0.9665738161559888,2.5403294747908736,0.0,0.0,0.29,1.49,3.4,20.02,42.98,24.06,6.35,1.42
2602407,PE,Nordeste,1,faixa intermediária,78,0.6702368855476379,0.86181736,772.3811,0.9176470588235294,1.8920946026904804,0.0,0.0,0.0,1.18,6.3,9.98,36.73,32.75,10.34,2.72
2602506,PE,Nordeste,1,faixa intermediária,105,0.7144501805305481,0.7904762,766.6121,1.0,2.0211892990699383,0.0,0.95,1.9,2.86,9.52,8.57,22.86,42.86,9.52,0.95
2602704,PE,Nordeste,1,faixa intermediária,124,0.6299136281013489,0.85531366,772.29865,0.992,2.093421685162235,0.0,0.0,0.0,0.8,4.0,11.27,34.8,41.13,4.8,3.2
2603009,PE,Nordeste,1,faixa intermediária,311,0.6825299859046936,0.6121675,749.7598,0.9067055393586005,2.4927603890268375,0.0,0.88,6.15,3.27,10.98,22.11,30.65,19.58,4.85,1.53
2603108,PE,Nordeste,1,faixa intermediária,179,0.5668622851371765,0.63596797,748.3955,0.9728260869565217,2.2528530309798933,0.0,3.4,6.59,2.82,15.26,16.08,24.52,22.94,8.39,0.0
2603405,PE,Nordeste,1,faixa intermediária,83,0.7440770864486694,0.8600141,771.70013,0.9764705882352941,1.919078092376074,0.0,1.18,0.0,1.32,3.97,12.21,29.85,37.35,10.59,3.53
2603504,PE,Nordeste,1,faixa intermediária,169,0.5571473836898804,0.6850873,759.2707,0.9712643678160919,2.2278867046136734,0.0,0.61,1.22,4.71,14.33,12.34,27.96,28.28,7.58,2.97
2603603,PE,Nordeste,1,faixa intermediária,51,0.5610306262969971,0.6681481,755.66315,0.9444444444444444,1.7075701760979363,0.0,0.0,1.85,0.0,8.3,27.11,34.0,26.89,1.85,0.0
2603702,PE,Nordeste,1,faixa intermediária,226,0.48262548446655273,0.65491986,747.3909,0.9456066945606695,2.3541084391474008,0.0,1.35,5.75,8.82,12.78,8.35,35.98,22.52,4.02,0.42
2603801,PE,Nordeste,1,faixa intermediária,211,0.5094860792160034,0.6966409,749.89667,0.9952830188679245,2.3242824552976926,0.0,1.41,3.29,8.48,7.13,18.34,39.11,19.89,1.41,0.94
2603900,PE,Nordeste,1,faixa intermediária,252,0.9181195497512817,0.9249892,779.8978,0.9882352941176471,2.401400540781544,0.0,0.39,0.78,0.0,1.6,7.18,23.41,48.81,12.65,5.18
2604007,PE,Nordeste,1,faixa intermediária,570,0.6527742147445679,0.5918583,749.31714,0.9283387622149837,2.7558748556724915,0.0,1.97,1.75,4.75,11.45,25.4,29.1,21.36,3.17,1.04
2604155,PE,Nordeste,1,faixa intermediária,75,0.7946243286132812,0.84857136,776.12036,0.974025974025974,1.8750612633917,0.0,0.0,1.45,0.0,5.44,11.07,22.99,42.9,12.12,4.03
2604304,PE,Nordeste,1,faixa intermediária,78,0.46941453218460083,0.63118756,748.9884,0.9069767441860465,1.8920946026904804,0.0,0.0,7.25,3.94,14.24,16.56,31.33,21.5,5.19,0.0
2604403,PE,Nordeste,1,faixa intermediária,128,0.6298664808273315,0.6328125,750.87805,1.0,2.1072099696478683,0.0,1.56,0.78,2.34,20.31,16.41,35.94,19.53,3.12,0.0
2604502,PE,Nordeste,1,faixa intermediária,245,0.5532769560813904,0.5851688,744.6728,0.95703125,2.3891660843645326,0.0,1.2,5.91,4.94,19.9,15.82,29.18,18.89,3.36,0.8
2604700,PE,Nordeste,1,faixa intermediária,130,0.5180830955505371,0.7198256,759.4881,0.9774436090225563,2.113943352306837,0.0,0.0,0.0,2.31,18.72,13.12,30.02,28.97,5.36,1.5
2604809,PE,Nordeste,1,faixa intermediária,85,0.6180737614631653,0.7037541,760.2829,0.9659090909090909,1.9294189257142926,0.0,1.14,0.0,0.0,14.26,17.74,30.34,28.15,8.38,0.0
2604908,PE,Nordeste,1,faixa intermediária,81,0.76429283618927,0.9506173,782.2366,1.0,1.9084850188786497,0.0,0.0,0.0,0.0,1.23,4.94,28.4,46.91,13.58,4.94
2605004,PE,Nordeste,1,faixa intermediária,292,0.7796944379806519,0.88956285,776.54205,0.9733333333333334,2.4653828514484184,0.0,0.0,0.72,2.04,4.91,5.09,30.18,40.75,11.89,4.43
2605103,PE,Nordeste,1,faixa intermediária,366,0.8204600214958191,0.84574044,770.4933,0.9786096256684492,2.5634810853944106,0.0,0.27,0.31,0.84,2.16,16.72,34.29,35.53,7.09,2.79
2605152,PE,Nordeste,1,faixa intermediária,169,0.6492502689361572,0.83371115,768.2836,0.9825581395348837,2.2278867046136734,0.0,0.58,0.64,1.78,7.75,7.62,37.93,31.94,9.4,2.36
2605301,PE,Nordeste,1,faixa intermediária,335,0.5665071606636047,0.55219555,752.97363,0.9598853868194842,2.525044807036845,0.0,0.29,1.54,3.82,12.56,30.28,22.47,20.24,7.04,1.76
2605400,PE,Nordeste,1,faixa intermediária,219,0.8565602898597717,0.83273035,774.184,0.9776785714285714,2.3404441148401185,0.0,0.45,0.0,0.45,2.83,17.16,30.82,30.57,10.01,7.71
2605459,PE,Nordeste,1,faixa intermediária,43,0.781057596206665,0.8602082,773.1678,0.9148936170212766,1.6334684555795864,1.0,0.0,0.0,2.34,6.99,6.97,34.86,30.23,13.96,4.65
2605608,PE,Nordeste,1,faixa intermediária,145,0.7425959706306458,0.68275154,759.6754,0.9931506849315068,2.161368002234975,0.0,1.37,0.0,0.68,11.74,23.44,26.21,26.84,9.03,0.68
2605806,PE,Nordeste,1,faixa intermediária,97,0.6803080439567566,0.706503,755.43964,0.8818181818181818,1.9867717342662448,0.0,4.82,2.16,2.89,12.75,12.89,21.91,33.21,7.07,2.32
2605905,PE,Nordeste,1,faixa intermediária,162,0.5854401588439941,0.77367914,765.4026,0.9642857142857143,2.2095150145426308,0.0,0.0,0.0,2.38,6.23,18.92,30.84,33.67,7.36,0.6
2606002,PE,Nordeste,1,faixa intermediária,1278,0.5227763652801514,0.69743353,751.8594,0.9445676274944568,3.1065308538223815,0.0,3.16,3.96,8.12,9.01,10.87,30.65,27.29,5.47,1.48
2606101,PE,Nordeste,1,faixa intermediária,197,0.7057852149009705,0.66218907,752.3173,0.9800995024875622,2.294466226161593,0.0,1.99,1.99,3.68,11.34,18.86,37.31,20.35,2.49,1.99
2606309,PE,Nordeste,1,faixa intermediária,109,0.5248795747756958,0.6809749,759.18695,0.990909090909091,2.037426497940624,0.0,0.91,2.73,3.64,8.18,22.88,24.77,24.02,6.44,6.44
2606507,PE,Nordeste,1,faixa intermediária,173,0.6634250283241272,0.8225185,766.2545,0.9251336898395722,2.2380461031287955,0.0,0.53,1.14,1.81,3.32,13.25,44.1,25.87,7.03,2.94
2606606,PE,Nordeste,1,faixa intermediária,269,0.5234561562538147,0.63116854,743.67163,0.9853479853479854,2.429752280002408,0.054912876,2.28,5.56,10.81,11.53,11.55,35.08,19.4,3.79,0.0
2606705,PE,Nordeste,1,faixa intermediária,58,0.3934129774570465,0.6240972,747.7198,0.9508196721311475,1.7634279935629373,0.0,1.64,1.64,8.43,15.43,17.44,32.7,17.27,3.75,1.71
2606804,PE,Nordeste,1,faixa intermediária,1170,0.6261375546455383,0.66961825,748.5039,0.9661436829066887,3.0681858617461617,0.0,2.44,4.79,8.13,7.68,16.84,33.68,21.11,4.24,1.11
2606903,PE,Nordeste,1,faixa intermediária,73,0.7259343266487122,0.83666587,775.2113,0.948051948051948,1.863322860120456,0.0,0.0,0.0,1.35,5.4,16.4,30.09,25.98,9.58,11.2
2607000,PE,Nordeste,1,faixa intermediária,266,0.543484091758728,0.7970351,767.12384,0.9743589743589743,2.424881636631067,0.0,0.37,1.65,1.65,4.58,14.26,32.42,34.96,7.13,2.98
2607109,PE,Nordeste,1,faixa intermediária,49,0.7857142686843872,0.8989205,778.6352,0.9607843137254902,1.6901960800285136,0.0,0.0,0.0,2.26,3.92,10.11,23.38,40.42,12.07,7.84
2607208,PE,Nordeste,1,faixa intermediária,1323,0.6836788654327393,0.6415708,754.3169,0.9545454545454546,3.1215598441875008,0.0,1.25,1.71,2.22,11.65,24.36,30.44,22.18,4.7,1.48
2607307,PE,Nordeste,1,faixa intermediária,363,0.719953179359436,0.70082235,753.49475,0.9758064516129032,2.5599066250361124,0.0,4.15,3.76,6.7,9.48,9.69,28.4,29.06,7.66,1.1
2607703,PE,Nordeste,1,faixa intermediária,120,0.6528392434120178,0.89120376,775.83264,0.9917355371900827,2.0791812460476247,0.0,0.0,1.72,0.0,3.37,10.81,29.06,38.36,13.36,3.31
2607752,PE,Nordeste,1,faixa intermediária,274,0.776909351348877,0.82939065,771.6513,0.9750889679715302,2.437750562820388,0.0,1.08,1.11,0.36,3.98,13.08,29.09,36.96,11.03,3.31
2607802,PE,Nordeste,1,faixa intermediária,78,0.48286667466163635,0.5733879,744.5487,0.9397590361445783,1.8920946026904804,0.0,2.47,6.45,5.15,11.51,20.87,31.75,17.92,2.53,1.36
2607950,PE,Nordeste,1,faixa intermediária,71,0.5765343308448792,0.81665504,771.92615,0.9861111111111112,1.8512583487190752,0.0,0.0,0.0,0.0,5.74,16.85,29.63,36.39,7.13,4.26
2608057,PE,Nordeste,1,faixa intermediária,110,0.7613562345504761,0.6805742,755.5801,0.9243697478991597,2.041392685158225,0.0,0.0,0.0,1.75,15.55,17.33,40.94,18.96,5.47,0.0
2608107,PE,Nordeste,1,faixa intermediária,169,0.5699271559715271,0.7579514,762.0285,0.9883040935672515,2.2278867046136734,0.0,3.63,0.58,2.95,8.22,11.23,32.0,27.8,13.01,0.58
2608255,PE,Nordeste,1,faixa intermediária,174,0.44050660729408264,0.6879223,749.22974,0.9720670391061452,2.2405492482826,0.0,2.89,2.9,5.26,10.41,13.14,40.16,24.68,0.58,0.0
2608305,PE,Nordeste,1,faixa intermediária,234,0.6068111658096313,0.6860299,749.1867,0.9831932773109243,2.369215857410143,0.0,1.26,5.27,8.19,10.64,15.07,32.46,20.8,5.46,0.84
2608453,PE,Nordeste,1,faixa intermediária,139,0.483737051486969,0.5979031,750.1173,0.9858156028368794,2.143014800254095,0.0,0.0,2.13,5.7,20.8,14.42,32.44,16.63,6.44,1.44
2608503,PE,Nordeste,1,faixa intermediária,165,0.703407347202301,0.7941894,764.03876,0.9821428571428571,2.2174839442139063,0.0,1.19,1.89,6.05,5.46,10.19,32.21,30.37,10.82,1.82
2608602,PE,Nordeste,1,faixa intermediária,97,0.7263461351394653,0.85396945,768.50867,0.8818181818181818,1.9867717342662448,0.0,1.15,0.98,2.91,3.08,10.88,40.31,27.65,8.03,5.0
2608701,PE,Nordeste,1,faixa intermediária,103,0.7094495892524719,0.86346155,776.8681,0.9903846153846154,2.012837224705172,0.0,0.0,0.0,0.0,3.88,13.69,28.08,36.85,13.65,3.85
2608750,PE,Nordeste,1,faixa intermediária,344,0.5474147796630859,0.67535573,761.94855,0.98005698005698,2.53655844257153,0.0,0.28,1.15,0.85,8.42,25.47,27.71,26.9,5.18,4.03
2608909,PE,Nordeste,1,faixa intermediária,377,0.7223058938980103,0.6703491,756.68396,0.9691516709511568,2.576341350205793,0.0,2.43,3.19,6.64,13.02,10.59,24.11,25.2,11.1,3.71
2609006,PE,Nordeste,1,faixa intermediária,214,0.7261241674423218,0.81944376,768.1443,0.9771689497716894,2.330413773349191,0.0,0.49,3.32,4.32,5.7,5.65,28.02,39.06,11.17,2.28
2609204,PE,Nordeste,1,faixa intermediária,106,0.6920100450515747,0.5846887,751.909,0.9906542056074766,2.0253058652647704,0.0,0.0,0.93,1.91,13.08,31.35,29.81,21.05,1.87,0.0
2609303,PE,Nordeste,1,faixa intermediária,166,0.3544956147670746,0.578425,752.32947,0.9880952380952381,2.220108088040055,0.0,1.23,1.85,4.29,6.6,34.79,22.33,21.04,4.82,3.04
2609600,PE,Nordeste,1,faixa intermediária,2717,0.5957205295562744,0.6228592,749.12744,0.964501242456514,3.4340896384178907,0.0,1.28,3.08,6.96,13.85,18.4,29.82,21.47,4.4,0.73
2609709,PE,Nordeste,1,faixa intermediária,94,0.6124157905578613,0.9153637,778.4722,0.9791666666666666,1.9731278535996986,0.0,0.0,1.04,1.04,2.08,6.38,29.87,41.73,12.5,5.35
2610004,PE,Nordeste,1,faixa intermediária,323,0.43012991547584534,0.64853764,748.8623,0.9416909620991254,2.509202522331103,0.0,2.4,2.8,8.84,9.32,19.14,28.26,25.09,4.15,0.0
2610103,PE,Nordeste,1,faixa intermediária,62,0.6056482195854187,0.5942948,749.1939,0.9841269841269841,1.792391689498254,0.0,0.0,1.59,8.01,16.23,17.97,31.96,19.34,3.25,1.66
2610301,PE,Nordeste,1,faixa intermediária,138,0.7413777112960815,0.6666667,757.37836,1.0,2.1398790864012365,0.0,0.72,0.72,2.17,14.49,23.91,25.36,21.74,10.87,0.0
2610509,PE,Nordeste,1,faixa intermediária,201,0.7488850951194763,0.7621617,762.4523,0.9348837209302325,2.303196057420489,0.0,2.99,1.44,3.13,7.37,12.83,30.37,27.98,10.5,3.4
2610608,PE,Nordeste,1,faixa intermediária,522,0.6299368739128113,0.66025215,751.12537,0.9473684210526315,2.717670503002262,0.0,1.72,2.78,4.54,14.06,17.77,30.94,23.51,4.04,0.64
2610905,PE,Nordeste,1,faixa intermediária,460,0.5964680314064026,0.64384323,751.4881,0.9523809523809523,2.662757831681574,0.0,1.43,3.06,7.48,10.87,18.97,28.28,21.57,6.2,2.14
2611002,PE,Nordeste,1,faixa intermediária,412,0.5187484622001648,0.66190356,751.70874,0.9515011547344111,2.6148972160331345,0.0,1.17,2.99,5.21,11.89,20.05,30.5,22.19,5.27,0.71
2611101,PE,Nordeste,1,faixa intermediária,4624,0.661651611328125,0.70254594,755.9014,0.9524201853759011,3.665017825412473,0.0,2.05,3.46,5.88,9.76,13.81,28.69,25.52,8.7,2.13
2611200,PE,Nordeste,1,faixa intermediária,83,0.6254690885543823,0.6417894,748.47833,0.9540229885057471,1.919078092376074,0.0,2.47,5.92,4.69,9.37,20.27,27.95,24.12,3.97,1.25
2611408,PE,Nordeste,1,faixa intermediária,83,0.7752535343170166,0.50400376,752.68835,0.9764705882352941,1.919078092376074,0.0,0.0,0.0,0.0,10.98,44.54,22.84,16.84,2.4,2.4
2611507,PE,Nordeste,1,faixa intermediária,221,0.4812324345111847,0.58105695,747.3125,0.9866071428571429,2.3443922736851106,0.0,2.23,1.34,5.89,16.7,20.71,30.79,16.07,4.94,1.34
2611533,PE,Nordeste,1,faixa intermediária,123,0.8025846481323242,0.8703877,782.5341,0.9534883720930233,2.089905111439398,0.0,0.0,1.55,1.67,6.58,7.23,18.89,32.5,20.3,11.28
2611705,PE,Nordeste,1,faixa intermediária,154,0.6396909952163696,0.6810146,747.1093,0.9871794871794872,2.187520720836463,0.0,2.59,3.87,9.09,11.76,9.76,40.25,20.76,1.28,0.64
2611804,PE,Nordeste,1,faixa intermediária,221,0.6157448291778564,0.6565105,752.47736,0.9910313901345291,2.3443922736851106,0.0,4.16,2.32,2.31,15.05,18.6,23.87,25.61,7.2,0.9
2612000,PE,Nordeste,1,faixa intermediária,79,0.6771431565284729,0.8101266,773.88245,1.0,1.8976270912904414,0.0,0.0,0.0,1.27,0.0,21.52,25.32,37.97,7.59,6.33
2612208,PE,Nordeste,1,faixa intermediária,723,0.7593664526939392,0.75125325,763.1624,0.9691689008042895,2.859138297294531,0.0,1.41,2.51,3.99,9.38,12.1,24.58,32.29,10.77,2.97
2612307,PE,Nordeste,1,faixa intermediária,164,0.5808719992637634,0.7865854,768.6442,1.0,2.214843848047698,0.0,1.83,0.61,1.22,6.71,12.8,31.1,31.1,8.54,6.1
2612406,PE,Nordeste,1,faixa intermediária,171,0.4180419147014618,0.6584824,752.57965,0.95,2.2329961103921536,0.0,0.58,1.16,4.25,14.2,22.22,28.73,23.73,3.96,1.16
2612455,PE,Nordeste,1,faixa intermediária,154,0.6925671100616455,0.69083685,756.09375,0.9565217391304348,2.187520720836463,0.0,3.19,0.62,5.91,7.19,19.14,32.61,24.62,2.61,4.11
2612471,PE,Nordeste,1,faixa intermediária,124,0.7538140416145325,0.870914,774.48315,0.9841269841269841,2.093421685162235,0.0,0.0,0.79,0.0,3.26,13.77,31.51,33.67,13.75,3.25
2612604,PE,Nordeste,1,faixa intermediária,462,0.4560284912586212,0.6437141,757.3237,0.9565217391304348,2.6646419755561257,0.0,0.62,0.66,1.47,11.0,27.65,29.79,19.4,6.45,2.95
2612703,PE,Nordeste,1,faixa intermediária,101,0.8316918015480042,0.70034844,761.8342,0.926605504587156,2.0043213737826426,0.0,0.0,0.0,0.98,14.98,17.01,31.68,24.75,8.66,1.94
2612802,PE,Nordeste,1,faixa intermediária,132,0.6830600500106812,0.79682326,766.7985,0.9705882352941176,2.12057393120585,0.0,2.21,0.0,0.74,2.94,16.64,37.0,31.35,6.77,2.36
2612901,PE,Nordeste,1,faixa intermediária,71,0.3455991744995117,0.7105332,755.374,0.9342105263157895,1.8512583487190752,0.0,2.96,1.55,7.44,4.41,14.05,39.84,19.68,8.52,1.55
2613008,PE,Nordeste,1,faixa intermediária,549,0.5588556528091431,0.6403854,745.6779,0.9648506151142355,2.739572344450092,0.0,4.55,4.46,10.3,7.88,14.4,28.72,25.32,3.1,1.27
2613305,PE,Nordeste,1,faixa intermediária,233,0.6850326657295227,0.72129184,763.65027,0.9957264957264957,2.367355921026019,0.0,1.74,0.85,2.14,5.13,21.87,30.09,24.04,9.43,4.7
2613503,PE,Nordeste,1,faixa intermediária,408,0.467009037733078,0.6041175,748.82556,0.9622641509433962,2.61066016308988,0.0,1.23,3.72,6.93,16.21,15.63,27.81,21.9,5.34,1.24
2613602,PE,Nordeste,1,faixa intermediária,298,0.6751600503921509,0.7337771,759.0143,0.9770491803278688,2.4742162640762553,0.0,1.67,2.75,4.03,8.81,13.8,31.75,27.65,7.54,2.01
2613909,PE,Nordeste,1,faixa intermediária,815,0.7612720727920532,0.7791764,762.65173,0.9633569739952719,2.9111576087399764,0.0,1.49,1.96,2.33,7.13,14.22,32.79,28.98,9.16,1.95
2614006,PE,Nordeste,1,faixa intermediária,201,0.5371596217155457,0.5970445,747.46436,0.9481132075471698,2.303196057420489,0.0,0.94,2.96,6.66,17.87,15.22,33.0,18.98,3.88,0.5
2614105,PE,Nordeste,1,faixa intermediária,302,0.5913928747177124,0.5666091,746.263,0.9648562300319489,2.4800069429571505,0.0,3.03,3.42,8.69,12.12,20.02,23.0,23.4,5.65,0.67
2614204,PE,Nordeste,1,faixa intermediária,353,0.6030216813087463,0.7449036,760.8695,0.9860335195530726,2.5477747053878224,0.0,0.57,0.58,0.0,7.08,22.69,37.83,25.52,3.46,2.27
2614402,PE,Nordeste,1,faixa intermediária,70,0.7463370561599731,0.9398324,783.58984,0.9459459459459459,1.845098040014257,0.0,0.0,0.0,0.0,3.11,4.26,18.0,57.07,10.38,7.18
2614600,PE,Nordeste,1,faixa intermediária,298,0.7292919158935547,0.6910255,752.88196,0.9933333333333333,2.4742162640762553,0.0,2.04,2.67,6.68,8.38,15.2,36.27,22.07,5.36,1.33
2614808,PE,Nordeste,1,faixa intermediária,151,0.5604385733604431,0.7383335,763.2563,0.9805194805194806,2.1789769472931693,0.0,0.0,0.0,1.3,10.06,17.49,32.38,32.81,3.96,2.0
2614857,PE,Nordeste,1,faixa intermediária,261,0.44900932908058167,0.5719168,748.8176,0.9595588235294118,2.416640507338281,0.0,1.85,0.74,8.18,11.07,25.99,26.5,21.77,2.75,1.16
2615102,PE,Nordeste,1,faixa intermediária,50,0.6825940608978271,0.7607843,761.8609,0.9803921568627451,1.6989700043360187,0.0,0.0,0.0,3.92,9.96,14.12,37.96,24.16,7.84,2.04
2615201,PE,Nordeste,1,faixa intermediária,115,0.620271623134613,0.7107715,751.04,0.9663865546218487,2.060697840353612,0.0,2.77,3.39,8.06,6.13,18.21,36.25,16.51,7.0,1.68
2615300,PE,Nordeste,1,faixa intermediária,346,0.741138219833374,0.77570385,767.7066,0.9774011299435028,2.5390760987927767,0.0,0.88,0.87,1.13,3.67,20.21,31.49,27.81,8.91,5.03
2615409,PE,Nordeste,1,faixa intermediária,548,0.5020924806594849,0.63949525,747.73724,0.958041958041958,2.738780558484369,0.0,2.76,4.76,8.2,12.87,13.56,28.7,20.72,7.36,1.08
2615508,PE,Nordeste,1,faixa intermediária,123,0.5932037234306335,0.7330101,763.1561,0.9461538461538461,2.089905111439398,0.0,1.57,0.77,3.24,10.48,17.14,24.43,26.98,11.31,4.09
2615607,PE,Nordeste,1,faixa intermediária,387,0.5967750549316406,0.6913059,753.58496,0.9723618090452262,2.5877109650189114,0.0,1.55,2.06,5.71,9.54,18.0,34.04,22.68,5.65,0.77
2615706,PE,Nordeste,1,faixa intermediária,134,0.8264929056167603,0.8062194,768.2636,0.9640287769784173,2.1271047983648077,0.0,2.96,1.44,5.22,6.04,7.51,27.05,30.43,13.48,5.88
2615805,PE,Nordeste,1,faixa intermediária,194,0.6857215166091919,0.68367696,750.1654,0.9556650246305419,2.287801729930226,0.0,5.09,3.75,7.72,8.21,13.59,27.43,24.91,6.73,2.57
2615904,PE,Nordeste,1,faixa intermediária,98,0.77106112241745,0.82519513,771.59045,0.98,1.9912260756924949,0.0,0.0,0.0,1.09,7.11,17.43,32.77,25.35,11.2,5.05
2616100,PE,Nordeste,1,faixa intermediária,61,0.5339066982269287,0.6883817,756.49786,0.9682539682539683,1.7853298350107671,0.0,1.75,0.0,3.17,13.03,19.55,30.99,21.47,10.03,0.0
2616183,PE,Nordeste,1,faixa intermediária,81,0.837080717086792,0.8293698,773.7122,0.9642857142857143,1.9084850188786497,0.0,0.0,0.0,1.19,4.88,14.63,32.06,29.78,9.98,7.49
2616209,PE,Nordeste,1,faixa intermediária,168,0.5505292415618896,0.56848925,745.28406,0.9545454545454546,2.225309281725863,0.0,0.57,2.96,7.85,20.57,16.59,28.49,18.33,4.64,0.0
2616308,PE,Nordeste,1,faixa intermediária,223,0.5745264291763306,0.6814486,746.2107,0.9911111111111112,2.3483048630481607,0.0,5.02,4.92,5.36,7.58,15.24,39.41,17.95,4.52,0.0
2616506,PE,Nordeste,1,faixa intermediária,160,0.6264603137969971,0.81326413,768.95886,0.9876543209876543,2.2041199826559246,0.0,0.0,0.0,1.23,3.74,16.78,37.58,32.47,6.25,1.93
2700805,AL,Nordeste,1,faixa intermediária,43,0.5508196949958801,0.6456522,752.71423,0.9347826086956522,1.6334684555795864,0.0,4.35,0.0,4.57,11.74,25.87,25.43,14.24,9.24,4.57
2701001,AL,Nordeste,1,faixa intermediária,238,0.735957682132721,0.88184536,777.23615,0.9875518672199171,2.376576957056512,0.0,0.0,0.0,0.83,6.84,7.53,30.62,33.3,14.65,6.22
2701100,AL,Nordeste,1,faixa intermediária,118,0.7644216418266296,0.7990001,765.8262,0.921875,2.0718820073061255,0.0,3.37,1.73,3.37,3.25,10.86,31.27,30.28,10.24,5.64
2701357,AL,Nordeste,1,faixa intermediária,97,0.4122563898563385,0.62106985,746.049,0.9897959183673469,1.9867717342662448,0.0,0.0,2.04,10.25,12.33,20.49,40.35,11.39,3.15,0.0
2701407,AL,Nordeste,1,faixa intermediária,456,0.6549007296562195,0.6744551,755.5204,0.9681528662420382,2.658964842664435,0.0,0.64,3.26,5.37,9.05,18.99,31.9,20.54,8.94,1.3
2701605,AL,Nordeste,1,faixa intermediária,199,0.45502063632011414,0.6222429,749.4929,0.9754901960784313,2.298853076409707,0.0,3.05,2.01,3.01,12.61,24.1,28.67,23.04,3.01,0.49
2702009,AL,Nordeste,1,faixa intermediária,97,0.7497009038925171,0.77217156,769.84546,0.941747572815534,1.9867717342662448,0.0,0.0,0.97,2.03,6.43,17.48,27.74,25.65,15.53,4.15
2702108,AL,Nordeste,1,faixa intermediária,184,0.8466393947601318,0.7327612,761.4196,0.934010152284264,2.2648178230095364,0.0,1.15,1.06,1.06,10.21,18.72,33.69,20.59,10.15,3.38
2702355,AL,Nordeste,1,faixa intermediária,206,0.4569791257381439,0.6742397,751.16785,0.9321266968325792,2.3138672203691533,0.0,3.96,1.45,4.0,11.39,22.45,26.98,23.4,5.92,0.45
2702504,AL,Nordeste,1,faixa intermediária,83,0.46471086144447327,0.64204,747.5014,0.9880952380952381,1.919078092376074,0.0,7.14,4.76,8.39,8.33,11.9,31.47,15.73,7.3,4.97
2703007,AL,Nordeste,1,faixa intermediária,79,0.9345960021018982,0.5443038,745.88,1.0,1.8976270912904414,0.0,2.53,1.27,7.59,16.46,29.11,20.25,15.19,6.33,1.27
2703304,AL,Nordeste,1,faixa intermediária,226,0.6153773665428162,0.8015621,767.93384,0.9699570815450643,2.3541084391474008,0.05145481,0.46,1.37,2.66,6.18,14.93,31.91,28.25,8.02,6.23
2703502,AL,Nordeste,1,faixa intermediária,83,0.5428519248962402,0.7702702,773.6906,0.9764705882352941,1.919078092376074,0.0,0.0,2.41,1.24,8.47,12.1,31.41,18.15,13.23,12.99
2704609,AL,Nordeste,1,faixa intermediária,111,0.688033938407898,0.74366295,761.0487,0.9910714285714286,2.0453229787866576,0.0,1.82,2.78,4.6,9.07,14.56,26.89,23.28,13.43,3.57
2704906,AL,Nordeste,1,faixa intermediária,33,0.5897436141967773,0.576477,743.8341,0.8918918918918919,1.5185139398778875,0.0,3.24,3.24,6.18,17.93,20.87,18.24,30.29,0.0,0.0
2705507,AL,Nordeste,1,faixa intermediária,234,0.5314955115318298,0.8440966,766.01447,0.9790794979079498,2.369215857410143,0.0,1.26,1.3,1.76,6.51,11.1,36.71,32.01,6.83,2.51
2705903,AL,Nordeste,1,faixa intermediária,28,0.8825944066047668,0.8214286,765.8371,1.0,1.4471580313422192,0.0,0.0,0.0,0.0,7.14,10.71,53.57,17.86,7.14,3.57
2706000,AL,Nordeste,1,faixa intermediária,176,0.49998939037323,0.80796385,770.7623,0.9943502824858758,2.24551266781415,0.0,1.13,1.13,0.56,7.34,12.43,31.1,29.59,9.2,7.51
2707503,AL,Nordeste,1,faixa intermediária,157,0.6233984231948853,0.8207611,766.2682,0.8770949720670391,2.1958996524092336,0.2070509,1.17,0.0,2.31,5.9,13.73,38.05,28.56,8.0,2.28
2707602,AL,Nordeste,1,faixa intermediária,166,0.5747552514076233,0.61433244,749.94855,0.9707602339181286,2.220108088040055,0.0,2.39,7.21,4.13,10.89,20.91,23.4,19.1,8.39,3.58
2708204,AL,Nordeste,1,faixa intermediária,93,0.6719259023666382,0.7072911,752.40314,0.9893617021276596,1.968482948553935,0.0,3.25,4.31,6.55,5.38,14.05,34.38,23.52,7.5,1.06
2709152,AL,Nordeste,1,faixa intermediária,381,0.524815022945404,0.5759571,748.719,0.8839907192575406,2.5809249756756194,0.0,1.56,3.38,5.83,14.34,22.31,26.35,15.68,8.53,2.01
2801108,SE,Nordeste,1,faixa intermediária,28,0.4545454680919647,0.64285713,751.5425,1.0,1.4471580313422192,0.0,3.57,0.0,7.14,7.14,21.43,21.43,39.29,0.0,0.0
2804102,SE,Nordeste,1,faixa intermediária,91,0.43157893419265747,0.5802563,744.6244,0.9891304347826086,1.9590413923210936,0.0,2.17,2.17,4.46,12.18,31.07,29.92,16.87,1.15,0.0
2804458,SE,Nordeste,1,faixa intermediária,47,0.38533174991607666,0.59011036,748.4784,0.9591836734693877,1.6720978579357175,0.0,2.13,4.35,8.7,10.73,17.21,24.19,30.57,2.13,0.0
2806701,SE,Nordeste,1,faixa intermediária,805,0.5332863926887512,0.67582434,753.5572,0.971049457177322,2.9057958803678687,0.030102028,1.32,3.52,4.78,7.54,23.88,27.31,23.89,6.77,0.99
2806909,SE,Nordeste,1,faixa intermediária,16,0.3478260636329651,0.8125,759.8844,0.9411764705882353,1.2041199826559248,0.0,0.0,6.25,6.25,0.0,6.25,43.75,31.25,6.25,0.0
2902302,BA,Nordeste,1,faixa intermediária,80,0.47887852787971497,0.6,749.6754,0.7142857142857143,1.9030899869919435,0.0,0.0,2.5,3.75,7.5,33.75,31.25,15.0,6.25,0.0
2904506,BA,Nordeste,1,faixa intermediária,82,0.43686822056770325,0.6097561,749.7126,1.0,1.9138138523837167,0.0,0.0,2.44,8.54,10.98,23.17,31.71,15.85,6.1,1.22
2904803,BA,Nordeste,1,faixa intermediária,50,0.4846107065677643,0.5,746.28143,0.9615384615384616,1.6989700043360187,0.0,2.0,4.0,4.0,12.0,30.0,14.0,26.0,8.0,0.0
2912004,BA,Nordeste,1,faixa intermediária,67,0.6500823497772217,0.6119403,746.5939,1.0,1.8260748027008264,0.0,2.99,1.49,11.94,8.96,23.88,26.87,19.4,4.48,0.0
2914109,BA,Nordeste,1,faixa intermediária,71,0.6675726771354675,0.5915493,745.37646,0.9726027397260274,1.8512583487190752,0.0,0.0,5.63,8.45,11.27,25.35,26.76,18.31,4.23,0.0
2914208,BA,Nordeste,1,faixa intermediária,26,0.40334227681159973,0.65384614,755.5904,0.9285714285714286,1.414973347970818,0.0,0.0,7.69,11.54,7.69,15.38,11.54,19.23,26.92,0.0
2918704,BA,Nordeste,1,faixa intermediária,23,0.6765351295471191,0.5652174,747.46826,1.0,1.3617278360175928,0.0,0.0,4.35,8.7,8.7,30.43,26.09,17.39,4.35,0.0
2919405,BA,Nordeste,1,faixa intermediária,84,0.750100314617157,0.6547619,754.52716,0.8842105263157894,1.9242792860618816,0.0,0.0,2.38,7.14,8.33,22.62,27.38,22.62,8.33,1.19
2920304,BA,Nordeste,1,faixa intermediária,74,0.7035106420516968,0.7027027,760.62946,0.925,1.8692317197309762,0.0,0.0,0.0,2.7,8.11,28.38,25.68,24.32,10.81,0.0
2921807,BA,Nordeste,1,faixa intermediária,105,0.6896900534629822,0.6,749.7082,0.8898305084745762,2.0211892990699383,0.0,0.0,3.81,7.62,13.33,22.86,25.71,16.19,10.48,0.0
2923035,BA,Nordeste,1,faixa intermediária,82,0.6059553027153015,0.73170733,756.30023,0.9318181818181818,1.9138138523837167,0.0,0.0,2.44,2.44,10.98,24.39,32.93,18.29,8.54,0.0
2924652,BA,Nordeste,1,faixa intermediária,79,0.44927534461021423,0.556962,749.1719,0.9875,1.8976270912904414,0.0,0.0,2.53,11.39,13.92,21.52,21.52,18.99,8.86,1.27
2924702,BA,Nordeste,1,faixa intermediária,85,0.6426352858543396,0.5647059,744.7613,0.9550561797752809,1.9294189257142926,0.0,0.0,9.41,3.53,18.82,15.29,27.06,20.0,5.88,0.0
2925931,BA,Nordeste,1,faixa intermediária,53,0.387204110622406,0.754717,760.66437,0.9636363636363636,1.724275869600789,0.0,0.0,1.89,5.66,5.66,16.98,32.08,30.19,5.66,1.89
2929602,BA,Nordeste,1,faixa intermediária,123,0.5683565735816956,0.6504065,752.99634,0.968503937007874,2.089905111439398,0.0,1.61,2.42,4.03,9.68,25.0,33.87,13.71,9.68,0.0
2931053,BA,Nordeste,1,faixa intermediária,178,0.6343677043914795,0.6179775,747.5531,0.9468085106382979,2.250420002308894,0.0,1.69,2.81,6.74,12.92,24.16,25.84,17.42,8.43,0.0
3100104,MG,Sudeste,1,faixa intermediária,52,0.6140717267990112,0.9607143,779.9403,0.9285714285714286,1.7160033436347992,0.0,0.0,0.0,2.14,0.0,7.86,36.43,34.64,13.21,5.71
3100203,MG,Sudeste,1,faixa intermediária,185,0.534841775894165,0.7828303,768.485,0.9158415841584159,2.2671717284030137,0.34576944,1.01,2.65,5.47,5.82,13.04,24.52,27.81,11.42,8.27
3100302,MG,Sudeste,1,faixa intermediária,102,0.7567564845085144,0.85049045,773.28064,0.9026548672566371,2.0086001717619175,0.8316693,0.0,0.88,1.86,2.72,14.28,31.37,30.17,13.72,4.99
3100401,MG,Sudeste,1,faixa intermediária,25,0.873945951461792,0.73928565,758.7764,0.8928571428571429,1.3979400086720377,0.0,0.0,0.0,15.36,7.14,12.86,26.07,13.93,24.64,0.0
3100500,MG,Sudeste,1,faixa intermediária,22,0.4795061945915222,0.77272725,780.2777,0.88,1.3424226808222062,1.0,0.0,4.55,4.55,0.0,13.64,27.27,9.09,18.18,22.73
3100609,MG,Sudeste,1,faixa intermediária,108,0.6669825911521912,0.7820002,759.68896,0.9152542372881356,2.03342375548695,1.0,1.81,0.0,2.81,9.71,19.71,36.75,17.61,9.75,1.84
3100708,MG,Sudeste,1,faixa intermediária,20,0.9684210419654846,0.5530853,752.3792,0.9090909090909091,1.3010299956639813,0.0,5.3,0.0,9.85,5.3,28.79,19.7,20.45,10.61,0.0
3100807,MG,Sudeste,1,faixa intermediária,46,1.0,0.8869812,780.3488,0.8679245283018868,1.662757831681574,0.0,0.0,0.0,0.0,0.0,17.95,28.05,32.01,13.06,8.93
3100906,MG,Sudeste,1,faixa intermediária,189,0.5114418864250183,0.6191894,746.2884,0.9545454545454546,2.2764618041732443,0.92913747,1.11,5.9,8.69,12.83,13.27,32.6,19.96,4.64,1.01
3101003,MG,Sudeste,1,faixa intermediária,123,0.4277159869670868,0.7443439,759.791,0.8978102189781022,2.089905111439398,0.0,3.44,5.0,3.07,5.88,12.23,28.43,27.84,11.57,2.54
3101102,MG,Sudeste,1,faixa intermediária,232,0.5680078864097595,0.6201173,751.374,0.8888888888888888,2.3654879848909,0.48280752,1.72,2.93,9.19,8.71,19.69,29.43,18.43,6.26,3.64
3101201,MG,Sudeste,1,faixa intermediária,56,0.5530267357826233,0.85707027,775.7735,0.9491525423728814,1.7481880270062005,0.0,0.0,0.0,0.0,1.78,12.5,42.85,21.43,16.07,5.36
3101300,MG,Sudeste,1,faixa intermediária,29,0.6699999570846558,0.8965517,778.8276,1.0,1.462397997898956,0.0,0.0,0.0,0.0,10.34,6.9,24.14,34.48,17.24,6.9
3101409,MG,Sudeste,1,faixa intermediária,41,0.695734441280365,0.92624736,779.1426,0.8913043478260869,1.6127838567197355,0.0,0.0,0.0,2.5,2.5,7.26,24.17,46.31,14.76,2.5
3101607,MG,Sudeste,1,faixa intermediária,653,0.5504226088523865,0.7342417,760.42786,0.9197183098591549,2.814913181275074,0.34120658,0.6,2.39,6.08,10.07,12.46,31.75,24.58,9.48,2.59
3101631,MG,Sudeste,1,faixa intermediária,92,0.7201301455497742,0.78076684,766.04297,0.9484536082474226,1.9637878273455553,0.0,2.29,1.03,2.3,6.54,12.95,30.21,28.16,15.38,1.13
3101805,MG,Sudeste,1,faixa intermediária,62,0.46132874488830566,0.70839196,752.0119,0.8732394366197183,1.792391689498254,0.0,0.0,4.23,7.05,6.09,25.65,27.98,21.05,6.45,1.51
3101904,MG,Sudeste,1,faixa intermediária,155,0.4226289391517639,0.7855367,766.79285,0.9393939393939394,2.1903316981702914,0.0,0.61,2.06,0.65,5.32,19.35,28.96,25.21,14.0,3.84
3102001,MG,Sudeste,1,faixa intermediária,144,0.6154690980911255,0.8553303,776.0609,0.9411764705882353,2.1583624920952498,0.0,0.0,0.0,2.69,5.55,9.78,25.66,35.27,15.11,5.95
3102050,MG,Sudeste,1,faixa intermediária,93,0.9374735355377197,0.87163395,773.50024,0.9393939393939394,1.968482948553935,0.0,0.0,0.0,1.09,9.59,9.82,29.97,29.38,15.91,4.23
3102100,MG,Sudeste,1,faixa intermediária,90,0.830484926700592,0.868992,773.98364,0.7377049180327869,1.954242509439325,0.2214034,0.0,0.0,2.69,3.16,9.25,32.94,36.54,14.53,0.88
3102209,MG,Sudeste,1,faixa intermediária,46,0.5938221216201782,0.85404503,784.5277,0.9583333333333334,1.662757831681574,0.33361137,0.0,0.0,4.17,8.33,8.93,21.13,21.43,19.05,16.96
3102308,MG,Sudeste,1,faixa intermediária,108,0.4848651885986328,0.80561984,767.3165,0.8925619834710744,2.03342375548695,0.45512396,2.13,0.0,3.7,5.95,13.09,22.55,37.98,13.71,0.9
3102407,MG,Sudeste,1,faixa intermediária,67,0.29001912474632263,0.6614872,749.8161,0.9305555555555556,1.8260748027008264,0.6670367,5.71,4.27,1.39,8.44,15.48,39.45,19.6,5.66,0.0
3102506,MG,Sudeste,1,faixa intermediária,29,0.6696820259094238,0.73858196,754.33997,0.6304347826086957,1.462397997898956,0.0,0.0,5.43,12.04,0.0,22.02,34.37,15.42,10.71,0.0
3102605,MG,Sudeste,1,faixa intermediária,320,0.5629069209098816,0.75020874,761.1211,0.8913649025069638,2.505149978319906,0.0,0.61,0.68,5.87,5.73,19.68,28.79,28.93,8.22,1.5
3102704,MG,Sudeste,1,faixa intermediária,59,0.6031662225723267,0.77966106,754.2327,0.9516129032258065,1.7708520116421442,0.0,1.7,3.39,1.69,5.08,18.65,44.07,20.34,5.08,0.0
3102803,MG,Sudeste,1,faixa intermediária,89,0.6311438083648682,0.6703105,754.0016,0.644927536231884,1.9493900066449128,0.0,0.0,2.65,9.45,10.82,11.27,38.66,20.63,5.49,1.04
3102852,MG,Sudeste,1,faixa intermediária,87,0.5972020030021667,0.8495108,773.2446,0.9560439560439561,1.9395192526186185,0.0,1.18,0.0,2.28,3.47,14.86,29.13,28.82,7.87,12.39
3102902,MG,Sudeste,1,faixa intermediária,91,0.7215861678123474,0.7147086,755.0355,0.9285714285714286,1.9590413923210936,0.35674188,2.32,2.32,5.61,6.44,15.07,38.39,21.01,8.85,0.0
3103009,MG,Sudeste,1,faixa intermediária,64,0.782282829284668,0.8439662,775.6669,0.9846153846153847,1.806179973983887,1.0,1.54,1.54,3.08,4.69,9.45,21.68,29.82,20.44,7.77
3103108,MG,Sudeste,1,faixa intermediária,15,0.7857142090797424,0.8666666,764.6226,0.8823529411764706,1.1760912590556813,0.0,0.0,0.0,0.0,13.33,20.0,13.33,53.33,0.0,0.0
3103207,MG,Sudeste,1,faixa intermediária,18,0.8461537957191467,0.7222222,763.94226,0.9473684210526315,1.255272505103306,0.0,0.0,0.0,0.0,0.0,38.89,33.33,11.11,11.11,5.56
3103306,MG,Sudeste,1,faixa intermediária,23,0.7999999523162842,0.8695652,765.76825,1.0,1.3617278360175928,0.0,0.0,8.7,0.0,4.35,4.35,52.17,21.74,0.0,8.7
3103405,MG,Sudeste,1,faixa intermediária,277,0.6131875514984131,0.6295339,746.8714,0.9421768707482994,2.4424797690644486,0.74797547,4.26,4.41,7.39,12.44,14.09,29.09,21.54,4.97,1.81
3103504,MG,Sudeste,1,faixa intermediária,1032,0.49172690510749817,0.6536456,751.8247,0.9028871391076115,3.0136796972911926,0.27653936,2.64,5.27,7.36,8.34,16.13,26.62,23.08,8.74,1.82
3103702,MG,Sudeste,1,faixa intermediária,59,0.7330294251441956,0.9320814,781.3971,0.921875,1.7708520116421442,0.7971831,0.0,0.0,0.0,1.69,6.77,35.78,30.35,20.37,5.04
3103751,MG,Sudeste,1,faixa intermediária,117,0.6272237300872803,0.73621315,761.1651,0.9140625,2.0681858617461617,0.0,1.64,3.49,5.01,8.44,11.13,25.64,30.2,12.73,1.71
3103801,MG,Sudeste,1,faixa intermediária,26,0.8421053290367126,0.92011833,774.8786,0.9629629629629629,1.414973347970818,0.0,0.0,0.0,3.99,0.0,3.99,38.46,34.76,18.8,0.0
3104007,MG,Sudeste,1,faixa intermediária,1076,0.6879498362541199,0.7534811,761.87695,0.8826907301066448,3.0318122713303706,0.0,2.02,2.14,5.12,6.64,13.36,29.35,28.9,9.26,3.21
3104106,MG,Sudeste,1,faixa intermediária,56,0.8676818609237671,0.8266156,770.4502,0.9333333333333333,1.7481880270062005,0.0,0.0,2.02,4.05,5.79,13.04,28.34,29.86,11.82,5.08
3104205,MG,Sudeste,1,faixa intermediária,364,0.7882857322692871,0.8886358,779.18756,0.9215189873417722,2.561101383649056,0.0,0.54,1.91,2.73,2.96,7.84,19.46,37.76,20.29,6.5
3104304,MG,Sudeste,1,faixa intermediária,154,0.7075198292732239,0.88079983,776.21075,0.9221556886227545,2.187520720836463,0.0,1.36,0.6,4.09,1.43,7.58,28.17,36.01,13.89,6.88
3104403,MG,Sudeste,1,faixa intermediária,28,0.5513057112693787,0.8932927,778.7846,0.7777777777777778,1.4471580313422192,0.0,0.0,0.0,0.0,3.52,10.67,35.64,28.6,14.3,7.26
3104452,MG,Sudeste,1,faixa intermediária,60,0.5248979330062866,0.8665052,775.0989,0.9090909090909091,1.7781512503836436,0.31784472,0.0,1.52,1.98,5.05,6.78,33.06,33.97,10.06,7.58
3104601,MG,Sudeste,1,faixa intermediária,123,0.7487550377845764,0.8828185,777.19476,0.9461538461538461,2.089905111439398,0.0,0.8,0.0,2.44,3.36,9.26,25.5,34.18,18.13,6.33
3104908,MG,Sudeste,1,faixa intermediária,120,0.7028800249099731,0.77426916,759.58716,0.9375,2.0791812460476247,0.0,2.49,3.42,1.93,4.45,21.63,33.34,21.41,7.3,4.04
3105004,MG,Sudeste,1,faixa intermediária,50,0.7424915432929993,0.89901876,773.5758,0.8928571428571429,1.6989700043360187,0.0,1.92,0.0,0.0,0.0,18.06,25.88,42.05,7.97,4.11
3105103,MG,Sudeste,1,faixa intermediária,161,0.659518837928772,0.8048147,770.9045,0.8895027624309392,2.2068258760318495,0.0,1.2,1.89,2.6,5.68,10.62,27.47,32.49,11.17,6.87
3105202,MG,Sudeste,1,faixa intermediária,40,0.6272727251052856,0.775,770.17926,1.0,1.6020599913279623,0.0,0.0,0.0,5.0,7.5,12.5,32.5,20.0,10.0,12.5
3105301,MG,Sudeste,1,faixa intermediária,72,0.7341169118881226,0.9451456,775.4871,0.9,1.8573324964312685,0.0,0.0,1.32,0.0,1.39,7.09,35.93,41.91,10.9,1.46
3105400,MG,Sudeste,1,faixa intermediária,335,0.5875967741012573,0.6270137,748.1558,0.8792650918635171,2.525044807036845,0.0,1.74,4.17,5.28,10.7,22.61,33.03,18.02,3.89,0.57
3105509,MG,Sudeste,1,faixa intermediária,37,0.635400652885437,0.8921347,774.77496,0.925,1.568201724066995,0.0,2.72,0.0,0.0,2.68,8.11,24.34,46.0,13.47,2.68
3105608,MG,Sudeste,1,faixa intermediária,860,0.6456367373466492,0.8351647,770.2387,0.8986415882967607,2.934498451243568,0.3989012,1.12,2.01,2.94,4.16,10.3,30.92,31.16,11.86,5.52
3105707,MG,Sudeste,1,faixa intermediária,34,0.7977150678634644,0.9429387,774.92706,0.9714285714285714,1.5314789170422551,1.0,0.0,0.0,0.0,0.0,11.43,41.14,38.67,5.9,2.86
3105905,MG,Sudeste,1,faixa intermediária,154,0.7370395064353943,0.8322476,768.6148,0.9221556886227545,2.187520720836463,0.0,0.0,2.04,1.97,3.78,13.62,36.08,29.38,9.35,3.78
3106002,MG,Sudeste,1,faixa intermediária,112,0.5910120606422424,0.7301521,758.2609,0.9411764705882353,2.0492180226701815,0.21776025,0.92,1.82,4.54,7.14,18.86,31.23,24.94,10.55,0.0
3106101,MG,Sudeste,1,faixa intermediária,29,0.33599644899368286,0.57656455,748.6633,0.9666666666666667,1.462397997898956,0.0,0.0,6.92,10.51,7.18,21.28,23.85,23.59,6.67,0.0
3106200,MG,Sudeste,1,faixa intermediária,16012,0.6007362604141235,0.7012759,755.74286,0.8467477525118985,4.204445581433068,0.28227773,1.72,3.24,6.33,8.06,16.67,30.36,23.38,7.99,2.26
3106309,MG,Sudeste,1,faixa intermediária,250,0.5710427165031433,0.6596598,751.25903,0.9025270758122743,2.3979400086720375,0.0,1.99,5.28,5.88,11.34,17.62,29.99,16.64,9.23,2.02
3106507,MG,Sudeste,1,faixa intermediária,55,0.7927136421203613,0.8912281,780.3354,0.9649122807017544,1.7403626894942439,1.0,0.0,0.0,0.0,1.75,16.49,25.44,29.3,14.39,12.63
3106606,MG,Sudeste,1,faixa intermediária,40,0.2788636386394501,0.85022885,776.0109,0.5555555555555556,1.6020599913279623,0.0,0.0,2.48,2.48,4.97,10.05,15.05,44.94,12.53,7.49
3106655,MG,Sudeste,1,faixa intermediária,42,0.6829876899719238,0.8333333,770.2527,0.9333333333333333,1.6232492903979006,0.0,0.0,2.38,2.38,0.0,19.05,33.33,30.95,7.14,4.76
3106705,MG,Sudeste,1,faixa intermediária,4233,0.5438876748085022,0.6697129,751.9769,0.8769422001243008,3.6266482684740105,0.010553084,2.52,4.74,5.69,7.95,18.46,29.83,21.82,6.99,2.0
3106903,MG,Sudeste,1,faixa intermediária,107,0.4517919421195984,0.70708716,752.88654,0.8699186991869918,2.0293837776852097,0.0,3.5,3.48,10.81,4.79,16.55,28.08,19.66,11.13,2.0
3107000,MG,Sudeste,1,faixa intermediária,29,0.8799999952316284,0.58225614,746.73883,0.8529411764705882,1.462397997898956,0.0,0.0,6.96,3.68,13.93,20.5,40.61,11.03,3.29,0.0
3107109,MG,Sudeste,1,faixa intermediária,447,0.573686420917511,0.7449125,765.84564,0.9490445859872612,2.6503075231319366,0.0,0.23,2.04,7.63,8.0,12.08,25.91,25.25,10.72,8.14
3107208,MG,Sudeste,1,faixa intermediária,53,0.4999871253967285,0.73339397,754.6893,0.9636363636363636,1.724275869600789,0.0,5.7,3.88,7.76,3.64,7.76,35.76,28.24,3.64,3.64
3107307,MG,Sudeste,1,faixa intermediária,514,0.729636549949646,0.7827309,766.95276,0.9194991055456172,2.710963118995276,0.7927839,1.03,1.78,4.45,5.96,14.04,25.67,30.84,11.72,4.5
3107406,MG,Sudeste,1,faixa intermediária,467,0.5246109366416931,0.73316175,759.3293,0.8912213740458015,2.6693168805661123,0.3643504,0.19,2.15,7.48,7.88,13.85,34.82,22.27,8.44,2.91
3107604,MG,Sudeste,1,faixa intermediária,47,0.512499988079071,0.872093,776.8926,0.8545454545454545,1.6720978579357175,0.0,0.0,0.0,4.36,4.21,6.4,25.88,33.71,19.04,6.4
3107703,MG,Sudeste,1,faixa intermediária,64,0.46666666865348816,0.9034423,767.6783,0.9142857142857143,1.806179973983887,0.22796746,1.63,0.0,1.63,3.27,12.7,37.22,37.28,3.1,3.17
3107802,MG,Sudeste,1,faixa intermediária,143,0.7433241605758667,0.7748261,765.24963,0.9470198675496688,2.155336037465062,0.6622723,0.0,4.26,2.18,9.0,14.03,30.18,25.03,8.41,6.9
3107901,MG,Sudeste,1,faixa intermediária,145,0.565509021282196,0.6827595,753.3892,0.9119496855345912,2.161368002234975,0.0,1.41,3.49,6.27,13.69,13.7,32.26,20.16,6.3,2.71
3108008,MG,Sudeste,1,faixa intermediária,124,0.6727727651596069,0.8372347,777.40045,0.9051094890510949,2.093421685162235,0.0,0.0,0.0,3.07,4.7,12.86,23.87,29.47,16.71,9.33
3108107,MG,Sudeste,1,faixa intermediária,62,0.6926764249801636,0.8595628,766.14954,0.8985507246376812,1.792391689498254,0.0,0.0,0.0,2.48,1.55,19.94,38.95,29.34,7.73,0.0
3108206,MG,Sudeste,1,faixa intermediária,54,0.7446255087852478,0.6881461,759.83276,0.9310344827586207,1.7323937598229686,0.2584425,1.72,3.45,6.98,13.42,9.42,16.95,31.46,12.79,3.81
3108305,MG,Sudeste,1,faixa intermediária,166,0.6949897408485413,0.8038936,763.4207,0.9485714285714286,2.220108088040055,0.17698105,2.37,0.0,5.99,4.14,10.02,33.55,33.57,8.55,1.8
3108404,MG,Sudeste,1,faixa intermediária,144,0.7152417302131653,0.8486201,769.8163,0.96,2.1583624920952498,0.45327294,1.33,1.36,2.08,4.06,9.86,33.62,32.02,10.25,5.42
3108503,MG,Sudeste,1,faixa intermediária,58,0.7776932716369629,0.81344205,763.9556,0.8923076923076924,1.7634279935629373,0.8000616,1.63,0.0,2.29,5.37,15.35,31.02,38.0,4.71,1.63
3108552,MG,Sudeste,1,faixa intermediária,206,0.7673659324645996,0.76694936,761.5747,0.9155555555555556,2.3138672203691533,0.0,1.03,1.98,7.29,4.77,11.6,33.47,25.54,12.86,1.47
3108602,MG,Sudeste,1,faixa intermediária,283,0.7426443696022034,0.7629442,765.0065,0.930921052631579,2.45178643552429,0.8619942,0.7,0.77,4.03,6.51,15.02,34.55,25.57,10.54,2.32
3108701,MG,Sudeste,1,faixa intermediária,37,0.5368421077728271,0.8115942,768.8549,0.9736842105263158,1.568201724066995,0.0,0.0,2.77,2.77,2.63,13.43,27.15,40.44,10.8,0.0
3108800,MG,Sudeste,1,faixa intermediária,31,0.7223184704780579,0.6331537,763.9195,0.8378378378378378,1.4913616938342726,0.0,0.0,0.0,6.04,9.06,24.62,22.96,13.45,20.4,3.47
3108909,MG,Sudeste,1,faixa intermediária,149,0.5086302161216736,0.7912702,766.98926,0.8869047619047619,2.173186268412274,0.0,0.0,4.09,6.16,5.33,11.26,23.23,28.12,19.22,2.59
3109006,MG,Sudeste,1,faixa intermediária,394,0.702843964099884,0.87725776,773.04614,0.8716814159292036,2.595496221825574,0.0,0.0,1.25,1.41,2.27,13.02,37.23,27.66,12.91,4.25
3109105,MG,Sudeste,1,faixa intermediária,93,0.630073070526123,0.82559294,767.49896,0.9207920792079208,1.968482948553935,0.0,1.09,2.27,4.29,3.26,12.95,30.14,29.77,12.96,3.26
3109204,MG,Sudeste,1,faixa intermediária,76,0.8201059103012085,0.75915337,763.1941,0.926829268292683,1.8808135922807914,0.0,0.0,0.0,5.31,7.85,16.2,38.04,25.97,1.33,5.3
3109253,MG,Sudeste,1,faixa intermediária,20,1.0,0.85,773.00696,1.0,1.3010299956639813,0.0,0.0,0.0,5.0,5.0,5.0,30.0,40.0,15.0,0.0
3109303,MG,Sudeste,1,faixa intermediária,305,0.5136435031890869,0.63495994,751.2913,0.8789625360230547,2.484299839346786,0.043066192,1.55,4.6,7.56,9.16,20.39,26.04,21.56,7.52,1.61
3109501,MG,Sudeste,1,faixa intermediária,95,0.7199311256408691,0.86576766,777.26086,0.8482142857142857,1.9777236052888478,0.0,1.01,2.29,3.87,3.2,8.39,19.7,32.1,23.52,5.92
3109600,MG,Sudeste,1,faixa intermediária,25,0.5240209102630615,0.79999995,769.31476,0.9259259259259259,1.3979400086720377,0.0,0.0,0.0,4.0,12.0,8.0,36.0,20.0,12.0,8.0
3109709,MG,Sudeste,1,faixa intermediária,138,0.616877555847168,0.8110272,767.30804,0.9139072847682119,2.1398790864012365,0.0,0.0,2.27,5.82,4.3,13.6,27.7,31.67,11.04,3.58
3109808,MG,Sudeste,1,faixa intermediária,19,0.8057329654693604,0.9473684,777.3642,0.8260869565217391,1.2787536009528289,0.0,0.0,0.0,5.26,0.0,10.53,36.84,15.79,21.05,10.53
3109907,MG,Sudeste,1,faixa intermediária,99,0.5510776042938232,0.7247549,758.5215,0.9428571428571428,1.99563519459755,0.0,1.04,6.18,4.06,3.08,17.25,35.35,21.12,8.08,3.86
3110004,MG,Sudeste,1,faixa intermediária,345,0.7347813844680786,0.7095387,754.20557,0.8734177215189873,2.537819095073274,0.0,3.38,1.41,6.14,8.17,16.39,35.14,20.37,7.0,2.0
3110103,MG,Sudeste,1,faixa intermediária,30,0.585377037525177,0.7650097,759.8632,0.967741935483871,1.4771212547196624,0.0,3.23,3.23,0.0,13.59,6.68,30.41,29.72,13.13,0.0
3110202,MG,Sudeste,1,faixa intermediária,46,0.6420512795448303,0.6956522,750.2398,1.0,1.662757831681574,0.0,0.0,8.7,13.04,2.17,8.7,39.13,19.57,6.52,2.17
3110301,MG,Sudeste,1,faixa intermediária,121,0.5138202905654907,0.7294973,759.7805,0.8897058823529411,2.0827853703164503,0.0,1.54,5.04,6.67,5.94,9.63,29.92,22.17,15.65,3.43
3110608,MG,Sudeste,1,faixa intermediária,252,0.651677131652832,0.81953126,767.2013,0.9064748201438849,2.401400540781544,0.0,0.84,0.0,3.25,7.22,11.57,36.42,26.52,11.77,2.42
3110707,MG,Sudeste,1,faixa intermediária,110,0.7161704897880554,0.8187221,768.1224,0.9090909090909091,2.041392685158225,0.17384844,0.0,5.54,5.43,1.73,9.03,31.93,24.48,16.39,5.47
3110905,MG,Sudeste,1,faixa intermediária,157,0.41958338022232056,0.64818585,749.0409,0.9401197604790419,2.1958996524092336,0.0,1.91,7.0,7.01,9.07,18.66,29.39,15.19,8.69,3.08
3111002,MG,Sudeste,1,faixa intermediária,183,0.6997743248939514,0.8173225,769.26276,0.9104477611940298,2.2624510897304293,0.0,0.52,1.05,6.89,4.87,8.4,29.3,29.66,16.1,3.21
3111101,MG,Sudeste,1,faixa intermediária,120,0.7725890874862671,0.7502052,760.2131,0.8955223880597015,2.0791812460476247,0.0,0.75,4.57,8.22,8.97,3.35,33.21,27.96,9.63,3.34
3111150,MG,Sudeste,1,faixa intermediária,37,0.8472798466682434,0.73269683,760.80914,0.8809523809523809,1.568201724066995,0.0,0.0,5.3,5.44,5.16,21.44,24.06,16.37,16.7,5.53
3111200,MG,Sudeste,1,faixa intermediária,388,0.6949204802513123,0.8557851,777.0662,0.9533169533169533,2.5888317255942073,0.0,0.25,1.55,3.86,4.12,6.7,26.96,30.36,17.7,8.5
3111309,MG,Sudeste,1,faixa intermediária,89,0.6754258871078491,0.76522726,760.1793,0.839622641509434,1.9493900066449128,0.0,2.18,3.24,4.16,3.38,18.3,32.22,24.99,9.01,2.53
3111507,MG,Sudeste,1,faixa intermediária,155,0.5826885104179382,0.6531531,749.0644,0.8516483516483516,2.1903316981702914,0.0,4.05,2.74,11.21,7.46,16.03,25.61,21.49,9.63,1.79
3111606,MG,Sudeste,1,faixa intermediária,204,0.6555718779563904,0.71946216,761.4008,0.8292682926829268,2.3096301674258988,0.0,0.0,0.49,2.64,12.79,15.47,35.89,22.49,7.18,3.06
3111705,MG,Sudeste,1,faixa intermediária,56,0.5774341225624084,0.8585451,769.492,0.9824561403508771,1.7481880270062005,0.57931644,0.0,0.0,3.51,5.26,7.13,39.42,30.41,12.51,1.75
3111804,MG,Sudeste,1,faixa intermediária,97,0.4761292636394501,0.7030083,764.8375,0.9797979797979798,1.9867717342662448,0.2523723,1.05,1.01,4.04,10.19,19.55,23.54,25.0,8.34,7.28
3111903,MG,Sudeste,1,faixa intermediária,46,0.507775604724884,0.9334694,779.6203,0.9387755102040817,1.662757831681574,0.0,0.0,0.0,2.31,0.0,8.71,39.18,28.44,10.88,10.48
3112000,MG,Sudeste,1,faixa intermediária,93,0.8887853622436523,0.90374607,782.3888,0.96875,1.968482948553935,0.0,0.0,0.0,1.04,6.38,2.21,27.0,33.44,24.59,5.34
3112059,MG,Sudeste,1,faixa intermediária,36,0.601815402507782,0.660079,750.40796,0.9473684210526315,1.5563025007672873,0.0,0.0,5.67,8.7,2.63,25.3,33.6,21.46,2.63,0.0
3112109,MG,Sudeste,1,faixa intermediária,66,0.6015348434448242,0.6790491,754.80005,0.8918918918918919,1.8195439355418688,0.0,4.43,4.42,1.47,9.96,14.72,33.15,22.66,2.96,6.21
3112208,MG,Sudeste,1,faixa intermediária,31,0.8305554986000061,0.77356833,767.4452,0.9117647058823529,1.4913616938342726,0.0,3.25,3.25,9.69,3.19,3.25,22.63,25.68,29.06,0.0
3112307,MG,Sudeste,1,faixa intermediária,480,0.700457751750946,0.82497025,768.9179,0.9696969696969697,2.681241237375587,0.57367176,1.42,2.26,3.73,4.38,11.56,28.13,30.2,13.14,5.17
3112406,MG,Sudeste,1,faixa intermediária,67,0.5481594800949097,0.7902709,766.296,0.6504854368932039,1.8260748027008264,0.0,0.0,1.51,2.88,4.49,15.06,34.75,29.6,10.11,1.6
3112604,MG,Sudeste,1,faixa intermediária,173,0.5119152665138245,0.7305931,760.7527,0.9105263157894737,2.2380461031287955,0.0,0.61,3.07,7.0,8.86,11.96,27.92,24.01,13.28,3.29
3112653,MG,Sudeste,1,faixa intermediária,43,0.4045361578464508,0.7702731,759.5154,0.8958333333333334,1.6334684555795864,0.0,2.23,2.4,9.09,7.03,4.63,37.35,23.39,13.88,0.0
3112703,MG,Sudeste,1,faixa intermediária,149,0.6187038421630859,0.6378972,744.8916,0.861271676300578,2.173186268412274,0.0,1.82,5.27,9.09,8.61,23.99,27.35,20.59,2.46,0.83
3112802,MG,Sudeste,1,faixa intermediária,105,0.7921105027198792,0.8465187,770.2851,0.8898305084745762,2.0211892990699383,0.3562595,0.98,4.06,3.74,2.8,8.41,29.16,29.81,13.2,7.85
3112901,MG,Sudeste,1,faixa intermediária,78,0.5939229726791382,0.8330927,759.9926,0.9397590361445783,1.8920946026904804,0.0,0.0,2.58,5.16,3.85,15.34,39.6,28.3,3.87,1.3
3113008,MG,Sudeste,1,faixa intermediária,159,0.5238097906112671,0.7007329,753.9955,0.9190751445086706,2.2013971243204513,0.6938658,3.12,1.81,9.1,3.09,19.59,30.66,23.66,8.4,0.58
3113107,MG,Sudeste,1,faixa intermediária,12,0.7000000476837158,0.8333333,767.2591,0.9230769230769231,1.0791812460476249,0.0,0.0,0.0,8.33,0.0,25.0,16.67,41.67,0.0,8.33
3113206,MG,Sudeste,1,faixa intermediária,209,0.7488341927528381,0.8274689,766.08673,0.8781512605042017,2.3201462861110542,0.1978502,0.0,2.31,3.65,3.42,13.12,36.47,29.38,10.72,0.93
3113305,MG,Sudeste,1,faixa intermediária,258,0.4527186453342438,0.6085499,747.7598,0.8486842105263158,2.41161970596323,0.56300724,1.91,5.3,6.61,9.49,21.71,31.74,16.13,5.15,1.96
3113404,MG,Sudeste,1,faixa intermediária,855,0.5026315450668335,0.6742049,752.764,0.8887733887733887,2.931966114728173,0.0,2.28,4.02,7.74,8.62,15.66,31.29,20.01,7.74,2.64
3113503,MG,Sudeste,1,faixa intermediária,86,0.6455369591712952,0.7075077,750.9362,0.7818181818181819,1.9344984512435677,0.0,8.4,3.54,3.49,5.76,14.96,33.84,16.2,10.32,3.49
3113602,MG,Sudeste,1,faixa intermediária,70,0.974153995513916,0.7417312,761.515,0.9859154929577465,1.845098040014257,0.0,0.0,0.0,2.95,11.27,17.24,28.64,35.61,4.29,0.0
3113909,MG,Sudeste,1,faixa intermediária,132,0.7434237599372864,0.7887826,764.017,0.9230769230769231,2.12057393120585,0.0,1.63,2.37,3.07,4.47,17.43,31.36,28.26,9.98,1.44
3114006,MG,Sudeste,1,faixa intermediária,72,0.7905193567276001,0.6810404,754.5511,0.9863013698630136,1.8573324964312685,0.0,0.0,0.0,15.2,8.28,13.96,24.79,29.35,8.41,0.0
3114105,MG,Sudeste,1,faixa intermediária,145,0.6118899583816528,0.7558912,766.2926,0.9731543624161074,2.161368002234975,0.1815374,0.0,0.71,5.63,4.88,23.59,24.6,21.95,11.72,6.94
3114204,MG,Sudeste,1,faixa intermediária,205,0.6720805764198303,0.7236328,759.03076,0.9111111111111111,2.311753861055754,0.0,2.46,3.61,6.23,5.98,12.47,32.95,21.58,9.93,4.8
3114303,MG,Sudeste,1,faixa intermediária,285,0.7091518640518188,0.86355466,777.41327,0.9313725490196079,2.45484486000851,0.04246562,0.38,2.15,2.84,4.34,8.56,20.99,35.93,16.63,8.19
3114402,MG,Sudeste,1,faixa intermediária,163,0.6320081353187561,0.6835811,756.46533,0.8956043956043956,2.2121876044039577,0.0,3.03,6.29,5.62,7.78,10.88,24.87,29.21,6.65,5.67
3114501,MG,Sudeste,1,faixa intermediária,169,0.7693465948104858,0.8168786,768.2718,0.9441340782122905,2.2278867046136734,0.0,0.0,1.15,3.58,5.97,14.68,26.53,32.81,10.61,4.67
3114550,MG,Sudeste,1,faixa intermediária,109,0.5220682621002197,0.64492935,747.3629,0.9008264462809917,2.037426497940624,0.0,3.55,3.77,10.85,7.29,17.52,29.43,23.8,3.79,0.0
3114600,MG,Sudeste,1,faixa intermediária,49,0.7036280632019043,0.897571,767.8243,0.9245283018867925,1.6901960800285136,0.0,4.11,0.0,2.11,2.01,6.04,36.69,38.82,8.21,2.01
3114709,MG,Sudeste,1,faixa intermediária,29,0.7696078419685364,1.0,787.6611,0.9354838709677419,1.462397997898956,0.0,0.0,0.0,0.0,0.0,3.46,31.04,48.26,6.88,10.35
3114808,MG,Sudeste,1,faixa intermediária,32,0.8028846979141235,0.725742,761.5243,0.9142857142857143,1.505149978319906,0.0,0.0,3.04,3.04,3.04,30.89,40.71,6.43,0.0,12.86
3114907,MG,Sudeste,1,faixa intermediária,17,0.6875,0.9411765,784.64294,1.0,1.2304489213782739,0.0,0.0,0.0,0.0,0.0,11.76,17.65,41.18,23.53,5.88
3115003,MG,Sudeste,1,faixa intermediária,28,0.6389754414558411,0.85852396,781.05914,0.9032258064516129,1.4471580313422192,0.0,0.0,0.0,0.0,3.52,14.16,24.89,25.06,28.76,3.61
3115102,MG,Sudeste,1,faixa intermediária,170,0.7194055914878845,0.77690375,771.7689,0.9289617486338798,2.230448921378274,0.0546269,0.57,1.73,2.3,11.16,8.84,24.04,27.87,15.62,7.87
3115201,MG,Sudeste,1,faixa intermediária,27,0.6875,0.7044208,752.18854,0.8709677419354839,1.4313637641589874,0.0,3.66,0.0,3.66,3.66,29.78,40.65,11.29,3.66,3.66
3115300,MG,Sudeste,1,faixa intermediária,417,0.3801114559173584,0.6406868,748.48584,0.845841784989858,2.6201360549737576,0.5153549,4.5,3.69,6.62,8.58,19.27,28.68,21.09,5.82,1.74
3115359,MG,Sudeste,1,faixa intermediária,59,0.6734524965286255,0.7137473,757.50446,0.9672131147540983,1.7708520116421442,0.0,1.64,0.0,3.37,8.46,18.56,40.67,20.48,6.83,0.0
3115409,MG,Sudeste,1,faixa intermediária,25,0.5909090638160706,0.8,759.5424,1.0,1.3979400086720377,1.0,8.0,0.0,4.0,4.0,12.0,24.0,32.0,16.0,0.0
3115458,MG,Sudeste,1,faixa intermediária,114,0.4011409282684326,0.6778556,755.73157,0.9193548387096774,2.0569048513364727,0.20123963,2.68,5.53,3.5,11.58,12.71,29.69,21.38,7.67,5.24
3115474,MG,Sudeste,1,faixa intermediária,56,0.6125123500823975,0.7575398,764.5299,0.9491525423728814,1.7481880270062005,0.0,0.0,0.0,3.79,6.78,20.82,30.87,21.39,14.65,1.69
3115508,MG,Sudeste,1,faixa intermediária,160,0.7523109316825867,0.7475808,758.08966,0.8839779005524862,2.2041199826559246,0.14332321,1.26,2.51,5.34,6.91,12.21,37.98,25.06,6.24,2.49
3115706,MG,Sudeste,1,faixa intermediária,55,0.5173773765563965,0.7278361,764.4846,0.9482758620689655,1.7403626894942439,0.0,0.0,1.91,3.63,11.06,10.61,25.12,31.27,14.59,1.81
3115805,MG,Sudeste,1,faixa intermediária,96,0.8274707794189453,0.9197157,776.4971,0.9230769230769231,1.9822712330395684,0.2977048,0.0,0.0,2.03,2.99,5.02,33.33,39.23,15.47,1.92
3116001,MG,Sudeste,1,faixa intermediária,56,0.715570330619812,0.660226,745.3874,0.9180327868852459,1.7481880270062005,0.5401998,7.53,3.58,9.02,6.71,12.44,30.37,26.68,1.64,2.05
3116100,MG,Sudeste,1,faixa intermediária,72,0.4111892282962799,0.6611934,748.05695,0.96,1.8573324964312685,0.0,1.33,8.0,5.33,9.74,21.76,25.6,16.93,9.76,1.54
3116159,MG,Sudeste,1,faixa intermediária,208,0.4818505644798279,0.69393647,753.14386,0.9244444444444444,2.3180633349627615,0.0,0.44,2.84,7.09,10.19,15.78,35.52,22.24,5.43,0.47
3116209,MG,Sudeste,1,faixa intermediária,46,0.7753042578697205,0.76012045,761.96857,0.8679245283018868,1.662757831681574,0.0,0.0,2.24,11.02,6.41,6.57,28.19,30.11,8.93,6.55
3116308,MG,Sudeste,1,faixa intermediária,47,0.7776461243629456,0.80486834,768.243,0.94,1.6720978579357175,0.73982435,2.25,0.0,4.5,2.25,12.5,33.75,29.5,10.75,4.5
3116407,MG,Sudeste,1,faixa intermediária,68,0.7497482895851135,0.84695375,768.5809,0.9066666666666666,1.8325089127062364,0.0,0.0,1.44,1.47,3.26,16.42,41.39,22.55,10.8,2.67
3116506,MG,Sudeste,1,faixa intermediária,64,0.7004697918891907,0.6862569,758.6937,0.9552238805970149,1.806179973983887,0.0,0.0,0.0,4.68,12.67,15.52,31.7,30.83,4.61,0.0
3116605,MG,Sudeste,1,faixa intermediária,294,0.6104641556739807,0.8299943,774.27295,0.9363057324840764,2.4683473304121573,0.0,1.0,2.05,2.64,5.52,8.52,24.48,33.84,15.03,6.91
3116704,MG,Sudeste,1,faixa intermediária,77,0.7692132592201233,0.8351635,769.71826,0.9625,1.8864907251724818,0.0,1.25,2.5,0.0,6.38,10.24,31.15,34.17,10.43,3.88
3116902,MG,Sudeste,1,faixa intermediária,39,0.3570530116558075,0.7430168,757.2234,0.9069767441860465,1.591064607026499,0.0,0.0,0.0,5.02,18.17,10.19,30.58,33.53,0.0,2.51
3117009,MG,Sudeste,1,faixa intermediária,47,0.582732081413269,0.68392086,759.2705,0.9591836734693877,1.6720978579357175,0.0,0.0,2.04,8.16,12.84,10.8,34.0,19.12,10.87,2.15
3117108,MG,Sudeste,1,faixa intermediária,97,0.7087509632110596,0.78521526,765.07733,0.9150943396226415,1.9867717342662448,0.0,1.1,1.97,4.08,7.14,12.49,33.35,25.55,8.28,6.04
3117207,MG,Sudeste,1,faixa intermediária,30,0.5791666507720947,0.76666665,760.04767,0.9375,1.4771212547196624,0.0,3.33,3.33,0.0,3.33,23.33,30.0,30.0,3.33,3.33
3117405,MG,Sudeste,1,faixa intermediária,24,0.8999999761581421,0.74898034,748.47363,0.8888888888888888,1.380211241711606,0.0,0.0,7.98,12.87,0.0,21.37,32.67,20.8,4.32,0.0
3117504,MG,Sudeste,1,faixa intermediária,206,0.5946836471557617,0.79710555,767.00464,0.8373983739837398,2.3138672203691533,0.11789098,1.05,0.64,3.75,6.65,16.35,28.11,27.57,9.94,5.92
3117603,MG,Sudeste,1,faixa intermediária,40,0.636125385761261,0.92756695,779.6439,0.7692307692307693,1.6020599913279623,0.6923522,0.0,0.0,0.0,2.66,7.25,38.36,28.59,20.77,2.37
3117702,MG,Sudeste,1,faixa intermediária,129,0.8994117975234985,0.7817354,762.34485,0.9626865671641791,2.110589710299249,0.0,0.8,1.62,6.19,7.89,11.01,35.63,23.95,8.96,3.96
3117801,MG,Sudeste,1,faixa intermediária,106,0.6193837523460388,0.77037513,758.7807,0.848,2.0253058652647704,0.0,1.0,3.83,2.1,8.06,15.32,33.47,28.86,7.36,0.0
3117836,MG,Sudeste,1,faixa intermediária,47,0.4037373661994934,0.6611231,750.3828,0.9215686274509803,1.6720978579357175,1.0,0.0,2.13,4.26,16.94,27.6,25.64,12.8,8.53,2.09
3117876,MG,Sudeste,1,faixa intermediária,74,0.5251831412315369,0.6915905,756.49554,0.7047619047619048,1.8692317197309762,0.0,4.01,1.47,5.75,9.64,16.8,25.37,21.76,11.25,3.95
3117900,MG,Sudeste,1,faixa intermediária,117,0.7345627546310425,0.8344779,769.527,0.9140625,2.0681858617461617,0.0,0.0,0.95,1.77,6.91,9.48,40.5,23.4,15.2,1.8
3118007,MG,Sudeste,1,faixa intermediária,551,0.5615285634994507,0.7401542,762.4442,0.8773885350318471,2.741151598851785,0.0,1.07,3.73,5.5,6.97,14.37,25.75,26.3,12.2,4.1
3118106,MG,Sudeste,1,faixa intermediária,35,0.9198718070983887,0.6053215,751.90784,0.9722222222222222,1.5440680443502757,0.0,0.0,0.0,5.71,11.11,31.17,37.5,8.64,2.93,2.93
3118205,MG,Sudeste,1,faixa intermediária,75,0.6872870326042175,0.65474564,754.2687,0.8522727272727273,1.8750612633917,0.0,3.95,2.69,8.0,6.55,17.16,24.08,28.2,4.09,5.28
3118304,MG,Sudeste,1,faixa intermediária,1226,0.6874568462371826,0.83196485,769.6892,0.9014705882352941,3.0884904701823963,0.26756692,1.99,2.07,2.84,3.97,11.35,28.37,30.39,14.11,4.9
3118601,MG,Sudeste,1,faixa intermediária,4601,0.5499228239059448,0.7010127,754.7932,0.8159248093633623,3.6628522332647964,0.12880327,1.67,3.26,5.79,7.83,18.66,32.31,20.88,7.34,2.25
3118700,MG,Sudeste,1,faixa intermediária,74,0.7130197882652283,0.8247031,767.7632,0.8809523809523809,1.8692317197309762,0.0,0.0,0.0,2.73,3.99,20.11,36.35,22.97,11.02,2.83
3118809,MG,Sudeste,1,faixa intermediária,188,0.7597351670265198,0.793983,770.6634,0.9261083743842364,2.27415784926368,0.8474076,0.49,1.02,2.13,7.65,13.54,30.25,23.53,14.51,6.86
3118908,MG,Sudeste,1,faixa intermediária,44,0.6558390855789185,0.79866815,757.22107,0.9777777777777777,1.6434526764861874,0.0,0.0,4.44,6.67,4.44,9.19,47.85,18.37,9.04,0.0
3119005,MG,Sudeste,1,faixa intermediária,34,0.47136640548706055,0.7352941,751.53876,0.8947368421052632,1.5314789170422551,0.0,5.88,2.94,2.94,5.88,23.53,35.29,14.71,5.88,2.94
3119104,MG,Sudeste,1,faixa intermediária,231,0.4002823829650879,0.8575059,770.86224,0.9467213114754098,2.3636119798921444,0.0,0.0,0.89,2.12,3.88,9.93,35.79,35.11,9.78,2.5
3119203,MG,Sudeste,1,faixa intermediária,64,0.562258780002594,0.7340176,756.4027,0.9411764705882353,1.806179973983887,0.0,0.0,3.1,7.85,9.32,13.99,29.61,31.37,4.75,0.0
3119302,MG,Sudeste,1,faixa intermediária,289,0.6310393214225769,0.7878225,762.8471,0.9262820512820513,2.4608978427565478,0.67351395,1.85,3.33,6.11,4.35,9.88,28.94,32.78,10.41,2.34
3119401,MG,Sudeste,1,faixa intermediária,668,0.47388389706611633,0.6410179,750.041,0.8391959798994975,2.824776462475546,0.0,1.18,4.21,10.36,9.53,15.18,32.57,17.96,6.71,2.31
3119500,MG,Sudeste,1,faixa intermediária,63,0.6571828722953796,0.6759914,752.5091,0.9692307692307692,1.7993405494535817,0.0,4.88,3.27,4.88,11.39,12.88,25.23,26.71,9.23,1.54
3119708,MG,Sudeste,1,faixa intermediária,51,0.7249003648757935,0.92307687,781.9929,0.9622641509433962,1.7075701760979363,0.0,0.0,0.0,2.03,0.0,9.53,27.47,41.2,13.73,6.04
3119807,MG,Sudeste,1,faixa intermediária,29,0.8409090638160706,0.7527437,758.17035,0.9354838709677419,1.462397997898956,0.0,0.0,7.17,7.17,3.23,13.62,27.96,30.82,10.04,0.0
3120003,MG,Sudeste,1,faixa intermediária,32,0.4669117331504822,0.62785393,752.7418,0.9142857142857143,1.505149978319906,0.0,3.02,3.02,6.03,12.31,15.83,27.39,22.61,6.53,3.27
3120102,MG,Sudeste,1,faixa intermediária,50,0.48469746112823486,0.7749266,769.2385,0.9803921568627451,1.6989700043360187,0.0,0.0,0.0,0.0,8.1,22.35,17.78,41.96,5.88,3.92
3120201,MG,Sudeste,1,faixa intermediária,122,0.6727098226547241,0.860809,768.0242,0.976,2.0863598306747484,0.0,0.0,0.8,3.35,1.75,15.38,38.44,27.27,12.18,0.84
3120409,MG,Sudeste,1,faixa intermediária,59,0.7211539149284363,0.89956474,773.89325,0.9516129032258065,1.7708520116421442,0.0,0.0,1.76,1.61,0.0,13.62,25.63,44.21,13.16,0.0
3120508,MG,Sudeste,1,faixa intermediária,128,0.5582625269889832,0.8173011,769.2289,0.9770992366412213,2.1072099696478683,0.0,0.0,3.44,3.05,4.71,9.52,32.57,25.7,17.83,3.18
3120607,MG,Sudeste,1,faixa intermediária,52,0.8147574663162231,0.9021418,780.4912,0.9629629629629629,1.7160033436347992,0.0,1.95,0.0,0.0,0.0,13.68,25.0,40.33,13.37,5.66
3120706,MG,Sudeste,1,faixa intermediária,73,0.6241653561592102,0.80917716,766.97314,0.948051948051948,1.863322860120456,0.0,0.0,1.3,8.25,5.34,9.7,31.2,26.23,9.55,8.43
3120805,MG,Sudeste,1,faixa intermediária,137,0.8960437178611755,0.7602596,761.7732,0.958041958041958,2.1367205671564067,0.37716356,1.45,1.46,4.34,6.6,15.25,32.12,26.24,10.23,2.3
3120839,MG,Sudeste,1,faixa intermediária,52,0.9800047278404236,0.6897852,755.6089,0.8524590163934426,1.7160033436347992,0.0,0.0,2.0,1.91,8.01,31.26,34.15,20.76,0.0,1.91
3120870,MG,Sudeste,1,faixa intermediária,102,0.7924433946609497,0.8034531,762.6017,0.9532710280373832,2.0086001717619175,0.0,0.98,1.96,3.92,2.96,16.79,38.34,25.27,8.81,0.99
3120904,MG,Sudeste,1,faixa intermediária,726,0.6598193645477295,0.7254308,756.441,0.8985148514851485,2.8609366207000937,0.029588211,1.2,3.9,5.82,6.69,16.62,33.69,21.98,7.98,2.12
3121001,MG,Sudeste,1,faixa intermediária,72,0.8004550337791443,0.9031474,778.03485,0.972972972972973,1.8573324964312685,0.0,1.43,0.0,0.0,2.7,9.68,36.09,26.55,12.6,10.96
3121100,MG,Sudeste,1,faixa intermediária,43,0.6345682740211487,0.9302326,780.9349,1.0,1.6334684555795864,0.0,0.0,0.0,4.65,2.33,0.0,34.88,37.21,11.63,9.3
3121209,MG,Sudeste,1,faixa intermediária,88,0.7923460602760315,0.683157,753.1833,0.8380952380952381,1.9444826721501687,0.0,2.25,2.25,11.51,7.93,13.44,29.74,25.01,3.37,4.5
3121308,MG,Sudeste,1,faixa intermediária,38,0.6268535256385803,0.7303575,754.7273,0.8636363636363636,1.5797835966168101,0.0,2.41,2.48,7.31,4.89,12.95,43.49,21.57,2.41,2.48
3121407,MG,Sudeste,1,faixa intermediária,58,0.8090503811836243,0.79941636,767.5665,0.8923076923076924,1.7634279935629373,0.0,0.0,5.49,4.1,1.68,10.33,32.95,28.23,15.52,1.68
3121506,MG,Sudeste,1,faixa intermediária,29,0.6818181872367859,0.9642963,791.1939,0.8529411764705882,1.462397997898956,0.0,0.0,0.0,0.0,0.0,3.57,28.1,38.1,20.24,10.0
3121605,MG,Sudeste,1,faixa intermediária,484,0.5925377607345581,0.71996844,760.39435,0.9325626204238922,2.6848453616444123,0.5995338,2.13,4.14,4.34,6.0,16.77,25.32,26.4,10.88,4.03
3121704,MG,Sudeste,1,faixa intermediária,35,0.7842097282409668,0.7627165,758.6216,0.9459459459459459,1.5440680443502757,0.0,3.09,0.0,6.18,5.98,17.18,31.27,28.19,5.41,2.7
3121803,MG,Sudeste,1,faixa intermediária,61,0.8538029789924622,0.72131145,758.4253,1.0,1.7853298350107671,0.0,1.64,1.64,8.2,4.92,18.03,34.43,16.39,14.75,0.0
3121902,MG,Sudeste,1,faixa intermediária,52,0.4299546182155609,0.75,757.3206,1.0,1.7160033436347992,0.0,1.92,3.85,9.62,5.77,11.54,28.85,26.92,3.85,7.69
3122009,MG,Sudeste,1,faixa intermediária,186,0.5424397587776184,0.6849815,757.57446,0.8942307692307693,2.2695129442179165,0.21151723,2.07,3.24,8.1,8.6,14.36,27.54,19.61,11.78,4.69
3122108,MG,Sudeste,1,faixa intermediária,47,0.413944810628891,0.8558558,768.1704,0.94,1.6720978579357175,0.4404405,2.0,0.0,0.0,6.0,18.4,36.25,20.23,12.92,4.2
3122207,MG,Sudeste,1,faixa intermediária,93,0.6753374934196472,0.87096775,770.35394,1.0,1.968482948553935,0.0,0.0,1.08,1.08,6.45,10.75,36.56,30.11,12.9,1.08
3122306,MG,Sudeste,1,faixa intermediária,1768,0.6981343626976013,0.7735656,765.6775,0.9232375979112272,3.2474822606770544,0.4791027,0.87,2.77,5.0,6.16,12.63,27.78,27.68,12.44,4.67
3122355,MG,Sudeste,1,faixa intermediária,99,0.5092825889587402,0.626813,750.72925,0.9705882352941176,1.99563519459755,0.0,1.96,1.96,11.4,8.31,17.91,28.9,21.72,6.86,0.98
3122405,MG,Sudeste,1,faixa intermediária,76,0.6427855491638184,0.67642397,751.43835,0.926829268292683,1.8808135922807914,0.0,2.5,3.66,10.22,5.42,16.12,29.18,27.69,5.22,0.0
3122454,MG,Sudeste,1,faixa intermediária,78,0.42463716864585876,0.72445065,754.66003,0.9069767441860465,1.8920946026904804,0.0,5.01,1.34,7.87,4.84,13.26,32.0,27.38,5.36,2.95
3122470,MG,Sudeste,1,faixa intermediária,29,0.4999758303165436,0.7935484,765.4062,0.9354838709677419,1.462397997898956,0.5470968,0.0,6.9,0.0,3.43,17.23,31.03,27.65,13.76,0.0
3122504,MG,Sudeste,1,faixa intermediária,46,0.7473545074462891,0.7334361,754.4338,0.8846153846153846,1.662757831681574,0.0,2.34,2.34,2.34,6.91,19.6,35.49,28.75,2.24,0.0
3122603,MG,Sudeste,1,faixa intermediária,42,0.7354166507720947,0.76386166,761.5762,0.9130434782608695,1.6232492903979006,1.0,0.0,0.0,9.52,2.28,23.6,28.78,21.12,12.22,2.48
3122702,MG,Sudeste,1,faixa intermediária,39,0.66826331615448,0.92472136,778.9084,0.8863636363636364,1.591064607026499,0.0,0.0,0.0,0.0,0.0,12.58,33.46,35.86,10.36,7.74
3122801,MG,Sudeste,1,faixa intermediária,20,0.9427765607833862,0.84849864,778.5447,0.9090909090909091,1.3010299956639813,0.0,0.0,0.0,0.0,5.05,10.1,30.03,30.03,14.88,9.92
3122900,MG,Sudeste,1,faixa intermediária,69,0.47111907601356506,0.95717955,783.3045,0.9324324324324325,1.8388490907372552,0.0,0.0,0.0,0.0,2.85,4.37,33.16,34.77,17.57,7.28
3123007,MG,Sudeste,1,faixa intermediária,101,0.5466997623443604,0.76453495,762.69147,0.9805825242718447,2.0043213737826426,0.0,0.0,0.97,4.94,9.8,13.9,30.67,29.83,9.89,0.0
3123106,MG,Sudeste,1,faixa intermediária,51,0.4255412518978119,0.72500426,760.8313,0.864406779661017,1.7075701760979363,0.0,0.0,0.0,11.67,7.61,10.27,31.17,25.09,12.5,1.69
3123205,MG,Sudeste,1,faixa intermediária,117,0.6578230857849121,0.8543595,764.5477,0.9435483870967742,2.0681858617461617,0.0,0.0,1.69,2.51,4.31,15.36,43.74,23.81,6.88,1.69
3123304,MG,Sudeste,1,faixa intermediária,50,0.7669943571090698,0.95990896,781.835,0.8771929824561403,1.6989700043360187,0.0,0.0,0.0,4.01,0.0,1.75,38.01,29.66,22.77,3.8
3123403,MG,Sudeste,1,faixa intermediária,21,0.38461536169052124,0.6666667,761.28955,1.0,1.3222192947339193,0.0,0.0,0.0,0.0,23.81,14.29,23.81,28.57,4.76,4.76
3123502,MG,Sudeste,1,faixa intermediária,19,0.6666666865348816,0.7894737,765.03424,1.0,1.2787536009528289,1.0,5.26,0.0,5.26,5.26,10.53,10.53,52.63,10.53,0.0
3123528,MG,Sudeste,1,faixa intermediária,71,0.6273126006126404,0.7142134,757.2666,0.8987341772151899,1.8512583487190752,0.3029996,0.0,2.86,5.66,8.68,14.24,32.1,29.45,7.02,0.0
3123601,MG,Sudeste,1,faixa intermediária,249,0.5791328549385071,0.6500565,752.5803,0.8798586572438163,2.3961993470957363,0.0,1.53,3.3,6.53,10.04,20.72,27.74,20.08,6.36,3.69
3123700,MG,Sudeste,1,faixa intermediária,85,0.5821613669395447,0.62978727,750.23645,0.9042553191489362,1.9294189257142926,0.0,4.79,8.4,8.29,8.4,11.75,17.58,23.19,14.07,3.55
3123809,MG,Sudeste,1,faixa intermediária,93,0.44664210081100464,0.76256174,754.30554,0.9587628865979382,1.968482948553935,0.0,3.24,3.09,5.42,2.23,23.96,37.44,12.84,9.66,2.11
3123858,MG,Sudeste,1,faixa intermediária,62,0.7863577604293823,0.77475435,763.40234,0.9393939393939394,1.792391689498254,0.0,3.32,3.18,4.84,3.25,14.32,27.29,29.22,6.42,8.15
3123908,MG,Sudeste,1,faixa intermediária,135,0.849203884601593,0.88173634,773.20746,0.9507042253521126,2.130333768495006,0.21844663,0.89,1.78,3.07,3.26,8.38,29.77,29.97,18.52,4.36
3124005,MG,Sudeste,1,faixa intermediária,151,0.5448024868965149,0.8499242,772.1153,0.848314606741573,2.1789769472931693,0.0,0.69,2.02,1.24,2.81,10.14,28.23,37.12,15.83,1.92
3124104,MG,Sudeste,1,faixa intermediária,914,0.5105344653129578,0.6840305,753.9874,0.833941605839416,2.960946195733831,0.29722208,1.72,2.86,7.41,9.91,17.78,29.18,21.38,6.78,2.97
3124203,MG,Sudeste,1,faixa intermediária,208,0.7184240818023682,0.59046555,747.2042,0.859504132231405,2.3180633349627615,0.4873067,2.91,2.9,14.04,8.69,18.12,26.44,16.76,6.98,3.17
3124302,MG,Sudeste,1,faixa intermediária,300,0.7765243649482727,0.72285485,757.53174,0.9615384615384616,2.4771212547196626,0.6347073,1.28,2.75,5.49,10.2,13.27,32.36,23.06,9.25,2.34
3124401,MG,Sudeste,1,faixa intermediária,96,0.6648692488670349,0.6652807,753.2695,0.9056603773584906,1.9822712330395684,0.0,0.0,3.1,9.46,7.32,19.85,29.06,22.81,8.4,0.0
3124500,MG,Sudeste,1,faixa intermediária,99,0.631061851978302,0.81090355,770.7014,0.9428571428571428,1.99563519459755,0.6285741,0.0,1.9,0.0,7.77,12.23,35.25,21.76,15.32,5.76
3124609,MG,Sudeste,1,faixa intermediária,21,0.8725718855857849,0.6666667,755.0148,1.0,1.3222192947339193,0.0,4.76,0.0,14.29,9.52,9.52,19.05,28.57,9.52,4.76
3124708,MG,Sudeste,1,faixa intermediária,18,1.0,1.0,784.62964,0.9473684210526315,1.255272505103306,0.0,0.0,0.0,0.0,0.0,11.11,16.37,50.88,21.64,0.0
3124807,MG,Sudeste,1,faixa intermediária,62,0.5581702589988708,0.758125,758.63226,0.96875,1.792391689498254,0.3125,1.69,3.25,3.38,9.5,7.94,43.56,22.75,7.94,0.0
3124906,MG,Sudeste,1,faixa intermediária,71,0.5649885535240173,0.6860807,751.07745,0.7473684210526316,1.8512583487190752,0.0,3.77,5.69,10.53,5.97,10.31,31.63,16.71,9.68,5.69
3125002,MG,Sudeste,1,faixa intermediária,59,0.3564593493938446,0.6440678,747.47845,1.0,1.7708520116421442,0.0,0.0,5.08,15.25,6.78,15.25,28.81,20.34,8.47,0.0
3125101,MG,Sudeste,1,faixa intermediária,725,0.5768396258354187,0.6932552,755.58356,0.8620689655172413,2.8603380065709936,0.0,1.91,4.21,6.44,7.8,16.52,28.21,22.03,10.92,1.96
3125200,MG,Sudeste,1,faixa intermediária,23,0.7197452783584595,0.8695652,777.8948,1.0,1.3617278360175928,0.0,0.0,0.0,0.0,8.7,8.7,26.09,30.43,17.39,8.7
3125408,MG,Sudeste,1,faixa intermediária,73,0.8212181329727173,0.79364663,764.641,0.9605263157894737,1.863322860120456,0.0,0.0,4.17,2.78,8.19,9.66,36.88,27.36,6.88,4.09
3125507,MG,Sudeste,1,faixa intermediária,29,0.8013071417808533,0.8335553,768.52203,0.9666666666666667,1.462397997898956,0.0,0.0,3.33,0.0,3.33,13.59,41.79,16.92,17.69,3.33
3125606,MG,Sudeste,1,faixa intermediária,92,0.5221425890922546,0.7019692,755.7423,0.9387755102040817,1.9637878273455553,0.0,1.15,6.64,7.76,7.59,12.11,30.64,19.2,11.79,3.11
3125705,MG,Sudeste,1,faixa intermediária,108,0.5413913130760193,0.75106114,756.67535,0.9,2.03342375548695,0.0,0.0,4.72,7.44,3.73,17.17,35.4,20.19,10.42,0.94
3125804,MG,Sudeste,1,faixa intermediária,21,0.6345238089561462,0.5238095,749.0262,0.84,1.3222192947339193,0.0,0.0,4.76,9.52,9.52,23.81,28.57,14.29,4.76,4.76
3125903,MG,Sudeste,1,faixa intermediária,51,0.8647197484970093,0.8810671,773.67114,0.9444444444444444,1.7075701760979363,0.5928122,0.0,0.0,2.12,4.23,13.49,33.86,25.93,16.67,3.7
3125952,MG,Sudeste,1,faixa intermediária,128,0.6611959934234619,0.7630441,760.06006,0.8258064516129032,2.1072099696478683,0.0,1.37,0.84,7.53,7.95,20.0,23.52,28.6,8.88,1.32
3126000,MG,Sudeste,1,faixa intermediária,78,0.5714671611785889,0.85734946,777.72266,0.9397590361445783,1.8920946026904804,0.0,0.0,0.0,4.14,3.61,13.49,22.65,37.3,10.07,8.72
3126109,MG,Sudeste,1,faixa intermediária,469,0.6798167824745178,0.8590094,773.5128,0.8766355140186916,2.6711728427150834,0.08616822,0.77,0.93,2.86,5.06,8.79,27.65,33.17,15.42,5.36
3126208,MG,Sudeste,1,faixa intermediária,103,0.6245980858802795,0.80609524,762.5675,0.9809523809523809,2.012837224705172,0.22780952,0.0,2.86,1.9,5.82,17.44,35.92,31.3,4.76,0.0
3126307,MG,Sudeste,1,faixa intermediária,35,0.7058823108673096,0.6274264,753.3899,0.7291666666666666,1.5440680443502757,0.0,0.0,2.94,0.0,17.32,22.55,25.82,25.82,2.78,2.78
3126406,MG,Sudeste,1,faixa intermediária,22,0.5924748182296753,0.90832055,774.7498,0.8461538461538461,1.3424226808222062,0.0,0.0,0.0,0.0,4.17,9.17,35.0,36.67,15.0,0.0
3126752,MG,Sudeste,1,faixa intermediária,46,0.8858146667480469,0.70751446,758.026,0.8846153846153846,1.662757831681574,0.19248556,0.0,0.0,4.7,13.12,22.1,28.4,20.79,10.89,0.0
3126802,MG,Sudeste,1,faixa intermediária,76,0.5182624459266663,0.6990921,756.0669,0.987012987012987,1.8808135922807914,0.0,0.0,1.3,11.69,5.19,17.3,35.6,15.82,11.81,1.3
3126901,MG,Sudeste,1,faixa intermediária,93,0.531136155128479,0.6471358,752.4202,0.8691588785046729,1.968482948553935,0.0,0.0,3.31,7.86,11.32,19.51,27.53,26.19,2.34,1.94
3126950,MG,Sudeste,1,faixa intermediária,23,0.5625,0.8695652,774.49304,1.0,1.3617278360175928,1.0,0.0,0.0,0.0,4.35,17.39,17.39,52.17,0.0,8.7
3127008,MG,Sudeste,1,faixa intermediária,135,0.5286645889282227,0.76138574,761.2487,0.9375,2.130333768495006,0.0,0.0,2.2,3.72,5.96,19.37,35.56,22.88,8.83,1.48
3127057,MG,Sudeste,1,faixa intermediária,44,0.34802475571632385,0.65189874,747.46844,0.8979591836734694,1.6434526764861874,0.3062474,2.86,0.0,2.23,16.92,24.01,45.27,6.49,2.23,0.0
3127073,MG,Sudeste,1,faixa intermediária,40,0.4390520453453064,0.66887194,758.4852,0.6779661016949152,1.6020599913279623,0.0,0.0,2.8,0.0,13.13,19.99,32.07,25.2,2.27,4.55
3127107,MG,Sudeste,1,faixa intermediária,525,0.5392435789108276,0.73600465,760.54663,0.8808724832214765,2.720159303405957,0.0,1.33,2.87,4.3,7.47,15.91,31.0,24.96,9.07,3.09
3127206,MG,Sudeste,1,faixa intermediária,54,0.5666676163673401,0.6859911,757.9421,0.8571428571428571,1.7323937598229686,0.23824653,0.0,5.69,1.72,9.19,18.5,28.08,27.36,7.57,1.88
3127305,MG,Sudeste,1,faixa intermediária,68,0.4726395010948181,0.6206519,748.1283,0.9315068493150684,1.8325089127062364,0.0,1.59,4.76,5.91,12.0,19.59,31.96,18.72,5.48,0.0
3127339,MG,Sudeste,1,faixa intermediária,49,0.6344271898269653,0.65534467,751.09406,0.98,1.6901960800285136,0.7402597,2.0,0.0,4.1,16.29,18.29,32.76,24.57,2.0,0.0
3127354,MG,Sudeste,1,faixa intermediária,14,0.5714285969734192,0.71428573,761.39496,0.9333333333333333,1.146128035678238,0.0,7.14,0.0,14.29,7.14,0.0,28.57,14.29,21.43,7.14
3127370,MG,Sudeste,1,faixa intermediária,35,0.6776316165924072,0.9142857,765.0877,1.0,1.5440680443502757,0.0,0.0,0.0,0.0,2.86,25.71,40.0,22.86,8.57,0.0
3127388,MG,Sudeste,1,faixa intermediária,31,0.75,0.8051213,758.7713,0.8378378378378378,1.4913616938342726,0.0,3.47,0.0,6.04,3.02,16.92,36.41,27.19,6.95,0.0
3127404,MG,Sudeste,1,faixa intermediária,48,0.6215310096740723,0.77023715,760.01886,0.9795918367346939,1.6812412373755872,0.0,0.0,0.0,6.3,4.17,20.76,35.31,27.15,6.3,0.0
3127503,MG,Sudeste,1,faixa intermediária,40,0.6642122864723206,0.823369,773.38354,0.9090909090909091,1.6020599913279623,0.0,4.9,0.0,4.9,2.62,7.9,24.91,27.56,14.39,12.82
3127602,MG,Sudeste,1,faixa intermediária,134,0.7424454689025879,0.91113025,782.88385,0.9640287769784173,2.1271047983648077,0.0,0.0,0.72,0.76,2.19,8.17,23.15,39.52,17.99,7.5
3127701,MG,Sudeste,1,faixa intermediária,2139,0.5873349905014038,0.69383734,755.7586,0.864591754244139,3.330210784571528,0.46341112,2.71,3.9,5.81,8.03,14.99,29.63,21.86,9.72,3.35
3127800,MG,Sudeste,1,faixa intermediária,130,0.7156554460525513,0.8603782,778.0237,0.935251798561151,2.113943352306837,0.0,0.76,0.82,3.91,1.48,11.7,24.73,31.52,16.06,9.02
3127909,MG,Sudeste,1,faixa intermediária,17,0.6666666865348816,0.9411765,779.89764,0.9444444444444444,1.2304489213782739,1.0,0.0,0.0,0.0,0.0,5.88,41.18,41.18,11.76,0.0
3128006,MG,Sudeste,1,faixa intermediária,306,0.5873369574546814,0.726524,757.40955,0.9134328358208955,2.48572142648158,0.25082803,2.08,7.04,5.58,5.5,11.69,25.85,30.81,8.94,2.51
3128105,MG,Sudeste,1,faixa intermediária,143,0.585473358631134,0.80396205,762.4048,0.9225806451612903,2.155336037465062,0.0,0.65,2.09,6.59,5.99,9.76,37.19,23.46,12.24,2.03
3128204,MG,Sudeste,1,faixa intermediária,76,0.6396032571792603,0.8359148,770.07043,0.8837209302325582,1.8808135922807914,0.8835449,0.0,0.0,2.66,7.0,11.73,28.4,34.6,12.94,2.66
3128253,MG,Sudeste,1,faixa intermediária,52,0.41999736428260803,0.80707496,760.8026,0.8524590163934426,1.7160033436347992,0.0,0.0,0.0,5.67,7.94,13.21,44.7,21.05,5.59,1.83
3128303,MG,Sudeste,1,faixa intermediária,210,0.6719135046005249,0.6521898,751.6248,0.958904109589041,2.322219294733919,0.0,1.37,4.65,9.02,10.81,13.38,29.69,19.74,8.52,2.82
3128402,MG,Sudeste,1,faixa intermediária,72,0.8048455119132996,0.77875996,769.82184,0.9230769230769231,1.8573324964312685,0.0,1.36,5.54,2.82,4.21,13.87,19.51,24.96,19.29,8.44
3128501,MG,Sudeste,1,faixa intermediária,33,0.8815789818763733,0.72727275,756.7691,1.0,1.5185139398778875,0.0,0.0,0.0,9.09,12.12,12.12,36.36,21.21,9.09,0.0
3128600,MG,Sudeste,1,faixa intermediária,65,0.7904852032661438,0.51637787,744.24194,0.8227848101265823,1.8129133566428555,0.0,0.0,1.34,9.11,19.93,22.93,22.36,19.27,5.05,0.0
3128709,MG,Sudeste,1,faixa intermediária,454,0.5345025062561035,0.669354,753.2695,0.930327868852459,2.6570558528571038,0.0,3.26,4.66,7.35,8.35,14.08,28.71,21.64,8.49,3.46
3128808,MG,Sudeste,1,faixa intermediária,81,0.6182966232299805,0.5856495,749.31616,0.9418604651162791,1.9084850188786497,0.0,0.0,4.04,8.87,12.36,25.01,22.99,18.16,6.12,2.44
3128907,MG,Sudeste,1,faixa intermediária,93,0.6058651804924011,0.8509249,768.0718,0.9207920792079208,1.968482948553935,0.0,1.09,4.26,2.03,4.3,6.29,35.14,34.06,10.84,1.98
3129004,MG,Sudeste,1,faixa intermediária,42,0.44722431898117065,0.82886904,774.19995,0.8936170212765957,1.6232492903979006,0.0,0.0,0.0,7.42,9.69,2.45,26.48,23.83,23.11,7.02
3129103,MG,Sudeste,1,faixa intermediária,43,0.7693166732788086,0.8608582,770.98145,0.9347826086956522,1.6334684555795864,0.0,2.32,2.32,0.0,4.64,6.96,30.21,37.28,16.28,0.0
3129202,MG,Sudeste,1,faixa intermediária,67,0.4835006594657898,0.6763179,753.6746,0.8701298701298701,1.8260748027008264,0.0,0.0,6.5,8.64,8.62,13.35,26.96,18.6,17.33,0.0
3129301,MG,Sudeste,1,faixa intermediária,90,0.370855450630188,0.67682225,760.36334,0.9375,1.954242509439325,0.0,1.21,3.29,5.48,11.17,15.5,24.64,22.18,11.06,5.48
3129509,MG,Sudeste,1,faixa intermediária,204,0.5251503586769104,0.78093153,761.5178,0.796875,2.3096301674258988,0.0,0.9,2.14,3.29,5.15,15.99,37.89,24.78,8.49,1.37
3129608,MG,Sudeste,1,faixa intermediária,60,0.5694668292999268,0.7640142,759.3238,0.967741935483871,1.7781512503836436,0.0,0.0,1.61,3.43,5.04,27.62,32.86,21.37,8.06,0.0
3129657,MG,Sudeste,1,faixa intermediária,49,0.7413864135742188,0.5619486,745.28656,0.9423076923076923,1.6901960800285136,0.36517072,4.02,1.92,11.98,7.78,22.04,24.87,23.09,4.3,0.0
3129707,MG,Sudeste,1,faixa intermediária,165,0.4550406336784363,0.7695451,766.3778,0.9116022099447514,2.2174839442139063,0.29836574,2.35,1.74,5.56,4.94,13.89,21.29,30.82,14.4,5.01
3129806,MG,Sudeste,1,faixa intermediária,1647,0.5263698101043701,0.6645933,752.2394,0.848531684698609,3.2166935991697545,0.22568984,2.13,4.18,7.21,9.06,17.66,29.17,20.01,8.13,2.46
3129905,MG,Sudeste,1,faixa intermediária,32,0.3809972107410431,0.78025115,758.2866,0.9142857142857143,1.505149978319906,0.0,0.0,0.0,3.04,15.71,6.25,53.04,12.5,9.46,0.0
3130002,MG,Sudeste,1,faixa intermediária,12,0.6058822870254517,0.8333333,767.8625,0.75,1.0791812460476249,0.0,0.0,0.0,0.0,0.0,33.33,41.67,16.67,0.0,8.33
3130051,MG,Sudeste,1,faixa intermediária,120,0.5366864204406738,0.75567085,761.39246,0.9302325581395349,2.0791812460476247,0.44933036,0.83,1.67,4.95,4.92,18.54,33.54,24.16,9.82,1.55
3130101,MG,Sudeste,1,faixa intermediária,532,0.5186893939971924,0.73832977,759.7356,0.8851913477537438,2.7259116322950483,0.0,2.03,2.11,4.16,6.16,18.34,29.82,25.18,10.1,2.1
3130200,MG,Sudeste,1,faixa intermediária,126,0.6889289617538452,0.79474115,764.715,0.8571428571428571,2.100370545117563,0.0,0.0,3.14,3.23,3.11,16.06,37.51,25.41,6.98,4.57
3130408,MG,Sudeste,1,faixa intermediária,52,0.7279989123344421,0.8291249,768.8076,0.8253968253968254,1.7160033436347992,0.0,2.16,0.0,3.38,9.4,8.94,25.3,26.84,19.91,4.07
3130507,MG,Sudeste,1,faixa intermediária,143,0.45967134833335876,0.6514965,753.57367,0.9225806451612903,2.155336037465062,0.0,2.19,3.55,4.78,11.52,20.35,28.5,16.77,8.09,4.24
3130556,MG,Sudeste,1,faixa intermediária,49,0.655952513217926,0.88461536,773.59827,0.9423076923076923,1.6901960800285136,0.0,0.0,0.0,2.4,7.21,5.77,37.02,31.73,9.62,6.25
3130606,MG,Sudeste,1,faixa intermediária,49,0.8141798973083496,0.8616751,772.3982,0.8909090909090909,1.6901960800285136,0.0,1.92,3.84,2.05,0.0,8.07,26.24,41.63,12.16,4.1
3130655,MG,Sudeste,1,faixa intermediária,48,0.5613076090812683,0.8958333,782.0815,1.0,1.6812412373755872,0.0,0.0,0.0,0.0,6.25,6.25,29.17,33.33,20.83,4.17
3130804,MG,Sudeste,1,faixa intermediária,24,0.5226329565048218,0.8727491,780.22974,0.96,1.380211241711606,0.0,0.0,0.0,4.36,4.0,4.36,16.73,45.45,20.73,4.36
3130903,MG,Sudeste,1,faixa intermediária,151,0.6855790615081787,0.8481495,769.3452,0.94375,2.1789769472931693,0.0,1.88,1.32,3.91,1.34,10.0,31.97,33.06,14.55,1.98
3131000,MG,Sudeste,1,faixa intermediária,68,0.4698469638824463,0.7761075,757.4929,0.9066666666666666,1.8325089127062364,0.0,1.45,1.65,4.44,4.44,17.94,43.25,15.21,11.62,0.0
3131109,MG,Sudeste,1,faixa intermediária,76,0.4065021872520447,0.7785087,757.6801,0.926829268292683,1.8808135922807914,0.0,3.88,0.0,5.2,2.59,14.48,43.71,20.87,9.27,0.0
3131158,MG,Sudeste,1,faixa intermediária,190,0.6296443939208984,0.7769902,763.3594,0.9693877551020408,2.278753600952829,0.0,1.33,2.92,4.37,6.74,12.09,32.87,23.87,11.73,4.08
3131208,MG,Sudeste,1,faixa intermediária,179,0.7884647846221924,0.77685034,762.3896,0.8994974874371859,2.2528530309798933,0.0,1.09,1.61,4.88,7.52,11.15,36.47,24.2,10.9,2.17
3131307,MG,Sudeste,1,faixa intermediária,1931,0.6693676114082336,0.7561536,762.5854,0.884967919340055,3.285782273779395,0.3049352,1.46,1.79,4.49,7.06,15.31,31.04,25.24,10.62,3.0
3131406,MG,Sudeste,1,faixa intermediária,38,0.7516340017318726,0.7641992,759.9468,0.8837209302325582,1.5797835966168101,0.0,2.84,0.0,2.84,15.05,8.53,32.11,23.98,14.65,0.0
3131505,MG,Sudeste,1,faixa intermediária,74,0.5286425948143005,0.63838667,753.5432,0.9367088607594937,1.8692317197309762,0.0,1.49,0.0,7.79,10.69,24.67,26.01,18.43,8.25,2.67
3131604,MG,Sudeste,1,faixa intermediária,77,0.38409093022346497,0.77810085,760.29846,0.9746835443037974,1.8864907251724818,0.0,0.0,1.27,5.2,7.86,20.92,33.58,20.79,9.13,1.27
3131703,MG,Sudeste,1,faixa intermediária,989,0.5712630152702332,0.6980853,755.23047,0.8791111111111111,2.9951962915971793,0.16885966,1.69,3.68,5.93,8.3,18.16,30.21,21.42,7.86,2.76
3131802,MG,Sudeste,1,faixa intermediária,102,0.6823101043701172,0.8344586,765.1177,0.9444444444444444,2.0086001717619175,0.0,0.93,2.87,2.87,5.92,6.96,42.27,25.38,10.89,1.92
3131901,MG,Sudeste,1,faixa intermediária,679,0.5559207201004028,0.8049517,764.5111,0.9275956284153005,2.8318697742805017,0.1010972,1.29,2.34,4.42,4.64,13.2,32.77,28.28,10.1,2.97
3132008,MG,Sudeste,1,faixa intermediária,18,0.785714328289032,1.0,780.4822,0.9473684210526315,1.255272505103306,0.0,0.0,0.0,0.0,0.0,0.0,44.36,33.08,16.54,6.02
3132107,MG,Sudeste,1,faixa intermediária,165,0.429259330034256,0.69494784,756.55334,0.9322033898305084,2.2174839442139063,0.24261926,1.77,3.01,4.83,8.02,20.83,30.82,21.23,5.91,3.59
3132206,MG,Sudeste,1,faixa intermediária,142,0.569918155670166,0.9092262,779.41626,0.9594594594594594,2.1522883443830563,0.0,0.0,1.48,0.71,2.06,6.93,31.92,34.11,16.59,6.21
3132305,MG,Sudeste,1,faixa intermediária,125,0.6367191672325134,0.6031868,745.07117,0.8741258741258742,2.0969100130080562,0.37766442,1.97,4.15,7.89,12.99,20.91,32.24,14.26,3.94,1.65
3132404,MG,Sudeste,1,faixa intermediária,708,0.5976203083992004,0.79099226,765.3063,0.8719211822660099,2.850033257689769,0.0,0.96,1.74,5.55,3.91,14.62,31.36,27.62,10.02,4.22
3132503,MG,Sudeste,1,faixa intermediária,342,0.6792908310890198,0.8279768,773.1301,0.9421487603305785,2.534026106056135,0.28076077,0.93,1.21,3.61,5.27,11.2,26.02,30.87,13.29,7.58
3132602,MG,Sudeste,1,faixa intermediária,38,0.48025238513946533,0.7368421,761.29706,0.95,1.5797835966168101,0.0,0.0,2.63,7.89,10.53,13.16,21.05,28.95,15.79,0.0
3132800,MG,Sudeste,1,faixa intermediária,12,0.7777777910232544,0.8333334,776.0725,0.8571428571428571,1.0791812460476249,0.0,0.0,0.0,0.0,8.33,8.33,16.67,58.33,8.33,0.0
3132909,MG,Sudeste,1,faixa intermediária,104,0.6113338470458984,0.80095625,768.9074,0.9203539823008849,2.0170333392987803,0.0,0.0,1.84,1.88,5.71,16.32,22.11,37.63,13.52,0.98
3133006,MG,Sudeste,1,faixa intermediária,118,0.5759343504905701,0.81866986,766.86365,0.8805970149253731,2.0718820073061255,0.0,1.19,1.98,2.81,4.85,12.1,34.95,27.43,11.57,3.11
3133105,MG,Sudeste,1,faixa intermediária,107,0.7386440634727478,0.7992701,770.8007,0.9304347826086956,2.0293837776852097,0.22584291,0.0,2.88,1.9,7.7,9.53,30.2,31.28,10.13,6.38
3133204,MG,Sudeste,1,faixa intermediária,111,0.4106970429420471,0.8564581,776.8127,0.9173553719008265,2.0453229787866576,0.0,0.0,0.0,2.66,2.57,11.84,32.17,28.04,13.78,8.93
3133402,MG,Sudeste,1,faixa intermediária,115,0.6385963559150696,0.7729782,767.5222,0.92,2.060697840353612,0.0,0.0,0.9,4.35,8.64,12.14,28.05,29.54,13.9,2.48
3133501,MG,Sudeste,1,faixa intermediária,142,0.7703923583030701,0.85538566,776.64087,0.8875,2.1522883443830563,0.4931627,0.92,0.0,4.59,3.26,9.11,22.36,36.59,17.04,6.13
3133600,MG,Sudeste,1,faixa intermediária,152,0.5199649333953857,0.6789684,749.31116,0.8587570621468926,2.1818435879447726,0.0,4.88,4.16,5.34,7.29,19.49,29.27,20.91,6.63,2.03
3133709,MG,Sudeste,1,faixa intermediária,162,0.7208545207977295,0.79404867,764.6321,0.84375,2.2095150145426308,0.073166914,1.17,1.72,2.96,5.94,11.96,37.49,28.42,8.62,1.72
3133758,MG,Sudeste,1,faixa intermediária,124,0.743250846862793,0.8945793,776.8751,0.9763779527559056,2.093421685162235,0.0,0.82,1.69,1.65,3.94,6.46,29.9,35.58,14.36,5.59
3133808,MG,Sudeste,1,faixa intermediária,666,0.697117030620575,0.87393546,775.8684,0.8809523809523809,2.823474229170301,0.17027242,0.71,1.87,2.11,2.54,9.43,29.19,31.76,15.72,6.66
3133907,MG,Sudeste,1,faixa intermediária,49,1.0,0.8575388,781.6425,0.9074074074074074,1.6901960800285136,0.64745003,0.0,0.0,0.0,2.08,12.15,20.37,40.97,14.35,10.07
3134103,MG,Sudeste,1,faixa intermediária,63,0.6992818713188171,0.78765714,764.1696,0.8076923076923077,1.7993405494535817,0.30715933,1.47,0.0,4.79,4.68,16.95,35.58,22.27,11.34,2.93
3134202,MG,Sudeste,1,faixa intermediária,894,0.6219436526298523,0.637067,751.7588,0.9302809573361083,2.951337518795918,0.34356964,1.15,2.76,7.98,12.42,18.17,28.52,20.1,6.04,2.87
3134301,MG,Sudeste,1,faixa intermediária,52,0.6121419668197632,0.82594997,762.56976,0.9629629629629629,1.7160033436347992,0.40778494,0.0,0.0,2.1,7.65,15.31,40.37,28.52,3.95,2.1
3134400,MG,Sudeste,1,faixa intermediária,357,0.5583657026290894,0.69599926,753.9778,0.8902743142144638,2.552668216112193,0.0,0.65,3.45,5.81,9.04,19.08,34.37,20.15,4.85,2.61
3134509,MG,Sudeste,1,faixa intermediária,32,0.513563871383667,0.7635947,763.6756,0.9142857142857143,1.505149978319906,0.0,3.47,0.0,6.94,3.47,13.27,33.88,24.69,5.71,8.57
3134608,MG,Sudeste,1,faixa intermediária,197,0.6936208605766296,0.7538121,761.67053,0.8565217391304348,2.294466226161593,0.0,1.97,1.52,2.1,5.01,20.71,32.33,23.33,10.17,2.87
3134806,MG,Sudeste,1,faixa intermediária,84,0.7084506750106812,0.8512947,774.19464,0.9032258064516129,1.9242792860618816,0.0,0.0,1.08,1.08,4.6,15.21,30.3,29.7,13.09,4.96
3134905,MG,Sudeste,1,faixa intermediária,244,0.6250668168067932,0.7914303,764.0957,0.8714285714285714,2.387389826338729,0.0,0.8,2.51,5.12,5.76,10.55,32.31,30.29,9.86,2.8
3135001,MG,Sudeste,1,faixa intermediária,25,0.6235294342041016,0.8450704,764.7427,0.9259259259259259,1.3979400086720377,0.0,0.0,8.08,0.0,0.0,14.81,29.97,34.68,12.46,0.0
3135100,MG,Sudeste,1,faixa intermediária,742,0.5275813341140747,0.677,754.7012,0.9512820512820512,2.870403905279027,0.59850127,1.48,2.72,7.89,10.49,15.12,29.72,20.85,9.03,2.69
3135308,MG,Sudeste,1,faixa intermediária,53,0.7102795839309692,0.8088743,765.0574,0.9137931034482759,1.724275869600789,0.292645,0.0,1.72,4.15,6.11,15.19,33.36,26.7,9.08,3.68
3135357,MG,Sudeste,1,faixa intermediária,71,0.6368522047996521,0.71161795,754.54065,0.9466666666666667,1.8512583487190752,0.47992525,0.0,2.91,10.18,8.58,17.22,31.71,19.65,9.75,0.0
3135407,MG,Sudeste,1,faixa intermediária,70,0.6756664514541626,0.8864879,783.23224,0.958904109589041,1.845098040014257,0.0,0.0,0.0,1.45,2.82,14.0,21.42,28.34,24.81,7.17
3135456,MG,Sudeste,1,faixa intermediária,44,0.6368627548217773,0.59403104,750.2094,0.8979591836734694,1.6434526764861874,1.0,0.0,0.0,13.54,11.05,20.71,29.56,18.5,4.42,2.21
3135506,MG,Sudeste,1,faixa intermediária,122,0.6141065955162048,0.8522107,773.29004,0.8905109489051095,2.0863598306747484,0.3430694,0.82,0.81,1.59,3.26,13.45,28.55,34.49,12.9,4.13
3135605,MG,Sudeste,1,faixa intermediária,82,0.3992936909198761,0.70694864,752.7684,0.9534883720930233,1.9138138523837167,0.0,2.45,8.45,3.68,6.19,19.23,25.62,24.52,6.13,3.73
3135704,MG,Sudeste,1,faixa intermediária,55,0.5243906378746033,0.6599437,744.7449,0.859375,1.7403626894942439,0.0,0.0,9.05,8.15,11.09,17.39,27.17,23.43,3.71,0.0
3135902,MG,Sudeste,1,faixa intermediária,60,0.6205019950866699,0.8119697,776.20166,0.9090909090909091,1.7781512503836436,0.0,0.0,1.72,1.72,8.55,8.59,21.69,23.66,26.05,8.03
3136009,MG,Sudeste,1,faixa intermediária,133,0.48770323395729065,0.61926293,752.0293,0.910958904109589,2.123851640967086,0.1301548,1.37,2.21,6.57,9.24,26.79,25.08,21.18,6.8,0.76
3136108,MG,Sudeste,1,faixa intermediária,27,0.9505617618560791,0.8557626,766.21106,0.9310344827586207,1.4313637641589874,0.0,0.0,0.0,6.9,0.0,7.52,54.23,15.67,15.67,0.0
3136207,MG,Sudeste,1,faixa intermediária,652,0.6706498265266418,0.82749414,769.5827,0.9222065063649222,2.81424759573192,0.41030714,0.76,1.44,3.0,4.77,13.28,31.49,28.8,11.37,5.08
3136306,MG,Sudeste,1,faixa intermediária,545,0.6698105335235596,0.7407137,759.6138,0.9445407279029463,2.7363965022766426,0.731289,0.93,2.16,5.87,9.58,13.44,31.33,25.04,8.36,3.27
3136405,MG,Sudeste,1,faixa intermediária,41,0.523809552192688,0.71358705,750.7827,0.8723404255319149,1.6127838567197355,0.0,0.0,2.31,11.56,9.54,10.11,41.33,25.14,0.0,0.0
3136520,MG,Sudeste,1,faixa intermediária,35,0.34084880352020264,0.772904,773.3206,0.6481481481481481,1.5440680443502757,0.0,0.0,0.0,8.66,5.72,8.33,19.93,25.98,25.65,5.72
3136553,MG,Sudeste,1,faixa intermediária,33,0.7908865809440613,0.77396274,764.8902,0.9428571428571428,1.5185139398778875,0.0,3.3,0.0,9.89,6.15,6.59,27.47,26.15,17.58,2.86
3136579,MG,Sudeste,1,faixa intermediária,33,0.903448224067688,0.90909094,779.86273,1.0,1.5185139398778875,0.0,0.0,0.0,0.0,6.06,9.09,36.36,30.3,6.06,12.12
3136603,MG,Sudeste,1,faixa intermediária,70,0.479858934879303,0.9278865,777.45135,0.9459459459459459,1.845098040014257,0.0,0.0,0.0,0.0,2.93,6.98,37.53,35.63,11.28,5.65
3136652,MG,Sudeste,1,faixa intermediária,354,0.47577956318855286,0.6853504,755.66,0.9007633587786259,2.5490032620257876,0.0,1.67,2.24,5.49,7.77,23.06,28.82,22.24,6.86,1.86
3136900,MG,Sudeste,1,faixa intermediária,122,0.7850274443626404,0.82692313,770.8635,0.9172932330827067,2.0863598306747484,0.0,0.0,0.78,6.6,0.75,14.78,30.16,27.0,14.32,5.62
3137106,MG,Sudeste,1,faixa intermediária,37,0.8440113067626953,0.56234777,746.8432,0.9024390243902439,1.568201724066995,0.0,2.56,5.74,10.86,13.42,16.6,22.03,13.11,10.55,5.12
3137205,MG,Sudeste,1,faixa intermediária,506,0.663421630859375,0.8240861,771.00867,0.9619771863117871,2.7041505168397992,0.3558372,0.59,1.21,2.81,6.47,9.64,29.97,30.63,14.34,4.33
3137304,MG,Sudeste,1,faixa intermediária,30,0.4103712737560272,0.69489974,754.87695,0.9090909090909091,1.4771212547196624,0.0,0.0,0.0,10.39,9.74,16.45,33.55,20.13,9.74,0.0
3137403,MG,Sudeste,1,faixa intermediária,132,0.6391324996948242,0.8725307,773.54645,0.9166666666666666,2.12057393120585,0.0,0.0,0.0,0.77,1.66,14.85,34.07,33.08,12.66,2.9
3137502,MG,Sudeste,1,faixa intermediária,199,0.6052737236022949,0.8202877,769.91345,0.9707317073170731,2.298853076409707,0.0,1.05,2.66,2.44,3.71,15.24,28.04,28.41,11.0,7.45
3137536,MG,Sudeste,1,faixa intermediária,97,0.8175027966499329,0.7647898,763.84985,0.9238095238095239,1.9867717342662448,0.0,0.0,2.19,3.04,7.2,13.32,35.39,28.75,8.14,1.98
3137601,MG,Sudeste,1,faixa intermediária,534,0.6269006729125977,0.7313579,757.0831,0.800599700149925,2.727541257028556,0.037471708,1.98,3.09,6.22,5.53,15.47,32.14,26.96,6.74,1.88
3137700,MG,Sudeste,1,faixa intermediária,209,0.7203330993652344,0.6926451,758.61615,0.9166666666666666,2.3201462861110542,0.0,2.48,3.07,4.73,10.83,11.43,27.89,27.3,10.31,1.96
3137809,MG,Sudeste,1,faixa intermediária,186,0.6851542592048645,0.70143485,756.85614,0.8985507246376812,2.2695129442179165,0.24580894,2.08,4.55,5.22,7.17,17.49,29.95,19.65,10.23,3.67
3137908,MG,Sudeste,1,faixa intermediária,19,1.0,0.94736844,789.42,0.95,1.2787536009528289,1.0,0.0,0.0,0.0,0.0,5.26,36.84,31.58,15.79,10.53
3138005,MG,Sudeste,1,faixa intermediária,50,0.40250954031944275,0.8209186,768.39136,0.8620689655172413,1.6989700043360187,0.0,0.0,0.0,1.91,5.94,11.95,39.75,30.57,7.91,1.97
3138203,MG,Sudeste,1,faixa intermediária,781,0.5799717307090759,0.68682134,755.1152,0.8668146503884573,2.8926510338773004,0.051182408,2.35,2.83,7.66,7.65,15.92,27.71,24.91,8.46,2.5
3138302,MG,Sudeste,1,faixa intermediária,35,0.8572548627853394,0.74285716,763.77515,1.0,1.5440680443502757,1.0,2.86,0.0,14.29,5.71,5.71,25.71,22.86,8.57,14.29
3138351,MG,Sudeste,1,faixa intermediária,63,0.5294370055198669,0.82624996,770.7591,0.984375,1.7993405494535817,0.359375,3.19,1.56,1.56,3.12,9.56,36.5,27.06,12.69,4.75
3138401,MG,Sudeste,1,faixa intermediária,400,0.5705214142799377,0.65109694,750.15216,0.9070294784580499,2.6020599913279625,0.31060198,1.94,5.26,8.21,9.09,16.42,30.69,18.81,7.07,2.51
3138500,MG,Sudeste,1,faixa intermediária,38,0.5616758465766907,0.7120954,770.8949,0.926829268292683,1.5797835966168101,0.0,0.0,0.0,0.0,10.39,23.51,15.5,31.69,5.28,13.63
3138609,MG,Sudeste,1,faixa intermediária,129,0.46484485268592834,0.6951999,750.67096,0.8775510204081632,2.110589710299249,0.0,5.17,3.56,5.39,6.1,17.35,33.46,19.27,9.02,0.68
3138625,MG,Sudeste,1,faixa intermediária,119,0.6519485116004944,0.5970419,751.28156,0.937007874015748,2.0755469613925306,0.0,0.84,4.96,5.03,10.13,24.31,24.54,21.04,8.3,0.84
3138658,MG,Sudeste,1,faixa intermediária,90,0.6401659846305847,0.7809504,763.91345,0.9375,1.954242509439325,0.0,2.17,2.13,4.3,4.36,13.53,32.22,23.34,16.9,1.04
3138674,MG,Sudeste,1,faixa intermediária,80,0.8161866664886475,0.8771095,767.31104,0.9523809523809523,1.9030899869919435,0.0,1.32,1.19,3.64,2.45,11.24,38.56,29.17,9.92,2.51
3138682,MG,Sudeste,1,faixa intermediária,65,0.5939909219741821,0.7869513,763.6496,0.9701492537313433,1.8129133566428555,0.70140344,0.0,2.99,1.49,4.61,16.82,41.79,23.07,6.11,3.12
3138708,MG,Sudeste,1,faixa intermediária,41,0.6726190447807312,0.9748954,784.0689,0.9534883720930233,1.6127838567197355,0.0,0.0,0.0,0.0,2.5,0.0,29.48,51.24,9.47,7.31
3138807,MG,Sudeste,1,faixa intermediária,144,0.6176478266716003,0.86878926,771.69116,0.9411764705882353,2.1583624920952498,0.47698742,0.0,2.02,2.72,2.05,12.64,30.92,33.7,13.17,2.79
3138906,MG,Sudeste,1,faixa intermediária,62,0.6200690865516663,0.6593846,755.6449,0.9538461538461539,1.792391689498254,0.0,1.54,1.6,6.46,11.2,18.03,24.15,33.72,1.6,1.69
3139003,MG,Sudeste,1,faixa intermediária,315,0.6500273942947388,0.8931005,772.00934,0.9487951807228916,2.4983105537896004,0.2256197,0.0,0.96,1.88,4.71,10.73,38.46,27.92,10.48,4.86
3139102,MG,Sudeste,1,faixa intermediária,59,0.6944875717163086,0.7106114,759.4239,0.9076923076923077,1.7708520116421442,0.0,0.0,0.0,13.13,3.59,14.07,28.02,29.06,12.12,0.0
3139201,MG,Sudeste,1,faixa intermediária,187,0.6828978061676025,0.75448036,761.8872,0.949238578680203,2.271841606536499,0.6746205,1.74,2.19,4.9,5.79,14.31,30.68,28.66,7.47,4.26
3139250,MG,Sudeste,1,faixa intermediária,68,0.40119361877441406,0.6591252,747.1955,0.9315068493150684,1.8325089127062364,0.0,1.47,4.76,11.48,6.23,23.29,32.45,10.11,7.37,2.84
3139409,MG,Sudeste,1,faixa intermediária,966,0.5710240006446838,0.75916463,762.16864,0.9156398104265403,2.9849771264154934,0.4811684,1.39,2.45,4.66,7.64,12.31,30.94,27.52,9.74,3.34
3139508,MG,Sudeste,1,faixa intermediária,207,0.6860349774360657,0.6882598,759.5291,0.8808510638297873,2.315970345456918,0.0,0.43,1.35,5.33,6.37,21.13,29.98,26.07,8.01,1.33
3139607,MG,Sudeste,1,faixa intermediária,222,0.49941763281822205,0.71149796,755.7887,0.8671875,2.346352974450639,0.0,1.79,4.21,5.05,6.5,15.13,30.27,30.11,5.68,1.27
3139706,MG,Sudeste,1,faixa intermediária,70,0.6985312700271606,0.7678526,758.493,0.8860759493670886,1.845098040014257,0.0,0.0,0.0,8.76,8.3,15.82,36.98,22.92,7.24,0.0
3139805,MG,Sudeste,1,faixa intermediária,156,0.501463770866394,0.6809737,753.5424,0.9570552147239264,2.1931245983544616,0.76644796,0.61,5.21,7.73,9.25,12.89,29.24,27.5,6.92,0.64
3139904,MG,Sudeste,1,faixa intermediária,137,0.6098822951316833,0.78162515,773.4149,0.9513888888888888,2.1367205671564067,0.0,0.98,1.76,5.03,7.52,11.69,20.78,22.32,17.63,12.29
3140001,MG,Sudeste,1,faixa intermediária,601,0.5505692362785339,0.67801183,754.11,0.8970149253731343,2.7788744720027396,0.162306,1.73,2.32,7.27,10.22,16.73,30.46,21.25,8.02,2.0
3140159,MG,Sudeste,1,faixa intermediária,149,0.7035115957260132,0.74079555,765.1159,0.8816568047337278,2.173186268412274,0.0,2.03,1.41,5.15,6.76,16.9,22.37,28.24,9.3,7.82
3140209,MG,Sudeste,1,faixa intermediária,42,0.6547332406044006,0.5920995,744.6628,0.9333333333333333,1.6232492903979006,0.0,0.0,10.37,10.37,12.59,10.0,25.56,26.67,2.22,2.22
3140308,MG,Sudeste,1,faixa intermediária,31,0.6176470518112183,0.7100879,746.6221,0.9393939393939394,1.4913616938342726,0.0,9.66,0.0,3.23,3.22,25.82,32.27,22.58,3.22,0.0
3140407,MG,Sudeste,1,faixa intermediária,26,0.7681595683097839,0.84569734,767.1467,0.9629629629629629,1.414973347970818,0.0,4.01,0.0,4.01,3.7,3.7,34.88,34.26,11.42,4.01
3140506,MG,Sudeste,1,faixa intermediária,160,0.6119521856307983,0.78232497,767.58093,0.975609756097561,2.2041199826559246,0.45108566,0.0,1.3,3.11,8.03,13.76,31.47,30.02,6.16,6.15
3140530,MG,Sudeste,1,faixa intermediária,93,0.7655330896377563,0.8367946,767.688,0.9117647058823529,1.968482948553935,0.0,1.2,0.0,4.35,3.3,11.72,32.9,35.78,10.74,0.0
3140555,MG,Sudeste,1,faixa intermediária,97,0.6281268000602722,0.6740952,755.33594,0.9238095238095239,1.9867717342662448,0.22857143,0.99,0.0,5.01,14.56,20.17,33.22,18.71,5.33,2.02
3140704,MG,Sudeste,1,faixa intermediária,415,0.5676551461219788,0.7525876,764.23047,0.8829787234042553,2.6180480967120925,0.0,1.01,2.07,3.57,8.35,17.33,23.88,29.01,9.53,5.27
3140803,MG,Sudeste,1,faixa intermediária,114,0.5883634686470032,0.78812605,765.9161,0.912,2.0569048513364727,0.0,1.03,0.91,5.19,5.94,13.94,35.96,18.21,15.28,3.54
3140902,MG,Sudeste,1,faixa intermediária,247,0.7202066779136658,0.80741006,769.9721,0.9801587301587301,2.392696953259666,0.67864645,0.79,0.42,3.31,5.77,15.12,29.56,27.11,11.18,6.75
3141009,MG,Sudeste,1,faixa intermediária,135,0.8060516119003296,0.7169982,758.4182,0.9440559440559441,2.130333768495006,0.58024436,1.49,0.7,6.57,8.42,14.81,36.4,20.71,7.92,2.97
3141108,MG,Sudeste,1,faixa intermediária,382,0.47403332591056824,0.62969714,748.4814,0.9052132701421801,2.582063362911709,0.26976535,1.38,4.48,7.98,10.06,20.3,31.14,18.92,4.24,1.5
3141207,MG,Sudeste,1,faixa intermediária,37,0.9130303263664246,0.9196915,785.1705,0.8409090909090909,1.568201724066995,0.0,0.0,0.0,0.0,0.0,8.06,24.08,40.37,24.25,3.25
3141306,MG,Sudeste,1,faixa intermediária,42,0.8224137425422668,0.78571427,768.1076,1.0,1.6232492903979006,0.0,0.0,7.14,2.38,4.76,9.52,23.81,33.33,16.67,2.38
3141405,MG,Sudeste,1,faixa intermediária,194,0.7198721766471863,0.6477839,751.2941,0.9556650246305419,2.287801729930226,0.059162844,3.56,2.01,6.64,10.18,18.52,29.3,19.56,8.25,1.97
3141504,MG,Sudeste,1,faixa intermediária,55,0.7964667677879333,0.6,746.39874,1.0,1.7403626894942439,0.0,1.82,0.0,10.91,16.36,16.36,36.36,12.73,5.45,0.0
3141603,MG,Sudeste,1,faixa intermediária,74,0.9841330647468567,0.8483557,773.37396,0.9024390243902439,1.8692317197309762,0.0,1.37,3.89,1.37,0.0,11.17,27.42,37.3,10.91,6.56
3141702,MG,Sudeste,1,faixa intermediária,63,0.5317210555076599,0.63481045,754.08954,0.875,1.7993405494535817,0.0,3.21,1.63,4.81,6.08,32.09,22.34,17.37,7.65,4.81
3141801,MG,Sudeste,1,faixa intermediária,238,0.701524555683136,0.7882159,764.98456,0.9596774193548387,2.376576957056512,0.0,2.21,0.89,3.83,7.76,11.61,31.1,27.78,9.46,5.34
3141900,MG,Sudeste,1,faixa intermediária,35,0.518927812576294,0.7630058,763.2595,0.9210526315789473,1.5440680443502757,0.0,3.07,0.0,5.7,0.0,20.18,23.25,39.47,5.26,3.07
3142106,MG,Sudeste,1,faixa intermediária,63,0.4725518822669983,0.7528953,760.4985,0.8181818181818182,1.7993405494535817,0.0,1.77,2.9,11.72,3.27,5.06,37.68,21.82,11.35,4.44
3142205,MG,Sudeste,1,faixa intermediária,94,0.9416466355323792,0.7813607,760.7785,0.8545454545454545,1.9731278535996986,0.18121538,3.13,5.62,2.16,4.45,13.02,30.98,24.4,13.13,3.09
3142304,MG,Sudeste,1,faixa intermediária,53,0.7789334654808044,0.9060183,774.2068,0.9137931034482759,1.724275869600789,0.0,0.0,0.0,5.7,1.72,7.97,37.71,26.3,18.86,1.72
3142403,MG,Sudeste,1,faixa intermediária,90,0.8143929839134216,0.81944865,765.87305,0.9090909090909091,1.954242509439325,0.0,0.0,1.26,4.48,7.51,8.1,37.67,30.79,9.18,1.01
3142601,MG,Sudeste,1,faixa intermediária,89,0.6269313097000122,0.788876,767.7257,0.9368421052631579,1.9493900066449128,0.0,0.0,0.0,7.69,3.34,13.38,30.31,31.77,9.13,4.39
3142700,MG,Sudeste,1,faixa intermediária,153,0.5248525142669678,0.66895145,752.7779,0.9444444444444444,2.184691430817599,0.4446091,1.85,1.27,5.87,13.63,18.58,31.82,17.94,7.72,1.32
3142908,MG,Sudeste,1,faixa intermediária,138,0.8565109372138977,0.67009306,750.88806,0.965034965034965,2.1398790864012365,0.9301447,2.87,5.12,4.41,8.85,18.24,30.54,23.51,5.04,1.4
3143005,MG,Sudeste,1,faixa intermediária,141,0.5020525455474854,0.80842036,764.1349,0.9215686274509803,2.1492191126553797,0.0,1.36,2.76,6.55,4.95,10.54,26.47,33.4,12.54,1.42
3143104,MG,Sudeste,1,faixa intermediária,422,0.7023559212684631,0.8317572,769.1681,0.9295154185022027,2.625312450961674,0.6957334,0.45,0.96,5.17,6.26,8.4,30.99,31.28,12.71,3.78
3143153,MG,Sudeste,1,faixa intermediária,23,0.49865442514419556,0.82608694,764.4613,1.0,1.3617278360175928,0.0,0.0,0.0,0.0,0.0,21.74,60.87,17.39,0.0,0.0
3143203,MG,Sudeste,1,faixa intermediária,174,0.42152729630470276,0.6160952,746.9125,0.9456521739130435,2.2405492482826,0.0,0.63,5.18,9.97,11.5,18.07,31.05,17.52,3.86,2.23
3143302,MG,Sudeste,1,faixa intermediária,3495,0.6292751431465149,0.7471323,760.76526,0.8774792869696209,3.5434471800817002,0.41063204,1.6,2.7,5.18,6.74,14.61,30.31,25.61,9.91,3.35
3143401,MG,Sudeste,1,faixa intermediária,189,0.539336085319519,0.745692,763.14966,0.875,2.2764618041732443,0.0,1.22,1.45,3.92,4.33,20.87,30.61,26.93,8.58,2.1
3143450,MG,Sudeste,1,faixa intermediária,65,0.5421039462089539,0.88982445,770.7276,0.9285714285714286,1.8129133566428555,0.0,0.0,1.56,1.43,4.68,12.69,38.79,27.41,9.16,4.29
3143500,MG,Sudeste,1,faixa intermediária,76,0.8632045984268188,0.644886,755.45984,0.926829268292683,1.8808135922807914,0.0,1.27,2.7,8.13,10.56,16.97,19.68,27.33,10.68,2.7
3143609,MG,Sudeste,1,faixa intermediária,28,0.9642857313156128,0.6758621,749.8395,0.9655172413793104,1.4471580313422192,0.0,0.0,7.24,3.45,10.34,22.07,39.31,6.9,10.69,0.0
3143708,MG,Sudeste,1,faixa intermediária,34,0.6929081082344055,0.6185037,746.553,0.9714285714285714,1.5314789170422551,0.0,2.86,5.71,3.03,8.74,26.89,23.53,26.39,2.86,0.0
3143807,MG,Sudeste,1,faixa intermediária,91,0.7792475819587708,0.8236346,765.4022,0.9578947368421052,1.9590413923210936,0.0,1.11,0.0,3.38,9.78,11.21,35.07,28.49,8.74,2.23
3143906,MG,Sudeste,1,faixa intermediária,927,0.5907011032104492,0.75482893,761.6315,0.8442622950819673,2.967079734144497,0.18198624,1.38,3.51,4.29,7.94,12.43,28.22,29.57,10.03,2.63
3144003,MG,Sudeste,1,faixa intermediária,245,0.7321580052375793,0.7967634,765.72394,0.9107806691449815,2.3891660843645326,0.54988843,0.81,1.31,2.91,8.15,12.49,38.18,18.33,13.38,4.44
3144102,MG,Sudeste,1,faixa intermediária,181,0.4335601329803467,0.7549995,762.82916,0.8829268292682927,2.2576785748691846,0.0,1.66,0.54,5.47,6.72,15.06,30.27,27.14,9.06,4.08
3144201,MG,Sudeste,1,faixa intermediária,25,0.5866547226905823,0.62857145,748.1011,0.8928571428571429,1.3979400086720377,0.0,0.0,9.29,13.93,13.93,4.64,21.43,29.64,3.57,3.57
3144300,MG,Sudeste,1,faixa intermediária,310,0.6097223162651062,0.6009912,745.4209,0.8882521489971347,2.4913616938342726,0.6534418,2.89,5.02,8.97,11.87,16.59,28.82,20.74,4.53,0.57
3144359,MG,Sudeste,1,faixa intermediária,71,0.7954357266426086,0.6495143,750.25,0.9342105263157895,1.8512583487190752,0.0,0.0,4.09,2.77,12.76,25.33,35.23,14.16,4.26,1.4
3144375,MG,Sudeste,1,faixa intermediária,48,0.4922618865966797,0.64179105,751.2971,0.9411764705882353,1.6812412373755872,0.0,0.0,2.12,6.35,12.71,20.82,35.21,16.58,6.21,0.0
3144409,MG,Sudeste,1,faixa intermediária,43,0.701797366142273,0.8627451,772.815,0.8958333333333334,1.6334684555795864,0.0,0.0,2.36,2.24,2.24,13.7,27.98,35.06,14.05,2.36
3144508,MG,Sudeste,1,faixa intermediária,88,0.8741515874862671,0.85366935,771.4936,0.9777777777777777,1.9444826721501687,0.0,0.0,0.0,2.22,5.56,10.19,33.48,37.15,5.75,5.65
3144607,MG,Sudeste,1,faixa intermediária,184,0.5366922616958618,0.7797317,760.74493,0.9246231155778895,2.2648178230095364,0.0,1.55,2.05,4.45,3.19,20.09,32.43,25.93,7.58,2.74
3144656,MG,Sudeste,1,faixa intermediária,66,0.49259987473487854,0.7717265,757.2462,0.9565217391304348,1.8195439355418688,0.0,1.45,3.08,0.0,9.15,19.75,36.05,25.91,4.62,0.0
3144706,MG,Sudeste,1,faixa intermediária,177,0.6032025218009949,0.72223353,763.9299,0.9030612244897959,2.247973266361807,0.0,1.07,3.4,6.35,7.14,13.77,25.7,25.25,12.33,4.99
3144805,MG,Sudeste,1,faixa intermediária,855,0.5675626397132874,0.7960072,765.70435,0.9124866595517609,2.931966114728173,0.0,1.55,1.64,3.25,6.29,13.41,30.05,29.8,10.42,3.6
3144904,MG,Sudeste,1,faixa intermediária,19,0.8333332538604736,0.8938207,769.69556,0.8260869565217391,1.2787536009528289,0.0,0.0,0.0,0.0,10.63,0.0,52.66,26.28,5.22,5.22
3145000,MG,Sudeste,1,faixa intermediária,171,0.7234213352203369,0.78858477,768.7379,0.9047619047619048,2.2329961103921536,0.0,0.58,1.15,3.4,5.38,15.66,30.47,25.02,11.0,7.35
3145109,MG,Sudeste,1,faixa intermediária,174,0.6930446028709412,0.865704,773.0973,0.8787878787878788,2.2405492482826,0.0,0.0,0.51,2.62,3.49,12.87,30.66,33.93,12.03,3.89
3145208,MG,Sudeste,1,faixa intermediária,1397,0.5495361089706421,0.724715,758.58466,0.9382135661517798,3.1451964061141817,0.0,1.45,2.52,5.7,8.56,14.86,31.09,24.22,9.09,2.51
3145307,MG,Sudeste,1,faixa intermediária,289,0.7134177088737488,0.77882785,766.015,0.9475409836065574,2.4608978427565478,0.58686095,0.98,1.65,5.28,5.12,15.55,25.64,29.01,12.22,4.53
3145356,MG,Sudeste,1,faixa intermediária,90,0.5359411835670471,0.67039585,753.19366,0.967741935483871,1.954242509439325,0.3007745,2.15,1.08,7.75,12.1,19.91,28.84,18.0,6.75,3.42
3145372,MG,Sudeste,1,faixa intermediária,30,0.6804890632629395,0.92696625,770.3718,0.9375,1.4771212547196624,0.0,0.0,0.0,3.65,3.65,17.19,27.08,32.81,15.62,0.0
3145455,MG,Sudeste,1,faixa intermediária,62,0.6822875142097473,0.9015625,780.8628,0.96875,1.792391689498254,0.0,0.0,0.0,0.0,1.56,16.56,24.38,31.72,16.09,9.69
3145505,MG,Sudeste,1,faixa intermediária,31,0.622710645198822,0.9429061,762.1121,0.8857142857142857,1.4913616938342726,0.0,0.0,0.0,2.86,0.0,18.02,56.48,22.64,0.0,0.0
3145604,MG,Sudeste,1,faixa intermediária,348,0.6719821691513062,0.8544235,771.35913,0.9380053908355795,2.5415792439465807,0.3041301,0.0,1.16,3.54,5.48,11.88,29.98,29.93,13.87,4.14
3145703,MG,Sudeste,1,faixa intermediária,18,0.7142857313156128,0.8333334,765.6634,0.9473684210526315,1.255272505103306,0.0,0.0,5.56,0.0,11.11,5.56,38.89,16.67,22.22,0.0
3145802,MG,Sudeste,1,faixa intermediária,12,0.4285843074321747,0.8333334,769.62915,0.8571428571428571,1.0791812460476249,1.0,0.0,0.0,0.0,0.0,16.67,41.67,41.67,0.0,0.0
3145851,MG,Sudeste,1,faixa intermediária,40,0.738593339920044,0.82238865,769.9797,0.7692307692307693,1.6020599913279623,0.0,4.72,0.0,0.0,5.34,7.7,29.25,33.48,19.5,0.0
3145877,MG,Sudeste,1,faixa intermediária,122,0.6275041103363037,0.75982714,756.337,0.8652482269503546,2.0863598306747484,0.0,1.56,2.62,9.46,5.76,15.94,30.55,22.06,10.4,1.65
3145901,MG,Sudeste,1,faixa intermediária,387,0.6536559462547302,0.813325,766.62616,0.9302884615384616,2.5877109650189114,0.0,1.85,1.9,3.84,4.85,11.18,30.46,30.08,12.22,3.62
3146008,MG,Sudeste,1,faixa intermediária,230,0.6458176374435425,0.85462385,774.50653,0.9019607843137255,2.361727836017593,0.043103453,0.42,0.42,4.36,5.0,9.27,27.03,29.23,19.19,5.1
3146107,MG,Sudeste,1,faixa intermediária,607,0.6492332220077515,0.74247104,760.0158,0.8939617083946981,2.7831886910752575,0.36075538,1.48,2.43,5.41,6.78,15.17,31.29,25.89,7.96,3.58
3146206,MG,Sudeste,1,faixa intermediária,88,0.5124922394752502,0.78401953,766.3565,0.9361702127659575,1.9444826721501687,0.0,0.0,2.23,1.11,5.64,17.14,37.61,20.3,10.22,5.75
3146255,MG,Sudeste,1,faixa intermediária,58,0.5792424082756042,0.71690995,759.39825,0.9508196721311475,1.7634279935629373,0.19665408,0.0,5.51,6.86,1.64,21.16,34.28,20.12,5.07,5.37
3146404,MG,Sudeste,1,faixa intermediária,47,0.7894737720489502,0.82320666,775.8617,0.9215686274509803,1.6720978579357175,0.0,0.0,0.0,0.0,6.7,19.74,12.58,43.66,8.43,8.88
3146503,MG,Sudeste,1,faixa intermediária,70,0.6752736568450928,0.8682062,778.48724,0.9859154929577465,1.845098040014257,0.0,0.0,0.0,1.49,4.31,10.19,27.17,34.13,18.39,4.31
3146552,MG,Sudeste,1,faixa intermediária,56,0.6252568364143372,0.7639937,767.4183,0.9824561403508771,1.7481880270062005,0.0,1.75,0.0,1.75,5.74,19.62,23.44,28.39,17.54,1.75
3146701,MG,Sudeste,1,faixa intermediária,33,0.26988187432289124,0.7560568,750.7768,0.9166666666666666,1.5185139398778875,0.0,0.0,3.17,2.92,15.37,9.02,51.71,17.79,0.0,0.0
3146750,MG,Sudeste,1,faixa intermediária,60,0.4858073890209198,0.7060985,754.6934,0.8823529411764706,1.7781512503836436,0.22042617,3.21,1.65,9.62,8.16,8.37,30.08,32.06,6.84,0.0
3146909,MG,Sudeste,1,faixa intermediária,134,0.4709719121456146,0.89243615,769.19946,0.8874172185430463,2.1271047983648077,0.06623393,0.0,0.7,0.0,7.0,14.48,40.95,21.87,11.96,3.03
3147006,MG,Sudeste,1,faixa intermediária,951,0.6706761717796326,0.68153584,755.5196,0.9031339031339032,2.978180516937414,0.35039598,2.28,3.88,7.66,8.56,13.84,27.14,24.74,8.15,3.76
3147105,MG,Sudeste,1,faixa intermediária,854,0.6138970851898193,0.76292306,762.7541,0.9037037037037037,2.931457870689005,0.452791,0.83,2.11,3.87,6.97,16.6,31.84,24.11,10.92,2.75
3147204,MG,Sudeste,1,faixa intermediária,184,0.6244984865188599,0.69222057,755.7039,0.9064039408866995,2.2648178230095364,0.0,0.0,2.19,9.2,9.07,16.09,29.02,26.69,4.42,3.31
3147303,MG,Sudeste,1,faixa intermediária,186,0.607733964920044,0.8168458,769.7992,0.93,2.2695129442179165,0.0,1.59,1.06,3.17,2.55,16.38,30.73,24.11,13.38,7.03
3147402,MG,Sudeste,1,faixa intermediária,225,0.4579089283943176,0.7225577,751.97943,0.9183673469387755,2.3521825181113627,0.22019096,3.48,4.59,4.05,4.61,22.7,29.69,25.22,4.71,0.96
3147600,MG,Sudeste,1,faixa intermediária,141,0.8597713708877563,0.8037559,765.0594,0.9463087248322147,2.1492191126553797,0.5770623,0.67,1.57,6.27,5.89,15.37,28.12,30.26,6.96,4.9
3147709,MG,Sudeste,1,faixa intermediária,89,0.8060571551322937,0.784225,761.16187,0.9368421052631579,1.9493900066449128,0.0,1.1,0.0,4.5,7.84,18.24,37.08,19.96,6.78,4.5
3147808,MG,Sudeste,1,faixa intermediária,22,0.6111111044883728,0.77272725,763.3964,1.0,1.3424226808222062,0.0,0.0,4.55,4.55,9.09,18.18,18.18,31.82,9.09,4.55
3147907,MG,Sudeste,1,faixa intermediária,1081,0.6369028091430664,0.8288064,770.39075,0.9215686274509803,3.03382569395331,0.25227764,0.75,1.68,3.8,5.06,9.83,28.45,31.58,14.99,3.86
3147956,MG,Sudeste,1,faixa intermediária,60,0.8227652311325073,0.8508197,774.52734,0.9836065573770492,1.7781512503836436,0.3442623,0.0,0.0,8.2,3.28,6.72,32.95,25.57,14.75,8.52
3148004,MG,Sudeste,1,faixa intermediária,1280,0.7030112147331238,0.7964115,766.7185,0.903954802259887,3.1072099696478683,0.64533824,1.31,3.06,4.52,5.38,10.8,28.89,27.99,13.1,4.96
3148103,MG,Sudeste,1,faixa intermediária,990,0.614704966545105,0.7166972,758.6102,0.9243697478991597,2.99563519459755,0.20341153,1.65,4.12,5.15,7.64,15.86,27.93,25.06,9.77,2.83
3148202,MG,Sudeste,1,faixa intermediária,54,0.7264444231987,0.80516666,764.1151,0.9,1.7323937598229686,0.0,0.0,0.0,2.05,11.54,14.82,34.86,27.4,7.49,1.83
3148301,MG,Sudeste,1,faixa intermediária,79,0.5826136469841003,0.912211,781.6491,0.9518072289156626,1.8976270912904414,0.13246627,0.0,0.0,2.41,3.78,5.05,25.0,37.44,21.27,5.05
3148400,MG,Sudeste,1,faixa intermediária,43,0.7036982774734497,0.9014789,777.6306,0.8958333333333334,1.6334684555795864,0.0,0.0,0.0,0.0,0.0,14.17,38.19,25.0,18.33,4.31
3148509,MG,Sudeste,1,faixa intermediária,79,0.8504313230514526,0.8374361,764.2321,0.9634146341463414,1.8976270912904414,0.4625883,1.22,2.49,3.82,2.44,13.87,31.57,35.58,9.0,0.0
3148608,MG,Sudeste,1,faixa intermediária,110,0.8049184679985046,0.747318,758.60675,0.9090909090909091,2.041392685158225,0.68600434,0.0,1.69,9.35,9.09,11.53,27.87,31.83,7.74,0.9
3148756,MG,Sudeste,1,faixa intermediária,63,0.452382892370224,0.79176456,763.1738,0.984375,1.7993405494535817,0.46766874,1.62,4.8,6.41,3.23,9.54,26.89,34.97,9.43,3.12
3148806,MG,Sudeste,1,faixa intermediária,34,0.8538094758987427,0.8551706,767.84503,0.918918918918919,1.5314789170422551,0.0,0.0,0.0,2.87,8.61,8.88,37.86,26.76,9.01,6.01
3148905,MG,Sudeste,1,faixa intermediária,31,0.8142857551574707,1.0,785.96423,0.8611111111111112,1.4913616938342726,0.0,0.0,0.0,0.0,0.0,5.88,31.3,32.56,26.68,3.57
3149002,MG,Sudeste,1,faixa intermediária,35,0.5373814105987549,0.8,765.08655,1.0,1.5440680443502757,0.0,0.0,0.0,5.71,0.0,20.0,37.14,25.71,5.71,5.71
3149101,MG,Sudeste,1,faixa intermediária,90,0.500857412815094,0.85509115,770.8001,0.8910891089108911,1.954242509439325,0.0,1.2,0.0,2.4,3.75,12.87,31.19,30.38,15.92,2.28
3149200,MG,Sudeste,1,faixa intermediária,35,0.5969967842102051,0.7994871,761.6033,0.8974358974358975,1.5440680443502757,0.0,0.0,5.94,0.0,5.69,17.08,36.88,22.77,8.66,2.97
3149309,MG,Sudeste,1,faixa intermediária,602,0.5869531035423279,0.7509813,760.0325,0.9093655589123867,2.7795964912578244,0.30815217,2.15,1.7,5.84,7.03,14.12,30.87,27.09,8.42,2.78
3149507,MG,Sudeste,1,faixa intermediária,42,0.3202020227909088,0.6904762,762.9305,1.0,1.6232492903979006,0.0,2.38,7.14,4.76,9.52,9.52,19.05,21.43,21.43,4.76
3149606,MG,Sudeste,1,faixa intermediária,57,0.6417725682258606,0.8138528,766.25665,0.95,1.7558748556724915,0.0,0.0,0.0,3.33,11.67,6.96,39.02,24.51,12.55,1.96
3149705,MG,Sudeste,1,faixa intermediária,150,0.8006168007850647,0.8071984,770.0556,0.9036144578313253,2.1760912590556813,0.0,0.8,2.09,1.38,6.44,13.9,28.7,27.55,14.68,4.46
3149804,MG,Sudeste,1,faixa intermediária,229,0.6790000200271606,0.8342166,776.5634,0.8807692307692307,2.359835482339888,0.0,0.43,1.71,5.28,3.02,7.02,30.09,25.89,16.65,9.92
3149903,MG,Sudeste,1,faixa intermediária,168,0.7123672962188721,0.7911651,765.2249,0.9545454545454546,2.225309281725863,0.0,1.19,1.77,5.3,5.45,11.83,29.06,30.03,11.83,3.54
3150000,MG,Sudeste,1,faixa intermediária,58,0.8805986046791077,0.7761585,769.8085,0.9508196721311475,1.7634279935629373,0.0,0.0,1.74,5.16,10.34,17.26,22.45,17.21,18.96,6.87
3150109,MG,Sudeste,1,faixa intermediária,32,0.2963026463985443,0.75590545,753.29846,0.9696969696969697,1.505149978319906,0.0,3.03,3.03,6.06,3.03,18.54,40.64,19.25,6.42,0.0
3150158,MG,Sudeste,1,faixa intermediária,141,0.5284222960472107,0.7411208,757.65735,0.9276315789473685,2.1492191126553797,0.0,2.83,2.14,4.23,7.51,14.89,32.68,26.98,6.6,2.13
3150208,MG,Sudeste,1,faixa intermediária,36,0.3520931005477905,0.80023783,763.20844,0.8571428571428571,1.5563025007672873,0.0,0.0,0.0,0.0,14.39,17.72,35.55,29.78,0.0,2.56
3150406,MG,Sudeste,1,faixa intermediária,52,0.7194675207138062,0.83876944,770.7868,0.9629629629629629,1.7160033436347992,0.0,0.0,2.12,1.85,8.2,11.64,31.22,28.31,14.81,1.85
3150539,MG,Sudeste,1,faixa intermediária,48,0.34697556495666504,0.81462944,768.7289,0.9230769230769231,1.6812412373755872,0.0,2.08,0.0,0.0,4.11,22.81,25.04,31.42,10.5,4.05
3150570,MG,Sudeste,1,faixa intermediária,95,0.45774251222610474,0.6481569,744.6304,0.8962264150943396,1.9777236052888478,0.0,6.07,5.23,1.97,7.45,20.12,40.48,14.71,3.97,0.0
3150604,MG,Sudeste,1,faixa intermediária,63,0.6696783900260925,0.76305586,760.7435,0.9402985074626866,1.7993405494535817,0.0,0.0,3.25,3.51,8.52,17.98,26.52,32.76,7.46,0.0
3150703,MG,Sudeste,1,faixa intermediária,99,0.6339659690856934,0.767988,763.19507,0.8761061946902655,1.99563519459755,0.0,0.0,0.0,5.95,5.02,17.44,34.45,25.32,9.75,2.08
3150802,MG,Sudeste,1,faixa intermediária,124,0.6010206341743469,0.76605207,757.7663,0.9051094890510949,2.093421685162235,0.18249398,0.8,4.94,0.83,8.91,16.04,35.29,25.89,4.84,2.46
3150901,MG,Sudeste,1,faixa intermediária,38,0.6626962423324585,0.7896863,765.13464,0.9047619047619048,1.5797835966168101,0.0,5.16,0.0,2.38,5.56,10.32,32.54,28.57,8.33,7.14
3151008,MG,Sudeste,1,faixa intermediária,101,0.693483293056488,0.8497572,771.30756,0.9619047619047619,2.0043213737826426,0.0,1.02,1.01,1.02,1.02,17.76,31.57,29.68,13.93,3.01
3151107,MG,Sudeste,1,faixa intermediária,95,0.6267375349998474,0.6614311,746.7699,0.9223300970873787,1.9777236052888478,0.0,1.07,5.28,10.37,8.37,18.82,33.77,17.96,3.41,0.97
3151206,MG,Sudeste,1,faixa intermediária,588,0.5129142999649048,0.6944223,753.63617,0.8842105263157894,2.7693773260761385,0.11902365,2.0,3.41,5.24,8.33,20.36,31.25,18.96,7.48,2.96
3151305,MG,Sudeste,1,faixa intermediária,121,0.7277909517288208,0.8498722,775.90436,0.937984496124031,2.0827853703164503,0.07746533,0.0,1.76,5.47,2.7,7.47,24.4,35.85,15.99,6.36
3151404,MG,Sudeste,1,faixa intermediária,269,0.7471423745155334,0.7869865,768.9658,0.9607142857142857,2.429752280002408,0.72855777,0.73,1.48,3.72,5.62,15.62,30.65,22.27,11.86,8.04
3151503,MG,Sudeste,1,faixa intermediária,309,0.5726799368858337,0.73463106,761.6536,0.8728813559322034,2.4899584794248346,0.0,1.86,3.95,4.06,6.25,13.29,29.89,26.5,9.72,4.48
3151602,MG,Sudeste,1,faixa intermediária,142,0.4590654969215393,0.65955585,748.73694,0.8875,2.1522883443830563,0.0,4.29,6.3,7.11,6.27,14.86,31.14,22.25,5.1,2.67
3151701,MG,Sudeste,1,faixa intermediária,140,0.8187335729598999,0.70931995,760.4425,0.8860759493670886,2.146128035678238,0.0,0.73,2.24,4.98,7.64,19.28,27.05,25.17,9.99,2.92
3151800,MG,Sudeste,1,faixa intermediária,1117,0.5812485218048096,0.7832555,763.60236,0.8572524942440521,3.048053173115609,0.10193471,1.32,2.83,3.79,3.98,15.81,31.07,27.55,11.45,2.19
3151909,MG,Sudeste,1,faixa intermediária,86,0.9054622054100037,0.88289493,781.04254,0.9555555555555556,1.9344984512435677,0.7448107,1.22,0.0,1.11,5.77,5.94,26.44,30.27,19.83,9.41
3152006,MG,Sudeste,1,faixa intermediária,292,0.6914428472518921,0.6597222,751.8637,0.9012345679012346,2.4653828514484184,0.34179014,2.22,3.93,9.63,7.54,19.15,26.45,19.9,8.2,2.99
3152105,MG,Sudeste,1,faixa intermediária,433,0.4976631700992584,0.7865048,759.9985,0.8765182186234818,2.6364878963533656,0.27087504,0.87,1.71,6.75,4.48,16.14,36.0,24.58,7.08,2.39
3152131,MG,Sudeste,1,faixa intermediária,51,0.6132461428642273,0.7635849,764.44415,0.9622641509433962,1.7075701760979363,0.0,0.0,2.01,0.0,5.66,25.73,29.3,23.42,9.91,3.97
3152170,MG,Sudeste,1,faixa intermediária,90,0.7262759208679199,0.6771842,751.00464,0.9375,1.954242509439325,0.0,2.08,5.74,7.83,10.06,11.97,34.95,16.6,9.73,1.04
3152204,MG,Sudeste,1,faixa intermediária,334,0.6514767408370972,0.7176975,759.81195,0.9737609329446064,2.5237464668115646,0.74930745,2.08,2.4,6.39,7.71,13.87,29.97,23.42,9.12,5.03
3152303,MG,Sudeste,1,faixa intermediária,57,0.8800148963928223,0.96769506,789.0562,0.9193548387096774,1.7558748556724915,1.0,0.0,0.0,1.61,0.0,1.61,36.96,29.82,18.18,11.82
3152402,MG,Sudeste,1,faixa intermediária,111,0.42923206090927124,0.6967124,755.34796,0.9327731092436975,2.0453229787866576,0.38661397,0.88,10.45,5.47,3.4,13.77,23.53,32.11,7.87,2.52
3152501,MG,Sudeste,1,faixa intermediária,1194,0.5518322587013245,0.6872457,754.2309,0.8903803131991052,3.0770043267933502,0.34253508,1.28,4.66,6.55,8.28,16.89,29.03,23.64,7.13,2.54
3152600,MG,Sudeste,1,faixa intermediária,61,0.7844626307487488,0.79529953,769.7866,0.9242424242424242,1.7853298350107671,0.0,0.0,0.0,6.97,5.0,11.97,18.5,41.95,10.61,5.01
3152709,MG,Sudeste,1,faixa intermediária,58,0.7321270704269409,0.93228394,780.7221,0.9508196721311475,1.7634279935629373,0.0,0.0,0.0,1.86,1.64,11.85,30.63,25.59,19.54,8.89
3152907,MG,Sudeste,1,faixa intermediária,85,0.6413639783859253,0.7696629,774.5925,0.9550561797752809,1.9294189257142926,0.17977528,0.0,0.0,1.12,12.36,12.92,23.6,26.12,13.48,10.39
3153103,MG,Sudeste,1,faixa intermediária,25,0.6996889710426331,0.87999994,770.016,0.9259259259259259,1.3979400086720377,0.0,0.0,0.0,8.0,0.0,12.0,40.0,20.0,8.0,12.0
3153202,MG,Sudeste,1,faixa intermediária,22,0.808962345123291,0.54545456,748.98865,1.0,1.3424226808222062,0.0,0.0,0.0,4.55,22.73,27.27,27.27,13.64,4.55,0.0
3153301,MG,Sudeste,1,faixa intermediária,44,0.7574843764305115,0.7987675,762.44916,0.9361702127659575,1.6434526764861874,0.0,2.39,0.0,0.0,6.53,16.0,49.89,18.24,2.28,4.67
3153400,MG,Sudeste,1,faixa intermediária,152,0.773654580116272,0.78273034,767.9159,0.9047619047619048,2.1818435879447726,0.0,3.22,1.29,5.12,3.66,11.07,29.71,27.04,10.76,8.12
3153509,MG,Sudeste,1,faixa intermediária,80,0.5082020163536072,0.7872388,765.3499,0.8888888888888888,1.9030899869919435,0.0,0.0,2.58,3.79,7.47,13.41,26.52,32.45,9.94,3.83
3153608,MG,Sudeste,1,faixa intermediária,121,0.5108607411384583,0.63796383,752.4383,0.9603174603174603,2.0827853703164503,0.31002218,0.79,5.7,8.21,9.99,17.31,22.33,25.75,7.46,2.46
3153707,MG,Sudeste,1,faixa intermediária,19,0.42502227425575256,0.6357457,746.9198,0.76,1.2787536009528289,0.0,0.0,5.5,10.59,10.18,10.18,36.45,27.09,0.0,0.0
3153806,MG,Sudeste,1,faixa intermediária,20,0.6153846383094788,0.9499999,775.28296,0.9523809523809523,1.3010299956639813,0.0,0.0,0.0,0.0,5.0,0.0,45.0,40.0,10.0,0.0
3153905,MG,Sudeste,1,faixa intermediária,146,0.4839538037776947,0.6965684,757.95447,0.9299363057324841,2.164352855784437,0.0,0.67,3.49,6.18,8.38,16.39,31.4,21.14,8.18,4.15
3154002,MG,Sudeste,1,faixa intermediária,168,0.6561004519462585,0.8390969,768.00116,0.8936170212765957,2.225309281725863,0.34523234,0.0,0.0,5.46,7.79,7.51,33.01,34.86,6.27,5.1
3154101,MG,Sudeste,1,faixa intermediária,76,0.687222957611084,0.6099741,748.61456,0.8941176470588236,1.8808135922807914,0.15243474,2.56,5.12,6.6,18.33,11.64,23.22,21.38,9.73,1.41
3154150,MG,Sudeste,1,faixa intermediária,92,0.3944419324398041,0.8565525,765.7734,0.9292929292929293,1.9637878273455553,0.110887095,0.0,0.0,2.15,6.65,9.82,43.3,34.75,2.26,1.09
3154200,MG,Sudeste,1,faixa intermediária,84,0.5785296559333801,0.8211364,766.2619,0.9545454545454546,1.9242792860618816,0.0,0.0,1.25,2.5,3.5,14.16,37.95,31.25,8.25,1.14
3154309,MG,Sudeste,1,faixa intermediária,129,0.7153652310371399,0.61112124,745.55774,0.7818181818181819,2.110589710299249,0.0,3.27,3.72,11.12,8.32,21.35,25.6,20.95,4.38,1.29
3154408,MG,Sudeste,1,faixa intermediária,43,0.5558655261993408,0.82000005,768.1353,0.9555555555555556,1.6334684555795864,0.0,0.0,0.0,6.67,2.22,23.11,26.0,25.78,9.56,6.67
3154457,MG,Sudeste,1,faixa intermediária,89,0.6958163976669312,0.72813267,758.15314,0.9081632653061225,1.9493900066449128,0.0,0.0,3.44,6.76,6.81,16.9,27.8,31.6,5.58,1.11
3154507,MG,Sudeste,1,faixa intermediária,90,0.6754376292228699,0.7,760.673,1.0,1.954242509439325,0.0,3.33,1.11,2.22,13.33,12.22,23.33,28.89,15.56,0.0
3154705,MG,Sudeste,1,faixa intermediária,40,0.42815372347831726,0.8020908,759.5936,0.9523809523809523,1.6020599913279623,0.0,5.01,2.38,0.0,2.63,20.05,30.33,25.06,14.54,0.0
3154804,MG,Sudeste,1,faixa intermediária,111,0.40744033455848694,0.72891814,755.478,0.9024390243902439,2.0453229787866576,0.0,1.71,1.71,7.2,7.26,16.51,29.89,31.0,3.75,0.97
3154903,MG,Sudeste,1,faixa intermediária,116,0.5963199138641357,0.6277098,751.3427,0.928,2.0644579892269186,0.0,1.71,2.54,10.59,6.97,20.57,29.84,18.19,8.76,0.84
3155108,MG,Sudeste,1,faixa intermediária,55,0.5128946900367737,0.76198,762.81744,0.9649122807017544,1.7403626894942439,0.0,0.0,1.87,3.66,5.46,18.32,32.66,25.48,10.72,1.83
3155207,MG,Sudeste,1,faixa intermediária,30,0.8200000524520874,0.83870965,771.9023,0.967741935483871,1.4771212547196624,1.0,3.23,0.0,6.45,0.0,12.9,32.26,19.35,12.9,12.9
3155306,MG,Sudeste,1,faixa intermediária,49,0.7124095559120178,0.98042834,782.5894,0.9074074074074074,1.6901960800285136,0.0,0.0,0.0,0.0,1.95,4.24,29.27,45.15,13.39,5.99
3155405,MG,Sudeste,1,faixa intermediária,89,0.3903334140777588,0.65445733,762.5084,0.8640776699029126,1.9493900066449128,0.0,1.28,1.05,6.81,10.02,20.14,17.03,25.97,8.78,8.92
3155504,MG,Sudeste,1,faixa intermediária,193,0.786980390548706,0.6024037,751.4315,0.8693693693693694,2.285557309007774,0.0,2.68,6.43,7.51,14.15,12.88,20.3,20.81,10.94,4.29
3155603,MG,Sudeste,1,faixa intermediária,268,0.7424724102020264,0.8703524,774.82227,0.9640287769784173,2.428134794028789,0.19076413,0.0,1.11,1.83,3.31,11.58,32.05,29.49,15.94,4.69
3155702,MG,Sudeste,1,faixa intermediária,135,0.7924811840057373,0.79953235,767.0881,0.9574468085106383,2.130333768495006,0.19132651,0.0,0.75,5.23,7.33,10.36,33.36,27.57,13.16,2.24
3155801,MG,Sudeste,1,faixa intermediária,141,0.6530959606170654,0.7854241,766.3235,0.88125,2.1492191126553797,0.0,0.0,1.35,7.03,5.06,12.94,25.31,32.0,12.84,3.48
3155900,MG,Sudeste,1,faixa intermediária,34,0.7115941643714905,0.62034464,746.6819,0.9444444444444444,1.5314789170422551,0.0,2.78,3.09,0.0,11.73,29.32,38.58,11.42,3.09,0.0
3156007,MG,Sudeste,1,faixa intermediária,103,0.549124538898468,0.64524555,750.87463,0.8956521739130435,2.012837224705172,0.32140368,2.94,4.67,6.74,5.77,21.1,31.55,16.99,8.21,2.04
3156106,MG,Sudeste,1,faixa intermediária,34,0.642991304397583,0.81942946,767.63135,0.918918918918919,1.5314789170422551,0.0,0.0,0.0,0.0,0.0,29.84,38.21,17.12,11.97,2.85
3156205,MG,Sudeste,1,faixa intermediária,24,0.5654933452606201,0.5833333,748.66376,0.8275862068965517,1.380211241711606,0.0,0.0,4.17,12.5,16.67,12.5,25.0,20.83,4.17,4.17
3156304,MG,Sudeste,1,faixa intermediária,122,0.4473300278186798,0.8195442,769.7739,0.953125,2.0863598306747484,0.0,0.0,4.29,3.28,3.2,13.76,29.39,22.15,20.59,3.34
3156403,MG,Sudeste,1,faixa intermediária,37,0.5772894024848938,0.70734906,764.4159,0.9736842105263158,1.568201724066995,0.0,0.0,2.63,8.01,10.65,10.65,21.53,24.64,16.39,5.5
3156452,MG,Sudeste,1,faixa intermediária,23,0.5593208074569702,0.78182423,763.3098,0.7666666666666667,1.3617278360175928,0.0,0.0,4.44,13.13,0.0,8.48,25.86,30.3,13.33,4.44
3156502,MG,Sudeste,1,faixa intermediária,37,1.0,0.7684441,755.50555,0.9024390243902439,1.568201724066995,0.0,0.0,0.0,0.0,15.45,23.98,36.41,21.72,2.44,0.0
3156601,MG,Sudeste,1,faixa intermediária,61,0.867385745048523,0.6361471,747.0572,0.9104477611940298,1.7853298350107671,0.0,3.14,0.0,3.34,13.8,29.3,30.79,16.5,3.14,0.0
3156700,MG,Sudeste,1,faixa intermediária,1108,0.5714566111564636,0.7167752,756.1428,0.8710691823899371,3.044539760392411,0.0,1.21,2.69,6.82,6.35,18.69,31.84,23.57,7.15,1.68
3156809,MG,Sudeste,1,faixa intermediária,122,0.5131455659866333,0.7501153,759.7467,0.9384615384615385,2.0863598306747484,0.6230592,2.44,1.67,5.67,8.67,10.57,30.21,29.93,9.15,1.68
3156908,MG,Sudeste,1,faixa intermediária,323,0.6400923132896423,0.7964201,765.2613,0.8753387533875339,2.509202522331103,0.07311328,0.67,1.31,4.1,6.15,13.16,32.6,27.89,13.19,0.94
3157005,MG,Sudeste,1,faixa intermediária,392,0.7197763323783875,0.77167267,761.6342,0.9537712895377128,2.593286067020457,0.046254594,0.78,2.07,4.61,6.26,15.48,34.21,25.62,9.41,1.56
3157203,MG,Sudeste,1,faixa intermediária,311,0.69914311170578,0.66552514,750.7207,0.9093567251461988,2.4927603890268375,0.0,2.66,2.9,6.72,7.72,21.03,30.9,22.38,4.69,1.01
3157252,MG,Sudeste,1,faixa intermediária,95,0.6174963116645813,0.7043159,757.0196,0.8715596330275229,1.9777236052888478,0.0,0.0,5.1,9.9,7.44,9.28,31.95,19.24,14.94,2.16
3157278,MG,Sudeste,1,faixa intermediária,25,0.5199040770530701,0.67832166,746.87823,0.8333333333333334,1.3979400086720377,0.0,0.0,4.1,7.99,7.99,28.08,35.64,12.09,4.1,0.0
3157302,MG,Sudeste,1,faixa intermediária,45,0.505996823310852,0.9091699,777.158,0.9782608695652174,1.6532125137753437,0.0,0.0,2.3,2.17,2.3,8.95,26.6,31.07,19.82,6.78
3157377,MG,Sudeste,1,faixa intermediária,22,0.8336240649223328,0.72727275,751.50275,1.0,1.3424226808222062,0.0,0.0,0.0,13.64,4.55,22.73,40.91,9.09,9.09,0.0
3157401,MG,Sudeste,1,faixa intermediária,29,0.4617929458618164,0.7573484,748.7511,0.90625,1.462397997898956,0.3126954,3.12,6.56,3.82,3.82,23.89,37.95,13.89,6.94,0.0
3157500,MG,Sudeste,1,faixa intermediária,50,0.43338871002197266,0.7583333,761.1214,0.9259259259259259,1.6989700043360187,0.0,0.0,7.75,6.13,1.97,18.06,18.98,28.7,14.35,4.05
3157609,MG,Sudeste,1,faixa intermediária,40,0.3336654603481293,0.7250549,755.2944,0.975609756097561,1.6020599913279623,0.0,7.32,7.76,2.44,5.1,7.32,27.49,30.16,7.54,4.88
3157658,MG,Sudeste,1,faixa intermediária,64,0.6553564667701721,0.8815171,771.5288,0.7710843373493976,1.806179973983887,0.45755568,0.0,0.0,3.49,5.86,4.78,42.85,28.92,9.4,4.7
3157807,MG,Sudeste,1,faixa intermediária,2300,0.5188699960708618,0.7005598,756.5086,0.869894099848714,3.361727836017593,0.17619137,1.54,2.49,5.06,8.21,19.5,32.29,19.91,8.13,2.86
3157906,MG,Sudeste,1,faixa intermediária,170,0.7197643518447876,0.6093896,748.0827,0.8808290155440415,2.230448921378274,0.0,1.73,5.15,7.55,13.64,15.63,27.89,18.43,7.47,2.51
3158003,MG,Sudeste,1,faixa intermediária,103,0.5463589429855347,0.77791667,762.82416,0.8583333333333333,2.012837224705172,0.0,2.0,1.0,1.84,5.84,20.03,33.17,23.2,10.81,2.12
3158201,MG,Sudeste,1,faixa intermediária,118,0.7418293952941895,0.8349368,770.298,0.8939393939393939,2.0718820073061255,0.5829861,0.0,2.94,3.07,4.85,9.73,29.68,34.79,9.94,5.01
3158300,MG,Sudeste,1,faixa intermediária,58,0.6784079074859619,0.8788456,777.21814,0.9206349206349206,1.7634279935629373,0.428798,0.0,0.0,0.0,4.98,8.82,38.22,25.4,17.57,5.01
3158409,MG,Sudeste,1,faixa intermediária,23,0.8522727489471436,0.7328881,765.90375,0.9583333333333334,1.3617278360175928,0.0,0.0,0.0,0.0,22.57,8.68,21.88,34.37,8.33,4.17
3158508,MG,Sudeste,1,faixa intermediária,37,0.532067060470581,0.6447638,745.31195,0.9487179487179487,1.568201724066995,0.0,0.0,8.06,8.06,5.49,19.05,45.42,5.49,5.49,2.93
3158607,MG,Sudeste,1,faixa intermediária,36,0.5831787586212158,0.80093825,758.0201,0.7346938775510204,1.5563025007672873,0.0,6.08,0.0,9.95,3.88,0.0,42.94,27.43,9.73,0.0
3158706,MG,Sudeste,1,faixa intermediária,23,0.473214328289032,0.87263274,775.2669,0.8518518518518519,1.3617278360175928,0.0,0.0,0.0,4.71,4.01,8.73,22.87,34.9,24.78,0.0
3158904,MG,Sudeste,1,faixa intermediária,70,0.9058821797370911,0.7724454,761.33655,0.9459459459459459,1.845098040014257,0.0,0.0,0.0,7.33,6.9,12.73,35.49,33.36,4.2,0.0
3158953,MG,Sudeste,1,faixa intermediária,328,0.6978350877761841,0.6994835,755.1923,0.9318181818181818,2.515873843711679,0.0,1.91,3.39,8.58,7.07,17.39,28.17,22.44,7.0,4.05
3159001,MG,Sudeste,1,faixa intermediária,59,0.6089357137680054,0.8014141,772.88043,0.9076923076923077,1.7708520116421442,0.0,1.54,0.0,1.54,9.25,9.06,26.81,28.62,15.31,7.87
3159100,MG,Sudeste,1,faixa intermediária,18,0.613636314868927,0.94444454,776.76337,0.9,1.255272505103306,0.0,0.0,0.0,5.56,0.0,11.11,38.89,16.67,27.78,0.0
3159209,MG,Sudeste,1,faixa intermediária,66,0.8221884369850159,0.92493373,770.646,0.9705882352941176,1.8195439355418688,0.0,0.0,1.47,3.02,1.55,10.45,30.41,40.59,12.51,0.0
3159308,MG,Sudeste,1,faixa intermediária,54,0.4162479043006897,0.77691776,762.72644,0.9310344827586207,1.7323937598229686,0.0,0.0,0.0,3.74,7.38,18.68,35.06,22.32,11.02,1.82
3159407,MG,Sudeste,1,faixa intermediária,25,0.6538461446762085,0.88221073,778.5414,0.8620689655172413,1.3979400086720377,0.0,0.0,0.0,0.0,4.39,19.86,28.64,24.25,11.08,11.78
3159506,MG,Sudeste,1,faixa intermediária,44,0.8337646722793579,0.8718942,779.3708,0.7096774193548387,1.6434526764861874,0.0,0.0,1.61,0.0,6.36,9.58,29.04,29.46,11.17,12.78
3159605,MG,Sudeste,1,faixa intermediária,372,0.5899336338043213,0.7793098,763.6859,0.8899521531100478,2.5705429398818973,0.23414423,1.66,4.1,5.72,4.72,10.92,26.19,30.78,11.54,4.38
3159704,MG,Sudeste,1,faixa intermediária,48,0.7297391295433044,0.79866713,770.847,0.8421052631578947,1.6812412373755872,0.0,0.0,2.92,2.11,2.11,12.98,38.71,23.98,11.23,5.96
3159803,MG,Sudeste,1,faixa intermediária,252,0.6977375149726868,0.6290732,752.7358,0.9264705882352942,2.401400540781544,0.25054184,2.01,4.93,6.54,8.65,19.68,25.56,20.5,9.08,3.06
3159902,MG,Sudeste,1,faixa intermediária,161,0.8375161290168762,0.80304074,765.9959,0.9252873563218391,2.2068258760318495,0.0,0.66,0.74,4.5,5.23,14.34,35.11,25.35,11.64,2.43
3160108,MG,Sudeste,1,faixa intermediária,52,0.8271453976631165,0.9430437,780.1932,0.9454545454545454,1.7160033436347992,0.0,0.0,0.0,1.94,0.0,5.58,25.61,53.47,11.59,1.82
3160306,MG,Sudeste,1,faixa intermediária,101,0.629543125629425,0.65684766,749.41364,0.8632478632478633,2.0043213737826426,0.0,1.94,1.08,8.29,8.78,19.09,43.01,13.29,3.54,0.98
3160405,MG,Sudeste,1,faixa intermediária,284,0.8237437605857849,0.8134315,771.81805,0.9692832764505119,2.4533183400470375,0.0,0.0,1.08,4.29,4.63,12.59,28.61,29.89,12.61,6.3
3160454,MG,Sudeste,1,faixa intermediária,59,0.7810575366020203,0.6571048,755.09705,0.9833333333333333,1.7708520116421442,0.0,3.61,5.28,1.81,6.81,23.47,21.67,24.03,10.0,3.33
3160504,MG,Sudeste,1,faixa intermediária,12,0.6000000238418579,0.9166667,761.655,1.0,1.0791812460476249,0.0,8.33,0.0,0.0,0.0,8.33,50.0,25.0,8.33,0.0
3160603,MG,Sudeste,1,faixa intermediária,15,0.5882353186607361,0.93333334,770.8747,1.0,1.1760912590556813,0.0,0.0,0.0,0.0,6.67,6.67,46.67,26.67,13.33,0.0
3160702,MG,Sudeste,1,faixa intermediária,306,0.5693612098693848,0.72656274,757.1645,0.9415384615384615,2.48572142648158,0.72954524,0.65,3.39,8.75,5.24,14.85,32.51,22.88,9.7,2.03
3160801,MG,Sudeste,1,faixa intermediária,60,0.5822795629501343,0.76666665,751.7395,1.0,1.7781512503836436,0.0,1.67,3.33,5.0,3.33,20.0,46.67,18.33,1.67,0.0
3160900,MG,Sudeste,1,faixa intermediária,43,0.683688759803772,0.81316537,767.2585,0.9347826086956522,1.6334684555795864,0.0,0.0,0.0,0.0,4.74,13.95,41.84,30.36,9.11,0.0
3161007,MG,Sudeste,1,faixa intermediária,121,0.6905139088630676,0.84268725,776.05634,0.9236641221374046,2.0827853703164503,0.0,0.0,0.84,2.44,4.13,10.77,28.44,30.32,14.76,8.31
3161056,MG,Sudeste,1,faixa intermediária,33,0.6808921694755554,0.6709177,749.2604,0.825,1.5185139398778875,0.0,0.0,6.5,7.73,0.0,24.14,32.23,26.68,2.73,0.0
3161106,MG,Sudeste,1,faixa intermediária,612,0.4597058594226837,0.6146501,747.5698,0.9315068493150684,2.7867514221455614,0.40790376,3.07,3.31,7.47,10.59,19.71,30.52,17.55,5.57,2.21
3161205,MG,Sudeste,1,faixa intermediária,64,0.7866753339767456,0.90719646,777.22705,0.8888888888888888,1.806179973983887,0.0,0.0,0.0,1.52,1.54,12.53,34.22,31.31,14.0,4.89
3161304,MG,Sudeste,1,faixa intermediária,67,0.7654655575752258,0.7354697,760.22925,0.8701298701298701,1.8260748027008264,0.0,0.0,0.0,3.78,16.21,11.29,37.09,18.08,10.83,2.72
3161403,MG,Sudeste,1,faixa intermediária,46,0.5941299796104431,0.7858861,760.63727,0.92,1.662757831681574,0.0,2.12,0.0,2.12,12.91,12.91,36.77,26.3,4.57,2.29
3161502,MG,Sudeste,1,faixa intermediária,106,0.7938829660415649,0.8764433,773.0521,0.9636363636363636,2.0253058652647704,0.35439593,0.0,0.99,5.68,1.88,8.63,34.73,34.07,7.45,6.57
3161601,MG,Sudeste,1,faixa intermediária,30,0.6923030018806458,0.7,746.9967,1.0,1.4771212547196624,0.0,6.67,3.33,6.67,10.0,13.33,33.33,16.67,6.67,3.33
3161650,MG,Sudeste,1,faixa intermediária,38,0.7116098403930664,0.76323676,770.04364,0.95,1.5797835966168101,0.0,0.0,0.0,2.5,10.29,13.68,28.97,26.47,7.79,10.29
3161700,MG,Sudeste,1,faixa intermediária,58,0.8899832963943481,0.82955664,768.38116,0.9508196721311475,1.7634279935629373,0.0,0.0,1.71,5.06,6.93,10.27,38.06,17.27,13.85,6.85
3161809,MG,Sudeste,1,faixa intermediária,95,0.611152172088623,0.78811187,769.94543,0.95,1.9777236052888478,0.0,1.06,1.09,4.28,7.57,11.36,26.48,28.17,14.81,5.19
3161908,MG,Sudeste,1,faixa intermediária,164,0.8053382635116577,0.91600615,780.90436,0.9704142011834319,2.214843848047698,0.0,0.0,0.0,0.59,3.6,8.49,28.59,37.96,13.31,7.46
3162005,MG,Sudeste,1,faixa intermediária,239,0.7596121430397034,0.7629262,759.15826,0.9122137404580153,2.3783979009481375,0.09533244,2.01,2.02,6.8,6.23,13.91,31.15,26.74,9.06,2.08
3162104,MG,Sudeste,1,faixa intermediária,528,0.5397992134094238,0.75311625,760.1079,0.8814691151919867,2.722633922533812,0.058371022,1.75,3.44,3.7,7.04,13.94,30.98,27.89,8.77,2.48
3162203,MG,Sudeste,1,faixa intermediária,88,0.8242695331573486,0.84256524,777.13074,0.9263157894736842,1.9444826721501687,0.0,1.09,1.1,3.48,1.09,11.17,29.61,25.4,17.0,10.05
3162252,MG,Sudeste,1,faixa intermediária,51,0.49972835183143616,0.7783019,759.2543,0.9622641509433962,1.7075701760979363,0.0,0.0,4.25,10.38,1.89,19.81,23.11,23.58,15.09,1.89
3162302,MG,Sudeste,1,faixa intermediária,25,0.7813008427619934,0.72,748.5764,1.0,1.3979400086720377,0.0,0.0,12.0,8.0,4.0,8.0,40.0,28.0,0.0,0.0
3162401,MG,Sudeste,1,faixa intermediária,177,0.6561563611030579,0.6351614,750.86957,0.9567567567567568,2.247973266361807,0.0,1.65,3.32,10.63,7.47,17.9,30.89,19.12,7.86,1.16
3162500,MG,Sudeste,1,faixa intermediária,708,0.6088990569114685,0.772816,763.81165,0.927916120576671,2.850033257689769,0.47182152,0.67,3.4,3.97,7.68,13.09,29.7,26.13,10.82,4.54
3162559,MG,Sudeste,1,faixa intermediária,152,0.7673021554946899,0.7171932,754.9325,0.95,2.1818435879447726,0.0,1.31,2.62,5.4,8.38,20.4,33.63,22.31,4.6,1.36
3162575,MG,Sudeste,1,faixa intermediária,59,0.7989087700843811,0.7164839,763.2971,0.9672131147540983,1.7708520116421442,0.0,0.0,1.81,10.7,7.08,13.81,21.66,28.39,11.65,4.92
3162609,MG,Sudeste,1,faixa intermediária,76,0.8342411518096924,0.6767127,756.9572,0.9620253164556962,1.8808135922807914,0.0,0.0,2.65,8.29,11.97,15.88,27.27,15.88,15.3,2.76
3162658,MG,Sudeste,1,faixa intermediária,22,0.7417739629745483,0.8640192,761.9887,0.88,1.3424226808222062,0.0,0.0,0.0,9.07,0.0,9.07,45.52,27.28,9.07,0.0
3162708,MG,Sudeste,1,faixa intermediária,213,0.704671323299408,0.8733016,774.11145,0.9141630901287554,2.3283796034387376,0.0,0.86,1.52,1.85,2.34,8.54,33.91,33.11,13.9,3.98
3162807,MG,Sudeste,1,faixa intermediária,151,0.92576003074646,0.70250833,754.9908,0.8830409356725146,2.1789769472931693,0.0,0.63,4.68,7.27,10.87,12.95,30.26,23.67,8.81,0.85
3162906,MG,Sudeste,1,faixa intermediária,205,0.6854622960090637,0.6981766,754.784,0.8836206896551724,2.311753861055754,0.0,2.44,3.93,4.86,10.17,17.83,26.86,22.68,7.77,3.47
3162922,MG,Sudeste,1,faixa intermediária,427,0.4818824827671051,0.8213128,769.20807,0.8714285714285714,2.630427875025024,0.0,0.44,0.89,2.08,5.49,13.79,32.73,27.75,15.21,1.63
3162948,MG,Sudeste,1,faixa intermediária,91,0.8560997247695923,0.75230557,762.02454,0.7913043478260869,1.9590413923210936,0.0,0.0,2.92,5.85,8.01,10.73,35.88,24.88,7.82,3.92
3162955,MG,Sudeste,1,faixa intermediária,328,0.6241289973258972,0.75093424,760.2484,0.9507246376811594,2.515873843711679,0.0,1.26,4.08,3.96,8.61,11.31,34.06,23.68,10.69,2.36
3163003,MG,Sudeste,1,faixa intermediária,26,0.7251743674278259,0.52705884,748.3407,0.7647058823529411,1.414973347970818,0.0,0.0,4.55,9.09,12.42,27.88,11.21,26.97,7.88,0.0
3163102,MG,Sudeste,1,faixa intermediária,46,0.5514142513275146,0.8268839,765.6173,0.9387755102040817,1.662757831681574,0.0,0.0,0.0,4.36,0.0,21.56,45.59,13.3,12.96,2.24
3163201,MG,Sudeste,1,faixa intermediária,50,0.7735758423805237,0.86265457,771.744,0.9259259259259259,1.6989700043360187,0.0,2.05,2.05,1.85,0.0,7.8,38.4,31.8,5.95,10.11
3163300,MG,Sudeste,1,faixa intermediária,42,0.585028886795044,0.64090914,756.2434,0.9545454545454546,1.6232492903979006,0.4090909,0.0,2.27,7.27,14.09,15.0,32.73,14.55,11.36,2.73
3163508,MG,Sudeste,1,faixa intermediária,55,0.5526787638664246,0.81449634,769.7586,0.9649122807017544,1.7403626894942439,0.0,0.0,0.0,3.51,3.51,15.29,35.34,27.32,8.02,7.02
3163607,MG,Sudeste,1,faixa intermediária,30,0.4773809313774109,0.87139827,767.3534,0.9090909090909091,1.4771212547196624,0.0,0.0,0.0,6.42,6.42,3.21,37.02,33.53,10.2,3.21
3163706,MG,Sudeste,1,faixa intermediária,367,0.6443494558334351,0.85368085,770.39734,0.9106699751861043,2.5646660642520893,0.0,0.82,1.33,2.76,2.7,13.71,30.65,30.82,13.61,3.61
3163805,MG,Sudeste,1,faixa intermediária,68,0.7486604452133179,0.7802547,760.90985,0.9855072463768116,1.8325089127062364,0.0,2.9,2.9,4.43,2.98,19.0,19.16,36.88,11.76,0.0
3164001,MG,Sudeste,1,faixa intermediária,77,0.8144897222518921,0.6833812,752.8153,0.9625,1.8864907251724818,0.0,2.5,7.57,7.5,5.0,14.23,27.3,20.94,10.98,3.97
3164100,MG,Sudeste,1,faixa intermediária,43,0.6125526428222656,0.8828338,771.17755,0.9772727272727273,1.6334684555795864,0.3188011,0.0,0.0,4.72,2.27,6.99,30.77,48.25,6.99,0.0
3164209,MG,Sudeste,1,faixa intermediária,86,0.5094075798988342,0.7776106,761.4242,0.9247311827956989,1.9344984512435677,0.0,1.08,2.15,4.91,7.0,14.95,30.28,26.91,10.59,2.15
3164308,MG,Sudeste,1,faixa intermediária,40,0.7116232514381409,0.7702729,758.64746,0.7843137254901961,1.6020599913279623,0.0,0.0,0.0,7.84,10.29,9.86,39.65,22.22,10.13,0.0
3164407,MG,Sudeste,1,faixa intermediária,75,0.6696861982345581,0.9091817,776.06256,0.9375,1.8750612633917,0.0,0.0,0.0,0.0,1.25,10.54,38.98,30.44,13.29,5.5
3164431,MG,Sudeste,1,faixa intermediária,26,0.5337697863578796,0.93096304,780.6893,0.896551724137931,1.414973347970818,0.0,0.0,0.0,3.45,3.45,6.9,26.96,37.62,14.73,6.9
3164472,MG,Sudeste,1,faixa intermediária,73,0.5818848609924316,0.8131407,766.3036,0.9012345679012346,1.863322860120456,0.0,0.0,1.5,4.63,6.73,8.47,38.24,28.54,9.07,2.82
3164506,MG,Sudeste,1,faixa intermediária,43,0.6624150276184082,0.8162867,768.26855,0.9347826086956522,1.6334684555795864,1.0,0.0,0.0,4.67,4.67,13.59,28.0,39.74,7.07,2.26
3164605,MG,Sudeste,1,faixa intermediária,130,0.7149851322174072,0.7646978,762.3115,0.8904109589041096,2.113943352306837,0.0,0.0,1.48,2.48,10.44,13.64,35.34,26.06,9.04,1.52
3164704,MG,Sudeste,1,faixa intermediária,668,0.6548401713371277,0.81086254,769.8552,0.9329608938547486,2.824776462475546,0.0,0.29,1.86,3.03,6.8,12.03,29.49,26.21,15.41,4.87
3164803,MG,Sudeste,1,faixa intermediária,9,0.6666666269302368,1.0,781.3011,0.8181818181818182,0.9542425094393249,0.0,0.0,0.0,0.0,0.0,0.0,22.22,66.67,11.11,0.0
3164902,MG,Sudeste,1,faixa intermediária,23,0.6842105388641357,0.91304356,776.8535,0.9583333333333334,1.3617278360175928,0.0,0.0,0.0,0.0,0.0,17.39,21.74,47.83,13.04,0.0
3165107,MG,Sudeste,1,faixa intermediária,84,0.6813201308250427,0.82089555,769.7681,0.9655172413793104,1.9242792860618816,0.0,0.0,0.0,9.53,4.82,9.52,25.03,32.09,15.44,3.56
3165206,MG,Sudeste,1,faixa intermediária,71,0.8742291331291199,0.8974554,772.2239,0.8987341772151899,1.8512583487190752,0.12659831,0.0,0.0,0.0,4.67,17.43,33.36,32.24,6.92,5.37
3165305,MG,Sudeste,1,faixa intermediária,71,0.6009585857391357,0.81636274,768.0206,0.8987341772151899,1.8512583487190752,0.0,0.0,1.47,5.6,5.62,8.48,35.12,25.23,14.14,4.34
3165404,MG,Sudeste,1,faixa intermediária,69,0.5293307304382324,0.7508107,758.71216,0.8625,1.8388490907372552,0.0,0.0,0.0,6.08,6.69,19.35,35.55,25.57,5.31,1.45
3165503,MG,Sudeste,1,faixa intermediária,60,0.4580219089984894,0.8512056,776.6933,0.9523809523809523,1.7781512503836436,0.0,0.0,0.0,1.59,11.71,4.96,27.28,31.45,14.68,8.33
3165537,MG,Sudeste,1,faixa intermediária,475,0.8005639314651489,0.82385844,767.5589,0.9047619047619048,2.6766936096248664,0.0,0.43,1.13,3.9,4.36,13.45,33.1,30.27,10.3,3.07
3165552,MG,Sudeste,1,faixa intermediária,122,0.4232303202152252,0.6857143,756.5004,0.9682539682539683,2.0863598306747484,0.9206349,2.38,3.68,9.11,6.48,15.71,28.67,20.35,7.94,5.68
3165560,MG,Sudeste,1,faixa intermediária,13,0.7647059559822083,0.84615386,772.7123,1.0,1.1139433523068367,0.0,0.0,0.0,7.69,7.69,7.69,30.77,23.08,15.38,7.69
3165578,MG,Sudeste,1,faixa intermediária,116,0.5089415311813354,0.6377753,749.0152,0.8656716417910447,2.0644579892269186,0.6042553,1.87,0.86,12.49,14.0,12.26,29.04,22.76,3.34,3.39
3165602,MG,Sudeste,1,faixa intermediária,22,0.42105260491371155,0.8181818,765.5732,0.9166666666666666,1.3424226808222062,0.0,0.0,4.55,4.55,0.0,13.64,40.91,22.73,13.64,0.0
3165701,MG,Sudeste,1,faixa intermediária,85,0.6633917093276978,0.9179261,779.9685,0.9883720930232558,1.9294189257142926,0.0,0.0,1.23,1.16,3.49,5.81,27.09,38.92,14.02,8.28
3165800,MG,Sudeste,1,faixa intermediária,10,0.3571428656578064,0.7,766.68097,0.6666666666666666,1.0,0.0,0.0,10.0,0.0,10.0,10.0,20.0,20.0,20.0,10.0
3165909,MG,Sudeste,1,faixa intermediária,32,0.7540792226791382,0.9035194,773.5773,0.9696969696969697,1.505149978319906,0.0,0.0,0.0,0.0,0.0,22.16,37.69,18.56,15.34,6.25
3166006,MG,Sudeste,1,faixa intermediária,51,0.7929413914680481,0.8641262,780.78723,0.9807692307692307,1.7075701760979363,0.0,0.0,0.0,1.92,3.97,13.46,19.59,31.37,19.83,9.86
3166204,MG,Sudeste,1,faixa intermediária,83,0.9711669683456421,0.8049354,768.5833,0.9764705882352941,1.919078092376074,0.28202116,1.23,1.23,3.64,3.64,12.15,26.29,39.72,7.11,4.99
3166303,MG,Sudeste,1,faixa intermediária,65,0.6854854822158813,0.84843886,771.32745,0.9848484848484849,1.8129133566428555,0.0,3.03,1.52,3.03,3.03,9.2,27.38,29.44,17.21,6.17
3166402,MG,Sudeste,1,faixa intermediária,20,0.6399999856948853,0.75,753.3985,0.9090909090909091,1.3010299956639813,0.0,5.0,0.0,5.0,10.0,15.0,35.0,20.0,5.0,5.0
3166501,MG,Sudeste,1,faixa intermediária,30,0.5499557852745056,0.7355877,759.2518,0.967741935483871,1.4771212547196624,1.0,3.23,0.0,3.44,3.23,20.0,40.22,16.34,10.11,3.44
3166709,MG,Sudeste,1,faixa intermediária,84,0.5813528299331665,0.6582633,746.8699,0.84,1.9242792860618816,0.0,1.0,9.5,9.75,7.19,12.94,30.56,24.33,3.72,1.0
3166808,MG,Sudeste,1,faixa intermediária,162,0.5987964272499084,0.7290033,762.5203,0.8350515463917526,2.2095150145426308,0.0,4.33,1.86,4.52,8.08,11.41,24.99,25.29,14.78,4.73
3166907,MG,Sudeste,1,faixa intermediária,77,0.6380875706672668,0.8090471,768.5068,0.9506172839506173,1.8864907251724818,0.0,1.41,0.0,4.26,2.84,18.38,22.07,35.68,12.71,2.65
3167004,MG,Sudeste,1,faixa intermediária,26,0.38461539149284363,0.8211091,777.0201,0.9285714285714286,1.414973347970818,0.0,0.0,7.14,0.0,3.57,7.14,18.96,39.01,11.81,12.36
3167103,MG,Sudeste,1,faixa intermediária,149,0.6684771180152893,0.66480786,753.7113,0.9141104294478528,2.173186268412274,1.0,1.26,2.08,4.81,6.78,26.63,33.09,17.49,5.96,1.9
3167202,MG,Sudeste,1,faixa intermediária,1673,0.575815737247467,0.7121927,756.3116,0.911716621253406,3.2234959409623944,0.52068806,1.6,3.54,6.31,6.3,17.6,32.16,21.59,8.09,2.81
3167301,MG,Sudeste,1,faixa intermediária,22,0.9166666865348816,0.8636364,779.2532,1.0,1.3424226808222062,0.0,0.0,0.0,4.55,9.09,4.55,13.64,50.0,9.09,9.09
3167400,MG,Sudeste,1,faixa intermediária,65,0.5404857993125916,0.8791163,772.77545,0.9154929577464789,1.8129133566428555,0.0,0.0,0.0,3.17,3.29,11.5,36.15,25.82,14.44,5.63
3167608,MG,Sudeste,1,faixa intermediária,205,0.7419882416725159,0.72426456,755.6478,0.8367346938775511,2.311753861055754,0.33922234,0.0,2.62,6.34,10.62,17.65,30.0,26.66,4.72,1.4
3167707,MG,Sudeste,1,faixa intermediária,40,0.665422797203064,0.7590387,756.82794,0.851063829787234,1.6020599913279623,0.0,0.0,8.16,2.72,8.16,15.12,30.64,25.93,6.96,2.32
3167806,MG,Sudeste,1,faixa intermediária,63,0.7311833500862122,0.88352185,772.6755,0.9130434782608695,1.7993405494535817,0.0,1.67,0.0,1.67,3.33,9.75,38.17,30.89,9.54,4.98
3167905,MG,Sudeste,1,faixa intermediária,44,0.8053092360496521,0.74425405,756.42413,0.9166666666666666,1.6434526764861874,0.0,2.38,0.0,9.11,4.76,22.98,29.71,22.36,2.17,6.52
3168002,MG,Sudeste,1,faixa intermediária,380,0.6619008779525757,0.85523057,775.4476,0.9595959595959596,2.57978359661681,0.06056473,0.28,0.81,2.12,3.19,13.26,28.27,28.62,16.64,6.81
3168051,MG,Sudeste,1,faixa intermediária,25,0.44117650389671326,0.8,762.90643,1.0,1.3979400086720377,0.0,4.0,0.0,0.0,4.0,12.0,40.0,32.0,8.0,0.0
3168101,MG,Sudeste,1,faixa intermediária,64,0.5609673857688904,0.7968,757.98456,0.8533333333333334,1.806179973983887,0.0,4.67,3.5,1.6,2.76,16.59,34.53,29.22,7.12,0.0
3168309,MG,Sudeste,1,faixa intermediária,53,0.6607094407081604,0.94392526,783.73315,0.8548387096774194,1.724275869600789,0.0,0.0,0.0,0.0,0.0,9.22,28.32,36.24,17.36,8.86
3168408,MG,Sudeste,1,faixa intermediária,96,0.5044456124305725,0.76052064,766.09674,0.9411764705882353,1.9822712330395684,0.77500486,1.07,4.21,2.08,8.39,10.33,31.3,22.45,13.77,6.4
3168507,MG,Sudeste,1,faixa intermediária,88,0.6472805738449097,0.7111941,753.04785,0.967032967032967,1.9444826721501687,0.1863122,2.2,5.89,8.12,6.85,9.19,30.49,31.7,4.46,1.1
3168606,MG,Sudeste,1,faixa intermediária,1190,0.5252988338470459,0.6596631,752.79047,0.9056316590563166,3.0755469613925306,0.54862547,2.28,3.37,7.15,9.62,17.46,27.47,23.15,7.23,2.26
3168705,MG,Sudeste,1,faixa intermediária,655,0.6855648756027222,0.7871375,768.18646,0.9225352112676056,2.816241299991783,0.50692123,1.27,1.52,4.48,5.88,13.01,26.3,30.3,10.85,6.39
3168804,MG,Sudeste,1,faixa intermediária,63,0.6226304769515991,0.68336815,759.1962,0.875,1.7993405494535817,0.0,0.0,1.49,9.03,2.78,24.99,28.24,20.7,9.8,2.98
3168903,MG,Sudeste,1,faixa intermediária,62,0.5926201343536377,0.81774765,765.51953,0.9538461538461539,1.792391689498254,0.0,0.0,3.38,0.0,8.2,8.29,35.56,32.17,9.33,3.08
3169000,MG,Sudeste,1,faixa intermediária,152,0.583682656288147,0.7146085,756.75385,0.9047619047619048,2.1818435879447726,0.0,2.58,5.71,9.22,3.74,15.85,20.47,29.02,9.38,4.03
3169059,MG,Sudeste,1,faixa intermediária,16,0.784044623374939,0.9375,772.04065,1.0,1.2041199826559248,0.0,0.0,0.0,0.0,6.25,0.0,62.5,18.75,12.5,0.0
3169109,MG,Sudeste,1,faixa intermediária,109,0.6310843229293823,0.8919301,769.6352,0.9083333333333333,2.037426497940624,0.0,0.0,0.0,1.75,3.68,12.38,42.82,30.23,7.21,1.93
3169208,MG,Sudeste,1,faixa intermediária,67,0.5682138204574585,0.8054429,774.7183,0.9710144927536232,1.8260748027008264,0.0,0.0,2.95,6.02,2.95,11.98,13.43,32.78,22.41,7.47
3169307,MG,Sudeste,1,faixa intermediária,580,0.5068574547767639,0.7025332,755.1141,0.940032414910859,2.7634279935629373,0.0,3.09,3.29,7.34,7.39,15.78,25.1,24.68,10.4,2.93
3169356,MG,Sudeste,1,faixa intermediária,283,0.7029786109924316,0.8348307,770.5533,0.8955696202531646,2.45178643552429,0.13938627,0.33,1.47,2.45,8.42,7.62,31.34,31.29,13.38,3.7
3169406,MG,Sudeste,1,faixa intermediária,540,0.5832960605621338,0.81662923,769.3612,0.9407665505226481,2.7323937598229686,0.13593079,0.17,1.53,3.43,5.1,13.13,30.99,26.62,15.35,3.66
3169505,MG,Sudeste,1,faixa intermediária,51,0.45363518595695496,0.7458037,759.4655,0.8225806451612904,1.7075701760979363,0.0,0.0,0.0,1.68,6.57,30.47,38.07,15.48,7.72,0.0
3169703,MG,Sudeste,1,faixa intermediária,186,0.5439606308937073,0.82508117,770.22437,0.9441624365482234,2.2695129442179165,0.57335633,0.0,1.57,2.63,4.76,16.12,32.68,23.66,12.32,6.26
3169802,MG,Sudeste,1,faixa intermediária,70,0.6166666746139526,0.6730137,749.04596,0.958904109589041,1.845098040014257,0.0,7.17,4.34,10.05,7.01,8.3,26.05,22.61,13.02,1.45
3169901,MG,Sudeste,1,faixa intermediária,809,0.652389645576477,0.78832763,762.95685,0.88998899889989,2.9079485216122722,0.07361464,1.26,3.24,3.55,4.11,15.29,31.34,29.98,8.77,2.47
3170008,MG,Sudeste,1,faixa intermediária,94,0.6882025599479675,0.61568743,752.6258,0.9494949494949495,1.9731278535996986,0.20179692,0.0,2.14,9.52,10.85,22.47,27.5,19.09,5.34,3.09
3170057,MG,Sudeste,1,faixa intermediária,163,0.5924608111381531,0.69723845,755.72156,0.9644970414201184,2.2121876044039577,0.41440484,0.59,4.14,9.61,8.76,12.04,27.86,26.57,7.45,2.99
3170206,MG,Sudeste,1,faixa intermediária,5954,0.5243805646896362,0.64575696,750.621,0.8375298916865944,3.774808830310706,0.24013889,2.93,5.31,8.19,9.03,15.48,26.18,22.26,8.02,2.61
3170404,MG,Sudeste,1,faixa intermediária,764,0.5592496991157532,0.6721333,754.29803,0.8977673325499412,2.8830933585756897,0.5277657,1.49,3.66,7.68,11.03,14.9,26.43,23.71,8.45,2.65
3170438,MG,Sudeste,1,faixa intermediária,33,0.7225457429885864,0.72679645,754.3963,0.825,1.5185139398778875,0.0,5.83,3.1,0.0,3.1,18.21,33.33,30.24,3.1,3.1
3170479,MG,Sudeste,1,faixa intermediária,35,0.5425307154655457,0.8,772.44543,1.0,1.5440680443502757,0.0,0.0,0.0,8.57,5.71,11.43,20.0,25.71,22.86,5.71
3170503,MG,Sudeste,1,faixa intermediária,96,0.4748366177082062,0.8119829,764.5206,0.8727272727272727,1.9822712330395684,0.27211565,1.15,1.12,4.09,7.4,8.31,34.49,33.9,9.53,0.0
3170529,MG,Sudeste,1,faixa intermediária,95,0.5693454742431641,0.67147267,759.4236,0.979381443298969,1.9777236052888478,0.0,0.0,3.19,5.25,10.61,19.0,26.27,19.88,10.5,5.3
3170578,MG,Sudeste,1,faixa intermediária,60,0.8274231553077698,0.834375,771.2102,0.9375,1.7781512503836436,0.0,0.0,0.0,6.25,6.87,8.75,25.0,31.87,13.12,8.12
3170602,MG,Sudeste,1,faixa intermediária,13,0.5882352590560913,0.69230765,755.56995,0.9285714285714286,1.1139433523068367,0.0,0.0,0.0,0.0,23.08,23.08,30.77,15.38,7.69,0.0
3170651,MG,Sudeste,1,faixa intermediária,49,0.6164367198944092,0.89889884,771.1789,0.98,1.6901960800285136,0.0,2.0,4.11,0.0,0.0,8.11,36.63,34.84,10.32,4.0
3170701,MG,Sudeste,1,faixa intermediária,1027,0.5067538022994995,0.71534,757.55286,0.8876404494382022,3.0115704435972783,0.0,1.85,3.52,5.09,7.64,15.59,33.59,21.41,7.56,3.74
3170750,MG,Sudeste,1,faixa intermediária,105,0.5721912384033203,0.93282354,779.0698,0.9545454545454546,2.0211892990699383,0.0,0.0,0.0,0.0,1.93,10.52,30.43,40.15,11.27,5.71
3170800,MG,Sudeste,1,faixa intermediária,302,0.6171119213104248,0.7033543,758.1936,0.9320987654320988,2.4800069429571505,0.0,2.68,3.44,7.71,7.33,13.38,28.17,20.07,11.64,5.58
3170909,MG,Sudeste,1,faixa intermediária,173,0.5223402976989746,0.6932149,759.28625,0.9153439153439153,2.2380461031287955,0.4449733,1.23,2.33,9.46,6.8,14.35,26.26,23.91,12.78,2.88
3171006,MG,Sudeste,1,faixa intermediária,174,0.4856216013431549,0.65281117,750.8968,0.9109947643979057,2.2405492482826,0.481625,2.86,3.45,8.69,9.87,17.38,28.06,19.38,8.04,2.27
3171071,MG,Sudeste,1,faixa intermediária,65,0.6213406324386597,0.7702484,767.1075,0.9558823529411765,1.8129133566428555,0.0,0.0,0.0,4.51,6.07,15.53,30.82,26.1,15.42,1.56
3171105,MG,Sudeste,1,faixa intermediária,34,0.9775840044021606,0.7710084,768.2185,0.8947368421052632,1.5314789170422551,0.0,0.0,2.63,0.0,8.51,14.4,27.4,27.4,13.78,5.88
3171154,MG,Sudeste,1,faixa intermediária,44,0.7354636788368225,0.8181818,771.53046,1.0,1.6434526764861874,0.0,0.0,0.0,6.82,0.0,18.18,20.45,38.64,13.64,2.27
3171204,MG,Sudeste,1,faixa intermediária,1460,0.5497493147850037,0.7076606,756.1304,0.8995686999383857,3.164352855784437,0.017289149,1.62,3.21,5.64,7.49,18.11,30.81,22.73,8.44,1.94
3171303,MG,Sudeste,1,faixa intermediária,534,0.6184952259063721,0.7821192,762.247,0.919104991394148,2.727541257028556,0.3647239,0.92,1.68,4.55,5.8,14.59,31.48,32.14,6.79,2.04
3171402,MG,Sudeste,1,faixa intermediária,36,0.5044444799423218,0.7461977,761.63617,0.8571428571428571,1.5563025007672873,0.0,0.0,3.33,13.59,0.0,8.46,31.28,24.62,18.72,0.0
3171501,MG,Sudeste,1,faixa intermediária,43,0.5156137943267822,0.6761282,751.6202,0.8775510204081632,1.6334684555795864,0.0,0.0,0.0,4.66,13.97,23.28,41.5,14.17,2.43,0.0
3171600,MG,Sudeste,1,faixa intermediária,73,0.4918283224105835,0.8511822,771.05365,0.9240506329113924,1.863322860120456,0.0,0.0,0.0,2.69,2.68,19.28,30.49,28.5,13.7,2.66
3171709,MG,Sudeste,1,faixa intermediária,84,0.5793665647506714,0.7466958,761.5857,0.8,1.9242792860618816,0.0,0.0,1.23,7.08,6.81,15.12,31.61,23.71,14.44,0.0
3171808,MG,Sudeste,1,faixa intermediária,124,0.44129297137260437,0.6561092,753.7556,0.9323308270676691,2.093421685162235,0.0,0.0,2.36,1.54,14.49,23.55,35.13,16.45,5.65,0.82
3171907,MG,Sudeste,1,faixa intermediária,31,0.872806966304779,0.7096774,750.9571,1.0,1.4913616938342726,0.0,0.0,3.23,16.13,6.45,12.9,38.71,12.9,3.23,6.45
3172004,MG,Sudeste,1,faixa intermediária,362,0.5957303643226624,0.74797416,760.3716,0.9526315789473684,2.558708570533166,0.721085,1.14,2.57,5.16,7.63,15.41,33.01,20.84,8.91,5.33
3172103,MG,Sudeste,1,faixa intermediária,38,0.5077399015426636,0.7629301,756.3798,0.8444444444444444,1.5797835966168101,0.0,0.0,2.61,10.55,2.61,18.43,28.98,31.53,5.29,0.0
3172202,MG,Sudeste,1,faixa intermediária,25,0.48659396171569824,0.70344824,749.4025,0.8620689655172413,1.3979400086720377,0.0,8.28,4.83,8.28,0.0,16.55,16.55,33.79,11.72,0.0
3200169,ES,Sudeste,1,faixa intermediária,152,0.7735224366188049,0.81686497,766.87714,0.9382716049382716,2.1818435879447726,0.0,1.26,1.27,1.26,7.78,11.48,27.45,40.82,7.26,1.42
3200201,ES,Sudeste,1,faixa intermediária,259,0.7104417681694031,0.8631153,773.03394,0.9522058823529411,2.413299764081252,0.26076412,0.38,1.12,1.56,4.06,11.4,29.75,33.62,15.53,2.57
3200300,ES,Sudeste,1,faixa intermediária,102,0.7450911402702332,0.87547755,775.8099,0.9272727272727272,2.0086001717619175,0.0,1.04,1.92,1.82,3.78,8.67,24.68,38.59,13.74,5.75
3200359,ES,Sudeste,1,faixa intermediária,92,0.6464764475822449,0.83478993,774.1729,0.968421052631579,1.9637878273455553,0.0,0.0,0.0,2.34,8.92,9.71,29.42,30.26,8.71,10.64
3200409,ES,Sudeste,1,faixa intermediária,385,0.8181922435760498,0.88409233,772.79016,0.9210526315789473,2.5854607295085006,0.0,0.72,1.3,1.78,5.14,7.6,31.94,36.67,10.69,4.16
3200508,ES,Sudeste,1,faixa intermediária,70,0.5840486288070679,0.6287819,749.30023,0.9210526315789473,1.845098040014257,0.0,2.82,4.18,9.8,10.29,15.66,22.57,22.9,10.29,1.48
3200607,ES,Sudeste,1,faixa intermediária,1243,0.7090538740158081,0.7435446,758.7495,0.8821859474804826,3.094471128641645,0.0,1.41,2.41,5.15,7.99,15.05,31.15,27.32,8.06,1.47
3200706,ES,Sudeste,1,faixa intermediária,113,0.7458792924880981,0.77497977,763.0003,0.9112903225806451,2.0530784434834195,0.0,0.98,0.0,3.66,9.03,15.82,30.21,26.29,11.46,2.56
3200805,ES,Sudeste,1,faixa intermediária,275,0.6882925629615784,0.74609005,758.46674,0.8870967741935484,2.439332693830263,0.0,3.39,1.42,5.58,7.83,12.58,29.64,27.85,9.47,2.24
3200904,ES,Sudeste,1,faixa intermediária,469,0.7852901220321655,0.87096775,773.93115,0.9305555555555556,2.6711728427150834,0.02380669,0.0,0.44,1.88,4.01,10.53,31.66,36.84,11.28,3.37
3201001,ES,Sudeste,1,faixa intermediária,195,0.7637507319450378,0.85444766,773.79126,0.9701492537313433,2.290034611362518,0.10453482,0.0,1.02,1.1,9.4,6.6,31.36,31.12,14.82,4.58
3201100,ES,Sudeste,1,faixa intermediária,108,0.6714134812355042,0.67339134,750.5566,0.8780487804878049,2.03342375548695,0.0,2.71,4.63,4.45,8.21,18.49,32.06,24.19,3.62,1.63
3201159,ES,Sudeste,1,faixa intermediária,218,0.727525532245636,0.88848156,777.10864,0.9083333333333333,2.3384564936046046,0.27969176,0.44,0.41,1.24,6.68,6.98,27.38,35.56,16.21,5.09
3201209,ES,Sudeste,1,faixa intermediária,1808,0.6474675536155701,0.7169277,756.69775,0.8986083499005965,3.2571984261393445,0.0,1.59,3.28,6.26,7.51,15.88,29.56,26.61,7.1,2.22
3201308,ES,Sudeste,1,faixa intermediária,4438,0.5719486474990845,0.64632374,748.81476,0.8743104806934594,3.6471872978959894,0.0,2.57,4.63,7.99,10.78,15.37,28.76,23.08,5.61,1.21
3201407,ES,Sudeste,1,faixa intermediária,303,0.7221425175666809,0.82690257,770.9673,0.9237804878048781,2.481442628502305,0.0,0.66,1.0,3.1,4.93,11.05,28.71,34.84,11.83,3.89
3201506,ES,Sudeste,1,faixa intermediária,1112,0.7465364933013916,0.78244996,765.14075,0.9129720853858785,3.0461047872460387,0.057480127,1.07,1.85,4.47,7.28,10.87,29.66,30.5,11.0,3.3
3201605,ES,Sudeste,1,faixa intermediária,396,0.7431080937385559,0.6791041,757.68896,0.9383886255924171,2.597695185925512,0.0260429,0.52,2.81,5.02,11.83,15.7,30.7,23.76,6.59,3.07
3201704,ES,Sudeste,1,faixa intermediária,152,0.7745532393455505,0.84188175,771.45654,0.9934640522875817,2.1818435879447726,0.0,2.61,1.31,4.58,4.67,4.61,28.91,33.58,13.13,6.6
3201803,ES,Sudeste,1,faixa intermediária,56,0.46102285385131836,0.82148904,772.49286,0.9491525423728814,1.7481880270062005,0.0,1.69,0.0,3.64,7.35,6.95,24.95,32.47,14.06,8.89
3201902,ES,Sudeste,1,faixa intermediária,382,0.8092321157455444,0.821265,772.5736,0.9116945107398569,2.582063362911709,0.1624821,1.0,3.17,4.43,3.2,9.69,20.68,37.58,14.22,6.03
3202009,ES,Sudeste,1,faixa intermediária,103,0.8432363867759705,0.8134715,770.1018,0.9537037037037037,2.012837224705172,0.0,0.0,0.0,0.0,6.83,15.79,37.27,23.95,11.43,4.73
3202108,ES,Sudeste,1,faixa intermediária,198,0.6732240319252014,0.94080234,783.1683,0.9,2.296665190261531,0.11825906,0.0,0.45,0.49,1.85,4.64,33.01,35.6,16.04,7.91
3202207,ES,Sudeste,1,faixa intermediária,191,0.6134383678436279,0.62266976,747.763,0.8925233644859814,2.2810333672477277,0.0,3.83,2.82,6.81,11.99,17.36,28.04,23.31,5.84,0.0
3202256,ES,Sudeste,1,faixa intermediária,106,0.6565126180648804,0.8206184,770.90106,0.8907563025210085,2.0253058652647704,0.672156,0.94,2.85,1.9,4.62,14.03,20.49,39.8,11.6,3.77
3202306,ES,Sudeste,1,faixa intermediária,344,0.7404366135597229,0.76701504,762.9868,0.9222520107238605,2.53655844257153,0.0,1.15,1.52,3.45,7.58,14.6,33.54,28.12,7.42,2.63
3202405,ES,Sudeste,1,faixa intermediária,1503,0.7180781364440918,0.7599267,760.8048,0.8925178147268409,3.176958980586908,0.0,0.84,1.74,4.85,8.67,13.39,32.36,28.13,8.0,2.02
3202454,ES,Sudeste,1,faixa intermediária,342,0.8052539825439453,0.82360137,766.9689,0.9293478260869565,2.534026106056135,0.0,0.58,1.44,3.38,6.54,13.33,30.1,29.77,11.96,2.88
3202504,ES,Sudeste,1,faixa intermediária,116,0.6769174933433533,0.8117471,768.49634,0.9133858267716536,2.0644579892269186,0.0,2.69,0.0,5.13,5.08,12.93,21.61,36.2,13.77,2.59
3202553,ES,Sudeste,1,faixa intermediária,172,0.7349321246147156,0.81805944,770.9597,0.9662921348314607,2.2355284469075487,0.1406057,0.63,0.56,1.15,7.65,11.78,29.14,32.94,11.02,5.13
3202603,ES,Sudeste,1,faixa intermediária,134,0.7634627819061279,0.75886774,762.21106,0.950354609929078,2.1271047983648077,0.0,3.07,3.04,8.98,6.03,7.54,22.16,32.0,10.5,6.67
3202652,ES,Sudeste,1,faixa intermediária,142,0.6739619374275208,0.8151136,768.7938,0.9161290322580645,2.1522883443830563,0.0,0.0,0.67,2.15,5.68,16.29,29.28,32.65,9.79,3.49
3202702,ES,Sudeste,1,faixa intermediária,142,0.7464141845703125,0.8708296,775.587,0.922077922077922,2.1522883443830563,0.097234845,0.0,2.2,1.54,5.59,6.45,26.81,36.39,15.4,5.61
3202801,ES,Sudeste,1,faixa intermediária,516,0.6097096800804138,0.75327486,760.1707,0.9297297297297298,2.7126497016272113,0.062992126,1.31,2.96,5.65,7.59,11.32,31.11,27.71,9.92,2.42
3202900,ES,Sudeste,1,faixa intermediária,81,0.8147891759872437,0.8214538,773.8677,0.9529411764705882,1.9084850188786497,0.0,0.0,2.35,1.18,7.16,9.72,22.51,38.48,13.69,4.91
3203007,ES,Sudeste,1,faixa intermediária,370,0.7191404104232788,0.70077145,758.9383,0.9367088607594937,2.568201724066995,0.06576451,1.6,2.16,5.11,10.2,15.89,27.75,23.55,9.69,4.05
3203056,ES,Sudeste,1,faixa intermediária,432,0.7218050360679626,0.80327284,767.92365,0.9018789144050104,2.635483746814912,0.0,1.2,2.01,3.9,4.33,12.72,27.44,31.24,12.82,4.34
3203106,ES,Sudeste,1,faixa intermediária,154,0.7014305591583252,0.772057,768.93134,0.9625,2.187520720836463,0.0,0.0,5.83,3.25,5.23,12.44,20.0,34.42,12.37,6.47
3203130,ES,Sudeste,1,faixa intermediária,125,0.718353807926178,0.772714,764.9309,0.9124087591240876,2.0969100130080562,0.0,2.48,0.0,9.8,4.93,9.77,23.83,32.27,10.45,6.48
3203163,ES,Sudeste,1,faixa intermediária,69,0.8583896160125732,0.89855075,777.8432,1.0,1.8388490907372552,0.1884058,1.45,0.0,0.0,5.8,5.8,33.33,27.54,20.29,5.8
3203205,ES,Sudeste,1,faixa intermediária,2058,0.637576162815094,0.6783303,752.5633,0.8936170212765957,3.313445370426414,0.025625551,3.11,4.25,6.63,10.29,12.79,29.69,23.29,6.96,2.98
3203320,ES,Sudeste,1,faixa intermediária,568,0.7329578995704651,0.6940592,757.147,0.8658536585365854,2.754348335711019,0.0,0.2,2.44,7.82,10.76,14.18,31.95,20.87,9.12,2.65
3203346,ES,Sudeste,1,faixa intermediária,197,0.7818406224250793,0.8655968,771.6976,0.933649289099526,2.294466226161593,0.0,1.54,1.02,2.03,3.09,9.27,35.91,30.99,10.06,6.09
3203353,ES,Sudeste,1,faixa intermediária,124,0.7851341366767883,0.78294307,771.6334,0.8435374149659864,2.093421685162235,0.0,0.0,1.58,4.72,9.74,10.53,17.57,36.15,13.16,6.56
3203403,ES,Sudeste,1,faixa intermediária,197,0.6803603172302246,0.653232,755.49927,0.9425837320574163,2.294466226161593,0.0,0.48,1.94,9.08,14.29,14.2,26.77,20.08,9.32,3.83
3203502,ES,Sudeste,1,faixa intermediária,220,0.6305941939353943,0.80210096,767.7792,0.9322033898305084,2.342422680822206,0.0,0.0,0.89,2.69,10.6,9.69,33.44,28.32,9.91,4.45
3203700,ES,Sudeste,1,faixa intermediária,175,0.8615065813064575,0.8146397,769.65063,0.9510869565217391,2.2430380486862944,0.30431476,0.0,1.68,5.89,5.24,9.16,32.02,27.91,12.46,5.64
3203809,ES,Sudeste,1,faixa intermediária,140,0.6347441077232361,0.7556795,763.7424,0.9655172413793104,2.146128035678238,0.0,0.0,1.44,3.57,12.33,12.16,31.2,28.49,7.91,2.92
3203908,ES,Sudeste,1,faixa intermediária,505,0.8294593691825867,0.8354445,770.3818,0.9386617100371747,2.7032913781186614,0.018554289,0.97,1.19,4.4,4.91,11.57,27.67,30.37,12.79,6.12
3204005,ES,Sudeste,1,faixa intermediária,146,0.8062675595283508,0.8630111,781.05884,0.9358974358974359,2.164352855784437,0.1663574,0.0,0.64,1.28,4.09,10.26,25.54,34.44,10.99,12.76
3204054,ES,Sudeste,1,faixa intermediária,313,0.6896622776985168,0.8134485,771.4367,0.9260355029585798,2.4955443375464483,0.038458124,0.66,1.64,3.61,8.54,9.01,25.93,32.68,10.69,7.23
3204104,ES,Sudeste,1,faixa intermediária,282,0.7769595980644226,0.8432603,778.0579,0.9463087248322147,2.450249108319361,0.13103588,0.74,2.44,2.49,6.81,5.65,26.73,28.52,13.21,13.42
3204203,ES,Sudeste,1,faixa intermediária,320,0.6246889233589172,0.708873,757.1627,0.9384164222873901,2.505149978319906,0.0,0.94,1.86,4.32,13.76,12.24,34.83,23.51,5.74,2.81
3204252,ES,Sudeste,1,faixa intermediária,85,0.8179560899734497,0.79993886,772.1353,0.8673469387755102,1.9294189257142926,0.0,0.0,0.0,2.4,9.38,12.83,25.98,33.28,9.26,6.86
3204302,ES,Sudeste,1,faixa intermediária,182,0.6834221482276917,0.6984135,756.9029,0.9054726368159204,2.2600713879850747,0.0,0.5,0.54,6.26,10.28,18.43,36.55,18.91,6.27,2.27
3204351,ES,Sudeste,1,faixa intermediária,241,0.7461745738983154,0.8305818,772.2063,0.9060150375939849,2.3820170425748683,0.0,0.78,2.43,4.86,4.33,8.63,25.4,32.77,12.74,8.07
3204401,ES,Sudeste,1,faixa intermediária,134,0.7804543375968933,0.7738345,766.0701,0.9370629370629371,2.1271047983648077,0.0,1.44,2.3,4.34,10.95,6.53,31.26,22.63,14.93,5.62
3204500,ES,Sudeste,1,faixa intermediária,99,0.8381080031394958,0.74533796,764.7259,0.9611650485436893,1.99563519459755,0.0,0.97,1.94,7.77,7.77,10.9,29.67,23.41,8.2,9.39
3204559,ES,Sudeste,1,faixa intermediária,515,0.8563072681427002,0.8540939,777.3152,0.9519408502772643,2.711807229041191,0.5658111,0.77,1.18,2.54,6.63,7.13,23.33,34.04,14.02,10.35
3204609,ES,Sudeste,1,faixa intermediária,235,0.855981707572937,0.8252641,768.9207,0.9251968503937008,2.3710678622717363,0.08673711,0.41,2.66,1.25,6.76,11.01,32.6,28.07,13.26,3.98
3204658,ES,Sudeste,1,faixa intermediária,96,0.8807957768440247,0.8475471,772.7158,0.9056603773584906,1.9822712330395684,0.0,0.0,0.0,0.0,5.28,14.48,33.68,33.4,10.01,3.14
3204708,ES,Sudeste,1,faixa intermediária,338,0.7309858202934265,0.8070109,765.67804,0.9159891598915989,2.5289167002776547,0.0,1.01,1.24,2.87,6.08,12.48,35.91,28.3,8.57,3.54
3204807,ES,Sudeste,1,faixa intermediária,101,0.745180606842041,0.62350863,753.2536,0.8938053097345132,2.0043213737826426,0.0,0.0,2.0,2.0,21.88,19.48,27.01,20.74,3.91,2.99
3204906,ES,Sudeste,1,faixa intermediária,1514,0.6838847398757935,0.7064893,757.39404,0.9017272185824896,3.180125875164054,0.08162111,0.9,2.47,5.51,12.53,13.06,32.91,21.63,7.22,3.77
3204955,ES,Sudeste,1,faixa intermediária,103,0.7684992551803589,0.8965841,778.7196,0.8803418803418803,2.012837224705172,0.0,0.0,0.0,1.93,6.63,6.45,34.23,27.06,15.07,8.64
3205010,ES,Sudeste,1,faixa intermediária,431,0.6722490787506104,0.7081614,755.93115,0.9170212765957447,2.6344772701607315,0.0,1.19,2.8,7.12,9.47,16.91,30.24,20.58,8.61,3.1
3205036,ES,Sudeste,1,faixa intermediária,224,0.7092732787132263,0.72036153,759.789,0.9333333333333333,2.3502480183341627,0.0,2.19,2.2,4.45,11.16,13.44,28.63,24.14,10.22,3.57
3205069,ES,Sudeste,1,faixa intermediária,281,0.8384345769882202,0.8798744,777.8306,0.9304635761589404,2.44870631990508,0.50707203,0.37,1.4,3.22,3.16,6.76,27.35,34.62,14.99,8.12
3205101,ES,Sudeste,1,faixa intermediária,1080,0.701431393623352,0.6879951,757.8841,0.9121621621621622,3.03342375548695,0.0,0.94,1.58,5.87,14.0,15.25,29.09,20.45,8.53,4.29
3205150,ES,Sudeste,1,faixa intermediária,62,0.7457667589187622,0.6139268,753.17084,0.9117647058823529,1.792391689498254,0.0,0.0,1.8,3.24,17.62,22.35,32.09,13.02,3.59,6.28
3205176,ES,Sudeste,1,faixa intermediária,227,0.8533613681793213,0.79616,773.0723,0.934156378600823,2.3560258571931225,0.20976032,0.0,1.35,1.89,11.73,8.94,26.31,26.88,12.81,10.07
3205200,ES,Sudeste,1,faixa intermediária,4241,0.6808426976203918,0.6774933,756.35205,0.8896580658695196,3.62746827245971,0.0,1.76,2.24,5.94,13.65,14.7,28.47,20.13,8.72,4.39
3205309,ES,Sudeste,1,faixa intermediária,2698,0.6587567925453186,0.7319822,761.3365,0.9201909959072305,3.4310419453358856,0.0,1.06,1.93,4.85,10.26,13.56,29.57,24.99,10.59,3.18
3300159,RJ,Sudeste,1,faixa intermediária,91,0.5933971405029297,0.6841627,754.15155,0.9191919191919192,1.9590413923210936,0.0,1.14,3.24,8.68,1.07,25.12,33.07,19.87,3.33,4.47
3300225,RJ,Sudeste,1,faixa intermediária,138,0.6232203245162964,0.63617736,749.63446,0.8571428571428571,2.1398790864012365,0.0,3.48,4.31,8.52,4.27,22.89,23.87,25.3,6.64,0.72
3300233,RJ,Sudeste,1,faixa intermediária,634,0.6720245480537415,0.68545836,752.39575,0.8055908513341804,2.802089257881733,0.0,1.47,2.64,3.78,4.84,28.88,35.75,18.25,3.95,0.44
3300407,RJ,Sudeste,1,faixa intermediária,1314,0.5916435122489929,0.638775,746.36273,0.8499353169469599,3.118595365223762,0.0,3.11,5.94,5.22,4.76,28.24,30.39,17.2,4.05,1.1
3300506,RJ,Sudeste,1,faixa intermediária,227,0.5066961050033569,0.6666925,749.2217,0.8798449612403101,2.3560258571931225,0.0,1.74,4.23,9.18,1.3,25.75,33.07,18.51,5.7,0.52
3300605,RJ,Sudeste,1,faixa intermediária,249,0.5836180448532104,0.7061551,755.98395,0.8556701030927835,2.3961993470957363,0.0,0.4,4.25,8.99,3.83,16.98,33.17,23.07,7.35,1.96
3300902,RJ,Sudeste,1,faixa intermediária,109,0.6900051832199097,0.64378417,750.3683,0.9316239316239316,2.037426497940624,0.0,1.81,4.64,12.69,1.81,17.42,29.57,22.89,8.25,0.9
3300951,RJ,Sudeste,1,faixa intermediária,100,0.5163655877113342,0.66117734,745.15515,0.9090909090909091,2.0,0.0,4.02,6.2,11.51,3.2,13.9,32.58,21.57,7.02,0.0
3301207,RJ,Sudeste,1,faixa intermediária,140,0.4360468089580536,0.67987496,744.3535,0.8433734939759037,2.146128035678238,0.0,5.86,4.8,3.08,3.55,27.94,35.43,17.88,1.47,0.0
3301504,RJ,Sudeste,1,faixa intermediária,188,0.5920774340629578,0.64164263,742.9906,0.9353233830845771,2.27415784926368,0.0,4.39,4.87,12.6,3.95,20.09,30.41,21.02,1.65,1.01
3301603,RJ,Sudeste,1,faixa intermediária,138,0.5802105069160461,0.6540345,750.48,0.8903225806451613,2.1398790864012365,0.0,0.68,4.19,7.01,5.55,26.25,33.71,15.49,5.75,1.37
3301876,RJ,Sudeste,1,faixa intermediária,305,0.6230928301811218,0.70332164,754.72784,0.8243243243243243,2.484299839346786,0.0,1.23,2.14,7.57,2.58,26.25,32.29,22.08,4.21,1.66
3302106,RJ,Sudeste,1,faixa intermediária,188,0.6519155502319336,0.7007877,751.4827,0.8430493273542601,2.27415784926368,0.0,1.48,4.04,5.76,2.07,26.1,36.38,19.83,3.73,0.61
3302205,RJ,Sudeste,1,faixa intermediária,679,0.6868820190429688,0.6526143,748.81854,0.8922470433639947,2.8318697742805017,0.0,1.58,5.64,7.34,3.55,25.71,32.45,18.64,3.94,1.14
3302254,RJ,Sudeste,1,faixa intermediária,348,0.6504805088043213,0.67607087,746.6825,0.7631578947368421,2.5415792439465807,0.0,4.68,4.95,5.56,2.9,23.3,35.22,18.1,4.43,0.85
3302452,RJ,Sudeste,1,faixa intermediária,105,0.6361566781997681,0.77991396,759.994,0.9210526315789473,2.0211892990699383,0.0,0.88,1.75,3.8,0.0,21.93,37.11,27.15,7.37,0.0
3302908,RJ,Sudeste,1,faixa intermediária,223,0.5748844146728516,0.7049288,753.45013,0.8198529411764706,2.3483048630481607,0.0,1.27,4.14,6.36,2.99,22.89,33.04,23.96,5.34,0.0
3303005,RJ,Sudeste,1,faixa intermediária,231,0.6768850684165955,0.6949873,753.76733,0.8619402985074627,2.3636119798921444,0.0,0.42,2.71,9.12,4.83,21.25,33.33,21.58,5.88,0.88
3303401,RJ,Sudeste,1,faixa intermediária,1534,0.6525506377220154,0.68831325,749.7018,0.8484513274336283,3.185825359612962,0.0,3.08,4.58,5.01,3.08,23.55,36.9,18.42,4.7,0.67
3303609,RJ,Sudeste,1,faixa intermediária,367,0.6429634690284729,0.6998505,748.37823,0.8574766355140186,2.5646660642520893,0.0,2.53,4.52,7.07,5.17,21.0,36.24,18.63,4.57,0.28
3303856,RJ,Sudeste,1,faixa intermediária,292,0.66291344165802,0.75969833,761.49164,0.7724867724867724,2.4653828514484184,0.0,0.59,1.56,1.53,4.3,24.16,34.36,25.44,6.26,1.79
3303906,RJ,Sudeste,1,faixa intermediária,2256,0.6251717209815979,0.6480426,745.8747,0.837727441515039,3.3533390953113047,0.0,3.32,5.78,6.42,4.2,24.45,33.52,18.36,3.47,0.47
3304003,RJ,Sudeste,1,faixa intermediária,277,0.5879547595977783,0.6043718,744.152,0.8343373493975904,2.4424797690644486,0.0,4.03,5.0,7.25,5.91,24.24,30.74,17.67,5.17,0.0
3304110,RJ,Sudeste,1,faixa intermediária,225,0.6080182194709778,0.63296837,750.5537,0.8587786259541985,2.3521825181113627,0.0,2.23,2.77,6.55,3.48,29.19,28.87,22.1,3.9,0.92
3304151,RJ,Sudeste,1,faixa intermediária,262,0.661082923412323,0.70083827,753.50995,0.7867867867867868,2.4183012913197452,0.0,1.06,3.98,7.73,2.16,26.89,27.96,23.05,5.4,1.75
3304201,RJ,Sudeste,1,faixa intermediária,983,0.6866027116775513,0.7248707,754.4845,0.8496110630942092,2.9925535178321354,0.0,1.45,3.5,5.41,4.32,22.68,34.5,20.56,5.96,1.62
3304409,RJ,Sudeste,1,faixa intermediária,147,0.6558116674423218,0.6553355,747.8301,0.8698224852071006,2.167317334748176,0.0,2.67,3.26,6.81,4.06,27.96,38.93,12.19,2.74,1.38
3304508,RJ,Sudeste,1,faixa intermediária,75,0.5965261459350586,0.6773312,749.22833,0.8522727272727273,1.8750612633917,0.0,1.3,5.41,10.88,1.38,20.24,35.58,19.61,4.11,1.48
3304524,RJ,Sudeste,1,faixa intermediária,1585,0.658048152923584,0.68670213,750.3696,0.8320209973753281,3.2000292665537704,0.0,2.83,5.03,4.69,4.38,22.84,34.61,20.14,4.43,1.05
3304706,RJ,Sudeste,1,faixa intermediária,331,0.6652688384056091,0.73815024,754.5977,0.9118457300275482,2.519827993775719,0.0,1.46,6.61,5.42,3.53,12.75,38.85,23.24,7.24,0.89
3305133,RJ,Sudeste,1,faixa intermediária,36,0.7503547072410583,0.8040508,764.3125,0.8780487804878049,1.5563025007672873,0.0,0.0,0.0,2.81,2.81,16.79,38.73,30.35,8.51,0.0
3305158,RJ,Sudeste,1,faixa intermediária,252,0.7122894525527954,0.7678134,757.4355,0.8456375838926175,2.401400540781544,0.0,1.49,2.03,2.36,3.63,22.78,39.46,23.77,3.43,1.06
3305406,RJ,Sudeste,1,faixa intermediária,198,0.655862033367157,0.6536833,748.6577,0.8389830508474576,2.296665190261531,0.0,0.0,3.51,9.95,5.83,22.56,39.25,12.81,5.16,0.93
3305505,RJ,Sudeste,1,faixa intermediária,1186,0.635697066783905,0.6250191,746.176,0.8224687933425797,3.074084689028244,0.0,2.23,3.91,8.67,4.75,26.03,34.86,15.86,3.14,0.54
3305703,RJ,Sudeste,1,faixa intermediária,134,0.625848114490509,0.7542835,756.3078,0.8701298701298701,2.1271047983648077,0.0,2.37,5.1,3.04,3.92,15.95,33.99,27.49,7.22,0.93
3305802,RJ,Sudeste,1,faixa intermediária,1463,0.5973184704780579,0.64211553,746.693,0.8270209157716224,3.1652443261253107,0.0,2.28,5.96,6.82,4.29,26.33,32.51,16.52,4.36,0.91
3305901,RJ,Sudeste,1,faixa intermediária,61,0.7723959684371948,0.79239607,759.3605,0.8356164383561644,1.7853298350107671,0.0,2.13,3.16,1.58,3.05,28.05,28.31,22.63,9.61,1.48
3306156,RJ,Sudeste,1,faixa intermediária,60,0.9292458295822144,0.82966363,761.876,0.8108108108108109,1.7781512503836436,0.0,0.0,1.71,1.71,1.71,16.99,46.85,26.15,4.89,0.0
3306206,RJ,Sudeste,1,faixa intermediária,348,0.6560072302818298,0.60334784,744.2568,0.855036855036855,2.5415792439465807,0.0,3.34,2.94,8.01,7.67,27.07,33.24,12.93,4.27,0.52
3306305,RJ,Sudeste,1,faixa intermediária,2463,0.6011809706687927,0.6327264,746.20966,0.8318135764944276,3.3914644118391033,0.0,3.32,6.13,5.97,5.65,24.2,31.31,18.09,4.25,1.08
3500105,SP,Sudeste,1,faixa intermediária,200,0.674,0.66060627,755.9763,0.9302325581395349,2.3010299956639813,0.0,1.48,4.7,5.63,9.67,20.5,23.3,18.5,11.58,4.63
3500204,SP,Sudeste,1,faixa intermediária,44,0.636,0.857971,779.07275,0.9565217391304348,1.6434526764861874,0.0,2.46,2.17,0.0,2.17,12.03,22.32,27.54,24.78,6.52
3500303,SP,Sudeste,1,faixa intermediária,355,0.47,0.61222655,751.1896,0.8722358722358723,2.550228353055094,0.14496315,2.56,3.43,7.94,13.72,18.49,21.47,18.79,10.79,2.82
3500402,SP,Sudeste,1,faixa intermediária,53,0.648,0.6181818,750.6542,0.9636363636363636,1.724275869600789,0.0,3.64,0.0,10.91,14.55,15.21,26.45,13.06,11.9,4.3
3500600,SP,Sudeste,1,faixa intermediária,42,0.8190000000000001,0.8088549,766.1944,0.9130434782608695,1.6232492903979006,0.0,0.0,0.0,4.97,4.66,14.12,35.74,28.72,11.78,0.0
3500709,SP,Sudeste,1,faixa intermediária,330,0.5720000000000001,0.6459901,756.26587,0.9090909090909091,2.5185139398778875,0.0,1.24,2.42,6.85,12.87,17.13,23.82,19.19,11.71,4.79
3500758,SP,Sudeste,1,faixa intermediária,62,0.716,0.61448693,749.942,0.8732394366197183,1.792391689498254,0.0,2.91,2.11,5.35,14.32,21.51,24.77,19.52,5.87,3.64
3500907,SP,Sudeste,1,faixa intermediária,27,0.5579999999999999,0.62853813,757.0174,0.8181818181818182,1.4313637641589874,0.0,3.73,3.68,14.82,3.73,18.55,11.04,14.82,22.23,7.41
3501004,SP,Sudeste,1,faixa intermediária,164,0.685,0.6777926,757.11566,0.9318181818181818,2.214843848047698,0.0,1.23,2.46,7.22,7.9,20.27,27.49,17.1,14.48,1.86
3501103,SP,Sudeste,1,faixa intermediária,39,0.596,0.7181572,768.9294,0.9512195121951219,1.591064607026499,0.0,0.0,2.57,2.56,5.11,33.29,12.81,12.83,23.11,7.7
3501202,SP,Sudeste,1,faixa intermediária,22,0.7859999999999999,0.7204969,765.9185,0.9565217391304348,1.3424226808222062,0.0,4.66,0.0,4.66,4.66,23.29,22.36,9.32,18.01,13.04
3501301,SP,Sudeste,1,faixa intermediária,247,0.539,0.72186786,769.7566,0.9216417910447762,2.392696953259666,0.0,1.22,1.21,5.65,7.75,14.42,18.48,24.36,18.19,8.72
3501509,SP,Sudeste,1,faixa intermediária,48,0.743,0.9183673,779.88324,0.9795918367346939,1.6812412373755872,0.0,0.0,0.0,8.16,0.0,8.6,14.87,41.55,20.7,6.12
3501608,SP,Sudeste,1,faixa intermediária,1516,0.586,0.6486641,757.1059,0.9255189255189256,3.1806992012960347,0.4969475,2.44,3.83,7.05,10.38,16.48,20.29,20.31,13.35,5.88
3501707,SP,Sudeste,1,faixa intermediária,359,0.664,0.71179175,768.85913,0.9065656565656566,2.5550944485783194,0.0,1.35,2.12,5.01,10.09,15.44,17.63,18.98,16.67,12.72
3501806,SP,Sudeste,1,faixa intermediária,37,0.6,0.78376836,772.477,0.9024390243902439,1.568201724066995,0.0,0.0,0.0,0.0,5.42,24.3,24.32,24.3,13.54,8.12
3501905,SP,Sudeste,1,faixa intermediária,481,0.524,0.62392765,755.8985,0.8940520446096655,2.682145076373832,0.24535316,0.83,4.12,9.4,11.75,16.91,21.15,16.72,12.82,6.3
3502002,SP,Sudeste,1,faixa intermediária,64,0.446,0.6865018,752.2413,0.927536231884058,1.806179973983887,0.0,1.53,4.71,6.35,12.5,20.2,23.39,23.39,1.64,6.28
3502101,SP,Sudeste,1,faixa intermediária,487,0.57,0.65479606,757.7342,0.9437984496124031,2.6875289612146345,0.0,2.87,3.65,7.13,11.49,13.56,22.35,16.57,16.71,5.68
3502408,SP,Sudeste,1,faixa intermediária,40,0.67,0.57393485,749.1583,0.9302325581395349,1.6020599913279623,0.0,0.0,2.45,10.09,14.99,24.98,12.64,22.43,12.44,0.0
3502606,SP,Sudeste,1,faixa intermediária,38,0.6709999999999999,0.86161613,778.0706,0.9047619047619048,1.5797835966168101,0.0,2.81,0.0,0.0,8.21,5.63,22.81,26.26,28.76,5.51
3502705,SP,Sudeste,1,faixa intermediária,263,0.684,0.74617285,769.9165,0.9598540145985401,2.419955748489758,0.57664233,0.0,1.51,5.76,8.31,12.82,22.04,22.24,20.31,7.01
3502804,SP,Sudeste,1,faixa intermediária,1479,0.6579999999999999,0.74221945,768.032,0.8623906705539358,3.1699681739968923,0.0,1.23,2.64,3.71,8.11,15.71,22.0,19.65,18.27,8.68
3503000,SP,Sudeste,1,faixa intermediária,54,0.433,0.72027934,764.24,0.9473684210526315,1.7323937598229686,0.0,0.0,1.86,5.74,14.92,11.04,30.1,14.25,10.64,11.45
3503208,SP,Sudeste,1,faixa intermediária,1854,0.5589999999999999,0.6598759,760.6312,0.9074889867841409,3.2681097298084785,0.52989864,1.85,2.65,6.16,11.19,17.28,18.52,21.4,14.26,6.69
3503307,SP,Sudeste,1,faixa intermediária,1043,0.581,0.6515892,757.63275,0.9304192685102587,3.018284308426531,0.338091,2.08,2.81,7.21,11.56,16.47,20.26,21.37,13.35,4.88
3503406,SP,Sudeste,1,faixa intermediária,86,0.726,0.7938137,771.2434,0.9052631578947369,1.9344984512435677,0.0,1.18,1.18,4.72,4.61,14.73,23.02,24.72,20.91,4.92
3503604,SP,Sudeste,1,faixa intermediária,131,0.723,0.7501758,766.5375,0.9632352941176471,2.1172712956557644,0.0,1.47,1.5,2.34,8.31,15.97,28.25,18.5,19.11,4.55
3503703,SP,Sudeste,1,faixa intermediária,61,0.638,0.8722015,774.8196,0.9104477611940298,1.7853298350107671,0.0,1.49,0.0,0.0,4.66,13.25,25.09,29.57,22.57,3.36
3504107,SP,Sudeste,1,faixa intermediária,1697,0.706,0.6525926,759.16364,0.9217816404128191,3.229681842317676,0.013036394,1.66,3.11,6.38,11.8,16.8,20.18,19.33,15.08,5.67
3504206,SP,Sudeste,1,faixa intermediária,100,0.6859999999999999,0.7787417,775.3623,0.9009009009009009,2.0,0.0,0.0,1.04,2.95,5.93,14.32,20.15,28.7,19.7,7.23
3504305,SP,Sudeste,1,faixa intermediária,44,0.5529999999999999,0.652373,760.09064,0.7719298245614035,1.6434526764861874,0.0,0.0,4.62,6.11,13.86,14.8,19.03,24.59,10.34,6.66
3504404,SP,Sudeste,1,faixa intermediária,118,0.7090000000000001,0.773714,773.61273,0.921875,2.0718820073061255,0.0,0.0,0.0,4.29,10.1,9.1,24.94,23.82,18.39,9.36
3504602,SP,Sudeste,1,faixa intermediária,255,0.556,0.61389774,751.0264,0.9042553191489362,2.406540180433955,0.0,2.82,5.11,9.8,12.23,12.28,23.32,18.53,12.05,3.86
3504800,SP,Sudeste,1,faixa intermediária,72,0.816,0.8350646,780.7262,0.8571428571428571,1.8573324964312685,0.0,0.0,1.28,2.7,1.28,12.51,24.3,22.51,22.27,13.16
3505005,SP,Sudeste,1,faixa intermediária,40,0.6559999999999999,0.6422737,760.58795,0.8695652173913043,1.6020599913279623,0.0,0.0,2.77,15.42,12.66,7.39,7.26,27.47,21.8,5.23
3505104,SP,Sudeste,1,faixa intermediária,74,0.648,0.6504513,757.6145,0.8505747126436781,1.8692317197309762,0.0,1.27,2.41,7.22,8.49,21.01,24.99,17.05,14.58,2.97
3505203,SP,Sudeste,1,faixa intermediária,259,0.648,0.723002,766.543,0.9350180505415162,2.413299764081252,0.0,0.4,3.37,3.17,6.69,17.92,21.74,23.72,17.76,5.22
3505302,SP,Sudeste,1,faixa intermediária,210,0.5760000000000001,0.80011755,778.5743,0.9210526315789473,2.322219294733919,0.0,0.56,0.53,4.67,6.08,10.08,15.44,27.6,25.39,9.66
3505351,SP,Sudeste,1,faixa intermediária,49,0.6509999999999999,0.65289116,748.58636,0.875,1.6901960800285136,0.0,4.11,8.2,6.13,4.05,18.3,22.47,24.48,12.27,0.0
3505500,SP,Sudeste,1,faixa intermediária,1117,0.597,0.58422136,750.4816,0.8781446540880503,3.048053173115609,0.0,1.4,3.91,6.46,14.17,21.97,21.52,18.21,9.57,2.79
3505708,SP,Sudeste,1,faixa intermediária,4295,0.628,0.68161213,761.63556,0.8607214428857716,3.632963168167261,0.0,1.69,3.12,6.16,10.67,15.28,20.38,19.26,15.89,7.55
3505906,SP,Sudeste,1,faixa intermediária,475,0.609,0.58950055,749.9922,0.9405940594059405,2.6766936096248664,0.22772278,2.75,3.86,9.91,10.47,18.72,20.84,19.76,11.17,2.52
3506359,SP,Sudeste,1,faixa intermediária,963,0.547,0.6958402,766.2082,0.9171428571428571,2.9836262871245345,0.0,2.61,2.59,5.24,9.64,15.12,16.84,19.04,16.75,12.17
3506409,SP,Sudeste,1,faixa intermediária,68,0.6,0.7473893,767.58923,0.9444444444444444,1.8325089127062364,0.0,0.0,1.46,7.29,5.9,16.36,20.7,26.52,15.99,5.77
3506508,SP,Sudeste,1,faixa intermediária,1037,0.711,0.78128767,775.73956,0.954001839926403,3.015778756389041,0.0,0.98,1.93,4.09,6.92,11.38,19.44,20.89,20.77,13.6
3506904,SP,Sudeste,1,faixa intermediária,115,0.45799999999999996,0.69745964,762.52313,0.905511811023622,2.060697840353612,0.0,0.0,0.86,6.05,11.45,17.24,26.69,18.87,12.1,6.74
3507001,SP,Sudeste,1,faixa intermediária,647,0.616,0.6982983,761.72345,0.9011142061281338,2.8109042806687006,0.0,1.47,3.28,4.18,10.48,15.74,24.55,18.94,15.27,6.1
3507308,SP,Sudeste,1,faixa intermediária,66,0.7120000000000001,0.6662338,754.88574,0.9428571428571428,1.8195439355418688,0.0,4.48,2.99,4.48,7.66,27.4,22.6,10.65,12.14,7.6
3507704,SP,Sudeste,1,faixa intermediária,54,0.9390000000000001,0.7318422,763.4519,0.8181818181818182,1.7323937598229686,0.0,0.0,0.0,5.44,13.64,11.62,24.43,28.76,16.11,0.0
3507902,SP,Sudeste,1,faixa intermediária,216,0.619,0.56014496,749.6221,0.9818181818181818,2.3344537511509307,0.0,1.38,4.13,7.35,15.33,20.89,18.53,21.24,9.28,1.86
3508009,SP,Sudeste,1,faixa intermediária,278,0.489,0.63241434,755.25134,0.9455782312925171,2.444044795918076,0.0,1.04,1.84,8.38,11.06,19.89,22.58,21.54,11.13,2.55
3508108,SP,Sudeste,1,faixa intermediária,161,0.64,0.6783372,759.3178,0.9096045197740112,2.2068258760318495,0.0,1.26,4.15,5.36,15.97,10.53,23.38,16.94,16.73,5.68
3508207,SP,Sudeste,1,faixa intermediária,49,0.961,0.5628845,756.1254,0.875,1.6901960800285136,0.0,2.07,2.27,10.77,18.64,14.11,8.7,21.43,18.06,3.95
3508306,SP,Sudeste,1,faixa intermediária,49,0.794,0.7810897,767.3622,0.9423076923076923,1.6901960800285136,0.0,0.0,0.0,3.97,6.01,14.09,37.64,22.28,12.04,3.97
3508405,SP,Sudeste,1,faixa intermediária,668,0.491,0.64600986,752.2666,0.9063772048846676,2.824776462475546,0.0,4.47,3.61,6.58,9.82,18.3,22.18,19.12,10.87,5.05
3508702,SP,Sudeste,1,faixa intermediária,164,0.7020000000000001,0.7001507,766.6821,0.9265536723163842,2.214843848047698,0.11299435,1.89,2.66,4.35,9.34,18.32,17.45,16.83,18.8,10.35
3508801,SP,Sudeste,1,faixa intermediária,178,0.612,0.6043979,750.2397,0.9319371727748691,2.250420002308894,0.13089006,2.18,4.97,8.81,11.74,15.86,23.37,19.47,11.33,2.26
3508900,SP,Sudeste,1,faixa intermediária,24,0.444,0.6571428,766.5057,0.8571428571428571,1.380211241711606,0.0,0.0,0.0,0.0,12.6,21.68,12.6,33.06,16.12,3.93
3509106,SP,Sudeste,1,faixa intermediária,27,0.547,0.8148148,777.9018,1.0,1.4313637641589874,0.0,0.0,0.0,3.7,7.41,7.41,22.22,22.22,37.04,0.0
3509304,SP,Sudeste,1,faixa intermediária,96,0.612,0.6041667,752.9667,0.9411764705882353,1.9822712330395684,0.0,2.05,2.21,7.14,9.5,23.65,22.14,20.93,7.39,5.0
3509502,SP,Sudeste,1,faixa intermediária,8899,0.41700000000000004,0.6568764,760.1487,0.9032683719041819,3.949341206770497,0.7854243,2.29,3.57,6.77,11.41,14.98,18.53,18.22,15.6,8.63
3509809,SP,Sudeste,1,faixa intermediária,61,0.321,0.8658687,777.8585,0.9384615384615385,1.7853298350107671,0.0,0.0,1.54,0.0,6.71,6.71,27.84,29.2,26.23,1.78
3509908,SP,Sudeste,1,faixa intermediária,120,0.649,0.5972041,754.69556,0.9302325581395349,2.0791812460476247,0.0,0.81,4.09,10.22,9.17,20.25,21.65,15.72,13.08,5.02
3510005,SP,Sudeste,1,faixa intermediária,268,0.727,0.6806685,757.0138,0.950354609929078,2.428134794028789,0.28368795,1.5,4.51,8.48,9.24,15.21,19.59,22.02,16.16,3.28
3510203,SP,Sudeste,1,faixa intermediária,504,0.624,0.74629456,765.67456,0.9264705882352942,2.7024305364455254,0.0,1.64,2.93,4.5,6.54,16.65,22.25,21.9,16.79,6.8
3510401,SP,Sudeste,1,faixa intermediária,568,0.645,0.6659503,757.3103,0.9466666666666667,2.754348335711019,0.0,3.78,4.48,6.01,10.19,13.11,22.89,18.43,15.28,5.81
3510708,SP,Sudeste,1,faixa intermediária,97,0.6890000000000001,0.59855986,762.58746,0.9603960396039604,1.9867717342662448,0.0,1.08,1.08,3.15,12.33,24.57,15.21,19.62,17.73,5.22
3510906,SP,Sudeste,1,faixa intermediária,32,0.672,0.75,766.0353,0.8888888888888888,1.505149978319906,0.0,3.12,0.0,0.0,12.5,9.38,21.88,34.38,15.63,3.13
3511102,SP,Sudeste,1,faixa intermediária,741,0.544,0.7026544,762.63153,0.9103194103194103,2.869818207979328,0.0,2.49,3.52,4.5,8.84,14.77,22.57,19.66,15.83,7.81
3511201,SP,Sudeste,1,faixa intermediária,66,0.5429999999999999,0.8469979,777.256,0.9565217391304348,1.8195439355418688,0.0,0.0,0.0,3.11,4.49,12.24,24.12,28.81,21.2,6.03
3511300,SP,Sudeste,1,faixa intermediária,143,0.7290000000000001,0.55733836,751.0127,0.8827160493827161,2.155336037465062,0.0,0.71,4.07,11.24,14.56,17.93,20.57,11.57,13.76,5.58
3511508,SP,Sudeste,1,faixa intermediária,396,0.609,0.6915395,759.4062,0.9145496535796767,2.597695185925512,0.0,2.23,3.81,4.85,8.96,15.61,25.14,20.31,15.39,3.7
3511706,SP,Sudeste,1,faixa intermediária,183,0.446,0.6249666,753.3532,0.9242424242424242,2.2624510897304293,0.0,0.56,4.36,8.24,14.62,14.18,24.91,18.5,10.77,3.86
3512100,SP,Sudeste,1,faixa intermediária,107,0.9059999999999999,0.72629064,767.284,0.8991596638655462,2.0293837776852097,0.0,0.0,5.59,4.71,12.36,6.55,21.78,17.72,24.91,6.39
3512308,SP,Sudeste,1,faixa intermediária,144,0.473,0.6947776,763.7559,0.8470588235294118,2.1583624920952498,0.0,0.66,5.5,4.12,11.13,15.87,18.74,15.44,19.61,8.93
3512407,SP,Sudeste,1,faixa intermediária,324,0.7440000000000001,0.6959872,764.53015,0.9501466275659824,2.510545010206612,0.0,1.2,3.99,3.69,8.19,17.96,18.72,22.46,15.87,7.9
3512506,SP,Sudeste,1,faixa intermediária,57,0.6940000000000001,0.7295147,763.10333,0.8507462686567164,1.7558748556724915,0.0,0.0,1.92,6.66,7.15,20.54,26.09,18.99,10.26,8.39
3512704,SP,Sudeste,1,faixa intermediária,44,0.436,0.8416149,774.5561,0.9166666666666666,1.6434526764861874,0.0,2.38,4.35,4.55,2.17,9.32,18.22,22.98,27.12,8.9
3512803,SP,Sudeste,1,faixa intermediária,529,0.53,0.5961322,749.2187,0.9480286738351255,2.7234556720351857,0.0,2.23,3.92,9.58,13.48,16.48,22.11,20.53,9.4,2.28
3512902,SP,Sudeste,1,faixa intermediária,68,0.946,0.5646053,744.6265,0.8831168831168831,1.8325089127062364,0.0,4.58,4.3,2.95,17.7,23.0,24.98,8.72,13.78,0.0
3513702,SP,Sudeste,1,faixa intermediária,233,0.594,0.8061592,778.8771,0.9282868525896414,2.367355921026019,0.0,0.0,1.74,3.99,7.21,10.32,16.4,23.5,24.46,12.38
3513850,SP,Sudeste,1,faixa intermediária,13,0.467,0.8461538,773.2945,0.9285714285714286,1.1139433523068367,0.0,0.0,0.0,7.69,0.0,7.69,23.08,46.15,15.38,0.0
3513900,SP,Sudeste,1,faixa intermediária,83,0.523,0.6135695,757.04236,0.9431818181818182,1.919078092376074,0.0,1.34,2.4,11.88,9.83,14.4,20.27,16.61,17.2,6.08
3514205,SP,Sudeste,1,faixa intermediária,26,0.7659999999999999,0.65384614,751.2958,1.0,1.414973347970818,0.0,7.69,3.85,3.85,7.69,26.92,15.38,7.69,19.23,7.69
3514304,SP,Sudeste,1,faixa intermediária,79,0.715,0.71845436,758.53,0.9186046511627907,1.8976270912904414,0.0,1.24,2.48,2.4,15.62,21.69,22.81,13.96,16.07,3.71
3514403,SP,Sudeste,1,faixa intermediária,327,0.631,0.62736166,755.6353,0.9450867052023122,2.514547752660286,0.0,1.17,3.02,6.7,16.18,15.19,21.31,19.15,13.12,4.16
3514502,SP,Sudeste,1,faixa intermediária,110,0.818,0.7699891,768.8054,0.88,2.041392685158225,0.0,1.07,1.9,7.24,6.42,16.42,20.46,17.65,17.87,10.97
3514601,SP,Sudeste,1,faixa intermediária,87,0.768,0.6449714,760.7413,0.90625,1.9395192526186185,0.0,1.15,1.32,12.63,8.86,13.71,21.45,17.95,12.86,10.07
3514809,SP,Sudeste,1,faixa intermediária,85,0.623,0.75189364,771.47144,0.8762886597938144,1.9294189257142926,0.0,1.24,0.0,4.92,8.15,18.9,11.77,25.51,19.94,9.57
3514924,SP,Sudeste,1,faixa intermediária,33,0.7240000000000001,0.8533951,778.7364,0.9166666666666666,1.5185139398778875,0.0,0.0,0.0,2.93,5.86,5.86,27.04,24.75,27.47,6.08
3514957,SP,Sudeste,1,faixa intermediária,26,0.889,0.7307692,768.12573,0.9285714285714286,1.414973347970818,0.0,0.0,0.0,3.85,11.54,15.38,19.23,23.08,26.92,0.0
3515129,SP,Sudeste,1,faixa intermediária,26,0.479,0.88580245,764.89655,0.9629629629629629,1.414973347970818,0.0,3.7,0.0,3.7,0.0,7.72,45.99,31.17,4.01,3.7
3515186,SP,Sudeste,1,faixa intermediária,292,0.654,0.75494623,771.8092,0.9419354838709677,2.4653828514484184,0.45483872,0.69,2.88,4.18,9.24,12.2,15.77,25.66,20.33,9.06
3515350,SP,Sudeste,1,faixa intermediária,63,0.76,0.6986301,759.4918,0.863013698630137,1.7993405494535817,0.0,1.57,3.2,6.33,9.52,19.05,22.18,20.55,11.15,6.46
3515400,SP,Sudeste,1,faixa intermediária,158,0.627,0.82778156,778.97314,0.9294117647058824,2.1986570869544226,0.0,0.0,0.0,3.45,3.89,13.69,21.97,24.39,21.05,11.55
3515509,SP,Sudeste,1,faixa intermediária,510,0.5760000000000001,0.6102566,751.3392,0.8931698774080561,2.7075701760979363,0.017545478,3.45,3.41,7.94,13.0,17.79,21.25,16.11,11.99,5.05
3515707,SP,Sudeste,1,faixa intermediária,1961,0.527,0.65065676,758.9864,0.9468855625301786,3.292477593667784,0.0,2.63,3.4,7.15,11.39,14.82,19.09,18.75,14.62,8.15
3516002,SP,Sudeste,1,faixa intermediária,84,0.8290000000000001,0.5455544,747.0276,0.9655172413793104,1.9242792860618816,0.0,2.37,3.74,6.96,20.17,14.5,22.69,19.88,5.88,3.8
3516200,SP,Sudeste,1,faixa intermediária,3344,0.5770000000000001,0.7086655,764.6978,0.9301808066759388,3.524266268766979,0.3452017,1.24,2.89,5.39,9.32,15.2,21.67,19.92,16.07,8.3
3516606,SP,Sudeste,1,faixa intermediária,68,0.789,0.66678756,760.3632,0.9315068493150684,1.8325089127062364,0.0,1.54,4.62,6.07,13.75,11.7,20.62,14.55,21.06,6.07
3516853,SP,Sudeste,1,faixa intermediária,61,0.669,0.73652345,766.9782,0.953125,1.7853298350107671,0.0,1.66,3.33,1.77,11.35,12.92,16.43,29.85,16.24,6.45
3516903,SP,Sudeste,1,faixa intermediária,96,0.608,0.6735266,757.87714,0.9411764705882353,1.9822712330395684,0.0,2.94,2.22,4.49,11.0,21.91,21.11,16.98,14.17,5.18
3517000,SP,Sudeste,1,faixa intermediária,48,0.495,0.68095237,770.2512,0.8,1.6812412373755872,0.0,0.0,0.0,2.26,15.95,18.21,14.95,16.69,25.85,6.07
3517109,SP,Sudeste,1,faixa intermediária,38,0.706,0.8684211,780.9331,0.95,1.5797835966168101,0.0,0.0,0.0,0.0,10.53,13.16,18.42,21.05,26.32,10.53
3517208,SP,Sudeste,1,faixa intermediária,126,0.506,0.5999724,756.4107,0.9197080291970803,2.100370545117563,0.0,2.44,4.01,9.74,9.42,15.89,17.48,19.88,13.2,7.93
3517307,SP,Sudeste,1,faixa intermediária,49,0.8270000000000001,0.8339212,781.125,0.9074074074074074,1.6901960800285136,0.0,2.25,0.0,0.0,4.31,14.36,16.42,30.01,20.12,12.54
3517505,SP,Sudeste,1,faixa intermediária,186,0.563,0.70536155,764.1692,0.7948717948717948,2.2695129442179165,0.0,0.0,1.75,6.05,13.58,12.11,24.15,21.15,18.1,3.11
3517604,SP,Sudeste,1,faixa intermediária,144,0.669,0.6030693,750.2981,0.9411764705882353,2.1583624920952498,0.0,2.68,3.52,6.3,17.46,14.4,25.14,17.3,11.81,1.38
3517703,SP,Sudeste,1,faixa intermediária,180,0.674,0.7627061,770.2553,0.9137055837563451,2.255272505103306,0.0,1.31,5.58,3.97,4.8,12.4,18.5,22.96,20.17,10.31
3517901,SP,Sudeste,1,faixa intermediária,101,0.738,0.73023814,772.89764,0.9619047619047619,2.0043213737826426,0.0,0.0,0.0,6.76,6.14,19.88,15.45,22.07,16.38,13.31
3518008,SP,Sudeste,1,faixa intermediária,14,0.941,0.5714286,762.2798,0.9333333333333333,1.146128035678238,0.0,0.0,0.0,7.14,7.14,28.57,14.29,21.43,14.29,7.14
3518206,SP,Sudeste,1,faixa intermediária,241,0.5820000000000001,0.7190751,767.14056,0.9525691699604744,2.3820170425748683,0.0,1.67,0.88,4.91,9.96,13.66,21.18,19.63,20.06,8.05
3518305,SP,Sudeste,1,faixa intermediária,385,0.648,0.77012587,773.6041,0.918854415274463,2.5854607295085006,0.0,0.71,1.69,3.96,7.69,12.48,20.09,23.19,20.58,9.62
3518503,SP,Sudeste,1,faixa intermediária,151,0.623,0.6852192,762.7051,0.9207317073170732,2.1789769472931693,0.0,2.73,2.05,5.36,10.39,15.47,20.62,18.7,16.83,7.84
3518602,SP,Sudeste,1,faixa intermediária,380,0.6970000000000001,0.7866904,771.8734,0.9223300970873787,2.57978359661681,0.0,1.34,1.33,4.23,5.72,14.13,21.88,24.04,19.9,7.45
3518909,SP,Sudeste,1,faixa intermediária,42,0.8859999999999999,0.79924244,778.44653,0.9545454545454546,1.6232492903979006,0.0,0.0,2.65,0.0,7.58,12.5,26.14,16.67,20.83,13.64
3519006,SP,Sudeste,1,faixa intermediária,86,0.852,0.8107636,772.8022,0.945054945054945,1.9344984512435677,0.0,0.0,1.25,2.49,7.11,12.73,26.89,25.51,17.43,6.59
3519055,SP,Sudeste,1,faixa intermediária,143,0.583,0.62587047,757.3141,0.9225806451612903,2.155336037465062,0.0,0.65,6.27,4.77,12.12,18.28,16.78,20.15,15.94,5.05
3519303,SP,Sudeste,1,faixa intermediária,394,0.528,0.6878307,758.9884,0.91415313225058,2.595496221825574,0.0,1.73,3.29,4.56,8.93,17.93,25.68,20.69,12.53,4.65
3519402,SP,Sudeste,1,faixa intermediária,117,0.7120000000000001,0.61637485,753.0995,0.936,2.0681858617461617,0.0,1.64,4.46,8.91,14.91,15.33,17.9,20.25,11.69,4.91
3519501,SP,Sudeste,1,faixa intermediária,65,0.89,0.7185195,767.2939,0.8904109589041096,1.8129133566428555,0.0,0.0,3.54,4.74,10.1,15.87,17.29,26.67,9.65,12.12
3519808,SP,Sudeste,1,faixa intermediária,50,0.7340000000000001,0.81323093,767.1171,0.8771929824561403,1.6989700043360187,0.0,2.19,2.19,2.19,6.34,23.71,10.31,31.32,19.88,1.86
3520004,SP,Sudeste,1,faixa intermediária,209,0.6859999999999999,0.7728565,774.377,0.9587155963302753,2.3201462861110542,0.0,1.98,0.48,1.95,8.76,12.45,21.51,23.41,20.42,9.05
3520301,SP,Sudeste,1,faixa intermediária,290,0.5720000000000001,0.62114024,751.0777,0.932475884244373,2.462397997898956,0.045016076,2.46,6.55,9.36,9.26,17.98,20.13,17.73,10.15,6.37
3520426,SP,Sudeste,1,faixa intermediária,167,0.52,0.6759664,759.35004,0.9175824175824175,2.2227164711475833,0.0,1.25,3.71,4.22,7.7,22.06,21.17,23.95,9.46,6.47
3520442,SP,Sudeste,1,faixa intermediária,209,0.665,0.8075504,778.9142,0.8708333333333333,2.3201462861110542,0.0,1.41,1.43,4.65,3.75,13.28,14.94,22.7,23.02,14.82
3520509,SP,Sudeste,1,faixa intermediária,2404,0.585,0.6282128,756.3168,0.882525697503671,3.380934463330702,0.0,2.59,4.21,7.91,10.87,17.73,17.87,17.15,14.65,7.04
3520608,SP,Sudeste,1,faixa intermediária,34,0.816,0.7058824,758.02576,1.0,1.5314789170422551,0.0,0.0,2.94,5.88,11.76,20.59,23.53,17.65,17.65,0.0
3520707,SP,Sudeste,1,faixa intermediária,38,0.6759999999999999,0.78955597,770.0958,0.926829268292683,1.5797835966168101,0.0,0.0,2.63,5.27,7.9,13.15,23.69,21.04,15.78,10.55
3521101,SP,Sudeste,1,faixa intermediária,99,0.44,0.6262121,750.5822,0.9705882352941176,1.99563519459755,0.0,3.03,5.13,6.11,8.95,21.34,23.16,20.33,9.99,1.96
3521200,SP,Sudeste,1,faixa intermediária,32,0.523,0.65625,756.9447,1.0,1.505149978319906,0.0,3.12,6.25,9.38,3.13,12.5,34.38,9.38,15.63,6.25
3521309,SP,Sudeste,1,faixa intermediária,143,0.7709999999999999,0.63797545,758.41223,0.9662162162162162,2.155336037465062,0.0,3.56,2.11,5.7,11.38,17.61,20.28,19.36,12.42,7.57
3521408,SP,Sudeste,1,faixa intermediária,237,0.596,0.6226303,753.8449,0.92578125,2.374748346010104,0.0,2.57,5.37,9.69,10.4,13.56,21.24,17.14,14.54,5.5
3521507,SP,Sudeste,1,faixa intermediária,76,0.696,0.76621884,767.422,0.9382716049382716,1.8808135922807914,0.0,0.0,2.53,0.0,10.59,15.41,21.23,28.85,20.01,1.39
3522604,SP,Sudeste,1,faixa intermediária,520,0.605,0.6324238,756.5068,0.9154929577464789,2.716003343634799,0.116197184,1.3,4.31,6.11,10.89,19.24,22.8,16.22,12.7,6.42
3522703,SP,Sudeste,1,faixa intermediária,325,0.667,0.7616895,771.0197,0.9530791788856305,2.5118833609788744,0.27565983,0.33,1.2,2.19,11.31,13.68,21.11,23.1,17.5,9.59
3522802,SP,Sudeste,1,faixa intermediária,122,0.364,0.70101863,761.76746,0.9104477611940298,2.0863598306747484,0.0,1.73,4.33,4.05,5.7,18.17,26.71,17.33,15.61,6.38
3523008,SP,Sudeste,1,faixa intermediária,47,0.496,0.7905236,769.76984,0.9215686274509803,1.6720978579357175,0.0,0.0,0.0,4.15,4.16,25.1,21.46,23.21,17.6,4.32
3523305,SP,Sudeste,1,faixa intermediária,201,0.616,0.6457376,752.9075,0.9136363636363637,2.303196057420489,0.23181818,2.52,3.42,7.3,11.85,22.82,18.41,17.56,14.17,1.95
3523404,SP,Sudeste,1,faixa intermediária,1007,0.6509999999999999,0.7347297,767.0812,0.9072072072072072,3.003029470553618,0.0,1.32,3.12,4.19,7.54,14.99,21.58,21.69,16.42,9.16
3523602,SP,Sudeste,1,faixa intermediária,160,0.591,0.69899315,765.34863,0.9467455621301775,2.2041199826559246,0.0,1.85,1.91,4.42,9.32,15.75,19.27,26.22,14.92,6.34
3523701,SP,Sudeste,1,faixa intermediária,48,0.7390000000000001,0.823845,770.7403,0.7868852459016393,1.6812412373755872,0.0,0.0,1.79,3.58,3.58,16.09,27.55,24.19,15.56,7.68
3523909,SP,Sudeste,1,faixa intermediária,1577,0.653,0.61667883,754.3289,0.8844643858665171,3.197831693328903,0.0,2.59,3.98,7.34,11.79,17.53,20.5,18.62,11.93,5.72
3524204,SP,Sudeste,1,faixa intermediária,67,0.826,0.67192763,765.34064,0.9305555555555556,1.8260748027008264,0.0,0.0,0.0,2.97,19.21,16.89,16.38,25.29,13.33,5.93
3524501,SP,Sudeste,1,faixa intermediária,97,0.5579999999999999,0.6806409,760.54987,0.9065420560747663,1.9867717342662448,0.0,1.94,2.02,5.91,9.72,19.26,19.57,16.62,23.95,1.01
3524709,SP,Sudeste,1,faixa intermediária,546,0.628,0.7021779,765.3009,0.8412942989214176,2.7371926427047373,0.0,1.0,2.62,4.93,12.51,13.66,19.56,21.65,15.97,8.11
3524808,SP,Sudeste,1,faixa intermediária,385,0.5529999999999999,0.705303,763.9679,0.9459459459459459,2.5854607295085006,0.0,1.56,3.89,4.45,6.98,17.08,21.07,22.17,15.79,7.01
3525607,SP,Sudeste,1,faixa intermediária,60,0.818,0.65421915,755.8119,0.8823529411764706,1.7781512503836436,0.0,1.57,3.33,7.84,8.48,20.01,25.95,19.85,8.27,4.69
3525706,SP,Sudeste,1,faixa intermediária,320,0.5579999999999999,0.5951993,751.8567,0.943952802359882,2.505149978319906,0.5457227,3.14,5.91,6.91,13.17,17.42,17.43,16.57,15.08,4.37
3525805,SP,Sudeste,1,faixa intermediária,49,0.6679999999999999,0.55260456,751.4198,0.9074074074074074,1.6901960800285136,0.0,3.9,0.0,1.95,26.46,12.43,23.79,19.03,10.49,1.95
3525904,SP,Sudeste,1,faixa intermediária,3499,0.6920000000000001,0.7048613,762.70624,0.908595170085692,3.5439439424829065,0.0,1.27,3.5,6.2,9.02,14.23,22.89,19.94,15.99,6.95
3526001,SP,Sudeste,1,faixa intermediária,191,0.769,0.80442727,779.08905,0.9597989949748744,2.2810333672477277,0.0,0.53,0.52,2.62,6.89,13.09,18.92,22.61,21.92,12.9
3526209,SP,Sudeste,1,faixa intermediária,349,0.601,0.64047855,755.6462,0.920844327176781,2.5428254269591797,0.50659627,1.94,4.54,6.91,10.4,19.01,21.27,17.14,13.28,5.51
3526308,SP,Sudeste,1,faixa intermediária,63,0.48700000000000004,0.6501736,751.1484,0.984375,1.7993405494535817,0.0,4.69,0.0,7.9,12.76,19.18,23.78,20.57,7.99,3.12
3526506,SP,Sudeste,1,faixa intermediária,35,0.62,0.5908216,758.2915,0.8536585365853658,1.5440680443502757,0.0,0.0,3.05,6.1,22.63,12.2,14.89,13.83,21.92,5.39
3526704,SP,Sudeste,1,faixa intermediária,993,0.528,0.61702776,755.0627,0.9315196998123827,2.996949248495381,0.0,2.63,5.3,6.46,11.95,17.64,16.91,18.49,14.95,5.66
3526803,SP,Sudeste,1,faixa intermediária,607,0.613,0.6364597,755.40643,0.9425465838509317,2.7831886910752575,0.0,1.66,4.4,7.23,9.29,18.95,24.29,16.28,13.69,4.21
3526902,SP,Sudeste,1,faixa intermediária,2425,0.624,0.6292897,755.44305,0.9014869888475836,3.3847117429382823,0.053903345,2.53,4.39,7.19,12.34,14.92,19.53,19.85,13.55,5.69
3527009,SP,Sudeste,1,faixa intermediária,77,0.7709999999999999,0.6113173,750.4923,0.9166666666666666,1.8864907251724818,0.0,1.26,3.98,7.61,12.97,22.18,24.61,18.4,6.44,2.56
3527108,SP,Sudeste,1,faixa intermediária,631,0.743,0.81056017,781.9863,0.9334319526627219,2.8000293592441343,0.7248521,0.16,1.12,3.73,6.35,11.93,14.78,23.41,21.32,17.2
3527256,SP,Sudeste,1,faixa intermediária,18,0.74,0.7222222,764.2489,0.9473684210526315,1.255272505103306,0.0,5.56,0.0,0.0,11.11,22.22,22.22,11.11,22.22,5.56
3527405,SP,Sudeste,1,faixa intermediária,152,0.645,0.68256843,754.2146,0.9743589743589743,2.1818435879447726,0.0,1.99,4.66,5.28,9.28,15.14,28.15,24.96,7.21,3.33
3527504,SP,Sudeste,1,faixa intermediária,28,0.7490000000000001,0.75,769.6889,1.0,1.4471580313422192,0.0,0.0,0.0,3.57,7.14,17.86,25.0,21.43,17.86,7.14
3527801,SP,Sudeste,1,faixa intermediária,36,0.556,0.60958487,753.4434,0.9230769230769231,1.5563025007672873,0.0,0.0,0.0,14.02,11.05,22.31,25.01,13.81,11.06,2.75
3527900,SP,Sudeste,1,faixa intermediária,22,0.716,0.78666663,763.7983,0.88,1.3424226808222062,0.0,0.0,0.0,5.33,8.0,22.67,21.33,24.0,14.67,4.0
3528007,SP,Sudeste,1,faixa intermediária,182,0.65,0.62399894,750.1248,0.9238578680203046,2.2600713879850747,0.0,3.68,6.1,8.38,10.64,16.64,19.45,19.9,10.79,4.43
3528502,SP,Sudeste,1,faixa intermediária,898,0.55,0.63309234,757.332,0.9219712525667351,2.9532763366673045,0.0,3.21,4.24,6.29,13.85,12.87,18.06,17.31,15.97,8.2
3528601,SP,Sudeste,1,faixa intermediária,112,0.622,0.6563521,760.5136,0.9333333333333333,2.0492180226701815,0.0,4.22,5.19,5.31,11.73,10.58,14.95,21.02,16.05,10.95
3529005,SP,Sudeste,1,faixa intermediária,1666,0.5920000000000001,0.6546649,757.229,0.8777660695468915,3.2216749970707688,0.1849315,1.18,3.8,6.77,11.37,16.73,21.1,21.22,13.88,3.95
3529203,SP,Sudeste,1,faixa intermediária,193,0.53,0.63561785,754.6221,0.946078431372549,2.285557309007774,0.0,2.69,4.6,6.15,9.74,19.44,17.59,25.15,9.88,4.76
3529302,SP,Sudeste,1,faixa intermediária,673,0.644,0.7172162,767.5781,0.9295580110497238,2.828015064223977,0.63950276,1.67,1.61,5.41,9.33,14.16,17.61,22.43,20.31,7.48
3529401,SP,Sudeste,1,faixa intermediária,3825,0.457,0.73144364,767.80054,0.94607964382884,3.5826314394896364,0.97625524,1.17,2.56,5.39,9.19,12.62,19.71,21.6,19.45,8.3
3529500,SP,Sudeste,1,faixa intermediária,65,0.7,0.7755808,762.8022,0.9558823529411765,1.8129133566428555,0.0,0.0,1.68,4.83,12.57,10.8,29.34,25.56,9.08,6.14
3529609,SP,Sudeste,1,faixa intermediária,46,0.6729999999999999,0.6730829,759.85406,0.9387755102040817,1.662757831681574,0.0,2.23,0.0,6.58,13.06,17.51,17.21,28.14,10.83,4.45
3529807,SP,Sudeste,1,faixa intermediária,97,0.45799999999999996,0.6818216,753.47034,0.7698412698412699,1.9867717342662448,0.0,3.97,7.22,5.69,7.15,13.75,27.79,13.7,18.01,2.72
3529906,SP,Sudeste,1,faixa intermediária,230,0.436,0.6551919,759.5086,0.9090909090909091,2.361727836017593,0.0,2.53,4.21,8.93,9.04,13.56,16.16,22.73,15.38,7.45
3530003,SP,Sudeste,1,faixa intermediária,29,0.609,0.93030304,778.7887,0.9666666666666667,1.462397997898956,0.0,0.0,0.0,0.0,3.33,7.27,30.61,34.85,17.27,6.67
3530300,SP,Sudeste,1,faixa intermediária,489,0.6759999999999999,0.6157097,754.1677,0.9403846153846154,2.6893088591236203,0.0,1.03,3.85,7.96,13.22,17.04,23.93,15.71,12.14,5.12
3530508,SP,Sudeste,1,faixa intermediária,507,0.46399999999999997,0.70418483,766.94836,0.9337016574585635,2.705007959333336,0.44383058,1.18,3.49,5.37,8.71,15.51,17.94,19.71,17.12,10.97
3530706,SP,Sudeste,1,faixa intermediária,1351,0.514,0.6346586,756.13806,0.9215552523874488,3.130655349022031,0.0,1.56,4.71,5.78,12.3,17.87,20.05,18.94,13.84,4.95
3530904,SP,Sudeste,1,faixa intermediária,56,0.5579999999999999,0.74254715,772.4146,0.875,1.7481880270062005,0.0,0.0,0.0,3.99,9.49,21.37,11.83,24.03,20.86,8.44
3531001,SP,Sudeste,1,faixa intermediária,26,0.8420000000000001,0.8076923,777.8497,0.9629629629629629,1.414973347970818,0.0,0.0,0.0,0.0,7.69,15.38,19.23,30.77,19.23,7.69
3531308,SP,Sudeste,1,faixa intermediária,304,0.6709999999999999,0.5900224,751.44037,0.9240121580547113,2.482873583608754,0.0,2.34,2.95,7.48,12.42,21.99,20.57,17.42,10.95,3.9
3531407,SP,Sudeste,1,faixa intermediária,154,0.735,0.6544178,762.166,0.8369565217391305,2.187520720836463,0.0,0.0,2.27,7.14,13.95,12.95,20.41,22.69,12.09,8.5
3531506,SP,Sudeste,1,faixa intermediária,125,0.7290000000000001,0.55383843,749.2675,0.7763975155279503,2.0969100130080562,0.0,1.44,4.03,8.52,13.62,19.28,20.15,22.02,9.35,1.6
3531605,SP,Sudeste,1,faixa intermediária,32,0.665,0.94285715,779.28687,0.9142857142857143,1.505149978319906,0.0,0.0,0.0,2.86,2.86,12.09,31.87,21.98,19.12,9.23
3532058,SP,Sudeste,1,faixa intermediária,41,0.799,0.78088576,763.90784,0.9318181818181818,1.6127838567197355,0.0,0.0,7.34,4.92,7.37,7.2,29.69,24.01,14.92,4.55
3532207,SP,Sudeste,1,faixa intermediária,85,0.532,0.60604393,753.67126,0.9340659340659341,1.9294189257142926,0.0,1.1,3.68,8.46,12.09,20.0,18.57,19.62,12.75,3.74
3532405,SP,Sudeste,1,faixa intermediária,211,0.46799999999999997,0.60112035,750.89813,0.9134199134199135,2.3242824552976926,0.33333334,2.87,4.44,11.13,9.18,16.59,19.95,18.53,12.1,5.21
3532504,SP,Sudeste,1,faixa intermediária,78,0.9059999999999999,0.744675,768.01715,0.9512195121951219,1.8920946026904804,0.0,2.44,0.0,2.58,10.32,12.72,30.85,19.45,12.58,9.04
3532603,SP,Sudeste,1,faixa intermediária,70,0.665,0.70290405,763.1251,0.9210526315789473,1.845098040014257,0.13157894,0.0,4.08,4.39,9.96,12.73,27.65,20.05,15.73,5.41
3532702,SP,Sudeste,1,faixa intermediária,57,0.938,0.8023893,775.1937,0.8142857142857143,1.7558748556724915,0.0,0.0,0.0,3.43,7.3,14.41,22.82,27.73,18.93,5.38
3532801,SP,Sudeste,1,faixa intermediária,61,0.5770000000000001,0.7374921,767.7035,0.8840579710144928,1.7853298350107671,0.0,0.0,0.0,3.2,16.55,9.71,27.81,17.83,16.45,8.45
3532827,SP,Sudeste,1,faixa intermediária,109,0.451,0.61551005,755.12384,0.9646017699115044,2.037426497940624,0.0,1.86,3.58,11.87,9.97,17.63,16.29,21.1,10.2,7.5
3532843,SP,Sudeste,1,faixa intermediária,18,0.79,0.7222222,770.92224,1.0,1.255272505103306,0.0,0.0,0.0,0.0,0.0,27.78,33.33,16.67,22.22,0.0
3532900,SP,Sudeste,1,faixa intermediária,86,0.506,0.68756425,764.40314,0.8865979381443299,1.9344984512435677,0.0,3.79,0.0,8.39,12.38,7.76,13.35,27.58,23.19,3.56
3533007,SP,Sudeste,1,faixa intermediária,181,0.612,0.59939206,754.11774,0.9526315789473684,2.2576785748691846,0.0,1.05,3.33,4.99,15.41,22.52,18.27,17.79,12.27,4.38
3533106,SP,Sudeste,1,faixa intermediária,18,0.667,0.8333334,781.1203,0.9473684210526315,1.255272505103306,0.0,0.0,0.0,0.0,0.0,16.67,33.33,11.11,33.33,5.56
3533205,SP,Sudeste,1,faixa intermediária,45,0.498,0.88794327,781.3014,0.9574468085106383,1.6532125137753437,0.0,0.0,0.0,2.27,0.0,11.21,13.48,53.48,17.45,2.13
3533254,SP,Sudeste,1,faixa intermediária,78,0.6859999999999999,0.6399039,752.1521,0.975,1.8920946026904804,0.0,1.25,5.14,8.99,12.88,14.09,23.22,23.08,10.1,1.25
3533304,SP,Sudeste,1,faixa intermediária,41,0.779,0.7333333,764.66705,0.9761904761904762,1.6127838567197355,0.0,0.0,4.76,2.38,14.64,12.14,19.52,24.4,19.64,2.5
3533403,SP,Sudeste,1,faixa intermediária,491,0.5489999999999999,0.57959735,751.93414,0.9281663516068053,2.6910814921229687,0.0,1.04,3.28,9.96,14.36,18.29,20.81,16.3,12.22,3.74
3533502,SP,Sudeste,1,faixa intermediária,357,0.616,0.75662494,770.3067,0.949468085106383,2.552668216112193,0.0,0.83,0.8,4.15,7.22,16.16,23.91,21.67,14.51,10.76
3533601,SP,Sudeste,1,faixa intermediária,77,0.695,0.6487952,758.944,0.927710843373494,1.8864907251724818,0.0,0.0,1.45,5.3,11.78,26.91,16.11,24.52,8.89,5.05
3533809,SP,Sudeste,1,faixa intermediária,20,0.5710000000000001,0.7,766.7113,1.0,1.3010299956639813,0.0,0.0,5.0,0.0,5.0,30.0,25.0,10.0,15.0,10.0
3533908,SP,Sudeste,1,faixa intermediária,541,0.612,0.7471973,771.30853,0.9153976311336718,2.7331972651065692,0.0,2.26,2.0,4.94,5.8,13.5,18.68,22.44,18.61,11.77
3534005,SP,Sudeste,1,faixa intermediária,43,0.47100000000000003,0.7445312,759.7285,0.8958333333333334,1.6334684555795864,0.0,2.6,4.44,2.21,4.82,25.16,25.93,8.86,23.75,2.22
3534500,SP,Sudeste,1,faixa intermediária,25,0.682,0.88165677,775.81793,0.9615384615384616,1.3979400086720377,0.0,0.0,0.0,7.69,0.0,7.99,24.85,39.64,15.68,4.14
3534609,SP,Sudeste,1,faixa intermediária,223,0.583,0.5923203,750.25323,0.9570815450643777,2.3483048630481607,0.0,1.77,5.02,10.29,12.96,16.62,18.02,21.19,11.5,2.62
3534807,SP,Sudeste,1,faixa intermediária,88,0.82,0.7606878,771.3704,0.9777777777777777,1.9444826721501687,0.0,0.0,2.28,3.39,7.99,12.6,21.6,24.98,18.21,8.94
3535002,SP,Sudeste,1,faixa intermediária,130,0.58,0.720281,764.08777,0.9774436090225563,2.113943352306837,0.0,0.0,1.5,3.92,9.34,17.17,26.06,22.23,18.27,1.5
3535101,SP,Sudeste,1,faixa intermediária,98,0.8270000000000001,0.77459997,777.37085,0.98,1.9912260756924949,0.0,0.0,0.0,3.13,9.25,12.17,17.33,24.24,22.48,11.4
3535200,SP,Sudeste,1,faixa intermediária,76,0.6759999999999999,0.83906794,769.92035,0.95,1.8808135922807914,0.0,0.0,0.0,1.32,3.95,20.25,32.99,28.47,5.27,7.76
3535903,SP,Sudeste,1,faixa intermediária,58,0.324,0.8288889,773.67114,0.9666666666666667,1.7634279935629373,0.0,0.0,0.0,0.0,8.56,15.22,26.89,27.33,9.22,12.78
3536000,SP,Sudeste,1,faixa intermediária,98,0.7559999999999999,0.73378724,767.1371,0.9423076923076923,1.9912260756924949,0.0,1.05,4.1,2.01,11.23,10.19,24.69,22.47,16.04,8.21
3536208,SP,Sudeste,1,faixa intermediária,173,0.645,0.61361116,751.7961,0.8917525773195877,2.2380461031287955,0.0,2.84,4.96,5.99,11.06,17.93,22.45,18.25,14.16,2.37
3536307,SP,Sudeste,1,faixa intermediária,190,0.447,0.669984,756.8537,0.9405940594059405,2.278753600952829,0.0,2.62,3.16,6.24,9.47,19.87,23.03,16.66,13.76,5.19
3536406,SP,Sudeste,1,faixa intermediária,112,0.672,0.7586095,772.87366,0.9572649572649573,2.0492180226701815,0.0,0.0,0.0,0.9,10.67,17.07,18.65,26.72,22.39,3.61
3536505,SP,Sudeste,1,faixa intermediária,1040,0.485,0.6139356,753.8403,0.9067131647776809,3.0170333392987803,0.0,2.23,3.25,6.92,13.67,19.37,20.36,16.35,12.6,5.26
3536570,SP,Sudeste,1,faixa intermediária,19,0.38299999999999995,0.73684216,762.9838,0.95,1.2787536009528289,0.0,0.0,0.0,10.53,0.0,15.79,42.11,10.53,21.05,0.0
3536604,SP,Sudeste,1,faixa intermediária,60,0.504,0.80889034,770.72925,0.8955223880597015,1.7781512503836436,0.0,0.0,0.0,4.76,1.56,21.33,23.77,30.06,13.2,5.33
3537156,SP,Sudeste,1,faixa intermediária,31,0.6970000000000001,0.6791667,762.2145,0.96875,1.4913616938342726,0.0,0.0,3.12,6.25,19.58,6.25,22.71,19.79,15.83,6.46
3537305,SP,Sudeste,1,faixa intermediária,535,0.606,0.62996763,754.3434,0.9452296819787986,2.7283537820212285,0.24558304,1.27,5.19,7.84,11.86,16.27,22.65,18.82,11.09,5.03
3537404,SP,Sudeste,1,faixa intermediária,205,0.6609999999999999,0.8347308,779.14325,0.9234234234234234,2.311753861055754,0.0,0.59,1.04,2.95,6.71,12.44,16.02,28.74,17.63,13.89
3537503,SP,Sudeste,1,faixa intermediária,98,0.514,0.66695476,754.7908,0.9074074074074074,1.9912260756924949,0.0,2.0,4.16,6.32,8.27,14.59,27.2,27.22,9.2,1.03
3537701,SP,Sudeste,1,faixa intermediária,62,0.8320000000000001,0.76680166,773.29254,0.9538461538461539,1.792391689498254,0.0,0.0,3.08,6.15,4.62,14.09,17.65,18.95,30.12,5.34
3537800,SP,Sudeste,1,faixa intermediária,622,0.586,0.63254297,753.47943,0.9438543247344461,2.7937903846908188,0.0,4.15,4.06,7.58,11.8,14.77,20.44,19.15,12.15,5.91
3537909,SP,Sudeste,1,faixa intermediária,316,0.5670000000000001,0.63330126,752.72534,0.9432835820895522,2.499687082618404,0.0,3.7,5.01,7.36,10.11,16.47,20.27,21.35,10.97,4.77
3538006,SP,Sudeste,1,faixa intermediária,1412,0.545,0.6379641,758.3088,0.8641370869033048,3.149834696715785,0.0,1.22,2.89,6.24,12.66,18.76,19.86,18.34,13.65,6.38
3538105,SP,Sudeste,1,faixa intermediária,113,0.465,0.6336605,753.05554,0.904,2.0530784434834195,0.0,1.6,2.74,5.29,18.16,15.21,24.68,20.75,8.98,2.6
3538204,SP,Sudeste,1,faixa intermediária,138,0.7809999999999999,0.7879159,774.2553,0.9261744966442953,2.1398790864012365,0.0,1.66,1.53,1.44,6.4,15.81,25.26,15.14,17.58,15.18
3538501,SP,Sudeste,1,faixa intermediária,87,0.655,0.6956163,766.4372,0.90625,1.9395192526186185,0.0,0.0,2.48,6.71,9.81,12.47,21.15,23.92,13.73,9.71
3538808,SP,Sudeste,1,faixa intermediária,281,0.647,0.71355534,762.8756,0.9429530201342282,2.44870631990508,0.0,0.4,2.21,3.86,10.43,17.9,27.36,19.48,14.86,3.5
3539004,SP,Sudeste,1,faixa intermediária,103,0.8370000000000001,0.75606334,771.8783,0.9196428571428571,2.012837224705172,0.0,0.0,0.89,3.1,11.9,12.22,16.21,29.55,16.81,9.31
3539202,SP,Sudeste,1,faixa intermediária,230,0.7509999999999999,0.69438547,764.2169,0.8712121212121212,2.361727836017593,0.0,0.88,0.88,6.16,10.08,20.75,18.15,19.69,18.25,5.16
3539509,SP,Sudeste,1,faixa intermediária,339,0.629,0.6724006,761.4381,0.952247191011236,2.530199698203082,0.0,1.47,1.72,7.65,14.9,12.06,20.1,19.09,14.84,8.17
3539707,SP,Sudeste,1,faixa intermediária,39,0.7140000000000001,0.8460686,778.32666,0.9069767441860465,1.591064607026499,0.0,0.0,0.0,0.0,12.85,7.68,18.01,28.24,28.09,5.13
3540002,SP,Sudeste,1,faixa intermediária,170,0.621,0.60322887,748.95496,0.8994708994708994,2.230448921378274,0.0,2.27,7.24,11.06,7.18,18.74,17.89,20.99,9.5,5.14
3540200,SP,Sudeste,1,faixa intermediária,376,0.6,0.64472044,758.8758,0.928395061728395,2.575187844927661,0.0,2.59,2.04,5.08,13.92,17.68,19.74,21.04,10.08,7.83
3540309,SP,Sudeste,1,faixa intermediária,23,0.7140000000000001,0.7425044,773.4676,0.8518518518518519,1.3617278360175928,0.0,0.0,0.0,4.94,4.94,20.81,16.84,25.75,17.81,8.91
3540408,SP,Sudeste,1,faixa intermediária,40,0.779,0.7969017,782.7784,0.8333333333333334,1.6020599913279623,0.0,0.0,0.0,2.56,4.93,15.18,19.74,19.5,15.14,22.95
3540507,SP,Sudeste,1,faixa intermediária,82,0.6990000000000001,0.6038292,754.10895,0.8913043478260869,1.9138138523837167,0.0,1.17,2.85,8.75,13.45,19.7,20.04,13.18,18.52,2.33
3540606,SP,Sudeste,1,faixa intermediária,519,0.736,0.700797,766.63983,0.9185840707964602,2.7151673578484576,0.0,1.14,2.88,4.64,12.13,12.78,18.23,21.66,16.03,10.51
3540804,SP,Sudeste,1,faixa intermediária,196,0.607,0.62549144,752.7472,0.8789237668161435,2.292256071356476,0.0,2.48,4.31,7.28,10.89,16.95,24.57,17.59,11.22,4.72
3540903,SP,Sudeste,1,faixa intermediária,191,0.742,0.62534636,756.60455,0.9455445544554455,2.2810333672477277,0.0,1.05,5.31,7.87,12.1,14.83,20.61,19.48,11.35,7.4
3541208,SP,Sudeste,1,faixa intermediária,64,0.642,0.797209,777.8258,0.8888888888888888,1.806179973983887,0.0,0.0,2.96,6.55,4.5,12.82,12.73,22.78,19.24,18.42
3541307,SP,Sudeste,1,faixa intermediária,407,0.484,0.72167444,768.39154,0.9487179487179487,2.60959440922522,0.60139865,1.48,1.98,6.13,8.35,13.92,19.53,19.72,17.97,10.92
3541406,SP,Sudeste,1,faixa intermediária,1708,0.541,0.6112493,752.74146,0.8942408376963351,3.232487866352986,0.0,3.74,4.67,7.08,12.9,14.74,19.63,19.1,12.26,5.89
3541505,SP,Sudeste,1,faixa intermediária,254,0.601,0.7657075,771.8528,0.9621212121212122,2.404833716619938,0.0,0.38,2.7,4.68,7.5,13.62,19.59,21.98,18.42,11.13
3541604,SP,Sudeste,1,faixa intermediária,273,0.674,0.7350757,766.8912,0.9254237288135593,2.436162647040756,0.39661017,0.36,3.91,4.02,7.77,13.31,22.47,23.98,19.44,4.74
3541653,SP,Sudeste,1,faixa intermediária,59,0.507,0.6539337,751.75195,0.8676470588235294,1.7708520116421442,0.0,1.9,7.49,6.5,9.88,14.55,25.21,23.43,11.04,0.0
3541703,SP,Sudeste,1,faixa intermediária,110,0.6629999999999999,0.68434143,758.8972,0.9243697478991597,2.041392685158225,0.0,0.89,4.76,6.16,10.01,15.91,21.35,25.06,10.23,5.63
3541901,SP,Sudeste,1,faixa intermediária,95,0.619,0.68794405,759.4235,0.9047619047619048,1.9777236052888478,0.0,1.95,4.01,4.15,11.19,13.89,21.05,24.2,16.61,2.95
3542008,SP,Sudeste,1,faixa intermediária,68,0.517,0.6470588,762.12695,0.9714285714285714,1.8325089127062364,0.0,2.86,0.0,8.82,13.36,13.19,20.42,11.76,19.41,10.17
3542107,SP,Sudeste,1,faixa intermediária,112,0.841,0.7079984,770.8169,0.9655172413793104,2.0492180226701815,0.0,0.9,0.9,8.15,9.19,11.82,17.87,20.56,14.01,16.59
3542206,SP,Sudeste,1,faixa intermediária,346,0.6,0.6002203,753.6266,0.9202127659574468,2.5390760987927767,0.0,0.59,3.18,8.73,15.47,17.25,21.17,15.99,13.02,4.6
3542305,SP,Sudeste,1,faixa intermediária,51,0.833,0.8433048,780.77576,0.9444444444444444,1.7075701760979363,0.0,1.85,1.85,1.85,4.13,11.97,28.06,11.54,22.22,16.52
3542404,SP,Sudeste,1,faixa intermediária,170,0.777,0.61092913,752.58685,0.9239130434782609,2.230448921378274,0.0,1.09,5.89,9.66,9.44,17.52,24.64,15.36,12.23,4.18
3542602,SP,Sudeste,1,faixa intermediária,514,0.523,0.6381298,754.8204,0.9113475177304965,2.710963118995276,0.0,3.15,5.64,6.75,11.65,15.65,19.67,15.31,13.65,8.52
3543006,SP,Sudeste,1,faixa intermediária,230,0.531,0.6479114,756.9754,0.9663865546218487,2.361727836017593,0.0,1.29,3.89,6.51,9.15,18.65,25.66,17.85,11.86,5.15
3543204,SP,Sudeste,1,faixa intermediária,46,0.741,0.58928573,759.12787,0.9583333333333334,1.662757831681574,0.0,0.0,0.0,4.32,10.96,30.26,15.42,21.69,15.14,2.21
3543253,SP,Sudeste,1,faixa intermediária,82,0.637,0.6084242,753.2304,0.9425287356321839,1.9138138523837167,0.0,1.2,3.6,9.7,15.87,12.38,22.11,19.55,10.79,4.79
3543303,SP,Sudeste,1,faixa intermediária,1002,0.644,0.6699862,760.58936,0.9277777777777778,3.0008677215312267,0.58703697,1.22,2.47,7.96,10.14,17.12,19.5,19.72,16.18,5.7
3543501,SP,Sudeste,1,faixa intermediária,83,0.8109999999999999,0.64169043,757.9284,0.9540229885057471,1.919078092376074,0.0,2.46,0.0,4.66,13.2,21.75,19.19,24.11,11.12,3.51
3543709,SP,Sudeste,1,faixa intermediária,89,0.589,0.74833655,774.77747,0.898989898989899,1.9493900066449128,0.0,1.37,4.71,2.21,9.21,12.06,14.34,21.15,16.05,18.9
3544103,SP,Sudeste,1,faixa intermediária,394,0.317,0.6180451,755.53485,0.9314420803782506,2.595496221825574,0.964539,0.47,3.42,5.72,15.79,16.62,20.9,23.39,9.64,4.04
3544251,SP,Sudeste,1,faixa intermediária,159,0.595,0.82365674,776.43494,0.9298245614035088,2.2013971243204513,0.2339181,1.94,0.65,4.99,2.56,10.67,20.73,28.75,18.14,11.57
3544301,SP,Sudeste,1,faixa intermediária,129,0.636,0.6719846,753.2264,0.9020979020979021,2.110589710299249,0.0,3.68,3.98,5.37,13.05,14.31,25.31,20.14,9.62,4.55
3544400,SP,Sudeste,1,faixa intermediária,28,0.534,0.82142854,773.10925,0.9333333333333333,1.4471580313422192,0.0,0.0,3.57,0.0,14.29,3.57,25.0,25.0,21.43,7.14
3544509,SP,Sudeste,1,faixa intermediária,32,0.605,0.75,776.1556,0.9142857142857143,1.505149978319906,0.0,0.0,0.0,0.0,6.43,21.79,24.82,12.32,31.61,3.04
3544806,SP,Sudeste,1,faixa intermediária,69,0.68,0.6837462,759.5898,0.9324324324324325,1.8388490907372552,0.0,0.0,2.87,7.26,13.06,17.12,18.83,20.4,13.21,7.24
3545001,SP,Sudeste,1,faixa intermediária,198,0.6459999999999999,0.65515566,756.72437,0.9041095890410958,2.296665190261531,0.0,1.52,1.53,6.41,14.97,12.62,29.12,16.23,13.44,4.16
3545100,SP,Sudeste,1,faixa intermediária,54,0.5710000000000001,0.6169287,757.03265,0.9310344827586207,1.7323937598229686,0.0,0.0,5.78,11.75,11.56,14.65,11.03,21.73,14.48,9.04
3545159,SP,Sudeste,1,faixa intermediária,101,0.6559999999999999,0.6445139,754.00653,0.9181818181818182,2.0043213737826426,0.0,0.91,5.31,8.66,10.39,21.06,18.92,12.85,20.99,0.91
3545209,SP,Sudeste,1,faixa intermediária,1303,0.562,0.6733176,758.44226,0.9241134751773049,3.1149444157125847,0.41489363,1.88,2.85,6.59,10.39,17.32,23.09,19.92,12.23,5.73
3545605,SP,Sudeste,1,faixa intermediária,120,0.607,0.64327365,754.8349,0.851063829787234,2.0791812460476247,0.0,0.0,4.91,6.3,14.44,14.18,25.57,18.51,12.96,3.14
3545704,SP,Sudeste,1,faixa intermediária,65,0.6559999999999999,0.58208954,755.3098,0.9701492537313433,1.8129133566428555,0.0,1.64,4.63,7.76,16.72,15.82,12.24,17.01,16.57,7.61
3545803,SP,Sudeste,1,faixa intermediária,1579,0.546,0.66843903,761.1713,0.9095622119815668,3.1983821300082944,0.1578341,2.11,3.34,5.62,10.74,15.72,19.38,19.95,16.38,6.76
3546207,SP,Sudeste,1,faixa intermediária,30,0.6659999999999999,0.7335973,762.2046,0.9375,1.4771212547196624,0.0,0.0,3.37,3.31,13.24,13.4,23.33,30.01,13.35,0.0
3546405,SP,Sudeste,1,faixa intermediária,388,0.527,0.70728326,761.85657,0.9371980676328503,2.5888317255942073,0.26086956,0.49,1.36,7.73,9.12,15.55,24.23,23.52,12.85,5.14
3546702,SP,Sudeste,1,faixa intermediária,290,0.597,0.64047885,754.4247,0.8895705521472392,2.462397997898956,0.0,2.34,5.13,10.29,7.15,14.57,19.55,23.19,14.04,3.75
3546801,SP,Sudeste,1,faixa intermediária,506,0.722,0.67173463,758.78564,0.8815331010452961,2.7041505168397992,0.0,0.64,4.44,7.93,10.29,13.44,23.79,22.02,11.9,5.55
3546900,SP,Sudeste,1,faixa intermediária,93,0.6679999999999999,0.70683235,757.23883,0.9489795918367347,1.968482948553935,0.0,2.17,1.15,7.51,9.57,17.48,25.47,23.54,6.62,6.5
3547403,SP,Sudeste,1,faixa intermediária,17,0.604,0.5294118,758.7976,0.8947368421052632,1.2304489213782739,0.0,0.0,0.0,11.76,5.88,29.41,5.88,29.41,5.88,11.76
3547502,SP,Sudeste,1,faixa intermediária,158,0.624,0.6797109,763.1158,0.9132947976878613,2.1986570869544226,0.0,0.63,1.85,9.7,11.45,12.7,19.08,17.78,18.07,8.73
3547601,SP,Sudeste,1,faixa intermediária,199,0.7440000000000001,0.75318027,768.5153,0.943127962085308,2.298853076409707,0.0,1.0,1.01,3.99,8.03,16.19,22.12,25.05,16.58,6.04
3547700,SP,Sudeste,1,faixa intermediária,87,0.8,0.79010993,775.3693,0.9560439560439561,1.9395192526186185,0.0,2.25,0.0,0.0,9.31,17.53,14.07,31.15,9.01,16.68
3547908,SP,Sudeste,1,faixa intermediária,64,0.49700000000000005,0.6718344,758.3007,0.9142857142857143,1.806179973983887,0.0,1.7,3.16,1.49,18.89,13.89,21.84,20.31,18.71,0.0
3548005,SP,Sudeste,1,faixa intermediária,213,0.5429999999999999,0.62066334,755.27747,0.902542372881356,2.3283796034387376,0.0,2.27,4.49,4.98,12.44,21.21,14.89,22.03,12.12,5.57
3548054,SP,Sudeste,1,faixa intermediária,87,0.502,0.6221544,756.43964,0.925531914893617,1.9395192526186185,0.0,0.0,2.47,9.43,12.96,19.88,16.46,23.68,10.3,4.82
3548104,SP,Sudeste,1,faixa intermediária,69,0.715,0.72452563,767.16077,0.9583333333333334,1.8388490907372552,0.0,0.0,1.45,5.8,10.15,17.39,17.39,20.27,20.29,7.26
3548203,SP,Sudeste,1,faixa intermediária,72,0.429,0.73679066,768.03754,0.9863013698630136,1.8573324964312685,0.0,0.0,6.95,4.11,5.48,12.52,16.73,25.05,25.05,4.11
3548401,SP,Sudeste,1,faixa intermediária,62,0.7390000000000001,0.77358633,778.0504,0.96875,1.792391689498254,0.0,0.0,0.0,1.67,6.57,16.07,17.83,22.74,27.09,8.02
3548807,SP,Sudeste,1,faixa intermediária,1096,0.61,0.661232,757.70795,0.8845843422114609,3.0398105541483504,0.0,1.84,2.09,6.86,12.19,17.25,21.33,21.41,12.52,4.51
3548906,SP,Sudeste,1,faixa intermediária,2049,0.516,0.61897993,754.8315,0.9070385126162018,3.311541958401195,0.5124102,2.76,3.8,8.46,11.58,16.32,20.06,17.86,12.84,6.33
3549102,SP,Sudeste,1,faixa intermediária,627,0.546,0.6160049,754.1458,0.9008620689655172,2.7972675408307164,0.0,1.74,3.3,8.23,12.22,19.61,18.52,19.6,12.05,4.73
3549201,SP,Sudeste,1,faixa intermediária,10,0.8640000000000001,0.8,768.7387,0.7142857142857143,1.0,0.0,0.0,0.0,0.0,20.0,0.0,40.0,10.0,30.0,0.0
3549409,SP,Sudeste,1,faixa intermediária,416,0.455,0.67937523,761.6083,0.9369369369369369,2.6190933306267428,0.713964,1.88,3.62,4.39,12.38,15.66,19.0,19.03,17.35,6.68
3549706,SP,Sudeste,1,faixa intermediária,415,0.47700000000000004,0.67615783,763.76794,0.9284116331096197,2.6180480967120925,0.4474273,0.74,2.75,6.37,9.51,17.26,19.87,19.38,16.71,7.4
3549904,SP,Sudeste,1,faixa intermediária,6763,0.574,0.6452159,757.962,0.9263114641829886,3.830139387425343,0.17723599,2.25,4.0,7.59,11.33,14.95,18.45,19.5,15.18,6.75
3550001,SP,Sudeste,1,faixa intermediária,88,0.7340000000000001,0.596616,750.0639,0.946236559139785,1.9444826721501687,0.0,5.47,4.5,7.77,8.14,18.91,23.63,11.78,12.61,7.19
3550100,SP,Sudeste,1,faixa intermediária,414,0.597,0.6052599,750.5802,0.9345372460496614,2.617000341120899,0.0,3.12,5.71,8.51,13.8,13.39,20.65,18.41,10.81,5.62
3550209,SP,Sudeste,1,faixa intermediária,315,0.57,0.73781455,765.623,0.9516616314199395,2.4983105537896004,0.0,2.21,3.76,3.51,8.92,12.6,22.86,18.62,19.6,7.93
3550506,SP,Sudeste,1,faixa intermediária,84,0.6920000000000001,0.71420676,759.908,0.9545454545454546,1.9242792860618816,0.0,1.2,2.38,4.77,9.52,22.62,25.0,14.27,14.29,5.95
3550803,SP,Sudeste,1,faixa intermediária,98,0.648,0.6866459,761.3249,0.9158878504672897,1.9912260756924949,0.0,0.0,0.98,2.01,14.09,17.25,29.3,19.36,16.06,0.93
3550902,SP,Sudeste,1,faixa intermediária,83,0.628,0.6773326,761.53674,0.9764705882352941,1.919078092376074,0.20000002,2.35,4.75,4.71,9.59,13.27,24.13,18.07,17.05,6.08
3551207,SP,Sudeste,1,faixa intermediária,45,0.79,0.799672,776.7529,0.9183673469387755,1.6532125137753437,0.0,0.0,0.0,2.17,6.84,15.37,21.88,31.38,13.35,9.01
3551306,SP,Sudeste,1,faixa intermediária,34,0.838,0.7586336,775.8083,0.918918918918919,1.5314789170422551,0.0,0.0,3.04,2.85,6.08,18.06,8.93,32.51,17.12,11.41
3551900,SP,Sudeste,1,faixa intermediária,161,0.42100000000000004,0.61654186,752.87085,0.8944444444444445,2.2068258760318495,0.0,1.72,4.79,7.35,9.86,18.24,20.02,23.02,12.49,2.51
3552106,SP,Sudeste,1,faixa intermediária,247,0.508,0.606061,753.46136,0.8853046594982079,2.392696953259666,0.11111111,1.71,5.73,5.49,13.61,18.09,16.44,22.74,12.34,3.85
3552700,SP,Sudeste,1,faixa intermediária,171,0.624,0.62048745,751.03674,0.9144385026737968,2.2329961103921536,0.10695187,1.76,2.91,10.51,13.4,16.38,23.22,16.14,11.54,4.13
3552908,SP,Sudeste,1,faixa intermediária,76,0.799,0.67003965,763.5976,0.95,1.8808135922807914,0.0,0.0,1.31,7.83,9.16,20.03,11.89,28.92,14.48,6.38
3553005,SP,Sudeste,1,faixa intermediária,134,0.586,0.71379316,764.1949,0.9178082191780822,2.1271047983648077,0.0,0.0,0.0,6.18,8.0,22.87,21.0,24.0,12.34,5.61
3553203,SP,Sudeste,1,faixa intermediária,61,0.6809999999999999,0.5736979,749.95526,0.953125,1.7853298350107671,0.0,0.0,1.64,9.84,11.48,29.51,21.31,18.03,4.92,3.27
3553302,SP,Sudeste,1,faixa intermediária,189,0.47700000000000004,0.59741926,755.7117,0.9402985074626866,2.2764618041732443,0.0,2.09,2.64,8.45,15.18,17.27,15.34,19.67,14.65,4.7
3553401,SP,Sudeste,1,faixa intermediária,233,0.652,0.7407121,769.9201,0.9173228346456693,2.367355921026019,0.0,1.68,1.72,6.41,7.97,10.19,20.34,23.6,18.06,10.02
3553609,SP,Sudeste,1,faixa intermediária,111,0.535,0.79506195,772.32294,0.940677966101695,2.0453229787866576,0.0,0.0,0.85,1.96,9.27,14.09,26.08,19.75,25.33,2.66
3553708,SP,Sudeste,1,faixa intermediária,406,0.621,0.7282934,769.76013,0.8826086956521739,2.6085260335771943,0.0,1.26,2.11,3.5,9.27,13.91,20.38,22.02,16.23,11.31
3553906,SP,Sudeste,1,faixa intermediária,78,0.785,0.67982954,757.23627,0.975,1.8920946026904804,0.0,0.0,6.41,3.83,6.36,22.92,27.17,17.73,9.02,6.56
3554201,SP,Sudeste,1,faixa intermediária,64,0.7340000000000001,0.59375,750.35547,1.0,1.806179973983887,0.0,3.13,7.81,6.25,9.38,23.44,18.75,10.94,18.75,1.56
3554300,SP,Sudeste,1,faixa intermediária,223,0.6679999999999999,0.72778374,767.219,0.9102040816326531,2.3483048630481607,0.07755102,0.43,1.63,8.09,6.31,15.47,20.27,22.56,15.59,9.66
3554409,SP,Sudeste,1,faixa intermediária,73,0.672,0.7429335,765.31323,0.948051948051948,1.863322860120456,0.0,1.3,0.0,3.9,7.94,19.21,30.21,17.9,13.54,6.0
3554508,SP,Sudeste,1,faixa intermediária,301,0.484,0.6249617,757.70294,0.940625,2.4785664955938436,0.0,1.03,2.38,6.14,13.74,20.99,17.59,19.76,11.97,6.39
3554904,SP,Sudeste,1,faixa intermediária,76,0.895,0.69580066,760.71265,0.9620253164556962,1.8808135922807914,0.0,0.0,2.66,6.66,10.52,18.43,19.72,26.26,7.94,7.81
3555208,SP,Sudeste,1,faixa intermediária,15,1.0,0.93333334,784.1373,0.8823529411764706,1.1760912590556813,0.0,0.0,0.0,0.0,6.67,0.0,26.67,40.0,13.33,13.33
3555307,SP,Sudeste,1,faixa intermediária,17,0.455,0.7058824,745.0555,0.9444444444444444,1.2304489213782739,0.0,5.88,11.76,0.0,11.76,0.0,35.29,29.41,5.88,0.0
3555356,SP,Sudeste,1,faixa intermediária,69,0.606,0.74440587,769.36304,0.9583333333333334,1.8388490907372552,0.0,1.39,2.78,4.32,9.88,11.36,18.56,22.16,19.16,10.4
3556008,SP,Sudeste,1,faixa intermediária,114,0.8059999999999999,0.6568418,758.50336,0.9047619047619048,2.0569048513364727,0.0,0.0,2.51,5.27,13.29,22.21,24.68,14.9,9.51,7.63
3556107,SP,Sudeste,1,faixa intermediária,134,0.6709999999999999,0.8595336,778.0495,0.9178082191780822,2.1271047983648077,0.0,0.0,0.0,1.49,7.44,10.09,25.63,28.04,21.39,5.92
3556305,SP,Sudeste,1,faixa intermediária,269,0.644,0.7043923,765.4067,0.950530035335689,2.429752280002408,0.0,1.12,2.23,6.38,9.04,15.23,21.81,16.65,18.76,8.78
3556354,SP,Sudeste,1,faixa intermediária,86,0.745,0.65339684,754.8619,0.8514851485148515,1.9344984512435677,0.0,2.33,8.74,6.77,7.32,14.18,19.17,19.61,18.37,3.51
3556404,SP,Sudeste,1,faixa intermediária,370,0.695,0.6150835,753.30365,0.9181141439205955,2.568201724066995,0.0,2.16,4.4,6.87,13.06,17.47,21.66,17.42,11.72,5.25
3556453,SP,Sudeste,1,faixa intermediária,545,0.561,0.6458851,755.6218,0.9268707482993197,2.7363965022766426,0.0,3.22,3.79,5.34,10.08,19.02,22.77,17.67,13.66,4.46
3556800,SP,Sudeste,1,faixa intermediária,159,0.636,0.6022714,749.40814,0.9578313253012049,2.2013971243204513,0.0,5.1,6.36,6.86,11.34,13.85,20.24,21.91,9.99,4.35
3557105,SP,Sudeste,1,faixa intermediária,743,0.49700000000000005,0.6166371,753.60876,0.9405063291139241,2.8709888137605755,0.0,2.85,4.35,5.1,12.75,17.19,22.19,18.65,14.25,2.68
4100202,PR,Sul,1,faixa intermediária,70,0.6008050441741943,0.6095936,746.44653,0.9333333333333333,1.845098040014257,0.0,0.0,4.43,10.23,11.51,20.08,31.18,18.21,2.92,1.44
4100301,PR,Sul,1,faixa intermediária,140,0.7583739161491394,0.8751114,775.8866,0.89171974522293,2.146128035678238,0.0,0.68,0.72,2.71,2.88,9.13,31.46,30.74,13.32,8.36
4100459,PR,Sul,1,faixa intermediária,47,0.7908329367637634,0.7446808,750.2511,1.0,1.6720978579357175,0.0,4.26,2.13,2.13,6.38,14.89,53.19,14.89,2.13,0.0
4100509,PR,Sul,1,faixa intermediária,229,0.7039516568183899,0.781662,759.2359,0.916,2.359835482339888,0.0,0.4,0.4,3.2,6.39,22.45,42.28,17.46,4.98,2.45
4100608,PR,Sul,1,faixa intermediária,156,0.6499991416931152,0.70127314,753.56805,0.8524590163934426,2.1931245983544616,0.0,1.68,1.43,3.11,7.14,26.6,37.34,17.37,4.14,1.19
4100707,PR,Sul,1,faixa intermediária,125,0.7472618222236633,0.64645696,749.58374,0.9541984732824428,2.0969100130080562,0.0,2.58,4.76,3.2,7.98,27.13,29.65,19.87,4.06,0.76
4100806,PR,Sul,1,faixa intermediária,106,0.6938918828964233,0.7248322,752.2225,0.848,2.0253058652647704,0.0,1.98,1.84,5.52,7.77,23.7,32.79,20.72,5.67,0.0
4100905,PR,Sul,1,faixa intermediária,77,0.7189014554023743,0.7672917,756.683,0.9390243902439024,1.8864907251724818,0.0,3.81,1.27,2.58,3.91,18.28,38.75,24.94,6.45,0.0
4101002,PR,Sul,1,faixa intermediária,231,0.6551069021224976,0.7005304,754.3025,0.8884615384615384,2.3636119798921444,0.0,2.32,2.7,3.87,6.87,22.06,36.25,18.18,5.25,2.5
4101051,PR,Sul,1,faixa intermediária,33,0.6240158081054688,0.6998604,751.4466,0.7674418604651163,1.5185139398778875,0.0,2.94,0.0,9.03,2.94,24.16,39.5,18.28,3.16,0.0
4101101,PR,Sul,1,faixa intermediária,200,0.65016770362854,0.64826745,745.87506,0.9345794392523364,2.3010299956639813,0.0,2.04,5.86,6.47,7.47,21.37,38.79,14.42,2.61,0.97
4101150,PR,Sul,1,faixa intermediária,43,0.9008628726005554,0.8615513,786.3534,0.8958333333333334,1.6334684555795864,0.0,0.0,0.0,2.26,0.0,13.85,23.19,32.68,11.28,16.73
4101200,PR,Sul,1,faixa intermediária,198,0.6630862951278687,0.63742983,749.49316,0.8959276018099548,2.296665190261531,0.0,2.26,2.84,5.63,9.11,23.46,32.72,18.32,4.08,1.58
4101309,PR,Sul,1,faixa intermediária,93,0.9140892028808594,0.88254935,764.5254,0.9117647058823529,1.968482948553935,0.0,0.0,1.2,2.11,0.0,14.75,52.86,24.58,3.46,1.04
4101408,PR,Sul,1,faixa intermediária,1191,0.8213593363761902,0.7877935,764.0806,0.8776713338246132,3.0759117614827773,0.0,1.43,2.32,4.81,3.78,15.7,31.11,26.89,10.17,3.8
4101507,PR,Sul,1,faixa intermediária,1193,0.7598047852516174,0.709714,755.20917,0.8689002184996358,3.076640443670342,0.0,2.02,4.13,5.3,5.19,20.65,31.66,21.23,6.99,2.84
4101606,PR,Sul,1,faixa intermediária,342,0.7541897296905518,0.6763141,751.0359,0.9,2.534026106056135,0.0,1.75,2.47,5.94,9.81,19.47,36.37,17.78,3.81,2.6
4101655,PR,Sul,1,faixa intermediária,49,0.5439067482948303,0.7630142,764.63153,0.8909090909090909,1.6901960800285136,0.0,0.0,0.0,1.98,6.67,23.09,40.06,13.06,12.73,2.42
4101705,PR,Sul,1,faixa intermediária,173,0.7604756951332092,0.7754982,758.33075,0.9251336898395722,2.2380461031287955,0.0,0.56,1.77,4.58,3.46,21.28,40.19,23.53,4.04,0.59
4101804,PR,Sul,1,faixa intermediária,1943,0.695212721824646,0.6901974,751.9511,0.8389464594127807,3.2884728005997825,0.0,2.21,3.97,5.74,6.23,20.69,32.45,21.76,5.96,0.99
4101853,PR,Sul,1,faixa intermediária,26,0.756009042263031,0.6981254,745.3954,0.8387096774193549,1.414973347970818,0.0,4.3,3.46,0.0,3.46,31.03,50.0,7.76,0.0,0.0
4101903,PR,Sul,1,faixa intermediária,160,0.8871591091156006,0.8023959,766.5803,0.903954802259887,2.2041199826559246,0.0,2.45,2.04,4.53,2.43,15.8,28.68,26.85,11.1,6.13
4102000,PR,Sul,1,faixa intermediária,393,0.8021174073219299,0.8031666,765.99225,0.913953488372093,2.5943925503754266,0.0,0.25,0.81,3.12,5.71,14.83,38.24,25.04,8.33,3.69
4102109,PR,Sul,1,faixa intermediária,256,0.7956639528274536,0.7520384,762.3162,0.8858131487889274,2.4082399653118496,0.0,0.37,2.88,5.09,5.39,16.3,30.08,28.68,7.65,3.57
4102208,PR,Sul,1,faixa intermediária,44,0.9191102385520935,0.8832845,782.0169,0.8627450980392157,1.6434526764861874,0.0,0.0,0.0,0.0,6.92,9.37,25.67,31.32,17.9,8.81
4102307,PR,Sul,1,faixa intermediária,226,0.7583433389663696,0.7518584,758.75885,0.889763779527559,2.3541084391474008,0.0,2.14,2.21,3.36,5.06,19.95,34.49,23.39,6.4,2.98
4102406,PR,Sul,1,faixa intermediária,302,0.7541243433952332,0.7277576,757.0629,0.8988095238095238,2.4800069429571505,0.0,0.0,1.33,3.94,8.07,23.02,34.92,22.22,5.45,1.06
4102505,PR,Sul,1,faixa intermediária,93,0.9099583625793457,0.7763541,762.8187,0.8454545454545455,1.968482948553935,0.0,0.0,1.05,6.42,3.11,19.19,34.64,22.59,9.72,3.27
4102604,PR,Sul,1,faixa intermediária,125,0.7257056832313538,0.73995954,758.71924,0.8741258741258742,2.0969100130080562,0.0,0.0,3.32,1.64,7.09,22.03,38.19,21.48,3.91,2.34
4102703,PR,Sul,1,faixa intermediária,33,0.6296296119689941,0.72409254,764.2097,0.868421052631579,1.5185139398778875,0.0,0.0,3.29,6.08,2.79,15.44,36.46,21.52,8.86,5.57
4102752,PR,Sul,1,faixa intermediária,41,0.7683947086334229,0.881243,770.73627,0.9111111111111111,1.6127838567197355,0.0,0.0,0.0,2.56,2.33,9.54,46.51,19.76,19.31,0.0
4102901,PR,Sul,1,faixa intermediária,229,0.8075902462005615,0.7006136,755.9511,0.8327272727272728,2.359835482339888,0.0,0.0,0.47,5.03,5.0,26.69,39.85,18.19,4.77,0.0
4103008,PR,Sul,1,faixa intermediária,54,0.9375404119491577,0.92945844,773.3522,0.9310344827586207,1.7323937598229686,0.0,0.0,0.0,0.0,3.61,10.85,38.31,35.92,9.44,1.88
4103024,PR,Sul,1,faixa intermediária,28,0.75,0.93112946,774.32166,0.9655172413793104,1.4471580313422192,0.0,0.0,3.45,0.0,0.0,3.45,32.36,53.32,7.43,0.0
4103040,PR,Sul,1,faixa intermediária,64,0.747799277305603,0.604874,749.769,0.8767123287671232,1.806179973983887,0.0,0.0,1.53,7.56,15.25,18.24,39.92,12.63,3.3,1.59
4103156,PR,Sul,1,faixa intermediária,42,0.8735459446907043,0.9348098,783.42584,0.875,1.6232492903979006,0.0,0.0,0.0,2.17,2.17,6.52,18.76,45.42,17.05,7.89
4103206,PR,Sul,1,faixa intermediária,89,0.5352959036827087,0.7289928,753.0551,0.8640776699029126,1.9493900066449128,0.0,1.2,3.34,4.86,7.05,22.19,38.1,17.76,4.53,0.97
4103222,PR,Sul,1,faixa intermediária,49,0.8200367093086243,0.71342385,750.46277,0.9245283018867925,1.6901960800285136,0.0,0.0,1.89,8.0,6.31,22.86,46.49,12.37,0.0,2.09
4103305,PR,Sul,1,faixa intermediária,77,0.8715401887893677,0.75022453,768.5098,0.8651685393258427,1.8864907251724818,0.0,0.0,2.6,1.26,5.27,19.76,27.13,28.83,8.97,6.18
4103354,PR,Sul,1,faixa intermediária,48,0.8489396572113037,0.8511115,765.02856,0.8275862068965517,1.6812412373755872,0.0,0.0,0.0,0.0,8.5,12.38,50.14,20.54,8.44,0.0
4103370,PR,Sul,1,faixa intermediária,36,0.7432050704956055,0.777027,759.34314,0.972972972972973,1.5563025007672873,0.0,2.84,0.0,2.7,5.68,19.32,41.76,19.46,2.7,5.54
4103404,PR,Sul,1,faixa intermediária,33,0.8010637164115906,0.634072,754.34784,0.9166666666666666,1.5185139398778875,0.0,2.94,0.0,9.19,5.88,21.51,30.33,18.2,9.01,2.94
4103453,PR,Sul,1,faixa intermediária,289,0.8702390193939209,0.78145343,764.2268,0.9003115264797508,2.4608978427565478,0.0,1.46,0.37,3.53,6.06,16.43,35.17,23.85,9.88,3.26
4103479,PR,Sul,1,faixa intermediária,49,0.5569717288017273,0.6473214,754.835,0.875,1.6901960800285136,0.0,1.97,0.0,1.88,10.14,29.41,33.51,14.36,4.31,4.41
4103503,PR,Sul,1,faixa intermediária,143,0.8184794783592224,0.6927196,750.935,0.934640522875817,2.155336037465062,0.0,1.39,2.94,4.82,9.06,22.24,35.47,20.48,3.6,0.0
4103701,PR,Sul,1,faixa intermediária,1120,0.791126549243927,0.7635408,760.52454,0.8682170542635659,3.0492180226701815,0.0,0.63,1.67,3.09,6.13,20.68,36.74,20.8,8.48,1.78
4103800,PR,Sul,1,faixa intermediária,91,0.861680805683136,0.8363548,764.84375,0.883495145631068,1.9590413923210936,0.0,4.13,2.22,1.08,4.32,9.0,32.02,34.17,9.71,3.36
4103909,PR,Sul,1,faixa intermediária,227,0.8015142679214478,0.7767387,764.2893,0.9190283400809717,2.3560258571931225,0.0,0.42,1.94,2.67,4.37,22.37,29.86,25.84,8.76,3.77
4103958,PR,Sul,1,faixa intermediária,78,0.8553703427314758,0.842675,768.0986,0.9397590361445783,1.8920946026904804,0.0,0.0,0.0,0.0,3.94,22.41,38.45,23.77,8.97,2.46
4104006,PR,Sul,1,faixa intermediária,698,0.7041786909103394,0.6684107,751.73285,0.8846641318124208,2.843855422623161,0.0,2.36,5.19,5.62,5.91,21.81,29.84,19.89,7.52,1.86
4104055,PR,Sul,1,faixa intermediária,47,0.7287307977676392,0.78337103,763.533,0.8867924528301887,1.6720978579357175,0.0,0.0,0.0,6.58,2.29,19.36,48.25,13.16,4.12,6.24
4104105,PR,Sul,1,faixa intermediária,99,0.8035606145858765,0.8096397,760.924,0.8918918918918919,1.99563519459755,0.0,0.0,0.94,3.34,3.85,17.05,45.1,25.42,4.3,0.0
4104204,PR,Sul,1,faixa intermediária,1576,0.7334267497062683,0.691815,754.1221,0.8635616438356164,3.1975562131535367,0.0,1.45,3.32,3.67,7.85,23.02,33.77,19.45,5.77,1.68
4104303,PR,Sul,1,faixa intermediária,1062,0.775855302810669,0.76774985,760.4805,0.8747940691927513,3.0261245167454502,0.0,0.83,1.37,1.96,6.14,22.02,38.13,20.72,6.34,2.48
4104402,PR,Sul,1,faixa intermediária,153,0.8333584666252136,0.85534483,768.74176,0.8793103448275862,2.184691430817599,0.0,0.0,1.95,0.68,1.24,18.33,40.55,25.37,6.46,5.42
4104428,PR,Sul,1,faixa intermediária,216,0.7337310910224915,0.64691067,746.3655,0.8925619834710744,2.3344537511509307,0.0,1.87,5.55,4.75,9.26,25.87,31.99,16.61,3.64,0.45
4104451,PR,Sul,1,faixa intermediária,184,0.656840443611145,0.71811074,756.08856,0.9533678756476683,2.2648178230095364,0.0,1.08,3.75,3.96,6.98,18.99,34.38,19.59,10.22,1.06
4104501,PR,Sul,1,faixa intermediária,200,0.7845793962478638,0.7951042,766.9729,0.847457627118644,2.3010299956639813,0.0,0.44,1.57,4.59,4.82,13.23,31.23,30.64,9.07,4.42
4104600,PR,Sul,1,faixa intermediária,203,0.7296992540359497,0.78034294,758.5106,0.8493723849372385,2.307496037913213,0.0,0.84,2.77,2.59,6.78,20.93,37.18,19.63,7.32,1.95
4104659,PR,Sul,1,faixa intermediária,314,0.750876247882843,0.692011,755.87134,0.8845070422535212,2.496929648073215,0.0,1.3,3.26,3.32,4.86,26.13,32.54,20.1,6.4,2.09
4104709,PR,Sul,1,faixa intermediária,156,0.7370320558547974,0.6617281,749.7204,0.861878453038674,2.1931245983544616,0.0,0.64,3.7,3.2,10.43,25.97,38.65,12.2,4.58,0.63
4104808,PR,Sul,1,faixa intermediária,3374,0.8010696172714233,0.74339306,757.8781,0.845826021559288,3.5281450782531065,0.0,1.62,2.44,4.47,6.38,17.78,36.6,21.09,7.34,2.29
4104907,PR,Sul,1,faixa intermediária,899,0.7426047325134277,0.7456215,761.0593,0.9008016032064128,2.9537596917332287,0.0,0.45,2.51,3.99,5.64,19.0,34.81,22.82,7.54,3.25
4105102,PR,Sul,1,faixa intermediária,94,0.5425613522529602,0.74122655,755.04614,0.8173913043478261,1.9731278535996986,0.0,0.0,3.07,6.1,2.11,24.4,44.91,14.22,4.12,1.08
4105300,PR,Sul,1,faixa intermediária,130,0.8159840703010559,0.84559125,769.1611,0.896551724137931,2.113943352306837,0.0,0.0,1.75,4.5,0.0,13.68,39.21,26.5,11.2,3.15
4105409,PR,Sul,1,faixa intermediária,232,0.807296097278595,0.70840275,756.74805,0.8992248062015504,2.3654879848909,0.0,0.83,3.16,2.53,7.73,17.77,41.81,20.77,4.1,1.3
4105508,PR,Sul,1,faixa intermediária,896,0.7955996990203857,0.7494893,759.12244,0.9343065693430657,2.9523080096621253,0.0,0.46,2.24,5.07,6.74,18.59,35.6,21.23,7.71,2.34
4105607,PR,Sul,1,faixa intermediária,155,0.647189199924469,0.6341435,750.41205,0.9171597633136095,2.1903316981702914,0.0,0.67,1.94,9.59,7.72,21.23,37.43,16.18,3.27,1.96
4105706,PR,Sul,1,faixa intermediária,199,0.7310602068901062,0.74846435,756.4048,0.8728070175438597,2.298853076409707,0.0,0.48,3.61,2.59,4.03,23.4,40.41,21.02,4.0,0.46
4105904,PR,Sul,1,faixa intermediária,204,0.840068519115448,0.78210646,763.8088,0.8607594936708861,2.3096301674258988,0.0,0.0,1.54,2.96,5.59,20.64,27.4,33.05,8.35,0.47
4106100,PR,Sul,1,faixa intermediária,49,0.51521897315979,0.69162273,761.1132,0.8909090909090909,1.6901960800285136,0.0,0.0,4.06,2.14,6.12,20.65,32.71,18.3,16.02,0.0
4106209,PR,Sul,1,faixa intermediária,270,0.7837892770767212,0.7736534,761.40765,0.9152542372881356,2.4313637641589874,0.0,0.43,1.11,3.86,5.07,20.56,31.3,28.2,8.41,1.06
4106308,PR,Sul,1,faixa intermediária,229,0.7462206482887268,0.85252595,765.90826,0.8641509433962264,2.359835482339888,0.0,0.0,0.0,1.38,2.97,19.65,43.72,23.88,6.25,2.15
4106407,PR,Sul,1,faixa intermediária,388,0.7678351998329163,0.7321952,758.256,0.8818181818181818,2.5888317255942073,0.0,1.95,2.25,2.15,5.89,21.81,36.27,18.92,9.08,1.68
4106456,PR,Sul,1,faixa intermediária,78,0.7828317880630493,0.6246272,748.53796,0.8297872340425532,1.8920946026904804,0.0,1.06,0.0,6.43,13.37,27.26,34.3,16.29,1.29,0.0
4106506,PR,Sul,1,faixa intermediária,301,0.8052305579185486,0.7460561,760.75214,0.9204892966360856,2.4785664955938436,0.0,1.26,2.72,3.95,3.34,18.42,34.22,25.01,9.83,1.24
4106555,PR,Sul,1,faixa intermediária,58,0.872802197933197,0.87984693,772.6239,0.9666666666666667,1.7634279935629373,0.0,0.0,0.0,0.0,1.78,20.7,32.64,31.31,13.57,0.0
4106571,PR,Sul,1,faixa intermediária,38,0.8165993690490723,0.865259,775.61395,0.8260869565217391,1.5797835966168101,0.0,0.0,0.0,0.0,0.0,21.16,25.94,31.23,16.38,5.29
4106605,PR,Sul,1,faixa intermediária,241,0.7406190633773804,0.73474014,754.2357,0.94140625,2.3820170425748683,0.0,1.65,1.67,7.02,7.82,16.22,37.73,20.02,7.03,0.84
4106704,PR,Sul,1,faixa intermediária,49,0.714285671710968,0.7142857,750.973,0.9607843137254902,1.6901960800285136,0.0,2.04,8.16,6.13,4.08,14.29,38.78,18.36,4.08,4.08
4106803,PR,Sul,1,faixa intermediária,183,0.8065576553344727,0.8448537,765.2367,0.9242424242424242,2.2624510897304293,0.0,0.51,2.26,0.0,1.67,17.99,45.28,22.71,8.03,1.56
4106852,PR,Sul,1,faixa intermediária,36,0.957446813583374,0.94514763,779.40466,0.9473684210526315,1.5563025007672873,0.0,0.0,0.0,0.0,5.48,2.63,41.45,33.55,8.33,8.55
4106902,PR,Sul,1,faixa intermediária,12923,0.7041399478912354,0.6596126,750.07294,0.8141498141498141,4.111363344325131,0.0,2.13,3.98,6.47,7.98,21.77,32.02,18.93,5.52,1.2
4107009,PR,Sul,1,faixa intermediária,159,0.802006185054779,0.68878835,754.71423,0.888268156424581,2.2013971243204513,0.0,1.18,2.73,5.13,8.1,20.73,35.92,15.32,7.54,3.35
4107108,PR,Sul,1,faixa intermediária,56,0.7299252152442932,0.78267634,757.19165,0.875,1.7481880270062005,0.0,0.0,0.0,3.55,5.43,23.56,48.11,12.36,6.99,0.0
4107124,PR,Sul,1,faixa intermediária,36,0.6940159201622009,0.83280754,767.2568,0.9473684210526315,1.5563025007672873,0.0,0.0,2.94,2.63,2.63,11.46,39.01,27.55,13.78,0.0
4107157,PR,Sul,1,faixa intermediária,74,0.6721478700637817,0.74322075,753.5414,0.8809523809523809,1.8692317197309762,0.0,0.0,2.83,7.92,9.33,14.97,38.48,21.15,4.08,1.24
4107207,PR,Sul,1,faixa intermediária,530,0.8374528288841248,0.8255556,768.75073,0.8576051779935275,2.724275869600789,0.0,0.19,0.39,1.87,5.64,15.21,37.1,25.16,10.52,3.92
4107256,PR,Sul,1,faixa intermediária,110,0.5029628276824951,0.6896491,750.2683,0.9649122807017544,2.041392685158225,0.0,0.0,0.88,5.42,12.01,25.42,41.85,10.88,1.8,1.75
4107306,PR,Sul,1,faixa intermediária,60,0.7912172675132751,0.6085399,749.0074,0.8955223880597015,1.7781512503836436,0.0,0.0,6.87,6.87,8.55,25.12,21.73,26.0,3.13,1.73
4107405,PR,Sul,1,faixa intermediária,66,0.8360669016838074,0.85248667,774.417,0.8571428571428571,1.8195439355418688,0.0,0.0,0.0,1.86,1.86,14.76,28.35,35.76,12.98,4.45
4107504,PR,Sul,1,faixa intermediária,121,0.8732934594154358,0.820639,762.46643,0.9166666666666666,2.0827853703164503,0.0,0.0,2.61,1.7,5.15,13.51,45.24,23.14,7.13,1.52
4107520,PR,Sul,1,faixa intermediária,31,0.42105260491371155,0.71045244,753.752,0.96875,1.4913616938342726,0.0,0.0,3.12,0.0,6.46,32.5,41.88,9.58,3.12,3.33
4107538,PR,Sul,1,faixa intermediária,50,0.8883193731307983,0.9624429,784.44244,0.847457627118644,1.6989700043360187,0.0,0.0,0.0,0.0,1.87,3.97,33.65,30.45,23.84,6.21
4107546,PR,Sul,1,faixa intermediária,78,0.7195435762405396,0.81772244,770.7944,0.9629629629629629,1.8920946026904804,0.0,0.0,0.0,2.59,5.11,15.71,29.78,34.15,10.07,2.6
4107553,PR,Sul,1,faixa intermediária,49,0.7596098184585571,0.962963,774.9258,0.9074074074074074,1.6901960800285136,0.0,0.0,0.0,0.0,0.0,13.66,35.7,33.48,14.96,2.2
4107603,PR,Sul,1,faixa intermediária,212,0.8343645334243774,0.7177231,757.7199,0.9380530973451328,2.326335860928751,0.0,1.5,1.5,4.96,6.3,22.47,32.53,19.72,8.77,2.26
4107652,PR,Sul,1,faixa intermediária,1941,0.688606321811676,0.64692116,749.5627,0.8398961488533102,3.2880255353883627,0.0,1.78,3.65,6.03,7.58,24.66,32.71,18.14,4.58,0.86
4107702,PR,Sul,1,faixa intermediária,42,0.65159010887146,0.6185611,749.5121,0.8936170212765957,1.6232492903979006,0.0,2.45,2.45,2.32,9.54,35.7,23.59,21.52,2.45,0.0
4107736,PR,Sul,1,faixa intermediária,79,0.8091588616371155,0.7982213,766.31866,0.8777777777777778,1.8976270912904414,0.0,0.0,0.0,1.26,6.17,17.35,39.69,26.0,7.96,1.57
4107751,PR,Sul,1,faixa intermediária,92,0.8209820985794067,0.7778987,766.69507,0.9108910891089109,1.9637878273455553,0.0,0.0,2.11,2.15,3.17,21.08,32.81,26.39,10.1,2.2
4107801,PR,Sul,1,faixa intermediária,54,0.7734323143959045,0.8519948,762.1133,0.8709677419354839,1.7323937598229686,0.0,0.0,3.61,5.6,0.0,13.19,37.95,36.05,3.61,0.0
4107850,PR,Sul,1,faixa intermediária,62,0.8571605682373047,0.855625,765.9343,0.96875,1.792391689498254,0.0,0.0,0.0,0.0,4.98,22.48,38.93,25.8,4.69,3.12
4107900,PR,Sul,1,faixa intermediária,167,0.7638823986053467,0.7399955,757.3399,0.943502824858757,2.2227164711475833,0.0,0.0,1.85,7.26,7.2,17.28,36.5,21.44,5.98,2.49
4108007,PR,Sul,1,faixa intermediária,98,0.6438304781913757,0.6347848,745.4486,0.8235294117647058,1.9912260756924949,0.0,4.81,2.03,4.88,6.91,26.96,37.87,12.81,0.88,2.85
4108106,PR,Sul,1,faixa intermediária,24,0.6280701756477356,0.7857654,764.8414,0.8571428571428571,1.380211241711606,0.0,0.0,8.33,4.76,0.0,13.1,11.9,45.24,16.67,0.0
4108205,PR,Sul,1,faixa intermediária,67,0.8814814686775208,0.85183156,770.65796,0.9178082191780822,1.8260748027008264,0.0,1.55,0.0,6.16,0.0,10.03,40.42,20.78,12.62,8.44
4108304,PR,Sul,1,faixa intermediária,3084,0.730131983757019,0.7201293,756.7323,0.8130767202741893,3.4891143693789193,0.0,1.97,3.2,5.09,6.19,18.09,32.15,23.67,7.26,2.4
4108320,PR,Sul,1,faixa intermediária,100,0.6871533989906311,0.80218476,762.8056,0.847457627118644,2.0,0.0,0.0,0.0,2.92,3.79,24.87,37.03,21.66,6.75,2.97
4108403,PR,Sul,1,faixa intermediária,1041,0.7967191338539124,0.76408577,761.303,0.8784810126582279,3.017450729510536,0.0,1.7,2.01,4.81,5.69,16.56,29.97,26.47,9.85,2.95
4108452,PR,Sul,1,faixa intermediária,82,0.8319345712661743,0.78095233,760.37854,0.9761904761904762,1.9138138523837167,0.0,0.0,0.0,3.63,7.38,21.85,36.31,25.89,3.69,1.25
4108551,PR,Sul,1,faixa intermediária,27,0.9454545378684998,0.7407407,765.19635,1.0,1.4313637641589874,0.0,0.0,0.0,0.0,3.7,33.33,29.63,22.22,7.41,3.7
4108601,PR,Sul,1,faixa intermediária,262,0.7049321532249451,0.6376604,750.1978,0.8562091503267973,2.4183012913197452,0.0,0.39,2.73,3.38,11.09,26.38,35.94,16.51,1.91,1.68
4108650,PR,Sul,1,faixa intermediária,63,0.9262490272521973,0.90430695,780.2147,0.9264705882352942,1.7993405494535817,0.0,0.0,1.6,1.6,3.14,3.22,25.4,42.97,15.74,6.32
4108700,PR,Sul,1,faixa intermediária,87,0.6501201391220093,0.6162351,748.30725,0.8446601941747572,1.9395192526186185,0.0,0.0,2.29,6.86,10.41,29.01,32.11,16.01,3.31,0.0
4108809,PR,Sul,1,faixa intermediária,379,0.6322914361953735,0.6953866,753.5052,0.8536036036036037,2.578639209968072,0.0,1.1,2.29,6.56,8.31,21.64,33.19,17.64,8.28,1.0
4108908,PR,Sul,1,faixa intermediária,84,0.7255957126617432,0.8069984,764.3787,0.8316831683168316,1.9242792860618816,0.0,1.13,0.99,1.16,6.84,17.86,34.51,22.91,13.44,1.16
4108957,PR,Sul,1,faixa intermediária,89,0.7953420281410217,0.71549326,754.0884,0.9175257731958762,1.9493900066449128,0.0,1.09,3.41,4.24,5.71,21.57,33.73,24.92,5.33,0.0
4109005,PR,Sul,1,faixa intermediária,69,0.8789641857147217,0.75075155,761.26654,0.9452054794520548,1.8388490907372552,0.0,1.37,2.9,1.45,8.78,16.14,31.71,26.05,11.61,0.0
4109104,PR,Sul,1,faixa intermediária,18,0.84375,0.6666667,746.0945,0.9473684210526315,1.255272505103306,0.0,5.56,5.56,5.56,5.56,22.22,33.33,22.22,0.0,0.0
4109203,PR,Sul,1,faixa intermediária,44,0.7274518013000488,0.74201626,758.0726,0.9166666666666666,1.6434526764861874,0.0,0.0,2.04,2.04,4.44,32.12,35.85,18.72,2.4,2.4
4109302,PR,Sul,1,faixa intermediária,183,0.8003425598144531,0.71189207,754.5777,0.8798076923076923,2.2624510897304293,0.0,3.75,3.61,5.99,4.87,17.94,35.34,17.08,7.69,3.74
4109401,PR,Sul,1,faixa intermediária,2301,0.7441110610961914,0.6700403,751.4013,0.8826237054085155,3.3619166186686433,0.0,2.74,3.49,6.04,6.98,22.09,31.08,20.02,5.95,1.61
4109609,PR,Sul,1,faixa intermediária,629,0.6735048294067383,0.6690113,751.57104,0.8477088948787062,2.798650645445269,0.0,1.45,2.95,5.64,7.91,23.65,34.63,17.15,5.61,1.0
4109658,PR,Sul,1,faixa intermediária,70,0.5597736835479736,0.7320443,760.20776,0.9210526315789473,1.845098040014257,0.0,1.32,1.32,2.85,7.33,25.34,25.27,24.09,11.17,1.32
4109708,PR,Sul,1,faixa intermediária,336,0.7288232445716858,0.7162136,757.19366,0.9333333333333333,2.526339277389844,0.0,1.11,1.9,4.51,7.02,19.86,35.89,20.77,6.55,2.39
4109757,PR,Sul,1,faixa intermediária,88,0.7283828854560852,0.7036128,746.48206,0.8301886792452831,1.9444826721501687,0.0,1.07,4.53,5.16,8.88,22.31,45.08,10.41,2.56,0.0
4109807,PR,Sul,1,faixa intermediária,641,0.7335500121116638,0.6490549,751.05853,0.8804945054945055,2.8068580295188172,0.0,1.71,2.71,4.55,7.81,25.55,34.12,18.79,3.68,1.07
4110003,PR,Sul,1,faixa intermediária,67,0.5091164112091064,0.5892945,747.011,0.8271604938271605,1.8260748027008264,0.0,2.98,1.36,2.73,8.53,32.6,36.69,12.37,2.73,0.0
4110078,PR,Sul,1,faixa intermediária,183,0.7192439436912537,0.7025881,755.4907,0.8926829268292683,2.2624510897304293,0.0,1.69,2.6,6.46,7.97,18.61,29.66,21.8,9.52,1.68
4110102,PR,Sul,1,faixa intermediária,468,0.804319441318512,0.780387,762.64514,0.8796992481203008,2.670245853074124,0.0,0.44,2.34,3.35,3.63,19.82,32.85,28.05,7.65,1.88
4110201,PR,Sul,1,faixa intermediária,147,0.7342723608016968,0.7003068,757.0298,0.901840490797546,2.167317334748176,0.0,1.34,1.37,4.72,6.26,24.5,30.81,19.24,10.39,1.36
4110300,PR,Sul,1,faixa intermediária,33,0.7372812032699585,0.6969697,751.0403,0.9428571428571428,1.5185139398778875,0.0,3.04,0.0,6.05,9.09,18.17,39.4,21.22,3.04,0.0
4110409,PR,Sul,1,faixa intermediária,53,0.8000750541687012,0.69810325,750.5624,0.9298245614035088,1.724275869600789,0.0,0.0,3.83,7.34,13.35,11.35,41.6,13.28,9.25,0.0
4110508,PR,Sul,1,faixa intermediária,196,0.8820084929466248,0.8227095,770.14923,0.9560975609756097,2.292256071356476,0.0,0.0,1.72,0.51,3.13,18.6,30.14,30.6,9.76,5.55
4110607,PR,Sul,1,faixa intermediária,129,0.6415174603462219,0.68949455,750.99445,0.8835616438356164,2.110589710299249,0.0,0.0,1.52,3.61,11.6,23.24,44.15,11.87,4.01,0.0
4110656,PR,Sul,1,faixa intermediária,27,0.9285714030265808,0.85714287,767.3922,0.9642857142857143,1.4313637641589874,0.0,0.0,0.0,3.57,3.57,14.64,40.0,30.36,7.86,0.0
4110706,PR,Sul,1,faixa intermediária,677,0.827440083026886,0.88311744,773.19836,0.8978779840848806,2.8305886686851442,0.0,0.0,0.63,1.74,3.77,12.58,34.57,30.51,11.5,4.7
4110805,PR,Sul,1,faixa intermediária,153,0.8758896589279175,0.80095315,768.27686,0.9,2.184691430817599,0.0,0.68,0.0,0.65,3.32,17.98,34.07,29.22,12.12,1.96
4110904,PR,Sul,1,faixa intermediária,54,0.5934334993362427,0.7614041,759.4766,0.9152542372881356,1.7323937598229686,0.0,0.0,3.67,1.78,7.43,16.56,37.03,29.85,1.89,1.78
4110953,PR,Sul,1,faixa intermediária,173,0.8691409230232239,0.84626424,772.2572,0.8564356435643564,2.2380461031287955,0.0,1.78,0.58,1.13,5.77,9.5,34.57,25.97,15.44,5.26
4111001,PR,Sul,1,faixa intermediária,55,0.7912366390228271,0.80555147,762.0206,0.8088235294117647,1.7403626894942439,0.0,0.0,0.0,5.19,1.65,21.52,44.06,18.11,5.7,3.76
4111100,PR,Sul,1,faixa intermediária,63,0.897198498249054,0.86923814,764.514,0.863013698630137,1.7993405494535817,0.0,0.0,3.37,1.49,1.87,14.15,40.57,30.94,6.17,1.43
4111209,PR,Sul,1,faixa intermediária,190,0.754816472530365,0.7538782,758.8674,0.9405940594059405,2.278753600952829,0.0,3.2,1.63,2.07,6.38,17.54,36.72,22.38,8.49,1.59
4111407,PR,Sul,1,faixa intermediária,173,0.8459886312484741,0.8264583,765.7514,0.9301075268817204,2.2380461031287955,0.0,1.1,0.6,4.67,6.85,13.26,36.13,23.58,8.62,5.19
4111506,PR,Sul,1,faixa intermediária,257,0.6658428907394409,0.72379,754.27844,0.8624161073825504,2.4099331233312946,0.0,0.77,2.06,2.7,7.42,25.68,37.67,18.26,5.45,0.0
4111555,PR,Sul,1,faixa intermediária,83,0.8434246182441711,0.7724197,759.2371,0.8924731182795699,1.919078092376074,0.0,0.0,2.33,2.33,5.0,17.87,46.39,18.95,4.86,2.27
4111605,PR,Sul,1,faixa intermediária,29,0.7881773710250854,0.867268,768.06915,0.9354838709677419,1.462397997898956,0.0,0.0,0.0,6.45,3.61,6.83,27.7,45.35,10.06,0.0
4111704,PR,Sul,1,faixa intermediária,84,0.8269792795181274,0.73866063,760.4017,0.9438202247191011,1.9242792860618816,0.0,0.0,0.0,2.35,5.94,27.38,39.16,17.95,4.8,2.41
4111902,PR,Sul,1,faixa intermediária,196,0.7624947428703308,0.6225088,745.85144,0.8200836820083682,2.292256071356476,0.0,1.51,3.08,5.39,10.28,29.3,36.15,12.29,1.52,0.48
4112009,PR,Sul,1,faixa intermediária,440,0.8091743588447571,0.7914667,764.41644,0.88,2.6434526764861874,0.0,1.72,2.1,4.31,4.77,12.32,35.7,23.31,11.6,4.17
4112108,PR,Sul,1,faixa intermediária,184,0.7698670625686646,0.68633217,754.6419,0.9019607843137255,2.2648178230095364,0.0,0.0,1.51,7.02,10.04,22.99,26.7,24.26,6.37,1.11
4112207,PR,Sul,1,faixa intermediária,56,0.8258333206176758,0.77292866,760.2924,0.9180327868852459,1.7481880270062005,0.0,0.0,0.0,1.86,7.24,22.02,43.49,19.9,5.5,0.0
4112306,PR,Sul,1,faixa intermediária,45,0.7569116950035095,0.64458674,751.9063,0.9,1.6532125137753437,0.0,0.0,0.0,2.26,11.07,31.1,39.98,13.41,2.18,0.0
4112405,PR,Sul,1,faixa intermediária,90,0.7341747283935547,0.808692,768.93317,0.9574468085106383,1.954242509439325,0.0,0.0,0.0,1.11,6.85,18.91,27.79,32.18,8.81,4.34
4112504,PR,Sul,1,faixa intermediária,94,0.6119852066040039,0.7773944,762.36005,0.8785046728971962,1.9731278535996986,0.0,0.0,1.08,3.21,3.23,25.69,34.96,24.58,6.31,0.93
4112603,PR,Sul,1,faixa intermediária,13,0.4999999403953552,0.9230769,776.7892,1.0,1.1139433523068367,0.0,0.0,0.0,0.0,0.0,7.69,53.85,23.08,15.38,0.0
4112702,PR,Sul,1,faixa intermediária,132,0.623996913433075,0.6096152,744.1906,0.8571428571428571,2.12057393120585,0.0,2.24,4.55,4.64,8.18,31.65,33.23,12.16,3.36,0.0
4112751,PR,Sul,1,faixa intermediária,62,0.8583309054374695,0.89985734,766.5644,0.8857142857142857,1.792391689498254,0.0,0.0,0.0,0.0,5.06,9.83,51.38,30.45,3.28,0.0
4112801,PR,Sul,1,faixa intermediária,165,0.8552631735801697,0.85116905,766.1634,0.859375,2.2174839442139063,0.0,0.0,2.6,0.0,4.54,13.95,43.27,26.05,6.57,3.01
4112959,PR,Sul,1,faixa intermediária,69,0.5976896286010742,0.6350877,753.07404,0.8961038961038961,1.8388490907372552,0.0,0.0,1.37,8.75,10.14,23.44,27.91,21.03,5.7,1.67
4113007,PR,Sul,1,faixa intermediária,77,0.7227492928504944,0.6602088,753.1964,0.8953488372093024,1.8864907251724818,0.0,0.0,4.04,5.21,14.32,16.97,32.36,14.51,8.67,3.92
4113106,PR,Sul,1,faixa intermediária,41,0.8341085910797119,0.7797619,757.7708,0.9761904761904762,1.6127838567197355,0.0,0.0,0.0,2.5,4.88,26.9,36.43,29.29,0.0,0.0
4113205,PR,Sul,1,faixa intermediária,505,0.8108128905296326,0.7482977,759.94183,0.8953900709219859,2.7032913781186614,0.0,0.41,1.15,3.85,6.33,20.47,35.99,23.16,6.44,2.2
4113304,PR,Sul,1,faixa intermediária,408,0.7213687896728516,0.6816303,752.43677,0.8309572301425662,2.61066016308988,0.0,1.07,2.36,6.69,7.68,21.01,37.2,18.53,3.72,1.74
4113403,PR,Sul,1,faixa intermediária,39,0.9111111164093018,0.89716804,760.1227,0.9069767441860465,1.591064607026499,0.0,2.55,0.0,2.58,0.0,18.05,51.2,25.62,0.0,0.0
4113429,PR,Sul,1,faixa intermediária,43,0.9258241653442383,0.8348743,766.075,0.7962962962962963,1.6334684555795864,0.0,0.0,0.0,4.65,4.65,21.09,27.91,30.32,9.21,2.18
4113452,PR,Sul,1,faixa intermediária,75,0.864869236946106,0.7288439,758.1659,0.9615384615384616,1.8750612633917,0.0,0.0,0.0,8.17,5.53,21.43,39.92,13.12,9.26,2.56
4113502,PR,Sul,1,faixa intermediária,217,0.7241600155830383,0.737676,755.74725,0.9117647058823529,2.3364597338485296,0.0,0.94,0.92,3.68,6.4,23.97,40.01,19.41,3.78,0.9
4113601,PR,Sul,1,faixa intermediária,52,0.6186832785606384,0.5491339,745.5216,0.8666666666666667,1.7160033436347992,0.0,0.0,3.5,9.75,9.77,25.9,26.52,22.81,1.75,0.0
4113700,PR,Sul,1,faixa intermediária,4774,0.7398266792297363,0.7290778,756.36884,0.839458413926499,3.6788824146707357,0.010574879,2.11,2.73,4.38,6.03,19.28,34.97,22.19,5.86,2.44
4113734,PR,Sul,1,faixa intermediária,92,0.8526777029037476,0.86602765,768.1281,0.9387755102040817,1.9637878273455553,0.0,0.0,0.0,1.07,5.46,20.14,39.35,21.06,9.6,3.32
4113759,PR,Sul,1,faixa intermediária,54,0.5745850205421448,0.7040673,747.2775,0.9473684210526315,1.7323937598229686,0.0,1.84,1.84,7.4,7.41,24.06,42.65,11.1,3.7,0.0
4113809,PR,Sul,1,faixa intermediária,32,0.8696808815002441,0.7771377,757.1314,0.9696969696969697,1.505149978319906,0.0,0.0,3.25,0.0,3.25,25.32,46.75,15.15,6.28,0.0
4113908,PR,Sul,1,faixa intermediária,169,0.8254769444465637,0.8779708,772.96704,0.9825581395348837,2.2278867046136734,0.0,0.0,0.58,1.16,1.74,15.81,32.54,34.88,10.31,2.98
4114005,PR,Sul,1,faixa intermediária,133,0.9394593238830566,0.7468027,762.1215,0.9047619047619048,2.123851640967086,0.0,0.73,1.49,0.73,9.03,17.9,33.91,24.09,9.07,3.03
4114104,PR,Sul,1,faixa intermediária,338,0.6015310287475586,0.62292594,745.5837,0.9013333333333333,2.5289167002776547,0.0,2.64,7.11,5.11,7.7,24.4,30.23,16.98,4.97,0.87
4114203,PR,Sul,1,faixa intermediária,410,0.85056072473526,0.8152914,768.069,0.9030837004405287,2.6127838567197355,0.0,0.73,1.48,2.49,6.14,13.94,29.63,30.19,9.62,5.78
4114302,PR,Sul,1,faixa intermediária,328,0.7938444018363953,0.6450114,748.357,0.8608923884514436,2.515873843711679,0.0,1.2,3.91,7.89,8.46,21.95,35.11,16.25,4.04,1.18
4114351,PR,Sul,1,faixa intermediária,31,0.9100424647331238,0.70905364,768.06055,0.9117647058823529,1.4913616938342726,0.0,0.0,0.0,6.62,0.0,28.92,28.92,15.86,9.75,9.93
4114401,PR,Sul,1,faixa intermediária,166,0.7221556305885315,0.6610675,752.0814,0.8691099476439791,2.220108088040055,0.0,1.8,1.96,5.38,7.74,26.53,33.24,15.78,6.86,0.71
4114500,PR,Sul,1,faixa intermediária,122,0.677023708820343,0.71981716,751.8525,0.9457364341085271,2.0863598306747484,0.0,0.0,5.92,2.57,6.57,27.04,37.21,16.75,3.95,0.0
4114609,PR,Sul,1,faixa intermediária,659,0.7529518008232117,0.76433295,758.5802,0.8786666666666667,2.8188854145940097,0.0,1.66,2.88,3.09,5.33,18.64,35.97,23.58,7.06,1.79
4114807,PR,Sul,1,faixa intermediária,495,0.7323575615882874,0.7308811,755.7503,0.8623693379790941,2.694605198933569,0.0,1.74,3.53,4.21,7.39,17.45,37.43,19.1,6.11,3.02
4114906,PR,Sul,1,faixa intermediária,108,0.7210351824760437,0.8499917,767.6406,0.9,2.03342375548695,0.0,0.0,0.0,2.92,3.71,11.92,44.09,28.01,5.62,3.73
4115002,PR,Sul,1,faixa intermediária,86,0.8446239829063416,0.75361717,762.57654,0.8958333333333334,1.9344984512435677,0.0,0.0,1.3,1.08,4.71,25.56,36.76,19.17,10.34,1.08
4115200,PR,Sul,1,faixa intermediária,3319,0.8064892292022705,0.7839657,763.2977,0.8391908975979773,3.521007252408604,0.012181986,1.59,2.37,3.45,3.94,17.01,31.86,26.89,9.85,3.04
4115309,PR,Sul,1,faixa intermediária,80,0.7640063166618347,0.6696531,751.0331,0.9195402298850575,1.9030899869919435,0.0,2.47,4.97,2.56,8.88,21.9,36.1,16.9,5.03,1.2
4115358,PR,Sul,1,faixa intermediária,108,0.8096747994422913,0.76713234,753.7101,0.8925619834710744,2.03342375548695,0.0,3.72,4.82,3.71,4.7,13.77,35.89,28.76,3.58,1.04
4115408,PR,Sul,1,faixa intermediária,171,0.7831841707229614,0.8507192,768.7288,0.8382352941176471,2.2329961103921536,0.0,0.54,0.78,3.38,3.54,14.9,32.4,30.55,9.83,4.08
4115457,PR,Sul,1,faixa intermediária,73,0.739861249923706,0.82166016,763.3659,0.948051948051948,1.863322860120456,0.0,0.0,0.0,0.0,1.36,27.55,46.19,18.17,5.38,1.36
4115507,PR,Sul,1,faixa intermediária,42,0.576644241809845,0.75846595,759.61145,0.8571428571428571,1.6232492903979006,0.0,2.04,5.31,2.16,10.44,6.36,39.5,25.5,5.43,3.27
4115606,PR,Sul,1,faixa intermediária,244,0.7352484464645386,0.7141994,753.29083,0.8683274021352313,2.387389826338729,0.0,0.79,4.09,7.14,7.68,18.54,31.79,22.58,6.27,1.13
4115705,PR,Sul,1,faixa intermediária,485,0.7038442492485046,0.6315388,746.7789,0.8043117744610282,2.6857417386022635,0.0,2.05,3.16,6.34,10.51,24.66,34.47,14.26,3.64,0.9
4115739,PR,Sul,1,faixa intermediária,27,0.7001684308052063,0.92512816,770.5185,0.6923076923076923,1.4313637641589874,0.0,3.75,0.0,0.0,0.0,18.4,33.47,33.39,7.33,3.66
4115754,PR,Sul,1,faixa intermediária,149,0.8113061785697937,0.8048839,764.2568,0.8869047619047619,2.173186268412274,0.0,0.7,2.18,1.27,3.67,20.14,35.02,28.4,5.44,3.18
4115804,PR,Sul,1,faixa intermediária,665,0.792207658290863,0.7909877,765.4955,0.873850197109067,2.8228216453031045,0.0,0.63,2.06,1.67,4.89,16.84,34.18,26.61,10.82,2.3
4115853,PR,Sul,1,faixa intermediária,103,0.912451982498169,0.93066686,780.53143,0.9716981132075472,2.012837224705172,0.0,0.0,0.0,0.0,1.95,6.98,30.25,45.42,9.54,5.86
4116059,PR,Sul,1,faixa intermediária,136,0.8866552114486694,0.83263224,764.1081,0.9379310344827586,2.1335389083702174,0.0,1.45,0.0,2.1,2.2,19.76,40.88,24.45,7.63,1.53
4116109,PR,Sul,1,faixa intermediária,106,0.7932974696159363,0.7800321,757.55133,0.8983050847457628,2.0253058652647704,0.0,0.0,0.95,3.79,4.79,21.88,49.89,13.14,2.88,2.68
4116208,PR,Sul,1,faixa intermediária,231,0.6841651201248169,0.5968615,745.7946,0.8461538461538461,2.3636119798921444,0.0,1.0,2.79,8.71,11.75,26.63,29.5,16.64,2.61,0.38
4116307,PR,Sul,1,faixa intermediária,60,0.5323042273521423,0.8,759.20355,0.9523809523809523,1.7781512503836436,0.0,0.0,5.0,3.25,5.08,23.41,28.25,21.59,10.08,3.33
4116406,PR,Sul,1,faixa intermediária,39,0.7914586067199707,0.94807565,771.4639,0.8863636363636364,1.591064607026499,0.0,0.0,0.0,0.0,2.76,5.19,43.8,40.29,7.95,0.0
4116604,PR,Sul,1,faixa intermediária,33,0.6254372596740723,0.7880184,760.4095,0.8461538461538461,1.5185139398778875,0.0,0.0,0.0,0.0,3.08,33.25,42.56,12.14,5.98,2.99
4116703,PR,Sul,1,faixa intermediária,130,0.8225277662277222,0.7499469,761.7822,0.9219858156028369,2.113943352306837,0.0,0.0,2.37,6.26,7.04,15.43,30.76,26.81,7.57,3.77
4116802,PR,Sul,1,faixa intermediária,99,0.7950458526611328,0.880326,769.0457,0.8761061946902655,1.99563519459755,0.0,0.0,0.0,0.94,1.91,16.42,48.37,24.78,3.3,4.29
4116901,PR,Sul,1,faixa intermediária,230,0.7413164973258972,0.7464773,761.21967,0.8550185873605948,2.361727836017593,0.0,0.92,2.14,3.38,7.49,19.09,29.91,26.55,7.93,2.57
4116950,PR,Sul,1,faixa intermediária,84,0.9737802743911743,0.88588274,770.22205,0.8842105263157894,1.9242792860618816,0.0,0.0,0.0,0.0,5.71,9.21,49.23,25.03,8.33,2.49
4117008,PR,Sul,1,faixa intermediária,69,0.8167815804481506,0.79657894,761.7354,0.9078947368421053,1.8388490907372552,0.0,0.0,0.0,1.49,4.35,23.39,46.4,20.2,1.38,2.79
4117057,PR,Sul,1,faixa intermediária,78,0.7748295068740845,0.68321484,749.71356,0.9397590361445783,1.8920946026904804,0.0,0.0,5.02,4.08,6.08,24.14,45.39,12.73,2.55,0.0
4117107,PR,Sul,1,faixa intermediária,142,0.7766866087913513,0.7405039,760.8113,0.8987341772151899,2.1522883443830563,0.0,0.7,0.0,2.15,3.96,24.06,42.11,17.62,8.74,0.66
4117206,PR,Sul,1,faixa intermediária,71,0.7921807765960693,0.91637766,772.9657,0.9466666666666667,1.8512583487190752,0.0,0.0,0.0,0.0,1.33,11.4,47.44,28.28,8.66,2.88
4117214,PR,Sul,1,faixa intermediária,54,0.8494229912757874,0.7918686,768.5821,0.84375,1.7323937598229686,0.0,0.0,0.0,3.76,1.81,24.58,31.02,20.46,14.54,3.83
4117222,PR,Sul,1,faixa intermediária,139,0.7779549956321716,0.7216278,761.06256,0.8853503184713376,2.143014800254095,0.0,3.04,1.42,2.95,6.09,21.94,28.54,21.34,9.9,4.79
4117255,PR,Sul,1,faixa intermediária,132,0.8081098794937134,0.7282469,761.65283,0.9428571428571428,2.12057393120585,0.0,0.0,0.0,2.96,8.18,22.07,37.98,18.94,5.3,4.56
4117271,PR,Sul,1,faixa intermediária,41,0.8919579386711121,0.8486965,775.94037,0.9534883720930233,1.6127838567197355,0.0,0.0,2.56,0.0,0.0,24.62,17.03,36.37,14.53,4.88
4117297,PR,Sul,1,faixa intermediária,35,0.8741541504859924,0.97300214,781.834,0.9459459459459459,1.5440680443502757,0.0,0.0,0.0,0.0,0.0,13.83,31.64,34.66,11.45,8.43
4117404,PR,Sul,1,faixa intermediária,40,0.8882113695144653,0.575,744.1758,0.8333333333333334,1.6020599913279623,0.0,0.0,7.5,7.5,5.0,32.5,27.5,17.5,2.5,0.0
4117453,PR,Sul,1,faixa intermediária,71,0.8672619462013245,0.9006056,777.0611,0.8452380952380952,1.8512583487190752,0.0,0.0,0.0,1.64,1.32,14.03,25.11,35.87,18.0,4.02
4117503,PR,Sul,1,faixa intermediária,760,0.6848459839820862,0.6295473,747.9505,0.8941176470588236,2.8808135922807914,0.0,3.43,4.31,5.29,7.85,22.88,33.02,17.19,4.86,1.17
4117701,PR,Sul,1,faixa intermediária,390,0.7164081335067749,0.65934324,754.81573,0.9048723897911833,2.591064607026499,0.0,1.33,1.82,6.2,8.06,23.02,29.67,19.76,8.65,1.49
4117800,PR,Sul,1,faixa intermediária,131,0.742741584777832,0.6949018,756.0583,0.8618421052631579,2.1172712956557644,0.0,0.0,0.73,3.75,6.21,31.69,34.54,19.44,0.75,2.9
4117909,PR,Sul,1,faixa intermediária,404,0.6902991533279419,0.7433043,756.8602,0.9181818181818182,2.606381365110605,0.0,0.99,2.22,5.28,7.46,18.77,33.5,24.36,5.54,1.88
4118006,PR,Sul,1,faixa intermediária,151,0.748865008354187,0.6777585,752.2715,0.8728323699421965,2.1789769472931693,0.0,2.02,2.79,7.18,9.16,18.9,33.24,18.96,6.44,1.32
4118105,PR,Sul,1,faixa intermediária,131,0.8326578736305237,0.8004539,763.0115,0.9290780141843972,2.1172712956557644,0.0,0.0,1.63,3.12,3.79,20.42,36.87,26.02,6.65,1.5
4118204,PR,Sul,1,faixa intermediária,1256,0.6190939545631409,0.6170642,746.2755,0.7934301958307012,3.0989896394011773,0.0,1.17,3.42,8.02,9.13,25.77,33.56,14.98,3.34,0.6
4118303,PR,Sul,1,faixa intermediária,39,0.5918061137199402,0.61702126,747.92053,0.975,1.591064607026499,0.0,0.0,2.5,7.5,5.13,30.79,41.05,10.39,2.63,0.0
4118402,PR,Sul,1,faixa intermediária,994,0.8044588565826416,0.7429896,760.2551,0.8930817610062893,2.997386384397313,0.0,1.12,1.82,3.52,6.2,21.17,32.06,24.5,7.33,2.29
4118451,PR,Sul,1,faixa intermediária,77,0.9046586155891418,0.90402544,779.92065,0.875,1.8864907251724818,0.0,0.0,0.0,0.0,0.0,14.72,31.99,31.3,16.62,5.37
4118501,PR,Sul,1,faixa intermediária,921,0.7821682691574097,0.711455,754.51605,0.8519888991674376,2.964259630196849,0.0,2.18,2.67,4.44,6.4,21.74,34.13,21.74,5.13,1.56
4118600,PR,Sul,1,faixa intermediária,57,0.7754786014556885,0.7457072,756.64655,0.890625,1.7558748556724915,0.0,1.82,1.82,3.72,7.45,17.74,35.39,25.61,6.45,0.0
4118709,PR,Sul,1,faixa intermediária,83,0.9070857763290405,0.8451216,765.4462,0.9431818181818182,1.919078092376074,0.0,0.0,0.0,3.41,2.35,14.43,51.69,20.81,3.73,3.57
4118808,PR,Sul,1,faixa intermediária,156,0.6947859525680542,0.7423674,761.5185,0.9017341040462428,2.1931245983544616,0.0,0.0,2.03,3.88,5.76,20.58,32.36,26.7,5.56,3.13
4118857,PR,Sul,1,faixa intermediária,90,0.5759968757629395,0.70177895,747.3701,0.9,1.954242509439325,0.0,1.23,5.39,4.27,4.27,29.27,40.07,14.42,1.09,0.0
4118907,PR,Sul,1,faixa intermediária,135,0.7840012907981873,0.62279254,748.6955,0.9246575342465754,2.130333768495006,0.0,3.74,2.96,2.16,10.44,27.16,32.5,15.74,5.31,0.0
4119004,PR,Sul,1,faixa intermediária,61,0.8885181546211243,0.8878134,770.07776,0.9682539682539683,1.7853298350107671,0.0,0.0,0.0,1.59,4.88,14.53,39.63,28.03,8.17,3.17
4119103,PR,Sul,1,faixa intermediária,188,0.8589764833450317,0.8333984,770.04565,0.9170731707317074,2.27415784926368,0.0,0.0,1.12,3.86,3.14,14.74,32.34,30.46,9.96,4.36
4119202,PR,Sul,1,faixa intermediária,88,0.7395715713500977,0.7689799,758.6194,0.8979591836734694,1.9444826721501687,0.0,0.0,1.08,3.59,9.31,13.74,49.54,17.01,4.6,1.13
4119251,PR,Sul,1,faixa intermediária,34,0.9112274646759033,0.9713959,784.16125,0.9714285714285714,1.5314789170422551,0.0,0.0,0.0,0.0,0.0,2.86,28.93,53.21,2.86,12.14
4119301,PR,Sul,1,faixa intermediária,445,0.6189290881156921,0.6133325,746.2944,0.9026369168356998,2.6483600109809315,0.0,3.19,3.86,3.78,10.13,25.75,32.18,17.53,2.95,0.62
4119400,PR,Sul,1,faixa intermediária,260,0.7298700213432312,0.7405753,755.8673,0.8666666666666667,2.4149733479708178,0.0,1.92,3.71,4.23,5.66,18.9,36.23,20.95,6.94,1.47
4119608,PR,Sul,1,faixa intermediária,350,0.7299447059631348,0.7341969,757.15686,0.9114583333333334,2.5440680443502757,0.0,0.81,1.7,4.28,5.65,23.22,36.37,21.9,4.05,2.02
4119657,PR,Sul,1,faixa intermediária,35,0.941278338432312,0.8322377,768.21594,0.9210526315789473,1.5440680443502757,0.0,0.0,0.0,0.0,5.54,14.23,37.15,37.34,5.73,0.0
4119707,PR,Sul,1,faixa intermediária,45,0.7978945374488831,0.8038121,768.22455,0.8653846153846154,1.6532125137753437,0.0,0.0,0.0,0.0,10.75,10.98,40.32,20.01,15.75,2.2
4119806,PR,Sul,1,faixa intermediária,124,0.8763651847839355,0.78924125,770.11115,0.8985507246376812,2.093421685162235,0.0,0.0,1.51,4.06,1.84,16.9,23.65,32.98,16.03,3.03
4119905,PR,Sul,1,faixa intermediária,3191,0.757917046546936,0.75904685,760.67255,0.8582571274878967,3.5039268041935103,0.0,1.81,2.61,4.13,5.54,16.66,33.89,22.91,8.99,3.45
4119954,PR,Sul,1,faixa intermediária,388,0.7118664979934692,0.6128965,746.3913,0.8117154811715481,2.5888317255942073,0.0,1.23,4.81,7.95,8.1,24.93,32.01,14.25,5.91,0.82
4120002,PR,Sul,1,faixa intermediária,87,0.7434210777282715,0.87265134,766.8413,0.9560439560439561,1.9395192526186185,0.0,1.19,0.0,1.19,6.78,11.47,36.77,34.51,6.89,1.19
4120101,PR,Sul,1,faixa intermediária,57,0.6977746486663818,0.7681954,763.4888,0.95,1.7558748556724915,0.0,0.0,1.67,0.0,3.48,26.84,38.28,24.53,3.54,1.67
4120150,PR,Sul,1,faixa intermediária,28,1.0,0.86290324,775.91565,0.9032258064516129,1.4471580313422192,0.0,0.0,0.0,3.23,3.23,16.94,14.52,45.97,8.06,8.06
4120200,PR,Sul,1,faixa intermediária,57,0.6039519906044006,0.71944845,755.46063,0.8260869565217391,1.7558748556724915,0.0,0.0,1.9,1.9,15.81,17.39,40.4,15.65,6.95,0.0
4120309,PR,Sul,1,faixa intermediária,40,0.8461515307426453,0.75,756.94025,1.0,1.6020599913279623,0.0,2.5,2.5,2.5,5.0,12.5,45.0,25.0,5.0,0.0
4120333,PR,Sul,1,faixa intermediária,53,0.766404926776886,0.7389016,756.25476,0.9298245614035088,1.724275869600789,0.0,1.84,0.0,2.13,12.11,15.41,44.7,20.22,1.84,1.75
4120358,PR,Sul,1,faixa intermediária,55,0.8427368402481079,0.79546225,764.4552,0.9322033898305084,1.7403626894942439,0.0,0.0,0.0,3.93,7.41,16.09,37.73,23.84,9.21,1.79
4120408,PR,Sul,1,faixa intermediária,43,0.7623823285102844,0.62979764,756.45593,0.8113207547169812,1.6334684555795864,0.0,0.0,2.44,0.0,4.88,41.45,28.11,13.91,6.75,2.44
4120606,PR,Sul,1,faixa intermediária,486,0.8269774913787842,0.8291219,766.5951,0.9239543726235742,2.6866362692622934,0.0,0.38,1.22,4.88,5.02,13.79,35.05,24.82,9.7,5.14
4120655,PR,Sul,1,faixa intermediária,37,0.798848569393158,0.617234,753.4147,0.8809523809523809,1.568201724066995,0.0,5.71,0.0,2.38,12.54,20.16,30.79,13.17,12.06,3.17
4120705,PR,Sul,1,faixa intermediária,94,0.9158320426940918,0.90219975,770.96277,0.9306930693069307,1.9731278535996986,0.0,0.0,1.09,2.19,1.09,12.77,40.37,24.53,13.77,4.17
4120804,PR,Sul,1,faixa intermediária,324,0.6678354740142822,0.6724249,750.6415,0.907563025210084,2.510545010206612,0.0,2.1,4.57,6.98,4.65,23.91,31.64,18.72,5.94,1.5
4120853,PR,Sul,1,faixa intermediária,68,0.9180043935775757,0.8953996,772.0442,0.85,1.8325089127062364,0.0,0.0,0.0,0.0,4.48,11.91,39.68,27.96,11.57,4.41
4120903,PR,Sul,1,faixa intermediária,454,0.7042455673217773,0.61623514,746.89166,0.8714011516314779,2.6570558528571038,0.06127033,0.89,5.04,7.99,8.97,23.53,31.66,17.61,3.02,1.3
4121109,PR,Sul,1,faixa intermediária,45,0.7674739956855774,0.7414258,755.96136,0.8653846153846154,1.6532125137753437,0.0,1.92,0.0,1.92,8.98,28.78,37.3,14.5,6.59,0.0
4121208,PR,Sul,1,faixa intermediária,244,0.7175458669662476,0.7579283,760.40753,0.9242424242424242,2.387389826338729,0.0,0.82,2.43,2.88,3.25,22.68,38.32,18.58,8.61,2.43
4121257,PR,Sul,1,faixa intermediária,62,0.8809697031974792,0.7722877,758.0414,0.9393939393939394,1.792391689498254,0.0,0.0,1.7,1.62,7.78,14.9,49.81,20.87,1.7,1.62
4121307,PR,Sul,1,faixa intermediária,49,0.7700534462928772,0.86023694,768.58093,0.9074074074074074,1.6901960800285136,0.0,0.0,0.0,1.96,0.0,18.38,45.55,20.13,12.02,1.97
4121406,PR,Sul,1,faixa intermediária,208,0.8832022547721863,0.798471,768.05615,0.9082969432314411,2.3180633349627615,0.0,0.0,0.91,2.93,6.2,15.78,33.06,24.01,13.79,3.32
4121505,PR,Sul,1,faixa intermediária,193,0.8633164167404175,0.7700733,757.6585,0.9323671497584541,2.285557309007774,0.0,1.09,2.05,3.11,6.21,17.7,40.74,23.05,5.06,0.99
4121604,PR,Sul,1,faixa intermediária,82,0.708271861076355,0.82564366,764.12054,0.8631578947368421,1.9138138523837167,0.0,1.4,1.11,1.25,6.0,16.32,35.93,29.61,8.37,0.0
4121703,PR,Sul,1,faixa intermediária,301,0.7287006378173828,0.810763,763.79456,0.8455056179775281,2.4785664955938436,0.0,0.0,1.05,2.3,6.56,18.66,36.34,26.77,5.87,2.45
4121752,PR,Sul,1,faixa intermediária,90,0.7791045308113098,0.831224,762.7615,0.8490566037735849,1.954242509439325,0.0,0.0,1.03,2.06,4.3,20.44,37.03,27.08,8.07,0.0
4121802,PR,Sul,1,faixa intermediária,143,0.7457661032676697,0.85670924,767.1427,0.9050632911392406,2.155336037465062,0.0,0.67,1.46,2.11,4.23,11.99,39.45,27.61,9.03,3.44
4121901,PR,Sul,1,faixa intermediária,156,0.8666747212409973,0.8451452,770.2492,0.861878453038674,2.1931245983544616,0.0,0.0,0.0,4.61,2.29,15.07,35.5,26.76,12.04,3.74
4122008,PR,Sul,1,faixa intermediária,188,0.8961794972419739,0.89222765,774.3343,0.9690721649484536,2.27415784926368,0.0,0.0,0.52,0.0,3.81,11.15,36.64,30.83,12.26,4.81
4122107,PR,Sul,1,faixa intermediária,36,0.9449999332427979,0.69558525,759.13696,0.9230769230769231,1.5563025007672873,0.0,0.0,0.0,8.27,11.09,22.08,28.01,13.72,11.19,5.64
4122156,PR,Sul,1,faixa intermediária,230,0.7983677387237549,0.75331575,759.18243,0.8550185873605948,2.361727836017593,0.20054238,1.24,3.41,3.83,5.85,18.28,33.72,24.16,7.12,2.4
4122172,PR,Sul,1,faixa intermediária,44,0.6974756121635437,0.73787194,754.7668,0.8979591836734694,1.6434526764861874,0.0,0.0,0.0,4.27,15.49,20.32,43.32,4.55,9.65,2.41
4122206,PR,Sul,1,faixa intermediária,439,0.6228647232055664,0.6134093,747.758,0.9032921810699589,2.6424645202421213,0.0,1.1,3.9,7.78,11.29,21.31,29.31,19.43,4.78,1.1
4122305,PR,Sul,1,faixa intermediária,371,0.8516695499420166,0.88562804,775.37036,0.9183168316831684,2.569373909615046,0.0,0.28,0.57,1.39,2.16,11.89,36.4,28.38,13.13,5.81
4122404,PR,Sul,1,faixa intermediária,864,0.7340108156204224,0.71834797,754.6049,0.8597014925373134,2.936513742478893,0.0,2.17,2.76,6.5,7.19,18.06,32.81,21.28,7.88,1.34
4122503,PR,Sul,1,faixa intermediária,141,0.837257981300354,0.76318175,758.28265,0.9155844155844156,2.1492191126553797,0.0,1.38,0.71,2.07,6.17,22.63,44.51,17.51,4.32,0.7
4122651,PR,Sul,1,faixa intermediária,70,0.694049596786499,0.7699248,755.66907,0.958904109589041,1.845098040014257,0.0,0.0,4.25,0.0,8.63,24.52,32.85,25.58,4.16,0.0
4122701,PR,Sul,1,faixa intermediária,144,0.8150904178619385,0.7897845,764.47314,0.9056603773584906,2.1583624920952498,0.0,0.8,0.72,5.14,2.03,23.28,30.0,24.49,9.51,4.03
4122800,PR,Sul,1,faixa intermediária,58,0.8941660523414612,0.931074,776.65967,0.9508196721311475,1.7634279935629373,0.0,0.0,0.0,0.0,3.4,10.39,38.08,29.11,15.52,3.51
4122909,PR,Sul,1,faixa intermediária,59,0.6451973915100098,0.73634136,757.92834,0.9076923076923077,1.7708520116421442,0.0,0.0,0.0,6.52,6.52,21.53,37.58,17.31,10.54,0.0
4123006,PR,Sul,1,faixa intermediária,168,0.8545929789543152,0.7646717,758.25085,0.8888888888888888,2.225309281725863,0.0,0.55,2.04,4.7,5.42,18.99,41.25,21.09,4.81,1.15
4123105,PR,Sul,1,faixa intermediária,35,1.0,0.9150671,776.9967,0.9210526315789473,1.5440680443502757,0.0,0.0,0.0,0.0,2.96,8.31,46.04,22.54,14.42,5.73
4123204,PR,Sul,1,faixa intermediária,35,0.8741742372512817,0.80105126,756.6576,0.9210526315789473,1.5440680443502757,0.0,0.0,0.0,0.0,5.82,22.71,59.95,11.52,0.0,0.0
4123303,PR,Sul,1,faixa intermediária,107,0.8578833937644958,0.5910007,745.8552,0.8991596638655462,2.0293837776852097,0.0,0.0,1.68,10.59,11.36,27.67,31.85,12.93,3.92,0.0
4123402,PR,Sul,1,faixa intermediária,127,0.5867848992347717,0.64707494,751.89014,0.8698630136986302,2.103803720955957,0.0,2.42,3.33,9.67,8.74,16.75,25.33,23.15,7.61,3.02
4123501,PR,Sul,1,faixa intermediária,343,0.792110025882721,0.7936892,762.36365,0.9026315789473685,2.5352941200427703,0.0,1.37,3.45,4.8,4.38,13.17,32.91,27.52,8.71,3.68
4123600,PR,Sul,1,faixa intermediária,15,0.9675324559211731,1.0,772.35065,0.8823529411764706,1.1760912590556813,0.0,0.0,0.0,0.0,0.0,6.67,53.33,33.33,6.67,0.0
4123709,PR,Sul,1,faixa intermediária,107,0.8422325849533081,0.75122064,759.95074,0.8294573643410853,2.0293837776852097,0.0,0.0,0.91,5.14,6.33,25.05,34.2,19.48,7.02,1.86
4123808,PR,Sul,1,faixa intermediária,116,0.8241938352584839,0.8263915,765.80786,0.8923076923076924,2.0644579892269186,0.0,0.8,0.88,2.53,6.27,13.93,38.07,25.39,7.82,4.31
4123824,PR,Sul,1,faixa intermediária,42,0.7949668169021606,0.85714287,767.12604,0.8571428571428571,1.6232492903979006,0.0,0.0,0.0,0.0,2.53,14.29,48.2,27.99,7.0,0.0
4123857,PR,Sul,1,faixa intermediária,134,0.762453019618988,0.70254767,754.1411,0.8933333333333333,2.1271047983648077,0.0,1.57,1.41,3.73,6.91,24.93,35.72,24.03,1.7,0.0
4123907,PR,Sul,1,faixa intermediária,97,0.736488938331604,0.8372956,764.3288,0.8584070796460177,1.9867717342662448,0.0,0.0,0.0,1.99,0.88,26.49,40.28,23.98,6.38,0.0
4123956,PR,Sul,1,faixa intermediária,45,0.7866791486740112,0.80216193,757.177,0.9183673469387755,1.6532125137753437,0.0,0.0,0.0,2.2,10.83,20.88,43.49,15.86,6.75,0.0
4124004,PR,Sul,1,faixa intermediária,55,0.78269362449646,0.5445027,740.865,0.8461538461538461,1.7403626894942439,0.0,0.0,7.25,5.47,14.47,21.96,36.49,10.79,1.81,1.76
4124020,PR,Sul,1,faixa intermediária,225,0.7330653071403503,0.77750874,759.8751,0.8653846153846154,2.3521825181113627,0.0,0.92,1.32,3.5,5.76,19.0,39.54,21.12,5.82,3.02
4124053,PR,Sul,1,faixa intermediária,219,0.8129578232765198,0.7945727,760.40533,0.8521400778210116,2.3404441148401185,0.0,0.41,4.46,2.28,3.52,20.63,38.73,17.69,9.94,2.35
4124202,PR,Sul,1,faixa intermediária,34,0.8282912969589233,0.88043475,772.5567,0.9714285714285714,1.5314789170422551,0.0,0.0,3.04,3.04,0.0,8.93,35.0,32.68,11.61,5.71
4124301,PR,Sul,1,faixa intermediária,27,0.8230993747711182,0.8117185,766.16797,0.9642857142857143,1.4313637641589874,0.0,0.0,0.0,3.9,0.0,25.65,22.73,36.69,11.04,0.0
4124400,PR,Sul,1,faixa intermediária,244,0.7950595021247864,0.81417996,766.3599,0.8905109489051095,2.387389826338729,0.0,0.48,0.77,3.82,3.4,16.35,34.9,25.8,11.13,3.34
4124509,PR,Sul,1,faixa intermediária,86,0.9104753732681274,0.8006939,760.6141,0.9347826086956522,1.9344984512435677,0.0,3.41,1.24,4.7,2.37,16.25,31.14,29.27,10.43,1.2
4124608,PR,Sul,1,faixa intermediária,75,0.7828670740127563,0.7335523,757.00354,0.9493670886075949,1.8750612633917,0.0,0.0,1.34,1.4,9.42,22.56,41.34,17.48,6.46,0.0
4124707,PR,Sul,1,faixa intermediária,88,0.812004804611206,0.71343595,753.22107,0.9361702127659575,1.9444826721501687,0.0,0.0,3.45,3.45,3.53,23.88,45.35,14.71,5.62,0.0
4124806,PR,Sul,1,faixa intermediária,134,0.8702493906021118,0.8716868,767.6294,0.9115646258503401,2.1271047983648077,0.0,1.6,3.75,0.81,2.99,10.94,31.27,32.88,13.51,2.25
4124905,PR,Sul,1,faixa intermediária,58,0.9332885146141052,0.93056893,776.5625,0.9354838709677419,1.7634279935629373,0.0,0.0,0.0,1.78,1.69,10.43,34.18,34.72,12.11,5.09
4125001,PR,Sul,1,faixa intermediária,102,0.6145824790000916,0.7316755,751.22266,0.8869565217391304,2.0086001717619175,0.0,2.17,1.01,7.18,6.85,22.0,36.27,22.57,1.93,0.0
4125100,PR,Sul,1,faixa intermediária,191,0.7858198881149292,0.79453903,761.4994,0.8883720930232558,2.2810333672477277,0.0,0.6,2.96,1.56,2.75,23.31,38.79,21.7,6.24,2.1
4125209,PR,Sul,1,faixa intermediária,99,0.8828135132789612,0.84580964,768.12354,0.853448275862069,1.99563519459755,0.0,2.25,0.0,1.23,4.04,11.78,39.61,28.45,8.61,4.04
4125308,PR,Sul,1,faixa intermediária,55,0.8297690749168396,0.70720404,760.72723,0.9821428571428571,1.7403626894942439,0.0,0.0,0.0,0.0,9.13,30.95,27.38,25.3,7.24,0.0
4125357,PR,Sul,1,faixa intermediária,71,0.7432755827903748,0.90221655,767.22437,0.8987341772151899,1.8512583487190752,0.0,1.33,1.54,2.8,1.46,12.66,42.65,26.22,9.81,1.54
4125407,PR,Sul,1,faixa intermediária,67,0.8069936037063599,0.7615938,757.25586,0.8933333333333333,1.8260748027008264,0.0,1.58,1.33,3.11,2.92,19.4,53.7,11.99,4.44,1.52
4125456,PR,Sul,1,faixa intermediária,55,0.8320488333702087,0.743565,757.90173,0.8870967741935484,1.7403626894942439,0.0,1.7,0.0,0.0,12.93,13.0,45.89,17.46,9.02,0.0
4125506,PR,Sul,1,faixa intermediária,3798,0.6719340682029724,0.6432214,747.618,0.8334430546412114,3.5795549604009986,0.0,2.85,4.25,6.16,7.61,22.93,34.35,16.61,4.23,1.02
4125555,PR,Sul,1,faixa intermediária,26,0.9543870687484741,0.7307692,755.615,1.0,1.414973347970818,0.0,7.69,0.0,0.0,3.85,23.08,34.62,15.38,15.38,0.0
4125605,PR,Sul,1,faixa intermediária,507,0.8307238221168518,0.70572376,754.7213,0.9184782608695652,2.705007959333336,0.0,1.02,3.19,4.47,5.5,24.14,37.14,16.17,5.84,2.53
4125704,PR,Sul,1,faixa intermediária,334,0.735751748085022,0.77842116,762.01227,0.943502824858757,2.5237464668115646,0.0,0.95,1.88,3.86,5.18,18.71,34.58,21.76,10.74,2.34
4125753,PR,Sul,1,faixa intermediária,68,0.7473289370536804,0.8068056,765.925,0.8395061728395061,1.8325089127062364,0.0,2.92,4.54,1.58,3.06,13.25,30.83,24.92,11.67,7.25
4125803,PR,Sul,1,faixa intermediária,72,0.836135983467102,0.8567112,769.217,0.8372093023255814,1.8573324964312685,0.0,0.0,0.0,2.92,0.0,19.54,41.37,21.58,11.65,2.95
4125902,PR,Sul,1,faixa intermediária,16,0.7193676233291626,0.75,749.79877,0.8888888888888888,1.2041199826559248,0.0,0.0,0.0,6.25,6.25,25.0,50.0,12.5,0.0,0.0
4126009,PR,Sul,1,faixa intermediária,68,0.8279268145561218,0.877716,765.6111,0.8607594936708861,1.8325089127062364,0.0,0.0,0.0,0.0,1.48,22.21,45.64,23.64,7.03,0.0
4126108,PR,Sul,1,faixa intermediária,73,0.8896883130073547,0.6989873,752.55457,0.9240506329113924,1.863322860120456,0.0,1.41,2.9,2.67,8.34,21.81,43.81,15.2,2.61,1.27
4126207,PR,Sul,1,faixa intermediária,89,0.7332141399383545,0.8301062,765.42236,0.9270833333333334,1.9493900066449128,0.0,0.0,1.15,1.13,4.44,18.0,39.42,26.92,6.76,2.17
4126272,PR,Sul,1,faixa intermediária,98,0.9252529144287109,0.8548757,764.5896,0.8990825688073395,1.9912260756924949,0.0,0.0,1.04,6.43,2.0,14.24,37.51,32.91,2.87,3.0
4126306,PR,Sul,1,faixa intermediária,226,0.8065791726112366,0.8196822,764.6795,0.9186991869918699,2.3541084391474008,0.0,0.91,3.02,2.74,5.4,11.2,34.86,28.19,11.44,2.24
4126355,PR,Sul,1,faixa intermediária,52,1.0,0.826629,765.7047,0.8666666666666667,1.7160033436347992,0.0,0.0,1.86,0.0,7.63,15.54,34.58,32.57,7.83,0.0
4126405,PR,Sul,1,faixa intermediária,65,0.9203780889511108,0.9098405,779.7283,0.8783783783783784,1.8129133566428555,0.0,1.71,0.0,4.4,0.0,5.84,33.68,23.38,21.63,9.37
4126504,PR,Sul,1,faixa intermediária,133,0.667582094669342,0.61985314,746.08,0.8012048192771084,2.123851640967086,0.0,1.07,5.25,5.6,8.8,23.31,41.28,11.23,3.47,0.0
4126603,PR,Sul,1,faixa intermediária,266,0.856995701789856,0.8288542,764.5218,0.9466192170818505,2.424881636631067,0.0,0.39,0.79,1.57,3.33,24.73,35.17,22.54,8.84,2.64
4126652,PR,Sul,1,faixa intermediária,37,0.6435886025428772,0.74935865,752.396,0.9487179487179487,1.568201724066995,0.0,0.0,0.0,11.11,11.11,10.83,42.45,19.09,5.41,0.0
4126678,PR,Sul,1,faixa intermediária,128,0.7384638786315918,0.65502036,747.7377,0.8827586206896552,2.1072099696478683,0.0,1.78,6.85,7.58,7.16,19.2,31.27,19.58,5.84,0.73
4126801,PR,Sul,1,faixa intermediária,149,0.6938816905021667,0.6106875,745.1613,0.8816568047337278,2.173186268412274,0.0,3.4,3.12,8.22,9.41,23.9,31.19,14.55,5.58,0.64
4126900,PR,Sul,1,faixa intermediária,44,0.9051969647407532,0.7743056,760.5297,0.8979591836734694,1.6434526764861874,0.0,0.0,0.0,4.38,6.8,18.15,45.58,18.49,6.59,0.0
4127007,PR,Sul,1,faixa intermediária,136,0.7730937004089355,0.8819953,771.1083,0.951048951048951,2.1335389083702174,0.0,0.0,0.0,1.45,0.0,19.6,39.05,29.66,7.09,3.16
4127205,PR,Sul,1,faixa intermediária,217,0.8597679734230042,0.8910231,773.7564,0.8509803921568627,2.3364597338485296,0.0,0.0,0.9,0.43,2.03,13.7,37.06,30.52,10.44,4.92
4127304,PR,Sul,1,faixa intermediária,174,0.6902028322219849,0.81462604,763.194,0.90625,2.2405492482826,0.0,1.09,1.69,2.45,3.58,20.02,36.63,23.94,8.4,2.21
4127403,PR,Sul,1,faixa intermediária,185,0.685478150844574,0.76200575,757.0426,0.9343434343434344,2.2671717284030137,0.0,1.67,2.16,5.77,5.76,17.42,38.95,20.35,5.65,2.27
4127502,PR,Sul,1,faixa intermediária,278,0.7776220440864563,0.77796036,762.3065,0.896774193548387,2.444044795918076,0.0,0.67,0.72,1.06,3.56,23.96,40.52,19.66,8.03,1.82
4127601,PR,Sul,1,faixa intermediária,242,0.7876217365264893,0.6840669,749.8698,0.8929889298892989,2.383815365980431,0.0,2.0,3.33,5.13,7.07,25.8,35.61,15.0,4.56,1.51
4127700,PR,Sul,1,faixa intermediária,1590,0.7958210110664368,0.81689954,766.6372,0.8693275013668671,3.2013971243204513,0.0,0.59,0.71,3.13,5.3,14.6,36.63,25.98,9.13,3.92
4127809,PR,Sul,1,faixa intermediária,67,0.9164660573005676,0.8368727,764.0359,0.9054054054054054,1.8260748027008264,0.0,0.0,0.0,0.0,7.55,20.7,38.79,26.98,4.63,1.35
4127858,PR,Sul,1,faixa intermediária,128,0.793662428855896,0.7542349,761.23596,0.8827586206896552,2.1072099696478683,0.0,0.0,1.52,2.33,3.95,26.32,34.56,22.14,6.02,3.16
4127882,PR,Sul,1,faixa intermediária,124,0.6346268653869629,0.75007194,758.2434,0.8920863309352518,2.093421685162235,0.0,0.0,0.75,3.08,10.0,19.47,43.22,14.88,7.1,1.5
4127908,PR,Sul,1,faixa intermediária,85,0.7145944833755493,0.6812218,754.716,0.9139784946236559,1.9294189257142926,0.0,0.0,1.08,3.48,9.45,27.3,33.81,21.4,2.35,1.13
4127957,PR,Sul,1,faixa intermediária,97,0.7071452736854553,0.7905215,763.289,0.941747572815534,1.9867717342662448,0.0,1.08,0.0,0.0,3.18,24.92,42.6,19.18,7.1,1.94
4127965,PR,Sul,1,faixa intermediária,213,0.8263166546821594,0.84805316,766.1949,0.8693877551020408,2.3283796034387376,0.0,0.0,0.0,1.43,3.44,20.25,39.48,28.07,5.56,1.78
4128005,PR,Sul,1,faixa intermediária,254,0.8559229969978333,0.77592194,764.7258,0.8912280701754386,2.404833716619938,0.0,0.45,1.55,3.25,4.74,21.51,32.39,22.09,9.05,4.97
4128104,PR,Sul,1,faixa intermediária,1108,0.6413573026657104,0.6310654,745.7612,0.885691446842526,3.044539760392411,0.0,2.63,5.42,5.94,8.59,22.97,35.68,13.82,3.82,1.13
4128203,PR,Sul,1,faixa intermediária,542,0.7494165897369385,0.7316591,753.5218,0.8644338118022329,2.733999286538387,0.0,1.69,4.28,5.65,5.66,17.14,36.8,21.47,6.38,0.92
4128302,PR,Sul,1,faixa intermediária,15,0.6022706627845764,0.73333335,754.00934,0.8333333333333334,1.1760912590556813,0.0,0.0,0.0,6.67,13.33,20.0,26.67,26.67,6.67,0.0
4128401,PR,Sul,1,faixa intermediária,65,0.7654661536216736,0.66064733,752.1269,0.9027777777777778,1.8129133566428555,0.0,2.78,4.7,7.8,2.88,20.37,33.48,17.44,8.96,1.59
4128500,PR,Sul,1,faixa intermediária,208,0.8104887008666992,0.74380165,760.52747,0.8666666666666667,2.3180633349627615,0.0,1.47,1.95,4.67,7.66,13.74,31.38,27.13,8.73,3.28
4128534,PR,Sul,1,faixa intermediária,130,0.7409777641296387,0.7718524,762.68896,0.896551724137931,2.113943352306837,0.0,1.46,0.8,5.27,7.19,14.16,28.04,31.62,8.34,3.11
4128559,PR,Sul,1,faixa intermediária,111,0.5236725807189941,0.7612035,754.2832,0.888,2.0453229787866576,0.0,0.8,3.71,8.28,4.53,14.78,43.81,16.05,6.31,1.73
4128609,PR,Sul,1,faixa intermediária,96,0.8101871609687805,0.67282844,752.7569,0.9056603773584906,1.9822712330395684,0.0,1.11,5.28,5.25,12.69,15.72,29.84,16.57,11.56,1.98
4128633,PR,Sul,1,faixa intermediária,64,0.7632195949554443,0.69438004,753.6924,0.927536231884058,1.806179973983887,0.0,0.0,1.45,7.76,8.15,23.94,33.99,19.93,4.78,0.0
4128658,PR,Sul,1,faixa intermediária,60,0.7869116067886353,0.8154243,765.28406,0.967741935483871,1.7781512503836436,0.0,0.0,3.58,0.0,3.41,19.71,33.51,31.54,8.24,0.0
4128708,PR,Sul,1,faixa intermediária,115,0.7138360738754272,0.70195854,752.4029,0.8156028368794326,2.060697840353612,0.0,3.41,3.74,5.08,5.87,19.77,34.38,19.43,7.25,1.06
4128807,PR,Sul,1,faixa intermediária,74,0.7384374737739563,0.5519363,745.29553,0.891566265060241,1.8692317197309762,0.0,0.0,5.85,4.76,12.97,27.69,32.5,12.41,3.82,0.0
4200051,SC,Sul,1,faixa intermediária,39,0.7205689549446106,0.7709091,757.96967,0.975,1.591064607026499,0.0,5.28,0.0,2.64,2.5,22.92,43.75,5.14,12.78,5.0
4200200,SC,Sul,1,faixa intermediária,154,0.8123125433921814,0.76029444,762.6658,0.9112426035502958,2.187520720836463,0.0,0.59,2.76,4.32,5.89,20.46,30.49,19.34,10.57,5.57
4200309,SC,Sul,1,faixa intermediária,53,0.758746862411499,0.7039141,752.6203,0.6883116883116883,1.724275869600789,0.0,5.97,0.0,7.64,7.96,11.68,35.36,19.64,9.75,1.99
4200408,SC,Sul,1,faixa intermediária,75,0.6474554538726807,0.7240906,754.77716,0.7575757575757576,1.8750612633917,0.0,1.28,3.57,0.0,13.16,25.4,28.05,23.01,5.54,0.0
4200507,SC,Sul,1,faixa intermediária,87,0.6616616249084473,0.6638824,748.9856,0.8130841121495327,1.9395192526186185,0.7472308,3.12,4.77,3.25,9.15,23.24,30.65,17.53,8.28,0.0
4200556,SC,Sul,1,faixa intermediária,17,0.4278670847415924,0.88235295,774.9794,1.0,1.2304489213782739,0.0,0.0,5.88,0.0,0.0,11.76,29.41,29.41,17.65,5.88
4200606,SC,Sul,1,faixa intermediária,85,0.812835156917572,0.79326254,770.0944,0.8762886597938144,1.9294189257142926,0.0,0.0,1.13,0.0,9.84,13.39,31.63,24.38,13.9,5.73
4200754,SC,Sul,1,faixa intermediária,27,0.8738513588905334,0.851827,759.83954,0.9310344827586207,1.4313637641589874,0.0,7.43,0.0,0.0,0.0,14.8,44.41,25.94,3.71,3.71
4200804,SC,Sul,1,faixa intermediária,66,0.7779877185821533,0.8199616,769.92993,0.868421052631579,1.8195439355418688,0.25041586,1.32,2.88,1.32,5.64,14.16,25.06,28.2,17.04,4.39
4200903,SC,Sul,1,faixa intermediária,40,0.7575052380561829,0.7167977,756.82916,0.851063829787234,1.6020599913279623,0.7662391,2.74,0.0,2.39,17.73,14.99,29.93,17.28,12.2,2.74
4201000,SC,Sul,1,faixa intermediária,71,0.610482931137085,0.7883842,764.8712,0.7171717171717171,1.8512583487190752,0.18130095,0.0,0.0,3.98,6.55,16.09,36.69,24.42,9.7,2.56
4201208,SC,Sul,1,faixa intermediária,170,0.7284607887268066,0.73536,763.93066,0.8900523560209425,2.230448921378274,0.16223647,1.8,1.79,2.35,5.92,21.77,21.75,27.11,13.52,3.98
4201257,SC,Sul,1,faixa intermediária,93,0.6218212246894836,0.7083446,758.7781,0.8611111111111112,1.968482948553935,0.0,2.19,3.23,1.09,7.48,19.26,37.69,17.38,7.46,4.21
4201273,SC,Sul,1,faixa intermediária,55,0.7939415574073792,0.9630576,786.18353,0.9649122807017544,1.7403626894942439,0.0,0.0,0.0,0.0,0.0,5.45,38.13,28.62,18.28,9.51
4201505,SC,Sul,1,faixa intermediária,122,0.7693440914154053,0.78777075,766.94073,0.8591549295774648,2.0863598306747484,0.40080887,1.75,0.92,0.92,4.16,21.9,29.56,20.77,17.87,2.14
4201604,SC,Sul,1,faixa intermediária,45,0.9199759364128113,0.76228505,765.4199,0.8035714285714286,1.6532125137753437,0.0,0.0,0.0,0.0,11.11,23.59,26.6,25.89,8.77,4.05
4201653,SC,Sul,1,faixa intermediária,26,0.7571301460266113,0.77962226,768.64496,0.7647058823529411,1.414973347970818,0.0,4.04,0.0,0.0,6.99,14.95,22.79,36.4,6.86,7.97
4201703,SC,Sul,1,faixa intermediária,87,0.6736160516738892,0.61654204,750.0232,0.8365384615384616,1.9395192526186185,0.7208411,2.49,6.61,1.09,13.32,23.8,26.01,16.42,8.09,2.18
4201802,SC,Sul,1,faixa intermediária,41,0.711155891418457,0.7258065,761.52606,0.82,1.6127838567197355,0.4197435,5.0,0.0,0.0,0.0,27.42,33.15,19.7,12.39,2.33
4201901,SC,Sul,1,faixa intermediária,64,0.7292255759239197,0.76669794,766.57654,0.7710843373493976,1.806179973983887,0.62655264,1.36,0.0,4.37,3.32,17.66,37.2,16.53,11.38,8.18
4202081,SC,Sul,1,faixa intermediária,45,0.7011764645576477,0.5688527,746.0858,0.9183673469387755,1.6532125137753437,0.0,0.0,6.12,0.0,10.71,30.7,38.69,9.18,4.59,0.0
4202099,SC,Sul,1,faixa intermediária,18,0.5,0.6666667,746.84216,0.9,1.255272505103306,0.0,5.56,5.56,0.0,0.0,33.33,38.89,16.67,0.0,0.0
4202131,SC,Sul,1,faixa intermediária,65,0.8620268702507019,0.81936026,768.8472,0.9420289855072463,1.8129133566428555,0.0,0.0,1.61,0.0,3.07,22.74,33.7,21.61,14.03,3.24
4202156,SC,Sul,1,faixa intermediária,35,0.7289741635322571,0.80409133,764.96375,0.9459459459459459,1.5440680443502757,0.0,2.7,0.0,2.7,5.74,14.19,28.72,28.04,17.91,0.0
4202206,SC,Sul,1,faixa intermediária,121,0.5980226993560791,0.7046985,754.69116,0.8832116788321168,2.0827853703164503,0.6786195,9.15,3.29,2.49,6.48,14.71,24.35,22.57,10.91,6.06
4202404,SC,Sul,1,faixa intermediária,2788,0.6261011362075806,0.6414253,752.23566,0.6978723404255319,3.4452927694259716,0.3312159,2.99,5.26,2.59,9.38,22.1,26.99,18.79,9.05,2.85
4202453,SC,Sul,1,faixa intermediária,230,0.6081794500350952,0.6823929,754.58484,0.5912596401028277,2.361727836017593,0.0,2.54,2.9,2.02,9.56,22.6,28.66,23.49,6.66,1.57
4202578,SC,Sul,1,faixa intermediária,24,0.7330645322799683,0.9599567,789.76074,0.8888888888888888,1.380211241711606,0.0,0.0,0.0,0.0,0.0,8.02,29.32,37.35,12.35,12.96
4202701,SC,Sul,1,faixa intermediária,79,0.7555539608001709,0.6452906,757.7907,0.8586956521739131,1.8976270912904414,0.53296083,2.83,2.41,1.19,11.53,24.82,19.18,24.51,6.07,7.46
4202859,SC,Sul,1,faixa intermediária,41,0.6217711567878723,0.642028,756.8197,0.7192982456140351,1.6127838567197355,0.0,3.12,0.0,0.0,9.93,31.68,19.72,26.57,6.71,2.27
4202875,SC,Sul,1,faixa intermediária,27,0.42126044631004333,0.7443293,768.7313,0.9,1.4313637641589874,0.43486717,0.0,0.0,0.0,3.54,25.98,32.27,14.96,19.3,3.94
4202909,SC,Sul,1,faixa intermediária,1305,0.6589703559875488,0.6590226,754.4855,0.7201986754966887,3.1156105116742996,0.3812657,1.99,2.53,1.9,11.48,24.73,28.77,18.6,7.42,2.59
4203006,SC,Sul,1,faixa intermediária,754,0.6620145440101624,0.6573568,751.8281,0.7306201550387597,2.877371345869774,0.25875092,3.58,4.09,2.45,8.71,23.72,28.33,19.48,7.68,1.96
4203154,SC,Sul,1,faixa intermediária,75,0.629558801651001,0.5790848,751.1531,0.8064516129032258,1.8750612633917,0.0,1.36,0.0,0.0,20.46,26.38,25.34,20.39,4.49,1.58
4203303,SC,Sul,1,faixa intermediária,145,0.6647568941116333,0.59811205,747.6921,0.8100558659217877,2.161368002234975,0.0,3.95,6.75,0.0,12.16,24.42,25.82,19.75,4.21,2.94
4203600,SC,Sul,1,faixa intermediária,395,0.6160486340522766,0.6368134,754.1361,0.7821782178217822,2.59659709562646,0.3767756,2.75,2.82,1.18,8.39,26.97,29.49,18.91,7.27,2.22
4203808,SC,Sul,1,faixa intermediária,571,0.7563956379890442,0.7780463,764.7153,0.7930555555555555,2.756636108245848,0.45011744,1.06,1.6,1.3,5.4,20.53,33.04,22.86,10.52,3.69
4203907,SC,Sul,1,faixa intermediária,283,0.7228395938873291,0.69531846,754.8455,0.7927170868347339,2.45178643552429,0.0,2.49,3.92,1.13,7.57,23.63,32.99,17.86,9.35,1.05
4204004,SC,Sul,1,faixa intermediária,142,0.6830275654792786,0.7242674,765.99994,0.7845303867403315,2.1522883443830563,0.0,1.31,2.91,0.0,6.95,25.05,23.73,19.04,15.78,5.24
4204103,SC,Sul,1,faixa intermediária,46,0.6954495310783386,0.6013085,756.57886,0.9387755102040817,1.662757831681574,0.0,0.0,0.0,2.04,12.54,31.83,28.92,15.51,7.0,2.17
4204152,SC,Sul,1,faixa intermediária,45,0.7735868692398071,0.7567354,758.5373,0.9183673469387755,1.6532125137753437,0.0,0.0,2.26,2.18,11.01,17.8,42.21,17.94,6.61,0.0
4204194,SC,Sul,1,faixa intermediária,47,0.5243877172470093,0.65907764,746.16956,0.94,1.6720978579357175,0.0,6.34,2.18,0.0,6.34,31.91,38.25,8.52,4.36,2.08
4204301,SC,Sul,1,faixa intermediária,950,0.708626925945282,0.7130478,759.6501,0.8355321020228672,2.9777236052888476,0.2162428,1.55,3.25,1.51,9.52,19.1,28.94,24.1,7.95,4.09
4204350,SC,Sul,1,faixa intermediária,94,0.547584056854248,0.65378314,747.29724,0.9306930693069307,1.9731278535996986,0.0,1.02,9.32,6.26,7.52,17.87,34.26,13.99,8.61,1.14
4204400,SC,Sul,1,faixa intermediária,102,0.7427904009819031,0.8672666,777.89185,0.8429752066115702,2.0086001717619175,0.0,0.0,0.0,0.89,4.05,12.29,34.74,22.75,15.6,9.69
4204459,SC,Sul,1,faixa intermediária,31,0.7368420958518982,0.90422624,772.6974,0.96875,1.4913616938342726,0.0,0.0,0.0,0.0,0.0,15.82,42.19,32.23,6.45,3.32
4204509,SC,Sul,1,faixa intermediária,189,0.6115902662277222,0.7970851,766.90106,0.8146551724137931,2.2764618041732443,0.0,0.9,1.84,1.76,4.4,14.62,36.51,23.81,12.68,3.47
4204707,SC,Sul,1,faixa intermediária,123,0.7664437890052795,0.74184877,766.4441,0.831081081081081,2.089905111439398,0.45929283,0.83,1.8,1.69,6.74,20.39,21.55,33.0,9.73,4.27
4204756,SC,Sul,1,faixa intermediária,8,0.9044351577758789,1.0,787.94495,0.5714285714285714,0.9030899869919435,1.0,0.0,0.0,0.0,0.0,12.5,25.0,50.0,0.0,12.5
4204905,SC,Sul,1,faixa intermediária,68,0.8263246417045593,0.6433258,754.3353,0.8831168831168831,1.8325089127062364,0.14307342,4.83,4.36,0.0,17.04,16.37,25.55,16.77,9.87,5.19
4205001,SC,Sul,1,faixa intermediária,172,0.5986448526382446,0.69130296,757.7097,0.8390243902439024,2.2355284469075487,0.18030684,1.32,4.88,1.58,12.05,16.06,26.51,26.61,8.7,2.29
4205100,SC,Sul,1,faixa intermediária,54,0.860808253288269,0.88500154,773.2056,0.84375,1.7323937598229686,0.0,0.0,0.0,0.0,3.83,20.32,36.67,18.71,16.79,3.68
4205159,SC,Sul,1,faixa intermediária,38,0.5208538770675659,0.7911393,769.081,0.95,1.5797835966168101,0.0,0.0,0.0,0.0,13.15,7.75,34.5,31.23,10.56,2.81
4205175,SC,Sul,1,faixa intermediária,32,0.6675681471824646,0.65163445,753.0308,0.4383561643835616,1.505149978319906,0.0,3.41,0.0,0.0,15.98,21.18,36.61,12.57,10.24,0.0
4205191,SC,Sul,1,faixa intermediária,49,0.08805663883686066,0.6997195,759.46814,0.8305084745762712,1.6901960800285136,0.0,0.0,1.95,0.0,11.74,28.53,17.99,33.59,4.21,1.99
4205308,SC,Sul,1,faixa intermediária,129,0.5268313884735107,0.6652887,753.9124,0.8431372549019608,2.110589710299249,0.0,3.15,3.94,2.44,8.54,23.83,26.76,22.11,6.31,2.92
4205431,SC,Sul,1,faixa intermediária,30,0.6539682745933533,0.7676931,767.8737,0.8333333333333334,1.4771212547196624,0.0,0.0,0.0,0.0,3.37,26.61,26.61,26.69,16.72,0.0
4205456,SC,Sul,1,faixa intermediária,405,0.5832648277282715,0.632412,753.1389,0.7570093457943925,2.6074550232146687,0.14412399,2.78,3.45,3.6,12.07,21.02,26.27,20.75,6.55,3.51
4205506,SC,Sul,1,faixa intermediária,452,0.6662407517433167,0.77470076,765.01605,0.846441947565543,2.655138434811382,0.039280705,2.16,3.0,0.89,6.75,14.91,29.77,27.28,10.12,5.12
4205555,SC,Sul,1,faixa intermediária,21,0.6570972800254822,0.9494826,772.85645,0.65625,1.3222192947339193,0.0,0.0,0.0,0.0,0.0,20.19,36.63,24.49,14.39,4.3
4205605,SC,Sul,1,faixa intermediária,47,0.8082888126373291,0.70480114,756.0911,0.9038461538461539,1.6720978579357175,0.0,2.08,0.0,2.08,14.86,23.19,25.91,23.46,8.42,0.0
4205704,SC,Sul,1,faixa intermediária,342,0.7058863043785095,0.75760686,763.01306,0.7685393258426966,2.534026106056135,0.0,1.17,3.36,1.18,8.53,17.93,29.31,24.29,10.77,3.48
4205803,SC,Sul,1,faixa intermediária,230,0.5470846891403198,0.6672061,757.17175,0.7232704402515723,2.361727836017593,0.0,1.96,1.48,0.72,12.22,25.14,27.8,19.98,9.35,1.35
4205902,SC,Sul,1,faixa intermediária,624,0.6447628736495972,0.65149856,754.0219,0.6406570841889117,2.795184589682424,0.30914682,3.12,5.43,1.7,8.49,23.51,24.13,22.49,8.05,3.08
4206009,SC,Sul,1,faixa intermediária,115,0.5524080991744995,0.6718326,755.2578,0.4166666666666667,2.060697840353612,0.0,5.46,1.6,3.42,10.48,14.69,27.46,24.73,7.57,4.6
4206108,SC,Sul,1,faixa intermediária,78,0.6464688181877136,0.7074215,756.24963,0.78,1.8920946026904804,0.10971694,0.0,8.9,2.5,2.56,19.28,40.41,11.33,9.98,5.04
4206207,SC,Sul,1,faixa intermediária,114,0.5427398681640625,0.661954,753.73047,0.7450980392156863,2.0569048513364727,0.75844795,4.36,2.52,0.94,9.48,24.47,26.98,21.27,6.38,3.6
4206306,SC,Sul,1,faixa intermediária,285,0.701680064201355,0.7393676,760.5358,0.7579787234042553,2.45484486000851,0.0,1.75,1.87,2.96,9.06,18.0,31.93,22.09,8.38,3.97
4206405,SC,Sul,1,faixa intermediária,85,0.8327699899673462,0.83691466,764.4069,0.8854166666666666,1.9294189257142926,0.0,2.27,1.04,0.0,4.73,20.55,35.85,26.3,6.05,3.21
4206504,SC,Sul,1,faixa intermediária,488,0.7078201770782471,0.6409129,752.6785,0.7052023121387283,2.6884198220027105,0.0,4.5,2.47,2.03,10.65,23.0,25.3,21.59,7.52,2.94
4206603,SC,Sul,1,faixa intermediária,93,0.8862870931625366,0.59881586,749.1215,0.9789473684210527,1.968482948553935,0.0,1.05,3.29,4.41,5.53,32.12,32.19,17.18,4.21,0.0
4206702,SC,Sul,1,faixa intermediária,225,0.5372344851493835,0.6271288,752.8025,0.8122743682310469,2.3521825181113627,0.09740512,5.48,3.37,2.71,11.22,20.17,16.97,27.49,9.68,2.91
4206751,SC,Sul,1,faixa intermediária,27,0.6559561491012573,0.9617923,777.20123,0.9642857142857143,1.4313637641589874,0.0,0.0,0.0,0.0,0.0,19.13,37.5,25.51,10.71,7.14
4206801,SC,Sul,1,faixa intermediária,35,0.7568970918655396,0.5441074,749.8386,0.8333333333333334,1.5440680443502757,0.0,2.94,2.94,0.0,16.99,25.49,28.27,8.82,11.6,2.94
4206900,SC,Sul,1,faixa intermediária,203,0.6748380661010742,0.718092,757.2917,0.8218623481781376,2.307496037913213,0.0,1.51,3.92,0.47,9.61,21.88,31.68,19.82,7.61,3.51
4207007,SC,Sul,1,faixa intermediária,663,0.6530874371528625,0.6913286,757.5509,0.7603211009174312,2.821513528404773,0.3462662,2.03,3.03,1.2,9.35,22.05,30.42,20.26,8.35,3.31
4207403,SC,Sul,1,faixa intermediária,84,0.6478170156478882,0.7953488,766.9536,0.9130434782608695,1.9242792860618816,0.0,0.0,2.32,1.14,3.66,19.09,31.06,30.6,5.99,6.14
4207502,SC,Sul,1,faixa intermediária,884,0.5747888088226318,0.6670117,754.6384,0.8253968253968254,2.946452265013073,0.26422784,2.77,3.2,2.29,9.41,23.52,28.53,19.56,8.19,2.53
4207601,SC,Sul,1,faixa intermediária,52,0.8322856426239014,0.8443433,765.8552,0.8387096774193549,1.7160033436347992,0.0,6.0,0.0,0.0,6.0,13.98,23.23,40.01,7.15,3.63
4207650,SC,Sul,1,faixa intermediária,87,0.876815676689148,0.8965268,770.8528,0.925531914893617,1.9395192526186185,0.52139753,1.13,0.0,0.0,2.13,15.14,36.23,33.65,10.65,1.06
4207684,SC,Sul,1,faixa intermediária,59,0.5949789881706238,0.7773938,763.9419,0.3881578947368421,1.7708520116421442,0.0,0.0,1.75,1.75,11.82,20.66,21.93,26.74,15.35,0.0
4207700,SC,Sul,1,faixa intermediária,92,0.53960120677948,0.6285633,750.73627,0.8932038834951457,1.9637878273455553,0.0,3.47,6.97,1.25,4.31,26.68,26.71,19.24,9.17,2.2
4207759,SC,Sul,1,faixa intermediária,33,0.7832714915275574,0.700657,761.6443,0.9705882352941176,1.5185139398778875,0.0,0.0,0.0,2.94,11.76,21.28,30.62,24.22,9.17,0.0
4207809,SC,Sul,1,faixa intermediária,123,0.7202184796333313,0.65743566,753.2212,0.82,2.089905111439398,0.20020753,2.33,0.78,0.78,12.31,27.84,30.57,16.89,7.72,0.78
4207858,SC,Sul,1,faixa intermediária,25,0.9285714030265808,0.8782518,767.97345,0.8928571428571429,1.3979400086720377,0.0,0.0,0.0,0.0,0.0,28.21,40.06,15.71,8.01,8.01
4207908,SC,Sul,1,faixa intermediária,129,0.7182629108428955,0.79255784,767.2892,0.8896551724137931,2.110589710299249,0.0,1.58,2.22,0.0,6.56,17.1,32.03,22.89,13.01,4.6
4208005,SC,Sul,1,faixa intermediária,96,0.6401103734970093,0.7201328,761.4625,0.8205128205128205,1.9822712330395684,0.119800754,4.91,0.97,2.17,4.04,20.02,31.54,19.18,11.98,5.19
4208302,SC,Sul,1,faixa intermediária,657,0.6689966320991516,0.6861625,756.0741,0.5328467153284672,2.8175653695597807,0.0,2.64,2.22,1.9,12.29,20.5,27.11,21.34,9.33,2.67
4208401,SC,Sul,1,faixa intermediária,231,0.7644948959350586,0.816291,771.2606,0.8816793893129771,2.3636119798921444,0.17592317,1.28,2.73,0.5,3.88,15.1,27.75,27.13,16.24,5.4
4208500,SC,Sul,1,faixa intermediária,298,0.6996120810508728,0.713017,759.96136,0.8186813186813187,2.4742162640762553,0.62618345,1.79,0.62,1.38,8.3,24.78,31.19,21.06,8.34,2.53
4208609,SC,Sul,1,faixa intermediária,40,0.7387875914573669,0.7764516,764.52124,0.8333333333333334,1.6020599913279623,0.0,0.0,2.46,0.0,5.24,24.96,30.22,22.5,14.63,0.0
4208708,SC,Sul,1,faixa intermediária,113,0.5526401400566101,0.6721843,753.24506,0.8188405797101449,2.0530784434834195,0.08677889,3.99,3.15,1.57,11.07,23.75,22.77,23.22,8.72,1.76
4208906,SC,Sul,1,faixa intermediária,1670,0.7278003096580505,0.7252806,761.3855,0.7458686913800804,3.2227164711475833,0.24715547,1.86,2.4,1.95,8.34,19.23,30.16,21.52,9.76,4.76
4208955,SC,Sul,1,faixa intermediária,17,0.8181818127632141,0.771137,777.6968,0.85,1.2304489213782739,0.0,6.25,0.0,0.0,0.0,16.67,11.11,29.17,31.25,5.56
4209003,SC,Sul,1,faixa intermediária,185,0.6150773763656616,0.72169924,754.8678,0.7283464566929134,2.2671717284030137,0.09089169,4.13,2.58,2.59,6.45,20.06,34.29,16.76,10.14,3.0
4209102,SC,Sul,1,faixa intermediária,5308,0.6548254489898682,0.6858204,755.9174,0.7059449394866338,3.724930914192398,0.12904234,2.76,3.62,2.66,9.52,19.48,28.29,21.63,8.98,3.05
4209177,SC,Sul,1,faixa intermediária,19,0.9586777091026306,0.5789474,753.6279,0.5277777777777778,1.2787536009528289,0.0,0.0,5.26,0.0,10.53,36.84,15.79,26.32,5.26,0.0
4209201,SC,Sul,1,faixa intermediária,36,0.699999988079071,0.75006396,765.30273,0.9473684210526315,1.5563025007672873,0.0,0.0,2.79,0.0,8.33,22.21,30.55,19.49,11.08,5.56
4209458,SC,Sul,1,faixa intermediária,30,0.7857142686843872,0.6608431,756.23724,0.8571428571428571,1.4771212547196624,0.0,0.0,3.47,0.0,13.88,19.8,32.91,23.27,6.68,0.0
4209607,SC,Sul,1,faixa intermediária,162,0.6886088848114014,0.6872478,755.2583,0.7232142857142857,2.2095150145426308,0.42860243,1.01,3.62,2.46,9.36,20.11,36.71,17.02,6.91,2.8
4209805,SC,Sul,1,faixa intermediária,24,0.7499999403953552,0.625,759.3813,1.0,1.380211241711606,0.0,0.0,0.0,0.0,8.33,37.5,16.67,29.17,8.33,0.0
4209854,SC,Sul,1,faixa intermediária,46,0.8737362623214722,0.8462783,763.50476,0.8518518518518519,1.662757831681574,0.0,0.0,0.0,8.73,2.25,17.42,39.2,21.47,6.44,4.5
4209904,SC,Sul,1,faixa intermediária,179,0.5863580703735352,0.58410203,747.42773,0.8325581395348837,2.2528530309798933,0.0,4.07,2.47,2.47,13.39,26.25,26.07,18.95,5.8,0.53
4210001,SC,Sul,1,faixa intermediária,186,0.7067787647247314,0.61544865,753.69714,0.8378378378378378,2.2695129442179165,0.3603801,3.06,4.03,3.48,11.4,23.73,23.13,14.92,10.56,5.69
4210035,SC,Sul,1,faixa intermediária,59,0.7290834188461304,0.7974615,768.72296,0.8194444444444444,1.7708520116421442,0.0,0.0,0.0,0.0,3.52,24.89,34.06,24.01,8.62,4.89
4210050,SC,Sul,1,faixa intermediária,16,0.7999999523162842,0.5625,761.0606,0.8421052631578947,1.2041199826559248,0.0,0.0,0.0,0.0,12.5,37.5,12.5,25.0,6.25,6.25
4210100,SC,Sul,1,faixa intermediária,528,0.704444169998169,0.7414971,760.25354,0.8048780487804879,2.722633922533812,0.42971683,2.81,3.98,2.58,5.96,16.36,28.33,25.77,10.8,3.41
4210209,SC,Sul,1,faixa intermediária,22,0.5139658451080322,0.76406926,769.63104,0.8148148148148148,1.3424226808222062,0.0,0.0,0.0,4.01,9.2,15.56,30.43,21.23,14.38,5.19
4210308,SC,Sul,1,faixa intermediária,89,0.690737783908844,0.7400108,758.43945,0.8240740740740741,1.9493900066449128,0.0,1.22,5.57,2.13,4.01,23.28,31.42,21.16,9.99,1.23
4210407,SC,Sul,1,faixa intermediária,99,0.6086196899414062,0.6181505,749.4435,0.7615384615384615,1.99563519459755,0.0,1.07,5.99,3.15,10.7,26.47,27.46,18.76,4.5,1.9
4210506,SC,Sul,1,faixa intermediária,350,0.8556082248687744,0.7585038,763.2549,0.8353221957040573,2.5440680443502757,0.43625346,1.68,1.78,1.83,3.81,23.28,30.07,23.93,9.8,3.83
4210555,SC,Sul,1,faixa intermediária,20,0.8823051452636719,0.7595098,766.3853,0.8695652173913043,1.3010299956639813,0.0,0.0,5.12,0.0,0.0,29.16,25.58,15.35,19.69,5.12
4210605,SC,Sul,1,faixa intermediária,218,0.7256351709365845,0.7677655,765.9146,0.872,2.3384564936046046,0.1757114,2.3,3.25,0.43,5.93,18.16,27.38,24.76,13.1,4.69
4210852,SC,Sul,1,faixa intermediária,27,0.3919118046760559,0.7406562,767.0418,0.7941176470588235,1.4313637641589874,0.0,0.0,0.0,0.0,7.42,22.19,36.97,14.84,14.84,3.74
4211009,SC,Sul,1,faixa intermediária,104,0.681271493434906,0.579493,751.18097,0.8666666666666667,2.0170333392987803,0.08342107,0.96,0.96,1.75,12.28,34.22,26.22,16.47,5.33,1.79
4211207,SC,Sul,1,faixa intermediária,264,0.6801770329475403,0.6808976,753.7414,0.8859060402684564,2.4216039268698313,0.0,1.09,4.26,1.97,8.64,27.04,29.63,18.66,7.67,1.04
4211256,SC,Sul,1,faixa intermediária,38,0.6215835213661194,0.735627,762.3642,0.8837209302325582,1.5797835966168101,0.72114086,0.0,10.68,0.0,2.67,20.96,26.3,20.83,10.55,8.01
4211405,SC,Sul,1,faixa intermediária,70,0.6915013194084167,0.7285714,758.7081,0.9459459459459459,1.845098040014257,0.0,0.0,2.86,0.0,12.85,21.43,32.86,21.43,5.72,2.85
4211454,SC,Sul,1,faixa intermediária,45,0.673987865447998,0.7117251,760.4718,0.8653846153846154,1.6532125137753437,0.0,0.0,0.0,0.0,6.38,32.85,26.35,32.29,0.0,2.13
4211603,SC,Sul,1,faixa intermediária,152,0.6354965567588806,0.73259807,765.4655,0.8941176470588236,2.1818435879447726,0.35255462,0.0,5.04,2.56,8.75,12.95,31.25,19.02,12.44,7.99
4211652,SC,Sul,1,faixa intermediária,23,0.9160001873970032,0.86577183,770.8932,0.7931034482758621,1.3617278360175928,0.0,0.0,0.0,0.0,4.7,34.22,20.79,22.15,13.43,4.7
4211702,SC,Sul,1,faixa intermediária,237,0.6855236291885376,0.6444785,749.2177,0.7953020134228188,2.374748346010104,0.45610198,3.84,5.68,2.18,10.35,21.35,27.91,21.03,5.5,2.16
4211751,SC,Sul,1,faixa intermediária,252,0.5317578911781311,0.6642173,755.60785,0.8513513513513513,2.401400540781544,0.31423038,1.16,3.7,1.75,9.02,26.11,30.09,17.32,7.75,3.09
4211801,SC,Sul,1,faixa intermediária,59,0.7258138060569763,0.821944,773.35956,0.7763157894736842,1.7708520116421442,0.0,0.0,0.0,0.0,10.79,12.67,28.59,26.47,14.94,6.54
4211850,SC,Sul,1,faixa intermediária,15,0.4456465244293213,0.6666667,761.6867,0.8823529411764706,1.1760912590556813,0.0,0.0,0.0,0.0,13.33,33.33,20.0,13.33,20.0,0.0
4211876,SC,Sul,1,faixa intermediária,22,0.7082517743110657,0.5454545,758.015,0.7857142857142857,1.3424226808222062,0.0,4.55,4.55,0.0,13.64,22.73,18.18,9.09,22.73,4.55
4212007,SC,Sul,1,faixa intermediária,89,0.8007850646972656,0.79941916,770.2162,0.8317757009345794,1.9493900066449128,0.0,1.17,0.99,0.0,3.76,22.24,29.44,22.58,14.37,5.46
4212056,SC,Sul,1,faixa intermediária,28,0.6715229153633118,0.572215,750.6551,0.9333333333333333,1.4471580313422192,0.0,0.0,3.89,0.0,7.22,39.44,35.56,13.89,0.0,0.0
4212106,SC,Sul,1,faixa intermediária,163,0.6021711826324463,0.6428534,755.106,0.8858695652173914,2.2121876044039577,0.34172872,2.9,2.35,2.35,9.93,25.26,26.46,20.41,9.75,0.6
4212205,SC,Sul,1,faixa intermediária,177,0.676720380783081,0.693254,756.06537,0.8082191780821918,2.247973266361807,0.16463117,1.05,2.04,1.54,12.37,20.91,35.15,16.25,10.17,0.53
4212239,SC,Sul,1,faixa intermediária,31,0.8575646877288818,0.8385776,767.3546,0.8157894736842105,1.4913616938342726,0.0,0.0,6.45,0.0,0.0,9.7,35.59,32.12,16.14,0.0
4212254,SC,Sul,1,faixa intermediária,159,0.5611298084259033,0.59865004,750.0695,0.7035398230088495,2.2013971243204513,0.0,2.51,4.33,2.68,13.49,22.32,28.42,16.71,7.27,2.26
4212270,SC,Sul,1,faixa intermediária,51,0.6493136882781982,0.6876278,757.0677,0.8947368421052632,1.7075701760979363,0.80743015,2.01,1.93,0.0,5.86,29.25,31.48,21.6,5.86,2.01
4212403,SC,Sul,1,faixa intermediária,30,0.8173213601112366,0.69203895,765.0215,0.7692307692307693,1.4771212547196624,0.0,0.0,0.0,3.75,0.0,36.84,24.77,22.58,6.03,6.03
4212601,SC,Sul,1,faixa intermediária,24,0.8583621978759766,0.875,774.4404,0.8571428571428571,1.380211241711606,0.0,0.0,0.0,4.17,0.0,20.83,16.67,37.5,20.83,0.0
4212700,SC,Sul,1,faixa intermediária,76,0.6216081976890564,0.66851264,757.4783,0.8837209302325582,1.8808135922807914,0.0,1.49,1.32,4.21,8.25,23.19,28.82,26.22,2.55,3.96
4212908,SC,Sul,1,faixa intermediária,245,0.7232298254966736,0.7507084,760.7098,0.8305084745762712,2.3891660843645326,0.4201977,2.47,1.59,1.24,8.26,15.85,38.09,21.33,9.27,1.89
4213005,SC,Sul,1,faixa intermediária,52,0.592810332775116,0.7925761,757.29675,0.8524590163934426,1.7160033436347992,0.0,2.02,2.02,1.72,1.72,28.39,37.6,21.38,5.15,0.0
4213104,SC,Sul,1,faixa intermediária,67,0.8143054246902466,0.8399861,775.5381,0.7976190476190477,1.8260748027008264,0.0,0.0,0.0,1.31,7.12,10.5,26.93,28.64,22.75,2.74
4213153,SC,Sul,1,faixa intermediária,32,0.7956917881965637,0.90344304,782.0553,0.8205128205128205,1.505149978319906,0.0,0.0,0.0,0.0,6.41,3.21,40.51,28.08,12.56,9.23
4213203,SC,Sul,1,faixa intermediária,356,0.6317272186279297,0.7086292,757.48346,0.8725490196078431,2.5514499979728753,0.0,5.74,4.69,1.41,7.08,14.27,27.2,22.22,13.45,3.95
4213351,SC,Sul,1,faixa intermediária,47,0.6409211754798889,0.70194525,751.9284,0.7966101694915254,1.6720978579357175,0.0,0.0,11.07,0.0,6.16,25.72,33.68,14.87,8.5,0.0
4213500,SC,Sul,1,faixa intermediária,255,0.565002977848053,0.6255165,750.6176,0.6986301369863014,2.406540180433955,0.0,3.93,0.82,2.42,12.11,27.43,28.61,15.8,8.18,0.72
4213609,SC,Sul,1,faixa intermediária,249,0.6754449605941772,0.6768764,755.11615,0.7929936305732485,2.3961993470957363,0.60460365,1.71,4.16,1.53,6.64,29.58,29.6,16.64,7.79,2.36
4213708,SC,Sul,1,faixa intermediária,245,0.6428205966949463,0.63516396,749.37494,0.768025078369906,2.3891660843645326,0.7086126,3.63,3.21,1.69,10.89,26.91,29.93,17.87,4.67,1.2
4213807,SC,Sul,1,faixa intermediária,110,0.678186297416687,0.7186206,760.423,0.8088235294117647,2.041392685158225,0.24982157,1.91,1.74,0.89,9.09,21.9,28.34,23.91,8.44,3.79
4213906,SC,Sul,1,faixa intermediária,21,0.4705882668495178,0.61904764,753.3496,0.9545454545454546,1.3222192947339193,0.0,0.0,4.76,4.76,19.05,9.52,28.57,19.05,9.52,4.76
4214102,SC,Sul,1,faixa intermediária,36,0.5166666507720947,0.5833333,751.58356,0.9,1.5563025007672873,0.0,5.56,2.78,0.0,13.89,22.22,27.78,11.11,13.89,2.78
4214151,SC,Sul,1,faixa intermediária,36,0.8934080004692078,0.6405508,753.93945,0.8780487804878049,1.5563025007672873,0.0,0.0,2.68,2.68,5.58,38.63,30.58,14.27,2.68,2.9
4214201,SC,Sul,1,faixa intermediária,118,0.6712959408760071,0.700733,759.4216,0.855072463768116,2.0718820073061255,0.0,0.76,5.71,0.76,9.09,23.23,20.18,22.25,16.34,1.68
4214300,SC,Sul,1,faixa intermediária,38,0.7462007999420166,0.8080652,760.75964,0.8636363636363636,1.5797835966168101,0.295725,8.33,0.0,0.0,5.34,18.66,30.85,23.86,7.71,5.25
4214508,SC,Sul,1,faixa intermediária,57,0.7078290581703186,0.8003055,766.45605,0.8142857142857143,1.7558748556724915,0.28496042,0.0,5.15,0.0,13.06,9.15,35.04,18.81,15.38,3.41
4214607,SC,Sul,1,faixa intermediária,63,0.8028931617736816,0.6307629,751.31494,0.6702127659574468,1.7993405494535817,0.14885259,7.88,3.6,0.0,13.85,12.9,28.34,16.26,14.56,2.6
4214706,SC,Sul,1,faixa intermediária,105,0.607406497001648,0.6859835,759.6684,0.8015267175572519,2.0211892990699383,0.0,2.31,4.42,1.05,7.59,18.84,24.63,27.16,11.68,2.31
4214904,SC,Sul,1,faixa intermediária,63,0.7836470007896423,0.68772835,759.3539,0.875,1.7993405494535817,0.0,1.53,1.52,0.0,8.0,24.75,34.8,17.75,11.65,0.0
4215000,SC,Sul,1,faixa intermediária,486,0.6153791546821594,0.6755234,752.8786,0.8364888123924269,2.6866362692622934,0.08959267,3.74,3.59,2.39,9.23,22.81,28.73,19.07,8.39,2.05
4215059,SC,Sul,1,faixa intermediária,23,0.6574342846870422,0.76358116,757.8766,0.71875,1.3617278360175928,0.0,4.69,9.38,0.0,3.37,12.5,12.98,44.11,12.98,0.0
4215075,SC,Sul,1,faixa intermediária,39,0.8342961668968201,0.7207207,757.42096,0.7222222222222222,1.591064607026499,0.0,0.0,4.78,2.35,4.86,25.5,32.07,28.1,0.0,2.35
4215109,SC,Sul,1,faixa intermediária,120,0.587928831577301,0.6761371,756.9758,0.7692307692307693,2.0791812460476247,0.109345786,2.84,0.0,1.66,5.08,30.65,33.51,14.8,11.45,0.0
4215208,SC,Sul,1,faixa intermediária,41,0.520733654499054,0.7803664,765.22784,0.9534883720930233,1.6127838567197355,0.0,0.0,2.58,0.0,0.0,26.87,31.52,29.2,7.24,2.58
4215307,SC,Sul,1,faixa intermediária,110,0.7660627961158752,0.6735843,758.44666,0.873015873015873,2.041392685158225,0.2464126,0.0,1.92,0.93,13.13,26.82,23.19,22.13,9.06,2.83
4215356,SC,Sul,1,faixa intermediária,24,0.9512773156166077,0.7529138,764.8708,0.96,1.380211241711606,0.0,0.0,0.0,0.0,12.47,12.24,28.94,37.88,8.47,0.0
4215406,SC,Sul,1,faixa intermediária,51,0.8543985486030579,0.72082454,765.40234,0.85,1.7075701760979363,0.0,0.0,6.43,0.0,10.05,14.97,26.01,21.72,15.06,5.76
4215554,SC,Sul,1,faixa intermediária,24,0.7833815813064575,0.6666667,766.5916,1.0,1.380211241711606,0.0,0.0,0.0,0.0,4.17,29.17,29.17,20.83,12.5,4.17
4215604,SC,Sul,1,faixa intermediária,37,0.9281324148178101,0.8648648,780.77594,1.0,1.568201724066995,0.0,0.0,2.7,0.0,2.7,13.51,35.14,16.22,10.81,18.92
4215653,SC,Sul,1,faixa intermediária,116,0.5750973224639893,0.73639905,761.4463,0.7388535031847133,2.0644579892269186,0.15287489,3.43,2.14,0.7,5.9,20.73,29.67,21.32,11.34,4.77
4215679,SC,Sul,1,faixa intermediária,99,0.8089358806610107,0.7352071,764.7709,0.9428571428571428,1.99563519459755,0.36214867,0.95,0.0,0.0,3.1,30.42,29.41,23.29,9.87,2.96
4215687,SC,Sul,1,faixa intermediária,24,0.541022002696991,0.9583334,779.62463,0.9230769230769231,1.380211241711606,0.0,0.0,0.0,0.0,0.0,8.33,45.83,25.0,8.33,12.5
4215695,SC,Sul,1,faixa intermediária,22,0.7368420958518982,0.8181818,768.41003,0.9166666666666666,1.3424226808222062,0.0,0.0,4.55,0.0,4.55,9.09,31.82,36.36,13.64,0.0
4215703,SC,Sul,1,faixa intermediária,262,0.6052996516227722,0.6286631,753.3467,0.7138964577656676,2.4183012913197452,0.21547723,2.65,4.75,4.43,9.03,19.42,26.17,21.95,8.04,3.57
4215752,SC,Sul,1,faixa intermediária,40,0.8302354216575623,0.6952663,763.5791,0.8695652173913043,1.6020599913279623,0.0,0.0,0.0,2.37,7.69,25.43,32.26,17.46,12.43,2.37
4215802,SC,Sul,1,faixa intermediária,793,0.7263028025627136,0.7921106,768.2354,0.7595785440613027,2.8992731873176036,0.2118573,0.8,1.26,0.91,6.73,17.01,29.56,28.22,10.86,4.64
4215901,SC,Sul,1,faixa intermediária,19,0.8499999046325684,0.7368421,755.90576,0.9047619047619048,1.2787536009528289,1.0,0.0,5.26,0.0,10.53,15.79,42.11,21.05,5.26,0.0
4216008,SC,Sul,1,faixa intermediária,128,0.7150596976280212,0.7117476,757.81586,0.8311688311688312,2.1072099696478683,0.7400734,1.5,6.07,0.0,4.18,23.19,32.23,24.32,5.3,3.22
4216107,SC,Sul,1,faixa intermediária,77,0.7146707773208618,0.7881763,764.7379,0.8651685393258427,1.8864907251724818,0.13438046,0.0,0.0,0.0,10.76,15.49,32.59,29.49,10.15,1.52
4216255,SC,Sul,1,faixa intermediária,65,0.9602141976356506,0.92424035,785.76654,0.9285714285714286,1.8129133566428555,0.0,0.0,0.0,0.0,0.0,9.08,38.42,25.99,12.43,14.08
4216305,SC,Sul,1,faixa intermediária,277,0.7310147285461426,0.68590784,755.3017,0.5843881856540084,2.4424797690644486,0.10136508,0.78,2.51,1.02,8.04,29.13,29.99,20.61,7.28,0.66
4216354,SC,Sul,1,faixa intermediária,64,0.5509297847747803,0.6399587,751.9792,0.9696969696969697,1.806179973983887,0.0,1.52,1.73,0.0,18.52,23.68,28.16,23.32,1.52,1.55
4216404,SC,Sul,1,faixa intermediária,115,0.7784505486488342,0.7668276,759.12384,0.7931034482758621,2.060697840353612,0.0,2.83,0.0,1.92,7.71,21.26,34.21,23.37,5.42,3.28
4216701,SC,Sul,1,faixa intermediária,159,0.7642825245857239,0.82246995,773.4644,0.8983050847457628,2.2013971243204513,0.0,0.0,1.31,0.66,6.9,12.4,30.58,28.05,11.38,8.73
4216909,SC,Sul,1,faixa intermediária,302,0.7141247987747192,0.7125689,762.066,0.7926509186351706,2.4800069429571505,0.0,1.3,2.7,1.28,7.29,22.6,28.67,20.95,10.49,4.72
4217006,SC,Sul,1,faixa intermediária,189,0.6571483612060547,0.686324,756.21783,0.875,2.2764618041732443,0.0,3.74,1.55,1.03,10.29,22.57,29.51,20.26,6.91,4.15
4217105,SC,Sul,1,faixa intermediária,43,0.6821098923683167,0.56713897,751.3241,0.9347826086956522,1.6334684555795864,0.50095165,0.0,4.67,0.0,20.22,23.37,25.22,19.02,5.0,2.5
4217154,SC,Sul,1,faixa intermediária,19,0.875,0.84210527,777.59845,0.8636363636363636,1.2787536009528289,0.0,0.0,0.0,0.0,0.0,21.05,15.79,52.63,5.26,5.26
4217204,SC,Sul,1,faixa intermediária,438,0.6492207050323486,0.69473785,760.6921,0.8358778625954199,2.6414741105040997,0.16803712,1.84,3.33,2.47,8.37,19.94,27.81,20.47,10.68,5.09
4217253,SC,Sul,1,faixa intermediária,62,0.7421799302101135,0.61130095,752.3036,0.8378378378378378,1.792391689498254,0.32378453,1.83,0.0,3.66,11.01,28.74,28.4,16.72,6.23,3.41
4217303,SC,Sul,1,faixa intermediária,140,0.8097049593925476,0.82285124,768.194,0.9333333333333333,2.146128035678238,0.10674267,2.79,4.29,0.76,2.13,14.84,25.68,28.11,18.73,2.67
4217402,SC,Sul,1,faixa intermediária,263,0.6054986119270325,0.739739,762.594,0.8296529968454258,2.419955748489758,0.17042391,1.05,3.1,0.0,9.51,17.09,33.59,21.47,11.98,2.21
4217501,SC,Sul,1,faixa intermediária,239,0.738827109336853,0.6249552,753.5244,0.802013422818792,2.3783979009481375,0.42909807,4.9,4.76,3.42,11.57,17.31,21.12,19.74,12.55,4.61
4217758,SC,Sul,1,faixa intermediária,26,0.7619047164916992,0.73210704,762.24414,0.896551724137931,1.414973347970818,0.0,0.0,0.0,3.71,3.98,19.1,27.06,38.46,7.69,0.0
4217808,SC,Sul,1,faixa intermediária,176,0.785325288772583,0.7263653,759.24,0.7963800904977375,2.24551266781415,0.3574004,2.12,2.29,2.43,8.87,21.91,28.78,19.56,12.44,1.6
4217907,SC,Sul,1,faixa intermediária,86,0.7697861790657043,0.76547176,762.4299,0.7288135593220338,1.9344984512435677,0.38986397,1.1,2.17,0.0,8.8,17.41,35.71,25.14,6.45,3.22
4217956,SC,Sul,1,faixa intermediária,37,0.7905927896499634,0.91638494,775.68365,0.8604651162790697,1.568201724066995,0.0,2.91,0.0,0.0,0.0,8.0,32.72,42.91,10.91,2.55
4218103,SC,Sul,1,faixa intermediária,65,0.7128762006759644,0.80201346,760.02026,0.7471264367816092,1.8129133566428555,0.0,3.21,1.72,0.0,1.49,30.12,37.69,17.1,4.74,3.92
4218202,SC,Sul,1,faixa intermediária,431,0.6482643485069275,0.748495,762.81213,0.820952380952381,2.6344772701607315,0.41500732,0.43,2.68,1.7,7.09,21.0,27.81,24.89,11.57,2.83
4218350,SC,Sul,1,faixa intermediária,34,0.6858775615692139,0.56276053,751.8057,0.8095238095238095,1.5314789170422551,0.0,0.0,0.0,2.66,8.54,42.16,24.65,21.99,0.0,0.0
4218400,SC,Sul,1,faixa intermediária,90,0.7186922430992126,0.623882,749.4064,0.8823529411764706,1.954242509439325,0.0,2.05,8.81,3.23,9.26,18.77,25.15,26.07,6.66,0.0
4218509,SC,Sul,1,faixa intermediária,138,0.7433372139930725,0.71928596,758.96466,0.8313253012048193,2.1398790864012365,0.0,2.42,0.66,1.5,8.66,23.69,32.65,18.19,9.95,2.27
4218608,SC,Sul,1,faixa intermediária,87,0.6812835931777954,0.63308406,750.8866,0.90625,1.9395192526186185,0.0,3.46,4.58,1.14,11.49,26.32,28.92,12.6,8.03,3.47
4218756,SC,Sul,1,faixa intermediária,50,0.798581600189209,0.7766763,768.099,0.9259259259259259,1.6989700043360187,0.222783,0.0,0.0,0.0,5.93,20.12,34.05,30.06,5.93,3.91
4218806,SC,Sul,1,faixa intermediária,129,0.651361882686615,0.72947717,760.0644,0.8113207547169812,2.110589710299249,0.33935988,1.87,5.1,3.21,4.93,18.02,25.72,28.05,10.32,2.77
4218855,SC,Sul,1,faixa intermediária,29,0.6740980744361877,0.64987814,760.2875,0.8055555555555556,1.462397997898956,0.0,0.0,3.57,0.0,3.33,34.76,20.71,30.48,3.57,3.57
4218905,SC,Sul,1,faixa intermediária,113,0.6018649339675903,0.7688685,761.0743,0.710691823899371,2.0530784434834195,0.0,0.0,1.68,0.0,7.21,21.84,37.53,24.58,6.22,0.94
4219002,SC,Sul,1,faixa intermediária,216,0.6712471842765808,0.70740354,758.1111,0.8852459016393442,2.3344537511509307,0.49996018,0.91,6.85,2.5,2.65,21.9,31.55,19.31,11.15,3.17
4219150,SC,Sul,1,faixa intermediária,24,0.8899128437042236,0.6958498,754.7391,0.75,1.380211241711606,0.0,0.0,9.09,4.55,4.55,20.63,40.56,7.69,9.09,3.85
4219176,SC,Sul,1,faixa intermediária,76,0.6413087844848633,0.7150047,758.4974,0.9156626506024096,1.8808135922807914,0.19288391,2.55,1.49,0.0,13.91,16.7,34.49,21.17,5.73,3.96
4219200,SC,Sul,1,faixa intermediária,68,0.7328475117683411,0.8376214,771.27966,0.85,1.8325089127062364,0.0,1.44,0.0,1.82,5.84,11.15,29.96,36.37,12.1,1.32
4219309,SC,Sul,1,faixa intermediária,584,0.6213393807411194,0.6383411,750.34485,0.7776298268974701,2.7664128471123997,0.3131858,2.33,5.01,3.09,9.84,23.38,29.49,18.62,6.62,1.62
4219358,SC,Sul,1,faixa intermediária,52,0.445514053106308,0.7611845,759.3501,0.8524590163934426,1.7160033436347992,0.0,0.0,5.98,1.75,5.25,16.89,37.02,25.0,8.11,0.0
4219408,SC,Sul,1,faixa intermediária,44,0.7996419072151184,0.77272725,760.4641,0.8461538461538461,1.6434526764861874,0.0,0.0,2.27,2.27,11.36,18.18,36.36,18.18,6.82,4.55
4219507,SC,Sul,1,faixa intermediária,454,0.6757598519325256,0.7005992,756.11536,0.7604690117252931,2.6570558528571038,0.3697408,1.82,2.75,2.36,7.21,24.6,32.63,18.17,8.22,2.24
4219606,SC,Sul,1,faixa intermediária,30,0.715725302696228,0.81,775.6467,0.8571428571428571,1.4771212547196624,0.0,0.0,0.0,0.0,0.0,28.97,22.62,30.56,7.14,10.71
4219705,SC,Sul,1,faixa intermediária,424,0.6686017513275146,0.5970536,749.20966,0.8060836501901141,2.6273658565927325,0.03049964,3.68,3.62,3.67,10.32,24.45,28.1,14.72,9.29,2.17
4300059,RS,Sul,1,faixa intermediária,29,0.6461092829704285,0.5508685,744.2374,0.9354838709677419,1.462397997898956,0.0,0.0,3.23,13.9,13.4,21.34,31.02,13.4,3.72,0.0
4300109,RS,Sul,1,faixa intermediária,162,0.5949972867965698,0.56854403,750.7252,0.9152542372881356,2.2095150145426308,0.096045196,1.22,4.21,5.91,15.12,20.38,22.93,19.46,7.88,2.89
4300208,RS,Sul,1,faixa intermediária,46,0.6933701634407043,0.7431891,767.49884,0.9583333333333334,1.662757831681574,0.27083334,0.0,0.0,4.33,4.37,21.47,24.18,32.52,6.51,6.62
4300455,RS,Sul,1,faixa intermediária,33,1.0,0.65302324,765.17255,0.8918918918918919,1.5185139398778875,0.44651166,6.31,0.0,3.15,3.15,27.3,9.19,38.83,6.04,6.04
4300505,RS,Sul,1,faixa intermediária,61,0.749456524848938,0.6644628,758.00214,0.9242424242424242,1.7853298350107671,0.0,0.0,5.35,3.84,4.68,27.39,22.17,22.83,8.38,5.35
4300554,RS,Sul,1,faixa intermediária,11,0.615384578704834,0.6363636,764.18823,1.0,1.0413926851582251,1.0,0.0,0.0,0.0,18.18,18.18,27.27,18.18,9.09,9.09
4300570,RS,Sul,1,faixa intermediária,31,0.7270471453666687,0.5831491,747.23224,0.8157894736842105,1.4913616938342726,0.0,0.0,9.58,3.38,9.29,22.82,35.21,9.86,9.86,0.0
4300638,RS,Sul,1,faixa intermediária,41,0.6447724103927612,0.56581444,748.46173,0.8541666666666666,1.6127838567197355,0.375,2.6,4.92,7.29,9.61,23.91,20.5,24.15,7.01,0.0
4300646,RS,Sul,1,faixa intermediária,67,0.5376564860343933,0.72907615,769.2717,0.9178082191780822,1.8260748027008264,0.26027396,1.64,1.64,1.44,9.28,22.19,16.58,19.19,22.09,5.95
4300703,RS,Sul,1,faixa intermediária,31,0.8906474113464355,0.7056277,752.252,0.9393939393939394,1.4913616938342726,1.0,0.0,6.49,3.46,6.93,21.65,32.47,25.54,3.46,0.0
4301008,RS,Sul,1,faixa intermediária,165,0.826022744178772,0.6363646,756.97455,0.8638743455497382,2.2174839442139063,0.0,3.02,1.29,5.91,11.85,20.29,19.32,20.11,13.47,4.73
4301206,RS,Sul,1,faixa intermediária,70,0.8158847689628601,0.65185183,758.7651,0.9333333333333333,1.845098040014257,0.24000002,0.0,0.0,2.67,17.66,22.79,25.39,12.41,17.48,1.6
4301404,RS,Sul,1,faixa intermediária,80,0.8056873679161072,0.76141196,762.0735,0.963855421686747,1.9030899869919435,0.72289157,0.0,0.0,3.77,8.8,22.57,32.55,18.74,11.0,2.57
4301552,RS,Sul,1,faixa intermediária,27,0.8586285710334778,0.5649351,748.8183,0.9642857142857143,1.4313637641589874,0.42857143,0.0,0.0,3.57,25.32,25.97,26.62,11.36,7.14,0.0
4301701,RS,Sul,1,faixa intermediária,75,0.8796442747116089,0.7592764,769.32904,0.974025974025974,1.8750612633917,0.19480518,0.0,0.0,4.02,10.64,10.77,28.04,29.08,9.41,8.04
4301800,RS,Sul,1,faixa intermediária,43,0.7332221865653992,0.5636566,745.4589,0.9347826086956522,1.6334684555795864,0.0,2.34,2.34,2.34,20.31,23.28,30.96,16.25,2.17,0.0
4302006,RS,Sul,1,faixa intermediária,86,0.6221787929534912,0.61522514,761.341,0.8686868686868687,1.9344984512435677,0.5353536,1.08,3.4,4.48,12.75,19.46,15.58,22.74,9.57,10.94
4302204,RS,Sul,1,faixa intermediária,72,0.8344197273254395,0.67339563,762.5069,0.935064935064935,1.8573324964312685,0.19480519,0.0,1.3,4.04,16.52,17.76,20.6,18.25,15.76,5.76
4302220,RS,Sul,1,faixa intermediária,18,0.7141911387443542,0.6666666,763.86926,0.8571428571428571,1.255272505103306,0.0,0.0,0.0,5.56,5.56,33.33,11.11,27.78,16.67,0.0
4302253,RS,Sul,1,faixa intermediária,24,0.7333333492279053,0.75,766.19696,0.8888888888888888,1.380211241711606,0.0,0.0,4.17,0.0,8.33,16.67,16.67,45.83,8.33,0.0
4302378,RS,Sul,1,faixa intermediária,14,0.5625,0.71428573,749.852,0.875,1.146128035678238,0.0,0.0,7.14,7.14,0.0,14.29,50.0,21.43,0.0,0.0
4302402,RS,Sul,1,faixa intermediária,131,0.799390971660614,0.650602,756.17926,0.8562091503267973,2.1172712956557644,0.104575165,1.65,0.96,2.81,15.14,22.18,29.23,14.45,9.12,4.47
4302451,RS,Sul,1,faixa intermediária,20,0.6114774942398071,0.70000005,752.6084,0.8333333333333334,1.3010299956639813,1.0,5.0,0.0,10.0,5.0,15.0,30.0,30.0,0.0,5.0
4302659,RS,Sul,1,faixa intermediária,60,0.6171411275863647,0.56666666,754.64545,1.0,1.7781512503836436,0.21666667,0.0,1.67,5.0,16.67,21.67,21.67,20.0,10.0,3.33
4303301,RS,Sul,1,faixa intermediária,24,0.8944164514541626,0.63076925,761.556,0.96,1.380211241711606,0.0,0.0,0.0,4.31,8.31,24.31,33.54,8.31,16.92,4.31
4303400,RS,Sul,1,faixa intermediária,20,0.782228946685791,0.5,745.33563,0.8333333333333334,1.3010299956639813,1.0,0.0,0.0,15.0,5.0,35.0,25.0,15.0,5.0,0.0
4303509,RS,Sul,1,faixa intermediária,560,0.6437951922416687,0.59552217,750.4983,0.865533230293663,2.7481880270062002,0.4126739,1.23,3.15,8.33,12.09,21.5,25.58,18.25,8.02,1.86
4303558,RS,Sul,1,faixa intermediária,36,0.800000011920929,0.5555556,744.1901,1.0,1.5563025007672873,0.0,2.78,8.33,5.56,5.56,30.56,22.22,22.22,2.78,0.0
4303673,RS,Sul,1,faixa intermediária,21,0.8999999165534973,0.8078704,771.31854,0.875,1.3222192947339193,0.0,0.0,4.86,4.86,0.0,18.98,14.35,33.33,14.12,9.49
4303806,RS,Sul,1,faixa intermediária,48,0.9014406204223633,0.6458333,756.41187,1.0,1.6812412373755872,0.47916666,0.0,6.25,10.42,2.08,25.0,10.42,31.25,12.5,2.08
4304309,RS,Sul,1,faixa intermediária,53,0.7895737886428833,0.56223774,748.33636,0.9636363636363636,1.724275869600789,0.3272727,1.82,0.0,7.55,21.12,15.1,28.39,16.36,9.65,0.0
4304507,RS,Sul,1,faixa intermediária,338,0.8303531408309937,0.56438464,747.8244,0.9467787114845938,2.5289167002776547,0.23529412,1.71,3.71,9.24,11.01,24.79,21.76,17.84,8.17,1.78
4304622,RS,Sul,1,faixa intermediária,15,0.5384615063667297,0.59999996,755.8263,0.7142857142857143,1.1760912590556813,0.0,0.0,0.0,6.67,26.67,6.67,26.67,20.0,6.67,6.67
4304655,RS,Sul,1,faixa intermediária,21,0.8867775797843933,0.7177778,765.5282,0.84,1.3222192947339193,0.0,0.0,4.67,0.0,9.33,14.22,33.56,14.44,18.89,4.89
4304697,RS,Sul,1,faixa intermediária,33,0.8704556822776794,0.5854701,744.43365,0.8461538461538461,1.5185139398778875,0.0,5.41,8.83,8.83,5.41,18.38,18.38,21.79,9.54,3.42
4304713,RS,Sul,1,faixa intermediária,48,0.9082159399986267,0.6234734,752.763,0.96,1.6812412373755872,0.0,2.1,4.24,6.33,16.78,18.62,18.54,18.83,8.29,6.29
4304804,RS,Sul,1,faixa intermediária,259,0.6825212240219116,0.6254415,755.1247,0.9184397163120568,2.413299764081252,0.31560284,1.21,3.03,8.71,14.89,14.72,22.79,18.09,11.6,4.96
4304903,RS,Sul,1,faixa intermediária,84,0.8143590688705444,0.7727083,763.6195,0.8936170212765957,1.9242792860618816,0.31914893,0.0,1.19,6.15,5.69,18.35,30.4,24.42,9.79,4.0
4305009,RS,Sul,1,faixa intermediária,63,0.817480206489563,0.71573967,757.59436,0.9692307692307692,1.7993405494535817,0.3230769,0.0,0.0,12.73,8.0,12.31,30.37,22.28,11.12,3.2
4305116,RS,Sul,1,faixa intermediária,25,0.9166666269302368,0.72,757.6406,1.0,1.3979400086720377,0.52,0.0,0.0,4.0,8.0,24.0,32.0,28.0,4.0,0.0
4305132,RS,Sul,1,faixa intermediária,12,0.7212211489677429,0.6666667,752.8279,0.9230769230769231,1.0791812460476249,0.0,0.0,0.0,8.33,16.67,25.0,25.0,8.33,16.67,0.0
4305157,RS,Sul,1,faixa intermediária,20,0.5,0.79395604,757.84485,0.7692307692307693,1.3010299956639813,0.5769231,0.0,4.12,4.12,8.24,18.22,30.59,30.59,0.0,4.12
4305405,RS,Sul,1,faixa intermediária,32,0.833640992641449,0.77990437,777.84033,0.9696969696969697,1.505149978319906,0.6060606,0.0,0.0,0.0,3.19,18.82,28.39,24.72,12.6,12.28
4305447,RS,Sul,1,faixa intermediária,41,0.7587763071060181,0.68998015,754.03424,0.8541666666666666,1.6127838567197355,0.0,2.18,0.0,4.89,11.96,19.04,33.11,22.27,4.37,2.18
4305504,RS,Sul,1,faixa intermediária,31,0.8666666746139526,0.84033614,767.89044,0.9117647058823529,1.4913616938342726,0.5,0.0,2.94,0.0,6.51,15.97,31.93,29.62,7.14,5.88
4305603,RS,Sul,1,faixa intermediária,27,0.7498515248298645,0.8518519,762.07825,1.0,1.4313637641589874,0.6296296,0.0,3.7,0.0,0.0,14.81,51.85,29.63,0.0,0.0
4305702,RS,Sul,1,faixa intermediária,61,0.8385079503059387,0.61882234,756.3377,0.8591549295774648,1.7853298350107671,0.14084508,0.0,6.42,3.0,10.95,24.07,13.75,30.36,7.88,3.56
4305871,RS,Sul,1,faixa intermediária,31,0.8476190567016602,0.67785716,757.2733,0.8857142857142857,1.4913616938342726,0.0,0.0,3.21,3.21,6.45,25.79,29.02,25.83,6.48,0.0
4306007,RS,Sul,1,faixa intermediária,116,0.7317122220993042,0.5741684,754.6476,0.928,2.0644579892269186,0.0,0.8,1.6,5.92,15.45,28.38,13.75,19.63,10.03,4.45
4306072,RS,Sul,1,faixa intermediária,14,1.0,0.9285714,775.53436,1.0,1.146128035678238,1.0,0.0,0.0,0.0,0.0,21.43,28.57,28.57,14.29,7.14
4306130,RS,Sul,1,faixa intermediária,14,0.7777777314186096,0.64285713,746.68274,1.0,1.146128035678238,0.0,0.0,7.14,0.0,21.43,28.57,21.43,14.29,7.14,0.0
4306304,RS,Sul,1,faixa intermediária,41,0.9023809432983398,0.61428577,754.2511,0.9761904761904762,1.6127838567197355,0.7380953,2.38,0.0,7.46,11.9,16.83,29.52,22.22,7.3,2.38
4306320,RS,Sul,1,faixa intermediária,20,0.49712643027305603,0.8,764.3184,1.0,1.3010299956639813,0.0,0.0,0.0,5.0,5.0,15.0,40.0,25.0,10.0,0.0
4306403,RS,Sul,1,faixa intermediária,341,0.7986785173416138,0.5777255,747.0638,0.952513966480447,2.5327543789924976,0.19832401,2.05,3.8,7.86,15.63,19.96,20.43,21.04,8.08,1.16
4306452,RS,Sul,1,faixa intermediária,36,0.9119658470153809,0.5296875,749.4543,0.9,1.5563025007672873,0.0,0.0,2.63,13.13,14.16,19.75,17.13,19.41,10.84,2.97
4306551,RS,Sul,1,faixa intermediária,14,0.9545454382896423,0.57142854,746.0881,0.7777777777777778,1.146128035678238,0.0,0.0,0.0,14.29,7.14,28.57,21.43,21.43,7.14,0.0
4306734,RS,Sul,1,faixa intermediária,41,0.7688406109809875,0.63307494,754.0336,0.9534883720930233,1.6127838567197355,0.0,0.0,2.58,9.56,7.24,27.13,21.45,17.31,9.56,5.17
4306809,RS,Sul,1,faixa intermediária,188,0.8390924334526062,0.5643262,750.5151,0.8584474885844748,2.27415784926368,0.34703195,0.96,3.02,9.25,16.61,17.08,23.29,17.94,7.48,4.36
4306957,RS,Sul,1,faixa intermediária,33,0.8246855139732361,0.72,767.176,0.9428571428571428,1.5185139398778875,0.37142858,0.0,0.0,3.14,9.43,24.86,15.43,32.57,8.57,6.0
4307054,RS,Sul,1,faixa intermediária,17,0.6194731593132019,0.64705884,762.3498,0.85,1.2304489213782739,0.0,0.0,5.88,5.88,5.88,23.53,17.65,11.76,29.41,0.0
4307104,RS,Sul,1,faixa intermediária,44,0.634101927280426,0.5714116,753.1325,0.8627450980392157,1.6434526764861874,0.54901963,3.92,4.05,6.14,18.24,12.64,19.46,17.93,12.16,5.45
4307450,RS,Sul,1,faixa intermediária,35,0.9722745418548584,0.80050504,776.5697,0.9722222222222222,1.5440680443502757,0.0,0.0,0.0,0.0,2.78,22.73,20.45,36.62,5.81,11.62
4307815,RS,Sul,1,faixa intermediária,25,0.9681259989738464,0.6,758.295,1.0,1.3979400086720377,0.0,0.0,0.0,0.0,24.0,28.0,8.0,20.0,12.0,8.0
4307864,RS,Sul,1,faixa intermediária,26,0.9285714626312256,0.6923387,768.3962,0.8387096774193549,1.414973347970818,0.0,0.0,0.0,3.83,11.53,19.23,19.27,19.19,15.36,11.57
4307906,RS,Sul,1,faixa intermediária,703,0.8279933333396912,0.55848944,747.1086,0.9177545691906005,2.846955325019824,0.21018277,2.02,3.7,6.66,17.92,20.99,23.3,15.42,7.26,2.73
4308003,RS,Sul,1,faixa intermediária,35,0.8643406629562378,0.8206522,773.1259,0.875,1.5440680443502757,0.625,0.0,0.0,6.25,3.13,19.43,17.12,26.09,27.99,0.0
4308078,RS,Sul,1,faixa intermediária,54,0.7995774745941162,0.6499855,745.69037,0.8571428571428571,1.7323937598229686,0.0,3.91,0.0,9.26,8.85,25.78,35.39,11.16,5.64,0.0
4308201,RS,Sul,1,faixa intermediária,279,0.80367112159729,0.5937061,748.57434,0.9,2.4456042032735974,0.2451613,2.21,4.14,7.39,12.11,20.24,28.14,16.16,7.89,1.72
4308250,RS,Sul,1,faixa intermediária,7,0.8571428060531616,0.71428573,756.01337,0.7,0.8450980400142568,0.0,0.0,0.0,14.29,0.0,14.29,57.14,0.0,14.29,0.0
4308300,RS,Sul,1,faixa intermediária,59,0.6123872399330139,0.6591664,754.1461,0.9672131147540983,1.7708520116421442,0.39344263,3.46,0.0,5.1,15.31,20.34,23.61,20.51,6.75,4.92
4308409,RS,Sul,1,faixa intermediária,44,0.729260265827179,0.56908214,746.1125,0.9565217391304348,1.6434526764861874,0.65217394,0.0,0.0,13.72,11.3,26.91,25.56,17.92,4.59,0.0
4308433,RS,Sul,1,faixa intermediária,20,0.6079943180084229,0.552174,749.2928,0.8695652173913043,1.3010299956639813,0.0,0.0,0.0,0.0,29.57,25.22,30.43,4.78,10.0,0.0
4308458,RS,Sul,1,faixa intermediária,22,0.8729985952377319,0.6818182,759.2439,0.9166666666666666,1.3424226808222062,0.49999988,0.0,0.0,0.0,18.18,22.73,22.73,31.82,0.0,4.55
4308508,RS,Sul,1,faixa intermediária,294,0.7693724632263184,0.6407717,755.82367,0.939297124600639,2.4683473304121573,0.7507987,1.38,4.11,4.46,12.64,20.87,21.65,20.89,9.7,4.29
4308607,RS,Sul,1,faixa intermediária,303,0.7785589098930359,0.57978016,747.1662,0.8808139534883721,2.481442628502305,0.20930232,1.64,3.04,14.58,12.72,14.46,23.15,20.52,5.93,3.95
4308706,RS,Sul,1,faixa intermediária,47,0.7881240844726562,0.74715906,760.0464,0.9791666666666666,1.6720978579357175,0.0,2.08,6.34,4.17,8.43,12.69,25.57,19.22,17.23,4.26
4308854,RS,Sul,1,faixa intermediária,14,0.944444477558136,0.85714287,766.23566,0.9333333333333333,1.146128035678238,0.0,0.0,0.0,0.0,0.0,21.43,50.0,21.43,0.0,7.14
4308904,RS,Sul,1,faixa intermediária,162,0.8008008003234863,0.5918433,749.66327,0.9364161849710982,2.2095150145426308,0.50867057,3.44,2.05,7.53,14.34,20.09,22.92,16.28,11.35,2.0
4309100,RS,Sul,1,faixa intermediária,445,0.7891056537628174,0.57867295,748.9,0.8971774193548387,2.6483600109809315,0.09544016,2.8,5.11,7.16,14.68,18.82,24.25,15.74,6.39,5.04
4309126,RS,Sul,1,faixa intermediária,8,0.875,0.375,752.22864,0.8,0.9030899869919435,0.0,0.0,0.0,0.0,12.5,50.0,0.0,37.5,0.0,0.0
4309506,RS,Sul,1,faixa intermediária,59,0.7419651746749878,0.74079245,772.381,0.921875,1.7708520116421442,0.203125,0.0,1.66,1.67,14.09,10.35,18.74,28.95,11.83,12.71
4309555,RS,Sul,1,faixa intermediária,74,0.8719942569732666,0.67466664,756.2548,0.9866666666666667,1.8692317197309762,0.34666666,0.0,2.77,9.49,6.72,27.04,27.15,8.05,9.39,9.39
4309605,RS,Sul,1,faixa intermediária,187,0.7123147249221802,0.57215196,752.8231,0.9257425742574258,2.271841606536499,0.0,0.5,3.35,5.51,19.02,19.7,19.85,19.14,7.8,5.15
4309704,RS,Sul,1,faixa intermediária,49,0.9066293239593506,0.60784316,746.73517,0.9607843137254902,1.6901960800285136,0.0,4.25,6.37,6.37,10.29,22.22,20.42,20.26,7.84,1.96
4309803,RS,Sul,1,faixa intermediária,35,0.7607716917991638,0.6012936,751.436,0.9459459459459459,1.5440680443502757,0.27027026,0.0,2.91,2.91,22.43,14.62,31.88,14.02,11.23,0.0
4309951,RS,Sul,1,faixa intermediária,29,0.627135694026947,0.5974265,749.03644,0.90625,1.462397997898956,0.375,3.68,3.12,3.12,16.18,20.96,28.31,13.6,11.03,0.0
4310009,RS,Sul,1,faixa intermediária,193,0.676548957824707,0.6266647,752.7173,0.9414634146341463,2.285557309007774,0.595122,1.62,3.74,8.41,13.16,15.42,23.79,21.25,8.56,4.05
4310363,RS,Sul,1,faixa intermediária,12,0.7823612689971924,0.5,756.42645,0.9230769230769231,1.0791812460476249,0.0,0.0,0.0,8.33,16.67,25.0,8.33,33.33,0.0,8.33
4310405,RS,Sul,1,faixa intermediária,47,0.6658812761306763,0.5767013,749.9026,0.9215686274509803,1.6720978579357175,0.0,2.45,4.04,3.92,12.72,27.77,23.27,10.41,11.39,4.04
4310439,RS,Sul,1,faixa intermediária,51,0.8224155902862549,0.60084033,754.17224,0.8793103448275862,1.7075701760979363,0.25862068,2.16,0.0,6.47,18.14,18.65,19.64,15.64,15.31,4.0
4310504,RS,Sul,1,faixa intermediária,49,0.7635010480880737,0.593661,754.97723,0.9074074074074074,1.6901960800285136,0.0,0.0,0.0,4.29,20.54,19.8,26.56,18.55,8.26,2.01
4310579,RS,Sul,1,faixa intermediária,17,0.8061562180519104,0.7647059,773.8023,1.0,1.2304489213782739,0.0,5.88,0.0,0.0,11.76,5.88,23.53,29.41,5.88,17.65
4310652,RS,Sul,1,faixa intermediária,32,0.4989934265613556,0.6666667,763.3703,0.9696969696969697,1.505149978319906,0.36363637,3.03,0.0,12.12,12.12,9.09,12.88,28.03,12.88,9.85
4310900,RS,Sul,1,faixa intermediária,21,0.90315181016922,0.61904764,762.7829,1.0,1.3222192947339193,0.0,0.0,4.76,0.0,0.0,33.33,23.81,14.29,19.05,4.76
4311106,RS,Sul,1,faixa intermediária,58,0.6830751895904541,0.6132572,750.9538,0.8656716417910447,1.7634279935629373,0.2985074,1.49,1.99,8.05,17.65,16.05,23.86,21.92,8.99,0.0
4311155,RS,Sul,1,faixa intermediária,40,0.5998461246490479,0.5420054,749.6667,0.975609756097561,1.6020599913279623,1.0,0.0,0.0,12.47,13.28,24.93,27.1,4.88,14.91,2.44
4311254,RS,Sul,1,faixa intermediária,35,0.7016288042068481,0.6691729,767.3771,0.9210526315789473,1.5440680443502757,0.6315789,0.0,0.0,8.27,13.53,11.28,16.54,26.32,12.03,12.03
4311429,RS,Sul,1,faixa intermediária,24,0.46666666865348816,0.66400003,765.43524,0.96,1.380211241711606,0.56,0.0,0.0,0.0,12.8,33.2,17.2,16.0,12.8,8.0
4311601,RS,Sul,1,faixa intermediária,34,0.8259766101837158,0.6222222,759.35284,0.9714285714285714,1.5314789170422551,0.42857146,0.0,2.86,2.86,17.14,20.95,20.32,17.78,11.75,6.35
4311700,RS,Sul,1,faixa intermediária,55,0.7196007370948792,0.6535714,753.4436,0.9016393442622951,1.7403626894942439,0.24999999,1.64,0.0,14.64,10.42,11.01,35.01,14.52,12.76,0.0
4311734,RS,Sul,1,faixa intermediária,36,0.6627301573753357,0.55148745,749.93463,0.9473684210526315,1.5563025007672873,0.0,0.0,0.0,5.49,22.65,25.06,27.23,11.21,8.35,0.0
4311791,RS,Sul,1,faixa intermediária,25,0.6781609058380127,0.5976331,756.93005,0.9615384615384616,1.3979400086720377,0.0,3.85,0.0,4.14,12.13,23.96,20.41,15.98,15.68,3.85
4311908,RS,Sul,1,faixa intermediária,31,0.7325590252876282,0.77657384,768.7806,0.9117647058823529,1.4913616938342726,0.0,0.0,0.0,9.62,0.0,19.25,19.92,31.97,15.82,3.43
4312005,RS,Sul,1,faixa intermediária,12,0.9411764740943909,0.5833334,753.9548,0.75,1.0791812460476249,0.0,0.0,0.0,0.0,16.67,41.67,8.33,33.33,0.0,0.0
4312153,RS,Sul,1,faixa intermediária,53,0.8652228713035583,0.6208112,749.3984,0.9814814814814815,1.724275869600789,0.22222224,1.94,3.79,9.44,15.17,18.87,24.43,13.05,9.52,3.79
4312179,RS,Sul,1,faixa intermediária,12,0.8823529481887817,0.5833334,759.4196,0.9230769230769231,1.0791812460476249,0.0,0.0,0.0,8.33,8.33,33.33,16.67,16.67,8.33,8.33
4312252,RS,Sul,1,faixa intermediária,85,0.6587139368057251,0.55499285,749.2057,0.8762886597938144,1.9294189257142926,0.39175254,0.0,4.94,7.21,14.31,21.57,21.67,22.12,5.88,2.29
4312351,RS,Sul,1,faixa intermediária,12,1.0,0.75,760.8477,1.0,1.0791812460476249,0.0,0.0,0.0,0.0,16.67,16.67,41.67,8.33,16.67,0.0
4312385,RS,Sul,1,faixa intermediária,13,0.8096553683280945,0.7692308,767.06024,1.0,1.1139433523068367,0.0,0.0,0.0,7.69,7.69,30.77,7.69,23.08,23.08,0.0
4312427,RS,Sul,1,faixa intermediária,17,0.788488507270813,0.5294118,747.60187,0.9444444444444444,1.2304489213782739,1.0,0.0,5.88,5.88,23.53,11.76,29.41,11.76,11.76,0.0
4312443,RS,Sul,1,faixa intermediária,30,0.789869487285614,0.6439394,748.18524,0.9090909090909091,1.4771212547196624,0.42424244,0.0,3.03,13.83,9.66,19.32,36.74,10.8,0.0,6.63
4312476,RS,Sul,1,faixa intermediária,33,0.6129741072654724,0.6628572,758.5365,0.9428571428571428,1.5185139398778875,0.6285715,0.0,3.14,2.86,15.43,24.57,21.14,17.71,3.14,12.0
4312625,RS,Sul,1,faixa intermediária,13,0.800000011920929,0.6923077,750.73303,1.0,1.1139433523068367,1.0,0.0,0.0,15.38,7.69,15.38,38.46,15.38,7.69,0.0
4312658,RS,Sul,1,faixa intermediária,158,0.7171732783317566,0.5998771,751.56525,0.8729281767955801,2.1986570869544226,0.22792973,2.37,1.75,9.12,10.47,24.48,20.89,18.44,9.47,3.0
4312757,RS,Sul,1,faixa intermediária,34,0.9352236390113831,0.64775765,758.66156,0.918918918918919,1.5314789170422551,0.3783784,0.0,0.0,5.87,8.88,26.39,23.68,23.48,11.69,0.0
4312807,RS,Sul,1,faixa intermediária,61,0.8228060603141785,0.6056157,757.6865,0.8356164383561644,1.7853298350107671,0.0,0.0,1.37,2.84,11.93,30.25,25.73,15.2,9.05,3.63
4312906,RS,Sul,1,faixa intermediária,75,0.8070821166038513,0.61105776,748.6677,0.8928571428571429,1.8750612633917,0.27380952,0.0,0.0,14.7,20.13,6.75,31.87,16.02,7.91,2.61
4312955,RS,Sul,1,faixa intermediária,24,1.0,0.6666667,756.91785,0.8571428571428571,1.380211241711606,0.0,0.0,0.0,0.0,12.5,25.0,33.33,25.0,4.17,0.0
4313003,RS,Sul,1,faixa intermediária,18,0.7731401920318604,0.9444445,781.018,0.9,1.255272505103306,0.0,0.0,0.0,0.0,0.0,5.56,22.22,55.56,16.67,0.0
4313011,RS,Sul,1,faixa intermediária,35,0.9090909361839294,0.6,754.51575,1.0,1.5440680443502757,0.0,0.0,0.0,8.57,14.29,22.86,17.14,31.43,2.86,2.86
4313037,RS,Sul,1,faixa intermediária,50,0.872593879699707,0.71334875,763.66943,0.9259259259259259,1.6989700043360187,0.24074072,2.01,4.32,4.13,16.05,4.13,21.91,20.25,23.19,4.01
4313086,RS,Sul,1,faixa intermediária,19,0.8461538553237915,0.61111116,748.631,0.95,1.2787536009528289,0.0,5.26,5.26,5.26,21.05,10.53,15.79,31.58,5.26,0.0
4313102,RS,Sul,1,faixa intermediária,35,0.841350257396698,0.6270975,754.0431,0.8333333333333334,1.5440680443502757,0.5952381,2.86,0.0,2.86,14.26,25.84,22.98,22.7,2.83,5.67
4313201,RS,Sul,1,faixa intermediária,245,0.8820132613182068,0.56472844,748.9859,0.9210526315789473,2.3891660843645326,0.45986784,1.83,2.86,5.83,15.97,22.84,23.72,17.06,7.42,2.47
4313300,RS,Sul,1,faixa intermediária,246,0.7882108092308044,0.5983059,750.3352,0.8880866425992779,2.3909351071033793,0.3429603,1.19,3.81,5.72,14.67,24.2,24.09,16.27,6.02,4.03
4313359,RS,Sul,1,faixa intermediária,30,0.8257105946540833,0.8333333,771.8003,0.967741935483871,1.4771212547196624,0.0,0.0,0.0,6.72,6.72,6.45,20.16,43.55,13.17,3.23
4313375,RS,Sul,1,faixa intermediária,357,0.5727773308753967,0.6487715,754.9997,0.85,2.552668216112193,0.0,2.16,3.28,7.84,10.57,16.07,25.27,19.2,11.94,3.67
4313391,RS,Sul,1,faixa intermediária,39,0.8607809543609619,0.7696429,760.1257,0.975,1.591064607026499,0.0,2.5,0.0,5.0,2.5,18.04,41.43,17.86,10.18,2.5
4313425,RS,Sul,1,faixa intermediária,10,0.8181818127632141,0.6,750.937,1.0,1.0,1.0,0.0,0.0,20.0,10.0,10.0,20.0,40.0,0.0,0.0
4313607,RS,Sul,1,faixa intermediária,30,0.7896316647529602,0.53125,742.0245,0.9375,1.4771212547196624,0.0,0.0,0.0,13.67,19.92,19.92,29.69,13.67,0.0,3.13
4313805,RS,Sul,1,faixa intermediária,89,0.739446759223938,0.721809,763.5866,0.967391304347826,1.9493900066449128,0.40217394,0.0,3.26,6.52,8.99,13.63,28.23,18.17,15.69,5.5
4313904,RS,Sul,1,faixa intermediária,513,0.7770503759384155,0.5510428,747.8105,0.9259927797833934,2.7101173651118162,0.36462092,0.74,3.66,7.34,16.65,23.82,22.65,14.9,7.34,2.89
4314001,RS,Sul,1,faixa intermediária,98,0.9367552399635315,0.64763373,754.3827,0.9074074074074074,1.9912260756924949,0.46296293,1.97,0.98,6.13,14.75,17.44,28.88,17.71,9.93,2.2
4314027,RS,Sul,1,faixa intermediária,33,0.8477076888084412,0.54692715,752.65533,0.8461538461538461,1.5185139398778875,0.4615385,0.0,0.0,6.59,11.82,30.2,24.53,14.61,12.26,0.0
4314068,RS,Sul,1,faixa intermediária,16,0.8525798916816711,0.75,759.11127,1.0,1.2041199826559248,0.0,0.0,0.0,6.25,6.25,31.25,25.0,25.0,6.25,0.0
4314076,RS,Sul,1,faixa intermediária,52,0.8891333341598511,0.57888407,755.37177,0.9629629629629629,1.7160033436347992,0.537037,1.98,3.84,5.56,13.26,17.47,22.73,15.55,7.84,11.77
4314308,RS,Sul,1,faixa intermediária,43,0.7427912354469299,0.55813956,749.2124,1.0,1.6334684555795864,0.25581396,2.33,4.65,4.65,11.63,34.88,11.63,18.6,11.63,0.0
4314423,RS,Sul,1,faixa intermediária,52,0.8592303395271301,0.5714286,745.1858,0.9629629629629629,1.7160033436347992,0.0,1.85,3.97,13.76,13.76,16.93,21.43,19.05,3.7,5.56
4314498,RS,Sul,1,faixa intermediária,40,0.6602709293365479,0.7420635,763.673,0.9523809523809523,1.6020599913279623,0.6904762,0.0,0.0,5.56,7.54,28.17,22.22,19.84,14.29,2.38
4314555,RS,Sul,1,faixa intermediária,11,0.9166666865348816,0.72727275,762.7615,1.0,1.0413926851582251,1.0,0.0,0.0,18.18,0.0,27.27,18.18,9.09,18.18,9.09
4314605,RS,Sul,1,faixa intermediária,136,0.723479688167572,0.54501915,746.6722,0.9379310344827586,2.1335389083702174,0.7862069,2.15,1.38,7.56,18.39,22.53,21.63,20.53,4.45,1.38
4314704,RS,Sul,1,faixa intermediária,98,0.7331382036209106,0.56264967,745.4498,0.9607843137254902,1.9912260756924949,0.34313726,3.08,5.0,10.13,14.19,15.36,24.73,16.27,7.14,4.1
4314753,RS,Sul,1,faixa intermediária,24,0.8544698357582092,0.6633333,750.72577,0.96,1.380211241711606,0.0,4.33,0.0,0.0,20.67,16.67,29.33,25.0,4.0,0.0
4314787,RS,Sul,1,faixa intermediária,19,0.6000000238418579,0.57894737,756.3298,1.0,1.2787536009528289,0.0,0.0,10.53,0.0,10.53,26.32,15.79,21.05,5.26,10.53
4315008,RS,Sul,1,faixa intermediária,32,0.7495058178901672,0.85714287,775.832,0.9142857142857143,1.505149978319906,0.6571429,0.0,0.0,5.71,5.71,6.67,35.24,23.81,9.52,13.33
4315057,RS,Sul,1,faixa intermediária,22,0.4107142984867096,0.95199996,788.2904,0.88,1.3424226808222062,0.0,0.0,4.8,0.0,0.0,4.8,18.27,40.4,4.33,27.4
4315073,RS,Sul,1,faixa intermediária,17,0.6315789222717285,0.88235295,771.19104,1.0,1.2304489213782739,0.0,0.0,0.0,0.0,0.0,17.65,47.06,23.53,11.76,0.0
4315107,RS,Sul,1,faixa intermediária,70,0.7518615126609802,0.5783699,752.2531,0.9722222222222222,1.845098040014257,0.5360502,3.09,2.93,8.49,15.59,20.37,17.13,15.59,8.49,8.33
4315149,RS,Sul,1,faixa intermediária,46,0.8703466653823853,0.5767918,749.46356,0.92,1.662757831681574,0.0,2.33,0.0,4.0,22.5,21.08,27.58,18.17,4.33,0.0
4315156,RS,Sul,1,faixa intermediária,20,0.7889207601547241,0.64772725,746.66364,0.9090909090909091,1.3010299956639813,0.0,0.0,5.68,19.32,5.68,14.77,31.82,9.09,4.55,9.09
4315172,RS,Sul,1,faixa intermediária,16,0.7997663617134094,0.75,767.0152,0.8421052631578947,1.2041199826559248,0.0,0.0,0.0,6.25,6.25,18.75,37.5,6.25,18.75,6.25
4315206,RS,Sul,1,faixa intermediária,29,0.877289354801178,0.8276985,773.29224,0.9354838709677419,1.462397997898956,0.0,3.43,3.43,0.0,3.47,10.33,24.13,34.51,6.85,13.85
4315354,RS,Sul,1,faixa intermediária,40,0.7435691356658936,0.8967803,776.5858,0.9523809523809523,1.6020599913279623,0.30952382,0.0,2.6,0.0,2.6,7.72,22.16,47.59,14.95,2.38
4315404,RS,Sul,1,faixa intermediária,59,0.7964348196983337,0.6389071,758.3195,0.9672131147540983,1.7708520116421442,0.18032786,5.23,1.82,3.34,12.22,16.95,15.26,23.46,18.43,3.28
4315552,RS,Sul,1,faixa intermediária,24,0.8888888359069824,0.78800005,769.52454,0.96,1.380211241711606,0.44,0.0,0.0,0.0,4.0,21.6,34.0,20.0,20.4,0.0
4315701,RS,Sul,1,faixa intermediária,317,0.6633490920066833,0.6088164,751.06775,0.8614130434782609,2.5010592622177517,0.7798913,1.13,2.54,8.48,15.66,17.96,28.03,15.34,5.54,5.32
4315750,RS,Sul,1,faixa intermediária,29,0.7917276620864868,0.62068963,750.2112,1.0,1.462397997898956,0.3448276,0.0,10.34,0.0,10.34,27.59,20.69,24.14,6.9,0.0
4315909,RS,Sul,1,faixa intermediária,69,0.9080581068992615,0.5418846,747.12085,0.9452054794520548,1.8388490907372552,0.520548,1.37,8.4,1.62,17.55,22.9,17.73,20.41,5.66,4.36
4316006,RS,Sul,1,faixa intermediária,190,0.9021674394607544,0.6644735,758.50696,0.95,2.278753600952829,0.19,1.13,2.0,7.23,10.61,19.75,20.82,22.14,10.51,5.82
4316105,RS,Sul,1,faixa intermediária,78,0.7877615094184875,0.5347456,750.0568,0.9285714285714286,1.8920946026904804,0.2405063,1.25,2.78,5.08,21.36,22.01,24.19,11.74,7.71,3.89
4316204,RS,Sul,1,faixa intermediária,32,0.9050536751747131,0.7529412,767.1372,0.9411764705882353,1.505149978319906,0.0,0.0,0.0,0.0,15.88,24.71,22.94,15.29,15.29,5.88
4316303,RS,Sul,1,faixa intermediária,34,0.7570654153823853,0.71181816,763.1937,0.85,1.5314789170422551,0.3,0.0,0.0,5.5,19.91,6.82,33.55,17.41,11.82,5.0
4316428,RS,Sul,1,faixa intermediária,16,0.788095235824585,0.4375,748.83514,1.0,1.2041199826559248,0.0,0.0,0.0,0.0,6.25,50.0,31.25,12.5,0.0,0.0
4316436,RS,Sul,1,faixa intermediária,23,0.6270473003387451,0.6956522,753.89014,1.0,1.3617278360175928,0.0,0.0,0.0,8.7,8.7,21.74,39.13,13.04,8.7,0.0
4316451,RS,Sul,1,faixa intermediária,76,0.8378345966339111,0.58882195,751.323,0.8941176470588236,1.8808135922807914,0.55869424,1.36,2.86,6.21,13.23,24.61,27.26,17.66,4.09,2.72
4316477,RS,Sul,1,faixa intermediária,36,0.9413880109786987,0.6023392,753.58887,0.9473684210526315,1.5563025007672873,0.47368422,0.0,2.92,5.56,8.77,28.07,32.46,13.74,5.56,2.92
4316501,RS,Sul,1,faixa intermediária,61,0.8812183737754822,0.70416635,759.5902,0.9384615384615385,1.7853298350107671,0.0,0.0,0.0,3.3,11.49,19.75,37.63,21.31,3.26,3.26
4316956,RS,Sul,1,faixa intermediária,37,0.78301602602005,0.5925613,751.90485,0.9487179487179487,1.568201724066995,0.0,5.52,0.0,2.75,18.91,19.09,15.96,29.53,5.49,2.75
4317400,RS,Sul,1,faixa intermediária,392,0.6890910863876343,0.60220593,751.67114,0.9074074074074074,2.593286067020457,0.3425926,1.23,3.69,6.54,15.2,19.73,23.41,16.7,8.04,5.46
4317608,RS,Sul,1,faixa intermediária,298,0.7465857267379761,0.5893284,749.09735,0.8948948948948949,2.4742162640762553,0.4186747,1.99,3.57,5.81,16.02,19.78,24.35,19.86,5.73,2.88
4317756,RS,Sul,1,faixa intermediária,22,0.7714285850524902,0.7717391,764.6302,0.9565217391304348,1.3424226808222062,0.0,0.0,0.0,0.0,14.13,17.75,37.32,9.06,17.39,4.35
4317806,RS,Sul,1,faixa intermediária,147,0.7440382242202759,0.65052485,753.25684,0.9607843137254902,2.167317334748176,0.4509804,0.7,4.05,7.36,9.41,21.62,22.52,26.91,5.32,2.09
4317905,RS,Sul,1,faixa intermediária,139,0.7667122483253479,0.59788734,748.7099,0.9788732394366197,2.143014800254095,0.23943663,1.41,1.41,7.89,15.7,20.19,28.0,19.58,4.38,1.44
4317954,RS,Sul,1,faixa intermediária,23,1.0,0.7809524,767.60803,0.92,1.3617278360175928,0.6,0.0,0.0,8.73,4.29,17.62,17.46,43.33,4.29,4.29
4318101,RS,Sul,1,faixa intermediária,113,0.6554480791091919,0.60596484,754.6926,0.7847222222222222,2.0530784434834195,0.38888893,0.0,5.26,6.28,15.46,18.48,24.02,14.56,5.9,10.03
4318408,RS,Sul,1,faixa intermediária,133,0.7620429992675781,0.6048954,751.51184,0.8525641025641025,2.123851640967086,0.75,2.67,2.97,12.2,10.54,14.11,22.26,22.34,8.6,4.31
4318424,RS,Sul,1,faixa intermediária,53,0.8058222532272339,0.7346093,765.1422,0.9636363636363636,1.724275869600789,0.29090908,0.0,0.0,3.83,11.5,18.78,22.71,18.67,22.7,1.82
4318440,RS,Sul,1,faixa intermediária,18,0.7666667103767395,0.6666667,760.08276,0.9473684210526315,1.255272505103306,0.0,0.0,0.0,11.11,11.11,22.22,5.56,38.89,0.0,11.11
4318457,RS,Sul,1,faixa intermediária,18,0.7843980193138123,0.604,750.3617,0.72,1.255272505103306,0.0,0.0,5.2,6.0,6.0,33.6,38.8,0.0,0.0,10.4
4318499,RS,Sul,1,faixa intermediária,24,0.8247947692871094,0.49666664,752.48364,0.96,1.380211241711606,0.0,0.0,0.0,8.67,25.33,16.33,16.33,21.0,12.33,0.0
4319109,RS,Sul,1,faixa intermediária,59,0.8356614112854004,0.64470696,748.31055,0.9076923076923077,1.7708520116421442,0.0,1.65,5.04,6.78,15.11,17.18,25.35,22.04,6.84,0.0
4319307,RS,Sul,1,faixa intermediária,34,0.7774468064308167,0.61111116,749.77655,0.8947368421052632,1.5314789170422551,0.0,3.12,5.9,5.9,12.15,17.36,31.94,11.46,5.9,6.25
4319356,RS,Sul,1,faixa intermediária,54,0.8066617250442505,0.5877101,750.5793,0.9642857142857143,1.7323937598229686,0.0,0.0,0.0,3.68,22.55,22.34,27.5,18.26,3.77,1.89
4319372,RS,Sul,1,faixa intermediária,25,0.8215843439102173,0.6401099,750.77985,0.9615384615384616,1.3979400086720377,0.42307693,0.0,0.0,4.12,31.87,20.33,19.78,11.81,4.12,7.97
4319406,RS,Sul,1,faixa intermediária,102,0.8089609742164612,0.5743917,749.2344,0.8571428571428571,2.0086001717619175,0.26050422,0.0,3.87,5.93,17.52,21.94,27.2,15.02,7.41,1.12
4319711,RS,Sul,1,faixa intermediária,15,0.9411764740943909,0.73333335,753.35406,1.0,1.1760912590556813,0.0,6.67,0.0,0.0,6.67,13.33,53.33,6.67,13.33,0.0
4320206,RS,Sul,1,faixa intermediária,129,0.8225741386413574,0.6519992,755.55743,0.9084507042253521,2.110589710299249,0.4929578,0.0,4.2,9.19,11.91,19.98,23.79,15.15,9.79,6.01
4320263,RS,Sul,1,faixa intermediária,51,0.7947127223014832,0.7616828,767.954,0.864406779661017,1.7075701760979363,0.30508476,0.0,1.91,2.2,7.92,15.55,20.02,39.19,7.54,5.66
4320305,RS,Sul,1,faixa intermediária,52,0.8356834053993225,0.670335,765.8611,0.9454545454545454,1.7160033436347992,0.7636364,0.0,4.02,3.79,9.78,21.29,17.13,13.11,23.08,7.81
4320321,RS,Sul,1,faixa intermediária,24,0.839724600315094,0.5,750.0518,0.96,1.380211241711606,0.0,0.0,0.0,0.0,20.83,29.17,33.33,8.33,8.33,0.0
4320578,RS,Sul,1,faixa intermediária,12,0.785714328289032,0.6666667,745.34265,0.9230769230769231,1.0791812460476249,0.0,0.0,8.33,8.33,16.67,0.0,50.0,0.0,16.67,0.0
4320701,RS,Sul,1,faixa intermediária,120,0.7955324053764343,0.6379037,755.07666,0.9523809523809523,2.0791812460476247,0.44444445,1.68,7.53,7.62,10.91,15.97,19.11,19.87,6.7,10.62
4320800,RS,Sul,1,faixa intermediária,248,0.5893958806991577,0.63111776,755.6491,0.8763250883392226,2.3944516808262164,0.6925795,1.54,1.22,8.07,10.09,21.99,25.3,18.79,8.56,4.45
4321006,RS,Sul,1,faixa intermediária,101,0.7580175399780273,0.77908355,772.0483,0.9351851851851852,2.0043213737826426,0.4814814,1.0,1.0,5.46,5.78,14.18,19.36,27.84,16.67,8.72
4321329,RS,Sul,1,faixa intermediária,41,0.8335339426994324,0.8292683,777.5188,1.0,1.6127838567197355,0.34146342,0.0,2.44,2.44,0.0,14.63,21.95,31.71,17.07,9.76
4321402,RS,Sul,1,faixa intermediária,112,0.7053099274635315,0.6219986,753.3328,0.9491525423728814,2.0492180226701815,0.220339,0.85,1.92,4.41,16.08,24.93,25.57,12.96,7.01,6.28
4321436,RS,Sul,1,faixa intermediária,105,0.6945026516914368,0.5661852,747.7189,0.8677685950413223,2.0211892990699383,0.30578515,0.0,2.93,9.8,14.11,22.21,28.35,15.08,5.78,1.75
4321451,RS,Sul,1,faixa intermediária,268,0.8312475085258484,0.6294749,752.3146,0.9745454545454545,2.428134794028789,0.26545453,0.36,4.13,8.91,13.16,15.68,28.3,17.14,9.34,2.99
4321469,RS,Sul,1,faixa intermediária,33,0.8753523230552673,0.6911765,754.259,0.9705882352941176,1.5185139398778875,0.0,3.15,0.0,9.45,6.09,24.37,21.22,23.74,5.88,6.09
4321477,RS,Sul,1,faixa intermediária,12,0.900976300239563,0.6666667,755.85004,1.0,1.0791812460476249,1.0,0.0,0.0,0.0,16.67,25.0,25.0,33.33,0.0,0.0
4321626,RS,Sul,1,faixa intermediária,19,0.8766666650772095,0.6777777,751.86536,0.7307692307692307,1.2787536009528289,0.0,0.0,0.0,16.11,5.56,20.56,32.22,15.56,10.0,0.0
4321667,RS,Sul,1,faixa intermediária,114,0.8609567880630493,0.5356158,748.2821,0.9421487603305785,2.0569048513364727,0.5206612,0.86,2.68,8.83,18.39,24.57,18.77,11.37,9.51,5.01
4321857,RS,Sul,1,faixa intermediária,70,0.7990578413009644,0.6457476,756.49896,0.8641975308641975,1.845098040014257,0.13580246,0.0,2.87,7.47,8.12,24.44,22.88,19.93,10.21,4.08
4321907,RS,Sul,1,faixa intermediária,258,0.8210916519165039,0.5685608,748.58606,0.9247311827956989,2.41161970596323,0.12903225,1.89,2.94,5.69,15.51,21.44,26.4,17.76,5.66,2.7
4321956,RS,Sul,1,faixa intermediária,77,0.8321171998977661,0.57324016,751.2222,0.7777777777777778,1.8864907251724818,0.26262626,1.09,1.21,8.36,11.25,31.55,19.14,15.18,12.22,0.0
4322004,RS,Sul,1,faixa intermediária,312,0.6764757633209229,0.66024894,759.6818,0.9425981873111783,2.494154594018443,0.21752267,1.26,3.18,4.22,12.18,20.11,21.48,19.73,11.93,5.9
4322251,RS,Sul,1,faixa intermediária,64,0.8198807835578918,0.55066156,746.7198,0.9014084507042254,1.806179973983887,0.0,0.0,6.08,6.38,12.78,25.7,21.01,21.85,6.2,0.0
4322327,RS,Sul,1,faixa intermediária,39,0.828305721282959,0.61659247,751.928,0.8863636363636364,1.591064607026499,0.0,0.0,0.0,10.35,15.35,20.22,25.66,23.37,2.48,2.58
4322343,RS,Sul,1,faixa intermediária,9,1.0,0.5555556,743.7671,0.9,0.9542425094393249,0.0,0.0,0.0,0.0,22.22,22.22,55.56,0.0,0.0,0.0
4322533,RS,Sul,1,faixa intermediária,46,0.7432899475097656,0.5585721,748.8868,0.9019607843137255,1.662757831681574,0.41176468,2.41,2.41,8.17,14.96,20.56,25.41,15.61,6.21,4.25
4322558,RS,Sul,1,faixa intermediária,13,0.8366665840148926,0.6923077,758.569,0.7647058823529411,1.1139433523068367,0.0,0.0,0.0,7.69,23.08,15.38,7.69,30.77,7.69,7.69
4322608,RS,Sul,1,faixa intermediária,488,0.760895311832428,0.6120773,750.77313,0.9224952741020794,2.6884198220027105,0.46367657,1.61,1.59,8.29,11.64,24.34,25.52,19.24,5.09,2.68
4322806,RS,Sul,1,faixa intermediária,206,0.7713762521743774,0.5703966,753.26843,0.9155555555555556,2.3138672203691533,0.0,0.0,1.08,5.87,15.5,26.49,20.25,20.06,8.33,2.43
4322905,RS,Sul,1,faixa intermediária,36,0.8667532801628113,0.8304668,774.5178,0.972972972972973,1.5563025007672873,0.32432437,0.0,0.0,0.0,5.41,14.25,33.42,22.11,16.46,8.35
4323101,RS,Sul,1,faixa intermediária,37,0.7232606410980225,0.70110863,763.3161,0.9024390243902439,1.568201724066995,0.0,0.0,0.0,5.53,13.61,13.41,24.26,18.83,21.7,2.66
4323309,RS,Sul,1,faixa intermediária,26,0.9054230451583862,0.6878788,759.8526,0.8666666666666667,1.414973347970818,0.0,0.0,3.33,3.33,6.67,25.76,26.97,20.3,4.55,9.09
4323408,RS,Sul,1,faixa intermediária,33,0.8670787215232849,0.5735294,747.76013,0.9705882352941176,1.5185139398778875,0.5588235,2.94,6.21,0.0,15.36,21.24,32.68,15.52,2.94,3.1
4323507,RS,Sul,1,faixa intermediária,22,0.8680514097213745,0.71014494,766.67126,0.9565217391304348,1.3424226808222062,0.5652174,0.0,0.0,4.83,9.66,19.32,27.05,21.74,8.7,8.7
4323606,RS,Sul,1,faixa intermediária,14,0.9502512812614441,0.85714287,776.192,1.0,1.146128035678238,0.0,0.0,0.0,0.0,0.0,21.43,35.71,28.57,7.14,7.14
4323705,RS,Sul,1,faixa intermediária,10,0.741770327091217,1.0,785.9033,0.8333333333333334,1.0,0.0,0.0,0.0,0.0,0.0,10.0,30.0,30.0,30.0,0.0
4323754,RS,Sul,1,faixa intermediária,13,0.6315789222717285,0.6923077,762.1495,1.0,1.1139433523068367,1.0,7.69,0.0,0.0,15.38,23.08,7.69,15.38,30.77,0.0
4323770,RS,Sul,1,faixa intermediária,26,0.829054057598114,0.61538464,764.6829,0.9629629629629629,1.414973347970818,0.0,0.0,0.0,0.0,15.95,22.51,26.5,7.69,23.36,3.99
5000203,MS,Centro-Oeste,1,faixa intermediária,371,0.7018633484840393,0.770267,762.45074,0.8791469194312796,2.569373909615046,0.0,0.0,1.08,3.93,7.1,18.26,32.8,27.08,8.35,1.41
5000252,MS,Centro-Oeste,1,faixa intermediária,69,0.7745097875595093,0.6376812,755.20245,1.0,1.8388490907372552,0.0,0.0,13.04,8.7,4.35,11.59,20.29,24.64,8.7,8.7
5000609,MS,Centro-Oeste,1,faixa intermediária,396,0.42080000042915344,0.6972035,754.9137,0.9124423963133641,2.597695185925512,0.0,2.47,2.28,8.69,6.29,17.43,27.96,22.88,8.78,3.21
5000807,MS,Centro-Oeste,1,faixa intermediária,105,0.6616541147232056,0.8011204,762.27386,0.9813084112149533,2.0211892990699383,0.0,1.87,1.87,0.0,5.7,16.33,41.83,23.77,5.74,2.89
5000856,MS,Centro-Oeste,1,faixa intermediária,201,0.929648220539093,0.8451658,771.83484,0.9852941176470589,2.303196057420489,0.16184548,0.0,0.98,2.48,7.97,8.02,33.02,29.73,12.33,5.47
5001102,MS,Centro-Oeste,1,faixa intermediária,644,0.7011685967445374,0.5840923,746.1019,0.9266187050359712,2.808885867359812,0.0,1.68,3.05,9.26,16.52,17.32,25.63,21.28,4.6,0.66
5001243,MS,Centro-Oeste,1,faixa intermediária,139,0.7472527623176575,0.7344096,760.235,0.9328859060402684,2.143014800254095,0.0,0.0,1.41,5.02,15.95,8.54,29.33,32.03,6.32,1.41
5002001,MS,Centro-Oeste,1,faixa intermediária,185,0.45698925852775574,0.67745924,753.19525,0.9536082474226805,2.2671717284030137,0.0,0.54,1.63,7.52,10.76,19.34,35.23,17.95,6.5,0.54
5002308,MS,Centro-Oeste,1,faixa intermediária,181,0.5202311873435974,0.6075513,746.2911,0.8916256157635468,2.2576785748691846,0.0,2.21,5.6,9.15,10.01,15.04,35.01,16.31,5.5,1.17
5002407,MS,Centro-Oeste,1,faixa intermediária,393,0.5418604612350464,0.6468423,750.30597,0.8506493506493507,2.5943925503754266,0.07787568,1.98,3.1,10.45,10.31,17.23,26.6,21.26,6.68,2.39
5002803,MS,Centro-Oeste,1,faixa intermediária,93,0.49462366104125977,0.55654764,745.45905,0.9893617021276596,1.968482948553935,0.0,3.19,5.38,6.74,14.01,16.13,24.59,24.65,5.32,0.0
5002951,MS,Centro-Oeste,1,faixa intermediária,431,0.43487393856048584,0.6340846,748.511,0.9329004329004329,2.6344772701607315,0.0,3.29,4.13,6.4,10.32,17.39,30.95,19.01,7.33,1.18
5003157,MS,Centro-Oeste,1,faixa intermediária,341,0.7898089289665222,0.6076401,746.0531,0.9368131868131868,2.5327543789924976,0.0,2.13,3.71,9.82,6.33,25.62,29.87,16.93,4.46,1.12
5003454,MS,Centro-Oeste,1,faixa intermediária,179,0.9639175534248352,0.6624746,755.02997,0.8905472636815921,2.2528530309798933,0.16448773,0.0,5.15,6.65,13.58,13.99,26.89,22.07,7.81,3.87
5003504,MS,Centro-Oeste,1,faixa intermediária,51,0.29230770468711853,0.68709517,754.33044,0.85,1.7075701760979363,0.0,0.0,1.98,5.83,7.81,27.41,33.36,19.66,1.98,1.98
5003751,MS,Centro-Oeste,1,faixa intermediária,176,0.7058823704719543,0.56431556,744.7847,0.9312169312169312,2.24551266781415,0.0,1.72,3.89,8.59,15.81,17.94,30.12,15.98,3.79,2.15
5003900,MS,Centro-Oeste,1,faixa intermediária,44,0.5942028760910034,0.86434674,773.2149,0.9166666666666666,1.6434526764861874,0.0,0.0,0.0,0.0,6.94,11.11,31.12,34.56,11.75,4.51
5004007,MS,Centro-Oeste,1,faixa intermediária,100,0.7786259651184082,0.7317826,758.26697,0.9090909090909091,2.0,0.0,2.09,0.96,4.03,13.57,10.89,30.34,28.35,8.78,0.98
5004106,MS,Centro-Oeste,1,faixa intermediária,155,0.4779874086380005,0.6456295,752.7038,0.824468085106383,2.1903316981702914,0.0,0.63,0.0,8.53,10.23,26.87,26.76,20.42,3.54,3.02
5004601,MS,Centro-Oeste,1,faixa intermediária,350,0.7335164546966553,0.79421014,762.204,0.9915014164305949,2.5440680443502757,0.0,0.28,0.28,1.98,8.87,16.06,41.39,24.57,4.28,2.28
5004700,MS,Centro-Oeste,1,faixa intermediária,378,0.6209150552749634,0.68791306,756.3597,0.9473684210526315,2.5774917998372255,0.0,1.12,2.89,6.97,8.15,17.94,26.57,25.16,10.18,1.03
5005251,MS,Centro-Oeste,1,faixa intermediária,137,0.8300653696060181,0.7748514,762.8004,0.9256756756756757,2.1367205671564067,0.0,1.45,2.23,4.31,5.12,12.41,37.3,24.42,9.8,2.96
5006200,MS,Centro-Oeste,1,faixa intermediária,654,0.5691868662834167,0.694499,752.1025,0.9805097451274363,2.815577748324267,0.0,2.05,3.65,8.84,7.58,15.72,31.44,22.96,6.23,1.53
5006259,MS,Centro-Oeste,1,faixa intermediária,79,0.4736842215061188,0.7842349,755.5981,0.9634146341463414,1.8976270912904414,0.0,0.0,0.0,5.06,7.71,20.09,49.49,17.65,0.0,0.0
5006275,MS,Centro-Oeste,1,faixa intermediária,135,0.7637795209884644,0.7850055,760.65424,0.9926470588235294,2.130333768495006,0.0,0.74,1.51,3.68,5.22,17.09,38.52,22.16,8.16,2.94
5006358,MS,Centro-Oeste,1,faixa intermediária,138,0.4488636255264282,0.6643808,751.2069,0.92,2.1398790864012365,0.0,0.84,1.68,7.93,9.17,23.04,36.59,15.0,5.75,0.0
5006606,MS,Centro-Oeste,1,faixa intermediária,1793,0.5532666444778442,0.6773387,752.44006,0.9511936339522546,3.253580289562183,0.104572766,2.76,3.8,7.71,9.05,14.83,28.57,23.95,7.1,2.24
5006903,MS,Centro-Oeste,1,faixa intermediária,228,0.30481284856796265,0.6744133,753.7387,0.8603773584905661,2.357934847000454,0.0,1.72,2.5,10.63,9.21,12.11,32.97,19.68,7.51,3.66
5007695,MS,Centro-Oeste,1,faixa intermediária,479,0.5277207493782043,0.6223241,747.71967,0.9503968253968254,2.680335513414563,0.027855484,3.49,2.71,7.77,8.09,22.83,30.15,19.66,3.82,1.48
5007935,MS,Centro-Oeste,1,faixa intermediária,220,0.4773869216442108,0.7857689,760.656,0.990990990990991,2.342422680822206,0.0,0.0,1.82,6.35,7.78,12.29,34.6,29.48,7.23,0.45
5007976,MS,Centro-Oeste,1,faixa intermediária,55,0.7884615659713745,0.8545455,773.6118,1.0,1.7403626894942439,0.0,0.0,0.0,3.64,9.09,9.09,23.64,32.73,16.36,5.45
5008305,MS,Centro-Oeste,1,faixa intermediária,1634,0.698752224445343,0.82988715,771.24225,0.9963414634146341,3.2132520521963968,0.0,0.12,0.67,3.92,6.3,10.41,28.88,31.03,15.19,3.48
5100201,MT,Centro-Oeste,1,faixa intermediária,350,0.5910165905952454,0.79485095,773.345,0.8641975308641975,2.5440680443502757,0.0,0.0,1.17,3.12,6.94,12.3,24.16,29.54,14.9,7.87
5100250,MT,Centro-Oeste,1,faixa intermediária,657,0.5237162709236145,0.7146402,762.4668,0.8866396761133604,2.8175653695597807,0.0,1.1,2.87,6.22,8.03,15.66,24.25,24.98,11.92,4.98
5100300,MT,Centro-Oeste,1,faixa intermediária,153,0.7453623414039612,0.7556693,769.57404,0.8895348837209303,2.184691430817599,0.0,0.0,2.02,7.16,9.04,12.16,15.45,27.44,21.79,4.95
5100607,MT,Centro-Oeste,1,faixa intermediária,162,0.7230970859527588,0.70012784,760.6433,0.9,2.2095150145426308,0.0,1.83,1.16,4.17,14.21,12.86,24.82,24.77,11.93,4.23
5100805,MT,Centro-Oeste,1,faixa intermediária,128,0.5798143744468689,0.74183446,766.6632,0.9552238805970149,2.1072099696478683,0.0,0.0,1.56,2.35,10.19,17.2,24.21,27.33,14.05,3.12
5101258,MT,Centro-Oeste,1,faixa intermediária,180,0.48481273651123047,0.6045945,751.3627,0.9523809523809523,2.255272505103306,0.0,2.82,7.15,3.34,12.3,19.5,22.27,18.26,11.54,2.82
5101308,MT,Centro-Oeste,1,faixa intermediária,126,0.5848761200904846,0.586255,750.2137,0.9264705882352942,2.100370545117563,0.0,1.62,2.39,6.32,13.5,24.76,23.67,17.41,7.04,3.3
5101407,MT,Centro-Oeste,1,faixa intermediária,383,0.6016510725021362,0.61848164,757.19446,0.8606741573033708,2.583198773968623,0.0,1.4,3.29,6.7,14.36,14.75,21.9,21.02,10.27,6.32
5101704,MT,Centro-Oeste,1,faixa intermediária,410,0.5091464519500732,0.7278706,767.69495,0.9403669724770642,2.6127838567197355,0.0,0.47,3.2,5.03,10.49,12.16,18.62,23.85,18.6,7.58
5101803,MT,Centro-Oeste,1,faixa intermediária,721,0.6103407144546509,0.6666373,759.14246,0.9069182389937107,2.857935264719429,0.07916436,1.01,2.96,6.45,12.02,16.24,20.44,23.12,13.31,4.44
5101852,MT,Centro-Oeste,1,faixa intermediária,113,0.31292080879211426,0.8264417,781.7887,0.904,2.0530784434834195,0.0,0.0,0.0,2.64,6.26,14.65,20.24,22.58,16.92,16.7
5101902,MT,Centro-Oeste,1,faixa intermediária,217,0.519382655620575,0.6906158,762.376,0.8543307086614174,2.3364597338485296,0.0,1.72,2.77,6.6,12.8,11.15,21.02,21.83,15.37,6.73
5102637,MT,Centro-Oeste,1,faixa intermediária,779,0.6075411438941956,0.6717803,758.4396,0.8954022988505748,2.8915374576725643,0.105780706,1.61,1.31,4.31,13.36,18.37,23.86,22.75,11.48,2.95
5102678,MT,Centro-Oeste,1,faixa intermediária,600,0.5519471764564514,0.64363235,757.26953,0.8995502248875562,2.7781512503836434,0.05708118,1.98,3.17,8.14,9.86,18.05,19.67,21.99,11.38,5.75
5102686,MT,Centro-Oeste,1,faixa intermediária,161,0.48188164830207825,0.6576415,757.7355,0.8518518518518519,2.2068258760318495,0.0,1.22,2.98,6.07,10.17,20.38,21.37,22.95,11.95,2.9
5102694,MT,Centro-Oeste,1,faixa intermediária,73,0.3468427062034607,0.78901917,772.95496,0.9012345679012346,1.863322860120456,0.0,0.0,2.64,2.66,7.89,13.17,17.43,29.42,16.57,10.23
5102850,MT,Centro-Oeste,1,faixa intermediária,81,0.6309079527854919,0.648576,749.832,0.8709677419354839,1.9084850188786497,0.0,1.18,3.97,8.49,14.07,14.13,27.84,24.35,4.73,1.24
5103007,MT,Centro-Oeste,1,faixa intermediária,246,0.4771105647087097,0.69008,760.2485,0.924812030075188,2.3909351071033793,0.0,0.42,2.03,9.57,11.32,12.76,19.95,26.31,14.48,3.16
5103056,MT,Centro-Oeste,1,faixa intermediária,142,0.5133128762245178,0.6628297,761.27747,0.9342105263157895,2.1522883443830563,0.0,0.77,3.54,4.15,11.87,16.88,20.53,22.61,14.12,5.54
5103205,MT,Centro-Oeste,1,faixa intermediária,383,0.49229681491851807,0.64202046,758.3526,0.9097387173396675,2.583198773968623,0.0,1.33,3.39,6.55,13.56,15.46,19.09,21.84,13.61,5.17
5103254,MT,Centro-Oeste,1,faixa intermediária,399,0.4170311391353607,0.6917542,763.5124,0.9027149321266968,2.6009728956867484,0.0,0.48,4.38,6.61,6.89,17.2,16.97,27.39,14.53,5.55
5103361,MT,Centro-Oeste,1,faixa intermediária,59,0.40830451250076294,0.6946842,767.6466,0.8939393939393939,1.7708520116421442,0.0,0.0,1.83,1.83,12.76,21.37,18.98,20.02,11.8,11.4
5103379,MT,Centro-Oeste,1,faixa intermediária,142,0.583588182926178,0.6270619,755.46277,0.8987341772151899,2.1522883443830563,0.0,1.27,4.92,7.99,14.03,12.66,18.22,27.23,7.96,5.73
5103452,MT,Centro-Oeste,1,faixa intermediária,82,0.6486153602600098,0.83599216,782.3756,0.9425287356321839,1.9138138523837167,0.0,0.0,0.0,4.6,5.75,8.37,16.47,30.9,21.33,12.58
5103502,MT,Centro-Oeste,1,faixa intermediária,291,0.48126545548439026,0.6050283,749.0671,0.8660714285714286,2.4638929889859074,0.24352872,2.17,3.86,8.93,11.44,18.64,25.49,18.69,9.4,1.38
5103601,MT,Centro-Oeste,1,faixa intermediária,82,0.8828060030937195,0.7144186,772.00635,0.9534883720930233,1.9138138523837167,0.0,1.16,3.86,5.96,5.12,16.18,15.95,19.48,18.1,14.2
5103809,MT,Centro-Oeste,1,faixa intermediária,36,0.8601271510124207,0.5878906,748.0028,0.8780487804878049,1.5563025007672873,0.0,0.0,0.0,13.63,22.07,11.37,22.74,24.66,2.93,2.59
5103858,MT,Centro-Oeste,1,faixa intermediária,100,0.45028021931648254,0.59590125,753.1292,0.8771929824561403,2.0,0.0,2.05,0.0,11.0,11.98,20.33,21.46,19.86,9.52,3.79
5103957,MT,Centro-Oeste,1,faixa intermediária,49,0.9057576656341553,0.8378431,771.8955,0.9607843137254902,1.6901960800285136,0.0,0.0,4.08,0.0,8.14,6.04,30.59,26.63,20.41,4.12
5104500,MT,Centro-Oeste,1,faixa intermediária,30,0.4472016990184784,0.67617685,749.7469,0.8571428571428571,1.4771212547196624,0.0,0.0,3.03,3.74,9.08,30.07,27.76,23.31,3.03,0.0
5104526,MT,Centro-Oeste,1,faixa intermediária,149,0.6181777119636536,0.59476346,752.1183,0.8869047619047619,2.173186268412274,0.0,0.0,3.2,6.78,18.04,18.55,20.96,21.84,6.69,3.94
5104542,MT,Centro-Oeste,1,faixa intermediária,112,0.8900446891784668,0.7797329,777.8681,0.896,2.0492180226701815,0.0,0.0,0.0,6.24,6.98,12.46,12.29,30.55,19.94,11.54
5104559,MT,Centro-Oeste,1,faixa intermediária,90,0.5797371864318848,0.674163,761.58374,0.9090909090909091,1.954242509439325,0.0,0.0,1.43,2.57,13.05,19.74,22.47,28.07,10.65,2.02
5104906,MT,Centro-Oeste,1,faixa intermediária,119,0.5918480753898621,0.5488466,746.37177,0.9224806201550387,2.0755469613925306,0.5112247,0.78,0.92,5.05,19.6,26.09,27.36,14.54,4.89,0.78
5105002,MT,Centro-Oeste,1,faixa intermediária,111,0.46974390745162964,0.74687654,766.1107,0.925,2.0453229787866576,0.0,0.0,5.39,5.6,7.23,9.83,24.97,23.61,18.02,5.36
5105101,MT,Centro-Oeste,1,faixa intermediária,390,0.4954461455345154,0.5961083,752.9981,0.896551724137931,2.591064607026499,0.44393393,2.51,4.35,10.65,13.53,13.22,16.06,24.21,9.64,5.83
5105176,MT,Centro-Oeste,1,faixa intermediária,147,0.597114086151123,0.7367914,764.93396,0.8855421686746988,2.167317334748176,0.0,0.66,2.92,6.14,7.93,12.79,20.98,31.24,12.67,4.67
5105200,MT,Centro-Oeste,1,faixa intermediária,138,0.5076339840888977,0.6705945,762.6363,0.9139072847682119,2.1398790864012365,0.0,0.0,1.55,6.13,13.13,14.38,23.41,22.2,13.48,5.72
5105259,MT,Centro-Oeste,1,faixa intermediária,1212,0.639610230922699,0.73538846,768.81934,0.8700646087580761,3.0835026198302673,0.0,0.86,2.84,6.0,9.05,11.93,17.71,25.33,17.33,8.95
5105580,MT,Centro-Oeste,1,faixa intermediária,172,0.6230575442314148,0.6537496,757.06323,0.9398907103825137,2.2355284469075487,0.0,0.6,0.59,7.46,12.32,19.42,21.26,28.57,7.48,2.29
5105903,MT,Centro-Oeste,1,faixa intermediária,243,0.6178877353668213,0.5721362,753.0317,0.9067164179104478,2.385606273598312,0.19335616,0.4,4.59,8.6,14.9,19.29,17.24,21.48,6.95,6.54
5106000,MT,Centro-Oeste,1,faixa intermediária,67,0.47441285848617554,0.6549132,749.4554,0.9178082191780822,1.8260748027008264,0.0,5.92,2.99,4.47,15.02,16.48,23.74,20.92,10.45,0.0
5106109,MT,Centro-Oeste,1,faixa intermediária,119,0.6839056611061096,0.80176,777.7254,0.952,2.0755469613925306,0.136,0.0,0.88,5.92,6.08,11.12,23.11,16.75,24.5,11.65
5106158,MT,Centro-Oeste,1,faixa intermediária,191,0.732899010181427,0.76580054,768.8827,0.9095238095238095,2.2810333672477277,0.0,1.96,0.6,3.65,7.14,13.59,22.39,29.06,15.6,6.02
5106174,MT,Centro-Oeste,1,faixa intermediária,27,0.4577464759349823,0.85266554,781.9863,0.8709677419354839,1.4313637641589874,0.0,0.0,0.0,0.0,3.69,14.75,29.98,25.64,11.3,14.64
5106182,MT,Centro-Oeste,1,faixa intermediária,121,0.5517051815986633,0.67649734,756.531,0.9166666666666666,2.0827853703164503,0.0,0.0,1.58,9.11,7.53,19.22,28.66,22.42,9.05,2.44
5106190,MT,Centro-Oeste,1,faixa intermediária,84,0.7917187809944153,0.7507824,768.67487,0.875,1.9242792860618816,0.0,0.0,3.69,7.54,8.1,13.44,13.06,25.88,22.45,5.85
5106208,MT,Centro-Oeste,1,faixa intermediária,46,0.5569599866867065,0.8136354,773.4097,0.9387755102040817,1.662757831681574,0.0,0.0,0.0,2.04,10.47,12.24,25.82,28.93,11.27,9.23
5106216,MT,Centro-Oeste,1,faixa intermediária,172,0.5736271142959595,0.685159,760.27203,0.9347826086956522,2.2355284469075487,0.0,1.19,1.69,5.84,10.33,19.96,18.01,28.25,12.44,2.29
5106224,MT,Centro-Oeste,1,faixa intermediária,883,0.6421217322349548,0.74856937,768.97675,0.9047131147540983,2.9459607035775686,0.0,0.56,2.57,4.41,9.61,12.28,21.46,24.87,16.27,7.96
5106232,MT,Centro-Oeste,1,faixa intermediária,240,0.5076379776000977,0.5728006,752.8662,0.9486166007905138,2.380211241711606,0.0,2.15,2.51,4.78,20.67,15.04,18.84,22.13,9.39,4.49
5106240,MT,Centro-Oeste,1,faixa intermediária,213,0.7320970296859741,0.584158,749.2177,0.9141630901287554,2.3283796034387376,0.0,2.37,3.38,10.11,15.91,16.93,19.25,22.21,5.69,4.16
5106265,MT,Centro-Oeste,1,faixa intermediária,106,0.536200761795044,0.6767338,763.8508,0.848,2.0253058652647704,0.0,0.0,3.65,5.45,13.7,14.23,14.67,25.74,16.49,6.07
5106273,MT,Centro-Oeste,1,faixa intermediária,49,0.6293900012969971,0.6910746,769.30695,0.8909090909090909,1.6901960800285136,0.0,0.0,2.18,0.0,12.43,18.18,16.31,32.57,7.95,10.37
5106299,MT,Centro-Oeste,1,faixa intermediária,158,0.6070176959037781,0.7969752,774.5677,0.9294117647058824,2.1986570869544226,0.0,0.59,0.59,3.24,8.8,11.39,15.02,37.88,12.05,10.42
5106315,MT,Centro-Oeste,1,faixa intermediária,36,0.7122339010238647,0.58271354,748.6853,0.9230769230769231,1.5563025007672873,0.0,2.8,5.59,5.57,13.87,16.67,24.98,13.87,16.64,0.0
5106372,MT,Centro-Oeste,1,faixa intermediária,282,0.5672569274902344,0.65079886,756.60156,0.9276315789473685,2.450249108319361,0.0,0.74,2.11,4.96,17.24,14.69,25.79,22.66,8.0,3.81
5106455,MT,Centro-Oeste,1,faixa intermediária,61,0.5861411690711975,0.9031956,783.7254,0.953125,1.7853298350107671,0.0,1.7,0.0,0.0,3.12,9.86,16.29,37.68,24.6,6.74
5106752,MT,Centro-Oeste,1,faixa intermediária,705,0.680109977722168,0.6648509,758.8076,0.8834586466165414,2.848189116991399,0.0,1.05,2.0,6.05,12.49,16.39,20.49,28.19,9.85,3.5
5106802,MT,Centro-Oeste,1,faixa intermediária,80,0.658257782459259,0.74304134,769.99554,0.8602150537634409,1.9030899869919435,0.0,0.0,3.77,8.08,3.69,10.17,18.17,29.84,21.2,5.09
5106851,MT,Centro-Oeste,1,faixa intermediária,27,0.8913459181785583,0.7774608,765.29486,0.9642857142857143,1.4313637641589874,0.0,0.0,0.0,3.85,14.84,3.57,29.12,37.09,11.54,0.0
5107065,MT,Centro-Oeste,1,faixa intermediária,396,0.5783950090408325,0.74182254,766.89777,0.9428571428571428,2.597695185925512,0.0,0.49,0.78,3.82,9.02,17.78,23.88,24.71,14.6,4.93
5107107,MT,Centro-Oeste,1,faixa intermediária,182,0.9010444283485413,0.68716556,765.06995,0.9191919191919192,2.2600713879850747,0.0,1.08,2.41,6.07,8.17,16.98,21.02,19.54,17.15,7.59
5107156,MT,Centro-Oeste,1,faixa intermediária,25,0.7626168727874756,0.83864045,763.9587,0.8928571428571429,1.3979400086720377,0.0,0.0,0.0,4.08,8.16,7.79,43.78,28.2,7.98,0.0
5107180,MT,Centro-Oeste,1,faixa intermediária,108,0.633837103843689,0.70898515,756.103,0.8852459016393442,2.03342375548695,0.0,0.94,5.72,4.69,9.45,14.81,22.99,34.91,6.51,0.0
5107206,MT,Centro-Oeste,1,faixa intermediária,54,0.4814627468585968,0.81604004,771.1017,0.8709677419354839,1.7323937598229686,0.0,1.97,1.7,0.0,7.74,12.83,20.44,38.42,11.21,5.69
5107263,MT,Centro-Oeste,1,faixa intermediária,33,0.4765643775463104,0.76844215,769.68976,0.825,1.5185139398778875,0.0,0.0,0.0,9.0,11.67,11.5,19.83,24.0,19.0,5.0
5107297,MT,Centro-Oeste,1,faixa intermediária,31,0.8065401911735535,0.74757284,755.4235,0.9393939393939394,1.4913616938342726,0.0,0.0,3.28,9.6,3.03,25.51,22.73,32.58,3.28,0.0
5107305,MT,Centro-Oeste,1,faixa intermediária,228,0.731768786907196,0.60290587,752.8937,0.912,2.357934847000454,0.0,1.39,2.72,7.82,12.33,21.82,21.49,19.78,8.64,4.02
5107404,MT,Centro-Oeste,1,faixa intermediária,67,0.728716254234314,0.7626431,770.5936,0.9710144927536232,1.8260748027008264,0.0,0.0,1.55,2.9,4.44,20.75,20.77,31.55,10.52,7.52
5107602,MT,Centro-Oeste,1,faixa intermediária,2966,0.5276852250099182,0.6048527,752.43256,0.8898889888988899,3.472171146692363,0.0,1.91,3.32,7.83,14.93,16.87,19.83,21.93,10.29,3.08
5107701,MT,Centro-Oeste,1,faixa intermediária,137,0.5362561345100403,0.56373024,753.2361,0.8838709677419355,2.1367205671564067,0.0,1.29,0.0,4.93,21.37,18.35,26.66,14.03,9.07,4.3
5107743,MT,Centro-Oeste,1,faixa intermediária,42,0.5355117917060852,0.7380952,765.7783,1.0,1.6232492903979006,0.0,0.0,0.0,4.76,14.29,11.9,26.19,28.57,9.52,4.76
5107768,MT,Centro-Oeste,1,faixa intermediária,85,0.6481658816337585,0.62672997,758.5842,0.8585858585858586,1.9294189257142926,0.0,1.15,3.78,5.83,22.85,7.39,16.2,25.97,6.88,9.95
5107792,MT,Centro-Oeste,1,faixa intermediária,60,0.6523488163948059,0.758291,762.5906,0.8955223880597015,1.7781512503836436,0.0,2.99,0.0,1.72,6.43,16.54,33.92,23.34,13.29,1.77
5107875,MT,Centro-Oeste,1,faixa intermediária,398,0.6976311802864075,0.8438197,778.08215,0.7928286852589641,2.5998830720736876,0.0,0.23,0.68,1.45,6.23,11.43,22.65,28.67,21.48,7.17
5107883,MT,Centro-Oeste,1,faixa intermediária,19,0.6532816290855408,0.9473684,785.18414,0.8260869565217391,1.2787536009528289,0.0,0.0,0.0,0.0,0.0,5.26,26.32,36.84,31.58,0.0
5107925,MT,Centro-Oeste,1,faixa intermediária,1711,0.7908627390861511,0.81048024,780.77356,0.8796915167095116,3.2332500095411003,0.0,0.44,0.86,3.55,6.63,11.05,18.23,24.53,18.26,16.45
5107941,MT,Centro-Oeste,1,faixa intermediária,176,0.5142713189125061,0.62365323,752.5613,0.8669950738916257,2.24551266781415,0.0,1.4,1.77,8.78,11.96,20.92,23.37,23.07,5.41,3.31
5108006,MT,Centro-Oeste,1,faixa intermediária,224,0.5591233968734741,0.68794185,764.6946,0.8995983935742972,2.3502480183341627,0.0,0.88,1.28,8.51,9.61,15.96,17.97,23.21,14.79,7.78
5108303,MT,Centro-Oeste,1,faixa intermediária,70,0.6034417748451233,0.6894087,764.6013,0.9090909090909091,1.845098040014257,0.0,0.0,1.3,3.06,16.58,10.14,22.41,25.6,18.25,2.66
5108808,MT,Centro-Oeste,1,faixa intermediária,74,0.6806119680404663,0.6730361,759.84357,0.925,1.8692317197309762,0.0,1.45,4.1,4.1,11.06,14.61,21.5,28.35,9.45,5.39
5108857,MT,Centro-Oeste,1,faixa intermediária,62,0.44141143560409546,0.8060175,764.76685,0.9393939393939394,1.792391689498254,0.0,1.58,4.68,1.52,4.92,11.36,32.15,29.36,9.4,5.02
5108907,MT,Centro-Oeste,1,faixa intermediária,102,0.6176140308380127,0.6238744,758.31616,0.8429752066115702,2.0086001717619175,0.0,0.93,1.9,6.45,16.72,18.19,11.2,29.68,8.8,6.13
5200050,GO,Centro-Oeste,1,faixa intermediária,319,0.5985389351844788,0.64460534,751.9613,0.90625,2.503790683057181,0.0,0.9,1.85,8.07,12.56,17.56,31.1,19.52,6.11,2.33
5200100,GO,Centro-Oeste,1,faixa intermediária,182,0.7897799611091614,0.79386115,766.21735,0.8878048780487805,2.2600713879850747,0.0,0.0,3.96,4.23,4.47,12.09,30.02,29.36,12.24,3.65
5200134,GO,Centro-Oeste,1,faixa intermediária,262,0.5849197506904602,0.8148201,765.37427,0.9390681003584229,2.4183012913197452,0.0,1.52,2.72,3.69,4.74,12.32,31.91,26.19,14.26,2.66
5200159,GO,Centro-Oeste,1,faixa intermediária,33,0.8095238208770752,0.81978804,773.331,0.9705882352941176,1.5185139398778875,0.0,0.0,0.0,2.94,5.88,15.07,24.26,24.63,24.26,2.94
5200175,GO,Centro-Oeste,1,faixa intermediária,85,0.5578488111495972,0.8742908,775.6693,0.9444444444444444,1.9294189257142926,0.0,0.0,0.0,2.22,5.73,10.34,26.79,37.26,12.1,5.56
5200209,GO,Centro-Oeste,1,faixa intermediária,23,0.6956521272659302,0.78260875,759.5626,0.9583333333333334,1.3617278360175928,0.0,0.0,0.0,4.35,4.35,17.39,43.48,26.09,4.35,0.0
5200308,GO,Centro-Oeste,1,faixa intermediária,397,0.7628030180931091,0.75791544,759.66254,0.9105504587155964,2.598790506763115,0.0,0.81,2.72,5.65,10.04,11.1,32.63,23.52,12.01,1.53
5200555,GO,Centro-Oeste,1,faixa intermediária,115,0.666435718536377,0.72486013,759.3585,0.92,2.060697840353612,0.0,1.79,3.62,7.68,7.67,12.96,27.72,22.08,13.91,2.57
5200605,GO,Centro-Oeste,1,faixa intermediária,128,0.8287110328674316,0.60201335,748.56775,0.9846153846153847,2.1072099696478683,0.0,0.81,6.34,14.04,7.77,16.28,22.71,21.21,7.0,3.85
5200803,GO,Centro-Oeste,1,faixa intermediária,92,0.6456906795501709,0.64976364,747.68945,0.989247311827957,1.9637878273455553,0.0,1.14,5.5,7.65,6.51,29.33,19.53,28.2,1.08,1.08
5200829,GO,Centro-Oeste,1,faixa intermediária,39,0.8421941995620728,0.89837706,780.314,0.975,1.591064607026499,0.0,0.0,0.0,2.5,5.17,7.83,20.5,41.0,17.83,5.17
5200852,GO,Centro-Oeste,1,faixa intermediária,52,0.7429873943328857,0.78871506,765.043,0.9122807017543859,1.7160033436347992,0.0,0.0,5.73,5.73,0.0,13.43,28.91,32.84,11.39,1.96
5200902,GO,Centro-Oeste,1,faixa intermediária,31,0.7075028419494629,0.8064516,767.76807,1.0,1.4913616938342726,0.0,0.0,0.0,3.23,9.68,9.68,29.03,41.94,3.23,3.23
5201108,GO,Centro-Oeste,1,faixa intermediária,3479,0.7204827070236206,0.7323908,758.88763,0.8899974418009721,3.541454428747589,0.0,2.24,2.7,5.78,6.51,14.73,29.13,26.43,9.85,2.64
5201207,GO,Centro-Oeste,1,faixa intermediária,16,0.800000011920929,0.8125,764.6856,0.9411764705882353,1.2041199826559248,0.0,0.0,0.0,12.5,6.25,0.0,37.5,25.0,12.5,6.25
5201405,GO,Centro-Oeste,1,faixa intermediária,5454,0.6062812209129333,0.6922866,755.12555,0.8927811425765264,3.7367151336056112,0.0,1.35,3.22,7.13,9.52,15.53,29.58,23.53,8.06,2.09
5201454,GO,Centro-Oeste,1,faixa intermediária,44,0.5958595871925354,0.8708069,767.1559,1.0,1.6434526764861874,0.0,0.0,0.0,0.0,2.58,23.16,35.94,30.65,5.08,2.58
5201504,GO,Centro-Oeste,1,faixa intermediária,61,0.6196078062057495,0.6579312,749.1054,0.9384615384615385,1.7853298350107671,0.0,0.0,4.95,3.41,14.44,17.75,40.16,8.14,11.15,0.0
5201702,GO,Centro-Oeste,1,faixa intermediária,223,0.6399792432785034,0.7215657,757.40765,0.9253112033195021,2.3483048630481607,0.0,1.28,4.14,6.22,8.08,14.26,30.47,23.28,9.0,3.27
5201801,GO,Centro-Oeste,1,faixa intermediária,170,0.5496913194656372,0.6285299,747.1385,0.9139784946236559,2.230448921378274,0.0,2.92,4.81,7.68,13.0,15.88,28.54,19.45,5.87,1.85
5202155,GO,Centro-Oeste,1,faixa intermediária,93,0.43287375569343567,0.6897872,751.8792,0.9893617021276596,1.968482948553935,0.0,0.0,1.11,10.72,12.81,11.7,36.72,20.51,6.43,0.0
5202502,GO,Centro-Oeste,1,faixa intermediária,81,0.8063169121742249,0.9032959,775.6428,0.7641509433962265,1.9084850188786497,0.0,0.0,0.0,1.42,2.5,12.01,30.88,34.94,18.25,0.0
5202601,GO,Centro-Oeste,1,faixa intermediária,32,0.7598451375961304,0.9375,780.1281,1.0,1.505149978319906,0.0,0.0,0.0,3.12,0.0,6.25,28.12,31.25,31.25,0.0
5203104,GO,Centro-Oeste,1,faixa intermediária,28,0.6427968144416809,0.89482474,775.0003,0.9333333333333333,1.4471580313422192,0.0,0.0,3.33,0.0,0.0,11.03,28.72,38.72,14.87,3.33
5203203,GO,Centro-Oeste,1,faixa intermediária,147,0.8053586483001709,0.7788083,764.9,0.9671052631578947,2.167317334748176,0.0,0.0,2.18,5.84,4.12,15.53,27.52,32.8,10.03,1.97
5203302,GO,Centro-Oeste,1,faixa intermediária,363,0.6120091080665588,0.6227125,745.1432,0.9355670103092784,2.5599066250361124,0.0,1.65,2.93,11.51,9.8,19.14,34.15,16.97,2.46,1.4
5203401,GO,Centro-Oeste,1,faixa intermediária,75,0.7914196848869324,0.73257303,763.0912,0.9615384615384616,1.8750612633917,0.0,0.0,2.56,0.0,14.94,14.58,26.58,26.54,12.14,2.66
5203500,GO,Centro-Oeste,1,faixa intermediária,271,0.7575218677520752,0.81511533,765.4328,0.9609929078014184,2.432969290874406,0.0,0.71,3.27,5.61,5.16,8.51,33.36,28.69,10.6,4.1
5203559,GO,Centro-Oeste,1,faixa intermediária,123,0.5802755951881409,0.8632762,773.0315,0.9461538461538461,2.089905111439398,0.0,0.0,0.0,0.84,10.41,8.2,30.96,32.43,13.1,4.06
5203575,GO,Centro-Oeste,1,faixa intermediária,49,0.48904332518577576,0.61764103,753.47565,1.0,1.6901960800285136,0.0,0.0,0.0,16.97,14.93,8.38,23.74,23.09,12.89,0.0
5203609,GO,Centro-Oeste,1,faixa intermediária,53,0.4892539381980896,0.90962404,777.1259,0.9137931034482759,1.724275869600789,0.0,0.0,0.0,0.0,7.31,5.69,40.1,24.55,15.3,7.05
5203807,GO,Centro-Oeste,1,faixa intermediária,83,0.817491888999939,0.9283552,782.79083,0.9325842696629213,1.919078092376074,0.0,0.0,0.0,0.0,3.61,5.97,33.67,30.19,19.36,7.2
5203906,GO,Centro-Oeste,1,faixa intermediária,109,0.684514582157135,0.64933455,742.2503,0.9008264462809917,2.037426497940624,0.0,8.18,9.27,6.69,4.47,10.09,32.99,19.04,8.29,0.98
5203939,GO,Centro-Oeste,1,faixa intermediária,30,0.9534611105918884,0.9646322,785.17554,0.9375,1.4771212547196624,0.0,0.0,0.0,0.0,3.54,0.0,31.04,42.71,16.46,6.25
5203962,GO,Centro-Oeste,1,faixa intermediária,42,0.4929281175136566,0.85081434,770.609,0.9130434782608695,1.6232492903979006,0.0,0.0,0.0,0.0,5.07,16.75,28.73,36.02,11.25,2.17
5204003,GO,Centro-Oeste,1,faixa intermediária,95,0.6963542103767395,0.9381316,783.49585,0.979381443298969,1.9777236052888478,0.0,0.0,0.0,1.03,2.06,5.15,28.29,36.88,19.13,7.45
5204102,GO,Centro-Oeste,1,faixa intermediária,129,0.7292920351028442,0.78353226,763.4528,0.9699248120300752,2.110589710299249,0.0,0.0,3.92,3.83,9.32,8.42,34.83,26.38,10.15,3.16
5204201,GO,Centro-Oeste,1,faixa intermediária,14,0.6499999761581421,0.64285713,757.71643,0.9333333333333333,1.146128035678238,0.0,0.0,0.0,14.29,14.29,7.14,14.29,42.86,7.14,0.0
5204250,GO,Centro-Oeste,1,faixa intermediária,97,0.7251002192497253,0.7919938,771.05444,0.941747572815534,1.9867717342662448,0.0,1.07,1.04,4.16,8.25,9.33,22.71,31.99,18.42,3.04
5204300,GO,Centro-Oeste,1,faixa intermediária,118,0.7323315143585205,0.91377926,781.0595,0.9516129032258065,2.0718820073061255,0.0,0.0,0.0,0.9,3.42,5.22,33.16,32.08,18.51,6.73
5204409,GO,Centro-Oeste,1,faixa intermediária,149,0.7660701870918274,0.8482616,771.3018,0.9085365853658537,2.173186268412274,0.0,0.61,1.25,1.93,3.94,13.13,32.82,28.93,13.41,3.99
5204508,GO,Centro-Oeste,1,faixa intermediária,1129,0.5842171311378479,0.62933093,748.70386,0.9783362218370883,3.052693941924968,0.0,1.88,4.18,9.21,9.46,19.42,29.51,17.74,6.82,1.77
5204557,GO,Centro-Oeste,1,faixa intermediária,46,0.7201623916625977,0.6086956,750.1867,1.0,1.662757831681574,0.0,0.0,0.0,13.04,6.52,23.91,36.96,17.39,0.0,2.17
5204607,GO,Centro-Oeste,1,faixa intermediária,47,0.7934615612030029,0.9361702,782.29065,1.0,1.6720978579357175,0.0,0.0,0.0,0.0,6.38,2.13,27.66,36.17,21.28,6.38
5204656,GO,Centro-Oeste,1,faixa intermediária,44,0.7044909596443176,0.8171595,767.4591,0.9166666666666666,1.6434526764861874,0.0,0.0,0.0,4.54,9.2,9.17,29.75,38.58,6.58,2.19
5204706,GO,Centro-Oeste,1,faixa intermediária,144,0.735496461391449,0.8171293,766.7826,0.9473684210526315,2.1583624920952498,0.0,1.44,2.14,4.29,4.83,9.79,31.14,31.13,14.53,0.72
5204805,GO,Centro-Oeste,1,faixa intermediária,101,0.7989769577980042,0.7761305,760.8176,0.9351851851851852,2.0043213737826426,0.0,2.85,2.93,6.75,3.86,11.97,34.95,21.72,10.97,4.0
5204854,GO,Centro-Oeste,1,faixa intermediária,129,0.869078516960144,0.85271317,770.8693,1.0,2.110589710299249,0.0,1.54,0.0,3.08,3.08,13.08,35.38,27.69,10.77,5.38
5204904,GO,Centro-Oeste,1,faixa intermediária,224,0.6520849466323853,0.75743663,766.18945,0.9451476793248945,2.3502480183341627,0.0,2.46,0.49,6.67,7.27,9.61,25.9,28.28,14.91,4.41
5204953,GO,Centro-Oeste,1,faixa intermediária,50,0.6371428966522217,0.828116,759.37427,0.9615384615384616,1.6989700043360187,0.0,0.0,0.0,2.34,8.14,15.17,54.01,14.23,6.11,0.0
5205000,GO,Centro-Oeste,1,faixa intermediária,92,0.7884641885757446,0.85784215,772.807,0.9787234042553191,1.9637878273455553,0.0,1.06,1.06,4.26,4.45,9.77,25.24,34.82,14.02,5.32
5205059,GO,Centro-Oeste,1,faixa intermediária,46,0.8098856210708618,0.9130435,781.4344,1.0,1.662757831681574,0.0,0.0,0.0,2.17,4.35,6.52,21.74,36.96,19.57,8.7
5205109,GO,Centro-Oeste,1,faixa intermediária,963,0.6487712860107422,0.7688163,760.8915,0.9,2.9836262871245345,0.0,2.21,2.93,4.21,6.47,11.22,34.63,25.78,10.34,2.21
5205208,GO,Centro-Oeste,1,faixa intermediária,55,0.684045135974884,0.87137866,773.63477,0.8333333333333334,1.7403626894942439,0.0,0.0,0.0,0.0,5.35,11.41,35.12,28.93,17.47,1.73
5205307,GO,Centro-Oeste,1,faixa intermediária,98,0.6019722819328308,0.84505147,768.6503,0.9423076923076923,1.9912260756924949,0.0,0.0,2.95,2.07,4.2,9.29,34.81,36.68,8.08,1.92
5205455,GO,Centro-Oeste,1,faixa intermediária,101,0.41256389021873474,0.6964558,756.2007,0.9619047619047619,2.0043213737826426,0.0,0.0,0.0,5.97,10.35,24.9,31.4,15.71,10.71,0.95
5205471,GO,Centro-Oeste,1,faixa intermediária,208,0.8097202777862549,0.8752383,778.9314,0.9674418604651163,2.3180633349627615,0.0,0.0,0.95,2.41,3.44,9.05,25.13,35.76,17.41,5.85
5205513,GO,Centro-Oeste,1,faixa intermediária,282,0.7952396273612976,0.88598204,776.9033,0.9825783972125436,2.450249108319361,0.0,0.35,0.35,2.85,4.69,7.04,32.17,28.44,18.84,5.28
5205521,GO,Centro-Oeste,1,faixa intermediária,56,0.6272175312042236,0.5887739,746.47614,0.9491525423728814,1.7481880270062005,0.0,0.0,0.0,10.74,16.07,25.0,28.56,16.07,3.57,0.0
5205802,GO,Centro-Oeste,1,faixa intermediária,97,0.7210189700126648,0.80695444,761.5232,0.97,1.9867717342662448,0.0,1.14,4.3,5.35,2.14,8.46,40.81,31.24,4.35,2.22
5205901,GO,Centro-Oeste,1,faixa intermediária,101,0.7144275307655334,0.8263448,774.3387,0.8559322033898306,2.0043213737826426,0.0,0.0,1.46,2.84,5.52,10.27,27.65,31.39,12.83,8.04
5206206,GO,Centro-Oeste,1,faixa intermediária,848,0.6792562007904053,0.6909551,755.36237,0.9370165745856354,2.9283958522567137,0.0,0.69,1.41,7.64,9.8,17.21,30.89,23.41,8.24,0.7
5206305,GO,Centro-Oeste,1,faixa intermediária,50,0.8862264156341553,0.82196075,770.7208,0.9803921568627451,1.6989700043360187,0.0,0.0,1.96,5.88,4.0,9.88,32.0,30.12,10.12,6.04
5206404,GO,Centro-Oeste,1,faixa intermediária,122,0.6673488616943359,0.78621477,764.9865,0.8714285714285714,2.0863598306747484,0.0,0.0,2.59,4.38,6.08,13.34,34.01,27.89,9.13,2.59
5206503,GO,Centro-Oeste,1,faixa intermediária,44,0.5588285326957703,0.7236304,762.0606,0.8979591836734694,1.6434526764861874,0.0,0.0,0.0,2.21,18.5,9.12,31.5,27.21,6.9,4.56
5206602,GO,Centro-Oeste,1,faixa intermediária,33,0.7619047164916992,0.7272727,756.39514,0.9166666666666666,1.5185139398778875,0.0,6.06,3.03,3.03,9.09,9.09,27.27,21.21,21.21,0.0
5206701,GO,Centro-Oeste,1,faixa intermediária,57,0.7055055499076843,0.8393327,768.186,1.0,1.7558748556724915,0.0,0.0,5.36,0.0,5.26,12.56,21.51,44.69,5.36,5.26
5206909,GO,Centro-Oeste,1,faixa intermediária,23,0.8708179593086243,0.8313081,766.7786,0.8214285714285714,1.3617278360175928,0.0,4.22,4.22,4.22,0.0,8.44,30.52,21.59,26.79,0.0
5207105,GO,Centro-Oeste,1,faixa intermediária,22,1.0,0.77272725,762.2318,1.0,1.3424226808222062,0.0,0.0,0.0,9.09,4.55,13.64,31.82,36.36,4.55,0.0
5207253,GO,Centro-Oeste,1,faixa intermediária,72,0.7820520401000977,0.83318007,765.1676,0.9473684210526315,1.8573324964312685,0.0,2.78,1.39,4.16,1.39,15.27,33.32,27.8,13.89,0.0
5207352,GO,Centro-Oeste,1,faixa intermediária,44,0.7665255069732666,0.90909094,774.3613,1.0,1.6434526764861874,0.0,0.0,0.0,2.27,0.0,6.82,43.18,31.82,13.64,2.27
5207402,GO,Centro-Oeste,1,faixa intermediária,156,0.8236284255981445,0.7229206,751.5599,0.9397590361445783,2.1931245983544616,0.0,4.36,3.93,8.4,4.03,12.2,35.3,25.46,5.12,1.2
5207535,GO,Centro-Oeste,1,faixa intermediária,51,0.7363933324813843,0.7081033,761.929,0.9107142857142857,1.7075701760979363,0.0,0.0,6.3,5.66,9.64,7.59,25.4,25.55,15.66,4.2
5207808,GO,Centro-Oeste,1,faixa intermediária,84,0.7684289216995239,0.7079686,750.9481,0.9438202247191011,1.9242792860618816,0.0,3.79,4.78,6.88,4.63,12.62,38.23,22.05,5.74,1.26
5207907,GO,Centro-Oeste,1,faixa intermediária,138,0.6671793460845947,0.65415823,749.7946,0.8961038961038961,2.1398790864012365,0.0,3.42,1.71,7.28,8.52,27.5,23.43,17.34,9.44,1.35
5208004,GO,Centro-Oeste,1,faixa intermediária,1174,0.6325790882110596,0.6401951,749.56866,0.9157566302652106,3.0696680969115957,0.0,1.97,3.97,8.0,11.26,17.12,28.65,21.15,6.58,1.29
5208103,GO,Centro-Oeste,1,faixa intermediária,45,0.7080733776092529,0.8666667,778.702,1.0,1.6532125137753437,0.0,0.0,2.22,2.22,6.67,4.44,28.89,31.11,8.89,15.56
5208152,GO,Centro-Oeste,1,faixa intermediária,59,0.9814769625663757,0.7975992,763.9048,0.9833333333333333,1.7708520116421442,0.0,5.0,3.45,1.67,1.67,13.57,25.48,39.17,5.0,5.0
5208301,GO,Centro-Oeste,1,faixa intermediária,73,0.7989944219589233,0.80426097,762.7871,0.9733333333333334,1.863322860120456,0.0,0.0,1.39,4.0,8.59,8.32,43.79,22.97,8.13,2.8
5208400,GO,Centro-Oeste,1,faixa intermediária,177,0.7412119507789612,0.68012375,754.07086,0.885,2.247973266361807,0.0,0.62,4.63,7.98,6.32,17.02,27.02,28.69,7.19,0.52
5208509,GO,Centro-Oeste,1,faixa intermediária,69,0.4466094374656677,0.7217294,754.0199,0.971830985915493,1.8388490907372552,0.0,4.42,1.47,7.34,8.7,8.77,31.91,30.22,7.17,0.0
5208608,GO,Centro-Oeste,1,faixa intermediária,888,0.7975181341171265,0.82288176,773.2562,0.9517684887459807,2.948412965778601,0.0,0.78,0.9,3.84,5.54,10.61,25.56,30.98,15.55,6.24
5208707,GO,Centro-Oeste,1,faixa intermediária,8859,0.6656457185745239,0.694943,754.4394,0.8646300995510443,3.947384701684741,0.0,2.46,4.15,6.75,7.22,15.65,29.79,23.2,8.34,2.43
5208806,GO,Centro-Oeste,1,faixa intermediária,1031,0.6907892823219299,0.8100043,768.3403,0.8941890719861232,3.0132586652835167,0.0,0.45,1.09,4.4,6.07,11.72,30.1,29.61,12.98,3.6
5208905,GO,Centro-Oeste,1,faixa intermediária,153,0.6743042469024658,0.8750658,775.16174,0.8947368421052632,2.184691430817599,0.0,0.0,0.58,3.94,2.63,10.72,28.52,33.79,14.17,5.65
5209101,GO,Centro-Oeste,1,faixa intermediária,398,0.6803800463676453,0.7763304,763.85126,0.9802955665024631,2.5998830720736876,0.0,3.23,3.06,5.03,3.5,11.36,27.23,30.65,11.89,4.05
5209150,GO,Centro-Oeste,1,faixa intermediária,59,0.3978211581707001,0.8135593,764.18915,1.0,1.7708520116421442,0.0,5.08,1.69,5.08,5.08,5.08,27.12,37.29,10.17,3.39
5209200,GO,Centro-Oeste,1,faixa intermediária,213,0.6418673396110535,0.7027121,755.2275,0.8255813953488372,2.3283796034387376,0.0,0.51,0.98,6.78,9.14,22.44,33.39,18.77,6.0,1.99
5209408,GO,Centro-Oeste,1,faixa intermediária,48,0.321123331785202,0.6458333,751.7548,1.0,1.6812412373755872,0.0,0.0,0.0,2.08,18.75,25.0,37.5,12.5,4.17,0.0
5209606,GO,Centro-Oeste,1,faixa intermediária,33,0.5357710719108582,0.8353235,757.6055,0.9166666666666666,1.5185139398778875,0.0,0.0,3.52,7.04,2.95,12.94,48.24,22.36,2.95,0.0
5209705,GO,Centro-Oeste,1,faixa intermediária,394,0.6897405385971069,0.6555966,750.1938,0.9974683544303797,2.595496221825574,0.0,2.03,3.54,7.39,9.22,18.87,33.83,17.03,6.84,1.27
5209804,GO,Centro-Oeste,1,faixa intermediária,40,0.6825780272483826,0.725,750.5205,1.0,1.6020599913279623,0.0,2.5,7.5,12.5,0.0,17.5,25.0,25.0,10.0,0.0
5209903,GO,Centro-Oeste,1,faixa intermediária,122,0.634686291217804,0.65419316,743.0021,0.9037037037037037,2.0863598306747484,0.0,4.05,4.12,9.95,9.88,14.84,34.27,21.24,1.65,0.0
5209937,GO,Centro-Oeste,1,faixa intermediária,69,0.7620137333869934,0.8702139,774.7011,0.971830985915493,1.8388490907372552,0.0,0.0,5.71,1.41,1.41,8.88,27.54,33.57,14.44,7.04
5209952,GO,Centro-Oeste,1,faixa intermediária,186,0.6714975833892822,0.8273054,768.49084,0.9841269841269841,2.2695129442179165,0.0,0.0,1.09,4.85,4.91,7.52,30.01,42.48,8.61,0.53
5210000,GO,Centro-Oeste,1,faixa intermediária,506,0.8127967119216919,0.8757449,774.00806,0.9422718808193669,2.7041505168397992,0.0,0.0,0.62,2.39,4.03,9.4,32.19,35.05,11.57,4.75
5210109,GO,Centro-Oeste,1,faixa intermediária,266,0.64097660779953,0.741176,760.2649,0.9708029197080292,2.424881636631067,0.0,0.78,2.63,5.64,9.79,11.62,30.66,25.49,10.12,3.28
5210208,GO,Centro-Oeste,1,faixa intermediária,364,0.782436192035675,0.8302488,767.5053,0.9357326478149101,2.561101383649056,0.0,1.38,2.0,3.38,5.49,9.64,31.54,30.99,11.61,3.96
5210307,GO,Centro-Oeste,1,faixa intermediária,27,0.8814203143119812,0.9259259,763.4607,1.0,1.4313637641589874,0.0,0.0,0.0,0.0,3.7,14.81,59.26,18.52,0.0,3.7
5210406,GO,Centro-Oeste,1,faixa intermediária,523,0.789020299911499,0.8121685,771.00684,0.9561243144424132,2.718501688867274,0.0,0.77,1.3,3.44,6.05,11.03,26.22,31.59,15.3,4.29
5210562,GO,Centro-Oeste,1,faixa intermediária,76,0.8578848242759705,0.7771825,769.8506,0.926829268292683,1.8808135922807914,0.0,0.0,1.28,1.28,2.57,21.07,30.17,24.98,12.11,6.55
5210604,GO,Centro-Oeste,1,faixa intermediária,50,0.8164893984794617,0.89890283,772.9423,0.9803921568627451,1.6989700043360187,0.0,0.0,1.96,0.0,1.96,18.1,31.98,31.67,10.26,4.07
5210802,GO,Centro-Oeste,1,faixa intermediária,35,0.8185924887657166,0.82857144,771.3554,1.0,1.5440680443502757,0.0,0.0,0.0,5.71,5.71,8.57,25.71,45.71,5.71,2.86
5210901,GO,Centro-Oeste,1,faixa intermediária,235,0.7868286967277527,0.85282975,767.91003,0.9791666666666666,2.3710678622717363,0.0,0.0,3.97,1.75,4.31,10.21,37.15,27.12,12.91,2.59
5211008,GO,Centro-Oeste,1,faixa intermediária,94,0.3435525596141815,0.7319938,757.48975,0.912621359223301,1.9731278535996986,0.0,0.0,1.02,4.06,12.75,21.14,36.13,15.83,8.07,1.01
5211206,GO,Centro-Oeste,1,faixa intermediária,261,0.8161096572875977,0.8509129,772.1106,0.9157894736842105,2.416640507338281,0.0,2.13,2.67,3.83,2.27,7.35,26.55,34.47,16.89,3.84
5211305,GO,Centro-Oeste,1,faixa intermediária,72,0.7671881914138794,0.8325676,765.35895,0.972972972972973,1.8573324964312685,0.0,2.8,1.35,5.56,1.35,9.81,43.62,20.56,10.89,4.05
5211503,GO,Centro-Oeste,1,faixa intermediária,1120,0.6978475451469421,0.74437195,762.301,0.9210526315789473,3.0492180226701815,0.0,1.09,2.69,6.86,5.84,14.52,25.57,27.81,12.98,2.65
5211602,GO,Centro-Oeste,1,faixa intermediária,23,0.8083571195602417,0.73913044,771.5287,1.0,1.3617278360175928,0.0,0.0,0.0,4.35,8.7,13.04,21.74,21.74,30.43,0.0
5211701,GO,Centro-Oeste,1,faixa intermediária,61,0.7719155550003052,0.8024417,770.9094,0.9682539682539683,1.7853298350107671,0.0,0.0,3.29,3.29,6.47,8.35,24.57,37.57,11.58,4.88
5211800,GO,Centro-Oeste,1,faixa intermediária,461,0.8290113806724548,0.83972,771.75696,0.9684873949579832,2.663700925389648,0.0,0.53,1.12,4.14,6.29,8.88,28.53,30.19,14.75,5.57
5211909,GO,Centro-Oeste,1,faixa intermediária,1148,0.6395531892776489,0.69923717,755.4973,0.9162011173184358,3.059941888061955,0.0,2.35,3.91,6.18,7.83,15.78,29.69,22.55,9.5,2.2
5212055,GO,Centro-Oeste,1,faixa intermediária,35,1.0,1.0,782.9082,1.0,1.5440680443502757,0.0,0.0,0.0,0.0,0.0,2.86,35.46,41.18,20.5,0.0
5212105,GO,Centro-Oeste,1,faixa intermediária,79,0.5789872407913208,0.6715984,753.5846,0.9186046511627907,1.8976270912904414,0.0,3.95,0.0,7.27,8.79,24.25,22.29,20.86,10.11,2.47
5212204,GO,Centro-Oeste,1,faixa intermediária,183,0.5897942185401917,0.79766804,768.17444,0.9786096256684492,2.2624510897304293,0.0,0.0,0.53,4.46,6.01,12.5,32.16,27.89,14.21,2.24
5212253,GO,Centro-Oeste,1,faixa intermediária,21,0.8095237612724304,0.7619048,767.8338,1.0,1.3222192947339193,0.0,0.0,0.0,4.76,9.52,19.05,19.05,28.57,19.05,0.0
5212303,GO,Centro-Oeste,1,faixa intermediária,89,0.7763059139251709,0.7543534,764.1406,0.9175257731958762,1.9493900066449128,0.0,0.0,2.34,5.15,8.62,14.86,23.29,27.68,15.99,2.06
5212501,GO,Centro-Oeste,1,faixa intermediária,2885,0.6415160298347473,0.6626099,751.1617,0.9565649867374005,3.46014581749175,0.0,2.47,3.58,7.47,8.28,18.27,30.58,21.05,6.7,1.6
5212600,GO,Centro-Oeste,1,faixa intermediária,28,0.9732751250267029,0.71428573,761.77997,1.0,1.4471580313422192,0.0,0.0,3.57,0.0,10.71,21.43,25.0,28.57,10.71,0.0
5212709,GO,Centro-Oeste,1,faixa intermediária,126,0.5043432712554932,0.68237257,750.1078,0.9545454545454546,2.100370545117563,0.0,3.25,3.19,3.15,10.26,17.51,36.67,22.03,3.95,0.0
5212808,GO,Centro-Oeste,1,faixa intermediária,131,0.6960462331771851,0.8777154,776.17114,0.9424460431654677,2.1172712956557644,0.0,0.8,0.0,2.26,3.8,8.33,34.75,28.63,13.27,8.16
5212907,GO,Centro-Oeste,1,faixa intermediária,48,0.9214924573898315,0.8333333,768.86444,1.0,1.6812412373755872,0.0,0.0,0.0,0.0,4.17,16.67,39.58,35.42,2.08,2.08
5213004,GO,Centro-Oeste,1,faixa intermediária,118,0.7846080660820007,0.8378803,771.3451,0.9752066115702479,2.0718820073061255,0.0,0.0,1.76,5.14,4.24,8.51,33.95,20.18,22.04,4.18
5213053,GO,Centro-Oeste,1,faixa intermediária,30,0.6666666269302368,0.8,765.9517,1.0,1.4771212547196624,0.0,0.0,3.33,3.33,3.33,13.33,30.0,43.33,3.33,0.0
5213087,GO,Centro-Oeste,1,faixa intermediária,275,0.7566551566123962,0.8142138,769.6122,0.9482758620689655,2.439332693830263,0.0,1.08,0.73,3.75,7.4,8.93,29.29,31.87,12.62,4.34
5213103,GO,Centro-Oeste,1,faixa intermediária,919,0.8025660514831543,0.84006304,769.8809,0.9663512092534174,2.9633155113861114,0.0,0.78,1.09,3.62,4.01,11.67,32.39,30.04,12.84,3.57
5213400,GO,Centro-Oeste,1,faixa intermediária,13,0.6860741972923279,0.84615386,763.8723,1.0,1.1139433523068367,0.0,0.0,0.0,0.0,15.38,7.69,46.15,30.77,0.0,0.0
5213509,GO,Centro-Oeste,1,faixa intermediária,64,0.7542727589607239,0.81853986,773.7582,0.9014084507042254,1.806179973983887,0.0,0.0,1.5,4.58,10.54,4.67,21.22,32.17,21.98,3.33
5213707,GO,Centro-Oeste,1,faixa intermediária,97,0.665566086769104,0.7502061,759.92004,1.0,1.9867717342662448,0.0,2.1,3.13,5.15,4.12,15.7,31.17,22.96,12.53,3.13
5213756,GO,Centro-Oeste,1,faixa intermediária,150,0.6597938537597656,0.786907,766.42523,0.9933774834437086,2.1760912590556813,0.0,0.69,0.66,3.37,8.64,10.6,31.36,30.69,11.34,2.65
5213772,GO,Centro-Oeste,1,faixa intermediária,35,0.5941978096961975,0.6576115,754.1446,0.8974358974358975,1.5440680443502757,0.0,0.0,2.85,11.41,14.28,5.71,28.59,31.44,2.85,2.87
5213806,GO,Centro-Oeste,1,faixa intermediária,461,0.6241203546524048,0.6587489,752.1744,0.8882466281310212,2.663700925389648,0.0,2.17,3.11,8.33,8.74,18.24,27.94,21.98,7.51,1.98
5213855,GO,Centro-Oeste,1,faixa intermediária,32,1.0,0.96875,781.46436,1.0,1.505149978319906,0.0,0.0,0.0,0.0,0.0,6.25,43.75,28.12,15.62,6.25
5214002,GO,Centro-Oeste,1,faixa intermediária,213,0.5120581984519958,0.6656948,745.2406,0.9260869565217391,2.3283796034387376,0.0,4.19,7.64,9.9,5.61,13.01,30.91,23.55,2.74,2.44
5214051,GO,Centro-Oeste,1,faixa intermediária,101,0.961902379989624,0.9404377,779.6044,0.9351851851851852,2.0043213737826426,0.0,0.0,0.0,0.0,3.92,9.11,29.88,35.79,18.4,2.9
5214408,GO,Centro-Oeste,1,faixa intermediária,94,0.785717785358429,0.839416,771.05493,0.9791666666666666,1.9731278535996986,0.0,0.0,4.33,5.37,1.04,6.36,28.67,38.32,10.58,5.32
5214507,GO,Centro-Oeste,1,faixa intermediária,377,0.6790818572044373,0.71173596,753.301,0.8976190476190476,2.576341350205793,0.0,2.12,6.61,6.69,4.92,14.22,30.57,24.26,9.3,1.31
5214606,GO,Centro-Oeste,1,faixa intermediária,327,0.7285435199737549,0.80221206,764.7839,0.9646017699115044,2.514547752660286,0.0,0.29,1.89,3.88,5.79,15.41,32.46,26.14,12.02,2.12
5214804,GO,Centro-Oeste,1,faixa intermediária,19,0.1428571343421936,0.84210527,773.25995,1.0,1.2787536009528289,0.0,0.0,0.0,5.26,0.0,15.79,31.58,26.32,21.05,0.0
5214838,GO,Centro-Oeste,1,faixa intermediária,143,0.6403008699417114,0.71865594,764.33966,0.9794520547945206,2.155336037465062,0.0,0.0,0.0,3.51,11.9,16.88,33.48,16.63,10.63,6.97
5214861,GO,Centro-Oeste,1,faixa intermediária,49,0.8183824419975281,0.87687683,780.0949,0.98,1.6901960800285136,0.0,0.0,0.0,2.11,8.21,2.0,24.53,42.84,12.11,8.21
5214879,GO,Centro-Oeste,1,faixa intermediária,40,0.9268381595611572,0.95126706,783.8417,0.975609756097561,1.6020599913279623,0.0,0.0,0.0,0.0,2.44,4.88,27.13,40.85,24.7,0.0
5214903,GO,Centro-Oeste,1,faixa intermediária,21,0.6128697395324707,0.71428573,750.03955,0.9130434782608695,1.3222192947339193,0.0,0.0,4.76,14.29,0.0,23.81,28.57,23.81,4.76,0.0
5215009,GO,Centro-Oeste,1,faixa intermediária,118,0.8642820119857788,0.7621748,762.2445,0.9833333333333333,2.0718820073061255,0.0,0.0,0.0,7.6,11.11,10.94,35.69,20.17,10.24,4.24
5215256,GO,Centro-Oeste,1,faixa intermediária,57,0.8474041223526001,0.9453399,781.94965,1.0,1.7558748556724915,0.0,0.0,0.0,0.0,1.85,7.12,31.87,35.77,19.79,3.61
5215306,GO,Centro-Oeste,1,faixa intermediária,164,0.8647083640098572,0.7775482,762.1008,0.9162011173184358,2.214843848047698,0.0,0.6,4.51,4.43,7.0,10.91,32.72,25.86,10.41,3.56
5215405,GO,Centro-Oeste,1,faixa intermediária,59,0.9586962461471558,0.9661017,787.35895,1.0,1.7708520116421442,0.0,0.0,0.0,0.0,1.69,3.39,28.81,40.68,15.25,10.17
5215504,GO,Centro-Oeste,1,faixa intermediária,77,0.6543384790420532,0.9009608,776.1374,0.9506172839506173,1.8864907251724818,0.0,0.0,0.0,1.47,5.67,7.24,38.37,24.47,12.45,10.33
5215603,GO,Centro-Oeste,1,faixa intermediária,363,0.5798828601837158,0.69553685,751.5298,0.9355670103092784,2.5599066250361124,0.0,3.62,4.79,8.09,5.3,15.52,31.46,19.98,10.06,1.18
5215652,GO,Centro-Oeste,1,faixa intermediária,43,0.795512855052948,0.74418604,762.71423,1.0,1.6334684555795864,0.0,0.0,0.0,4.65,9.3,13.95,44.19,13.95,11.63,2.33
5215702,GO,Centro-Oeste,1,faixa intermediária,356,0.6796603798866272,0.81012046,769.05817,0.905852417302799,2.5514499979728753,0.0,0.28,1.37,4.51,6.75,10.03,28.7,32.66,10.77,4.93
5215801,GO,Centro-Oeste,1,faixa intermediária,17,0.2857142686843872,0.6470588,763.66644,0.8947368421052632,1.2304489213782739,0.0,0.0,5.88,5.88,0.0,29.41,17.65,23.53,11.76,5.88
5215900,GO,Centro-Oeste,1,faixa intermediária,36,0.891493022441864,0.828195,769.73145,0.9473684210526315,1.5563025007672873,0.0,0.0,2.63,5.96,2.98,8.25,38.95,28.07,2.63,10.53
5216007,GO,Centro-Oeste,1,faixa intermediária,32,0.7533162236213684,0.8418353,767.9069,0.9142857142857143,1.505149978319906,0.0,0.0,0.0,3.05,6.39,15.97,31.06,34.11,9.43,0.0
5216403,GO,Centro-Oeste,1,faixa intermediária,148,0.6219084858894348,0.6786656,752.4487,0.9079754601226994,2.1702617153949575,0.0,2.09,2.11,5.96,9.64,17.01,37.05,19.59,5.15,1.4
5216452,GO,Centro-Oeste,1,faixa intermediária,45,0.7761538028717041,0.7777778,760.5705,1.0,1.6532125137753437,0.0,6.67,0.0,4.44,6.67,8.89,35.56,26.67,8.89,2.22
5216809,GO,Centro-Oeste,1,faixa intermediária,61,0.5927954912185669,0.8543337,769.91895,0.9242424242424242,1.7853298350107671,0.0,0.0,1.59,3.32,8.08,8.19,34.57,24.53,18.13,1.59
5216908,GO,Centro-Oeste,1,faixa intermediária,26,0.9602271914482117,0.80848783,762.0143,0.9285714285714286,1.414973347970818,0.0,0.0,0.0,7.62,0.0,23.03,46.06,7.79,11.6,3.9
5217104,GO,Centro-Oeste,1,faixa intermediária,208,0.6748173832893372,0.71685314,759.41125,0.9541284403669725,2.3180633349627615,0.0,0.96,1.58,7.12,7.27,16.64,32.14,20.7,9.41,4.18
5217203,GO,Centro-Oeste,1,faixa intermediária,119,0.7730943560600281,0.6866407,751.5243,0.9444444444444444,2.0755469613925306,0.0,1.65,2.65,7.38,6.04,22.15,37.25,16.26,6.62,0.0
5217302,GO,Centro-Oeste,1,faixa intermediária,290,0.7290648221969604,0.64070827,751.3556,0.9206349206349206,2.462397997898956,0.0,1.72,2.13,9.36,10.56,17.72,24.93,26.03,6.84,0.7
5217401,GO,Centro-Oeste,1,faixa intermediária,257,0.6714379191398621,0.808824,767.25024,0.8481848184818482,2.4099331233312946,0.0,0.43,3.94,4.77,4.23,11.08,28.62,29.96,10.86,6.1
5217609,GO,Centro-Oeste,1,faixa intermediária,1543,0.6547843813896179,0.75109625,762.4385,0.9146413752222881,3.188365926063148,0.0,0.13,1.23,5.59,8.8,13.82,33.27,24.75,9.41,3.0
5217708,GO,Centro-Oeste,1,faixa intermediária,164,0.729590117931366,0.860154,772.0162,0.9704142011834319,2.214843848047698,0.0,0.0,2.01,2.01,5.06,11.12,31.66,30.63,10.87,6.64
5218052,GO,Centro-Oeste,1,faixa intermediária,73,0.8388056755065918,0.75382185,762.8793,0.9605263157894737,1.863322860120456,0.0,1.43,0.0,2.63,6.85,16.45,34.54,29.77,8.33,0.0
5218102,GO,Centro-Oeste,1,faixa intermediária,67,0.7167718410491943,0.76084155,761.28375,0.9571428571428572,1.8260748027008264,0.0,0.0,0.0,1.5,5.98,19.41,41.79,28.34,1.49,1.49
5218300,GO,Centro-Oeste,1,faixa intermediária,397,0.7615752220153809,0.80944365,764.92944,0.9826732673267327,2.598790506763115,0.0,1.55,3.92,4.02,4.5,11.11,30.92,26.89,13.5,3.58
5218391,GO,Centro-Oeste,1,faixa intermediária,44,0.8161653876304626,0.7724954,760.2171,0.8979591836734694,1.6434526764861874,0.0,0.0,0.0,6.77,4.55,27.42,22.75,29.41,9.1,0.0
5218508,GO,Centro-Oeste,1,faixa intermediária,544,0.6684338450431824,0.8029782,768.2686,0.9645390070921985,2.73559889969818,0.0,1.82,3.1,4.18,3.24,10.1,27.41,31.51,14.92,3.73
5218706,GO,Centro-Oeste,1,faixa intermediária,56,0.7655836343765259,1.0,786.0952,0.9824561403508771,1.7481880270062005,0.0,0.0,0.0,0.0,0.0,3.51,34.21,35.79,21.23,5.26
5218789,GO,Centro-Oeste,1,faixa intermediária,51,0.7926081418991089,0.9607843,775.0567,1.0,1.7075701760979363,0.0,0.0,0.0,0.0,1.96,9.8,43.14,29.41,13.73,1.96
5218904,GO,Centro-Oeste,1,faixa intermediária,206,0.7753475904464722,0.87691826,781.3151,0.9237668161434978,2.3138672203691533,0.0,0.0,0.45,1.89,7.12,5.23,22.48,33.53,19.52,9.79
5219209,GO,Centro-Oeste,1,faixa intermediária,42,0.725875973701477,0.85768116,772.9897,0.9333333333333333,1.6232492903979006,0.0,2.35,2.39,2.35,4.74,4.82,21.52,28.45,33.39,0.0
5219258,GO,Centro-Oeste,1,faixa intermediária,67,0.7688612341880798,0.927906,769.69867,0.9054054054054054,1.8260748027008264,0.0,0.0,0.0,0.0,2.84,10.25,40.61,43.27,3.02,0.0
5219357,GO,Centro-Oeste,1,faixa intermediária,36,0.7948717474937439,0.7796527,763.71466,0.8780487804878049,1.5563025007672873,0.0,2.64,2.88,2.64,11.22,8.27,25.67,29.99,13.86,2.81
5219407,GO,Centro-Oeste,1,faixa intermediária,78,0.7875217795372009,0.8333334,762.0701,0.975,1.8920946026904804,0.0,1.31,2.62,7.68,2.5,5.12,39.76,32.14,7.62,1.25
5219456,GO,Centro-Oeste,1,faixa intermediária,23,0.8773593902587891,0.9583333,778.6543,0.9583333333333334,1.3617278360175928,0.0,0.0,0.0,0.0,0.0,8.33,56.67,8.75,22.08,4.17
5219506,GO,Centro-Oeste,1,faixa intermediária,37,0.8021588921546936,1.0,787.37787,1.0,1.568201724066995,0.0,0.0,0.0,0.0,0.0,2.7,54.05,16.22,16.22,10.81
5219605,GO,Centro-Oeste,1,faixa intermediária,36,0.9621445536613464,0.9166667,784.1428,1.0,1.5563025007672873,0.0,0.0,0.0,0.0,5.56,2.78,22.22,44.44,16.67,8.33
5219738,GO,Centro-Oeste,1,faixa intermediária,101,0.919891893863678,0.82896465,776.45074,0.8859649122807017,2.0043213737826426,0.0,0.0,0.0,1.97,9.88,8.13,24.49,32.64,12.99,9.9
5219803,GO,Centro-Oeste,1,faixa intermediária,95,0.45686259865760803,0.65935075,747.9333,0.9693877551020408,1.9777236052888478,0.0,1.02,5.41,7.53,10.53,21.5,32.11,16.8,3.06,2.04
5219902,GO,Centro-Oeste,1,faixa intermediária,107,0.5894210934638977,0.7558946,756.9658,0.9907407407407407,2.0293837776852097,0.0,0.93,2.78,8.51,7.41,15.21,27.73,28.88,6.66,1.9
5220009,GO,Centro-Oeste,1,faixa intermediária,178,0.8184284567832947,0.895298,775.02026,0.9726775956284153,2.250420002308894,0.0,0.61,0.0,0.61,5.72,8.06,31.64,34.52,16.67,2.19
5220058,GO,Centro-Oeste,1,faixa intermediária,24,0.875,0.87500006,772.205,0.96,1.380211241711606,0.0,0.0,0.0,0.0,4.17,8.33,45.83,25.0,16.67,0.0
5220108,GO,Centro-Oeste,1,faixa intermediária,323,0.6606073379516602,0.7627457,761.30896,0.9335260115606936,2.509202522331103,0.0,2.12,3.04,7.0,5.36,13.04,27.23,27.5,9.06,5.65
5220157,GO,Centro-Oeste,1,faixa intermediária,64,0.7538688778877258,0.8575757,774.93994,0.9696969696969697,1.806179973983887,0.0,0.0,1.52,1.52,6.67,7.58,35.15,25.15,14.55,7.88
5220264,GO,Centro-Oeste,1,faixa intermediária,43,0.8194783926010132,0.6708286,755.14355,0.9772727272727273,1.6334684555795864,0.0,2.38,2.38,13.96,4.65,11.9,30.09,20.78,6.93,6.93
5220280,GO,Centro-Oeste,1,faixa intermediária,22,0.8916667103767395,0.8636364,771.9314,1.0,1.3424226808222062,0.0,0.0,0.0,0.0,9.09,13.64,36.36,22.73,18.18,0.0
5220405,GO,Centro-Oeste,1,faixa intermediária,217,0.7278077602386475,0.8229603,767.8315,0.9079497907949791,2.3364597338485296,0.0,1.01,1.92,6.4,2.74,11.67,29.26,28.53,13.83,4.64
5220504,GO,Centro-Oeste,1,faixa intermediária,90,0.5447235107421875,0.6665202,757.20245,0.989010989010989,1.954242509439325,0.0,0.0,2.2,6.68,10.06,22.32,25.4,22.23,10.02,1.1
5220603,GO,Centro-Oeste,1,faixa intermediária,200,0.8601523637771606,0.9119754,778.3882,0.9615384615384616,2.3010299956639813,0.0,0.5,0.0,2.4,2.44,7.41,30.03,35.16,18.39,3.66
5220686,GO,Centro-Oeste,1,faixa intermediária,64,0.8630558848381042,0.7781886,761.80066,0.9846153846153847,1.806179973983887,0.0,0.0,3.21,11.04,3.21,4.75,29.7,38.8,6.22,3.08
5220702,GO,Centro-Oeste,1,faixa intermediária,34,0.5762408375740051,0.7941176,765.8309,1.0,1.5314789170422551,0.0,0.0,0.0,5.88,2.94,20.59,23.53,38.24,8.82,0.0
5221007,GO,Centro-Oeste,1,faixa intermediária,44,0.695906400680542,0.75000006,761.96277,0.88,1.6434526764861874,0.0,0.0,2.08,9.58,2.5,17.08,33.75,20.83,11.67,2.5
5221080,GO,Centro-Oeste,1,faixa intermediária,61,0.5681818723678589,0.6229508,745.05475,1.0,1.7853298350107671,0.0,3.28,1.64,11.48,11.48,22.95,24.59,19.67,1.64,3.28
5221197,GO,Centro-Oeste,1,faixa intermediária,107,0.5783816576004028,0.7141027,756.77277,0.9145299145299145,2.0293837776852097,0.0,1.75,3.07,10.51,8.43,12.52,24.69,24.52,11.91,2.6
5221304,GO,Centro-Oeste,1,faixa intermediária,27,0.7945960164070129,0.84049445,764.4063,0.7941176470588235,1.4313637641589874,0.0,0.0,0.0,3.68,8.6,11.65,31.9,35.58,4.3,4.3
5221403,GO,Centro-Oeste,1,faixa intermediária,1570,0.6641283631324768,0.7721098,765.8527,0.9334126040428062,3.1958996524092336,0.0,1.0,1.66,4.2,7.39,13.31,30.04,25.8,11.98,4.64
5221452,GO,Centro-Oeste,1,faixa intermediária,37,0.9094363451004028,0.94473493,771.75665,0.925,1.568201724066995,0.0,0.0,0.0,0.0,2.76,13.57,39.96,35.55,5.4,2.76
5221502,GO,Centro-Oeste,1,faixa intermediária,57,0.7257575392723083,0.80701756,782.0568,1.0,1.7558748556724915,0.0,0.0,0.0,3.51,10.53,8.77,21.05,24.56,15.79,15.79
5221551,GO,Centro-Oeste,1,faixa intermediária,70,0.6816184520721436,0.86867976,772.8087,0.9859154929577465,1.845098040014257,0.0,0.0,0.0,0.0,8.83,8.71,34.51,32.2,14.28,1.47
5221577,GO,Centro-Oeste,1,faixa intermediária,20,0.38836899399757385,0.6666667,757.2567,1.0,1.3010299956639813,0.0,0.0,0.0,0.0,16.67,22.22,33.33,27.78,0.0,0.0
5221601,GO,Centro-Oeste,1,faixa intermediária,355,0.7040994763374329,0.78044856,761.89307,0.9833795013850416,2.550228353055094,0.14128476,0.56,3.05,5.89,5.08,14.02,31.57,27.2,10.65,1.98
5221809,GO,Centro-Oeste,1,faixa intermediária,34,0.7809523940086365,0.6684665,761.4961,0.918918918918919,1.5314789170422551,0.0,0.0,3.13,3.13,17.5,12.52,18.35,34.14,8.11,3.13
5221858,GO,Centro-Oeste,1,faixa intermediária,2096,0.5665420889854431,0.642255,748.078,0.8843881856540085,3.321391278311689,0.0,2.56,4.57,7.95,9.37,17.86,30.88,20.29,5.95,0.58
5221908,GO,Centro-Oeste,1,faixa intermediária,46,0.9773881435394287,0.84782606,777.21783,1.0,1.662757831681574,0.0,0.0,0.0,0.0,8.7,8.7,23.91,32.61,26.09,0.0
5222005,GO,Centro-Oeste,1,faixa intermediária,156,0.8903791904449463,0.894955,780.4411,0.9512195121951219,2.1931245983544616,0.0,0.0,0.66,1.92,1.34,8.55,25.93,34.48,19.81,7.31
5222054,GO,Centro-Oeste,1,faixa intermediária,95,0.7823536992073059,0.84210527,769.1861,1.0,1.9777236052888478,0.0,0.0,2.11,5.26,6.32,9.47,28.42,30.53,13.68,4.21
5222203,GO,Centro-Oeste,1,faixa intermediária,61,0.8375908732414246,0.78688526,763.2625,1.0,1.7853298350107671,0.0,0.0,0.0,6.56,9.84,14.75,27.87,31.15,6.56,3.28
5222302,GO,Centro-Oeste,1,faixa intermediária,65,0.7365493774414062,0.7945524,764.46246,0.8904109589041096,1.8129133566428555,0.0,3.38,2.94,1.69,4.71,13.77,35.38,19.07,16.13,2.94
1100106,RO,Norte,2,risco alto e cobertura menor,488,0.4425352215766907,0.45653018,731.0252,0.9003690036900369,2.6884198220027105,0.11238859,3.66,5.3,13.53,13.58,28.49,25.53,8.89,0.43,0.6
1100205,RO,Norte,2,risco alto e cobertura menor,5422,0.6447130441665649,0.51675254,734.6931,0.8542618559949583,3.734159513244467,0.045210455,3.52,6.1,13.47,11.33,22.52,29.43,10.5,2.51,0.61
1100338,RO,Norte,2,risco alto e cobertura menor,404,0.6301833391189575,0.45311555,729.2781,0.8725701943844493,2.606381365110605,0.0,3.81,7.17,15.75,10.42,26.82,27.62,6.63,1.01,0.76
1100809,RO,Norte,2,risco alto e cobertura menor,366,0.4894585907459259,0.5162516,733.47736,0.8433179723502304,2.5634810853944106,0.0,4.22,7.29,16.15,10.43,16.7,27.71,13.66,3.56,0.27
1101468,RO,Norte,2,risco alto e cobertura menor,36,0.5476833581924438,0.57654727,739.468,0.8372093023255814,1.5563025007672873,0.0,2.6,2.6,8.47,11.75,30.62,35.82,5.54,0.0,2.6
1101757,RO,Norte,2,risco alto e cobertura menor,115,0.36951854825019836,0.5565479,740.3888,0.9349593495934959,2.060697840353612,0.0,4.28,3.58,10.34,9.43,23.68,32.31,10.4,4.27,1.71
1101807,RO,Norte,2,risco alto e cobertura menor,78,0.5572635531425476,0.44100583,735.4674,0.8863636363636364,1.8920946026904804,0.0,2.37,9.79,6.33,14.38,30.93,21.8,11.78,2.62,0.0
1300029,AM,Norte,2,risco alto e cobertura menor,234,0.4446202516555786,0.60909575,740.4045,0.896551724137931,2.369215857410143,0.3682031,3.28,5.6,4.51,10.86,24.65,40.24,8.13,2.3,0.42
1300144,AM,Norte,2,risco alto e cobertura menor,245,0.6266768574714661,0.6414811,745.82025,0.667574931880109,2.3891660843645326,0.49276587,2.44,4.22,9.55,4.24,27.02,32.91,15.0,2.82,1.79
1300300,AM,Norte,2,risco alto e cobertura menor,277,0.4674065411090851,0.3775492,727.8421,0.3789329685362517,2.4424797690644486,0.23810369,1.81,8.8,18.2,10.23,30.56,20.99,7.88,1.4,0.14
1300409,AM,Norte,2,risco alto e cobertura menor,226,0.5488594174385071,0.45321772,730.7833,0.8248175182481752,2.3541084391474008,0.20075026,3.48,8.02,13.12,11.13,26.06,29.02,7.18,1.24,0.76
1300508,AM,Norte,2,risco alto e cobertura menor,410,0.30360540747642517,0.24995397,711.51154,0.8384458077709611,2.6127838567197355,0.31891736,8.24,16.63,17.89,13.36,24.89,10.6,7.12,1.25,0.0
1300607,AM,Norte,2,risco alto e cobertura menor,780,0.49042442440986633,0.38283694,728.8145,0.9386281588447654,2.8920946026904804,0.16597702,1.68,5.81,17.24,14.56,30.01,22.75,6.74,1.07,0.14
1300680,AM,Norte,2,risco alto e cobertura menor,178,0.4065926671028137,0.37928998,727.829,0.8768472906403941,2.250420002308894,0.16766645,3.34,4.23,18.67,17.27,29.52,18.51,6.44,2.02,0.0
1300706,AM,Norte,2,risco alto e cobertura menor,348,0.5534214973449707,0.49613422,736.7694,0.8305489260143198,2.5415792439465807,0.40557432,3.69,5.98,9.32,12.37,28.17,25.58,11.42,2.99,0.5
1300805,AM,Norte,2,risco alto e cobertura menor,331,0.3938165307044983,0.4125356,727.3666,0.8733509234828496,2.519827993775719,0.58870375,3.78,6.51,20.98,10.48,25.46,22.88,7.43,2.16,0.31
1300839,AM,Norte,2,risco alto e cobertura menor,123,0.33930110931396484,0.3181884,716.7681,0.8913043478260869,2.089905111439398,0.42702898,4.72,16.21,22.62,10.72,18.43,17.69,7.94,1.67,0.0
1301001,AM,Norte,2,risco alto e cobertura menor,340,0.5683652758598328,0.6124319,740.9881,0.8133971291866029,2.531478917042255,0.43996936,3.73,7.13,6.22,4.93,30.28,31.86,12.8,2.42,0.64
1301100,AM,Norte,2,risco alto e cobertura menor,174,0.3813290297985077,0.24928631,713.06525,0.3551020408163265,2.2405492482826,0.19106011,5.73,9.59,28.39,12.83,25.1,14.41,3.52,0.22,0.22
1301159,AM,Norte,2,risco alto e cobertura menor,112,0.3636713922023773,0.3297075,721.4046,0.8235294117647058,2.0492180226701815,0.19109216,3.89,8.75,23.78,8.36,31.39,17.99,4.56,1.29,0.0
1301209,AM,Norte,2,risco alto e cobertura menor,932,0.4676923155784607,0.407675,728.3693,0.8944337811900192,2.9694159123539814,0.5353966,1.52,5.53,22.64,13.37,24.25,24.07,6.77,1.44,0.41
1301308,AM,Norte,2,risco alto e cobertura menor,288,0.4948233962059021,0.48372135,733.0155,0.8780487804878049,2.459392487759231,0.3964849,1.71,6.97,17.86,8.23,26.04,26.23,9.99,2.65,0.32
1301407,AM,Norte,2,risco alto e cobertura menor,415,0.2956539988517761,0.41028526,724.4922,0.7919847328244275,2.6180480967120925,0.54592115,6.9,11.42,16.2,8.98,24.88,18.48,11.26,0.67,1.21
1301506,AM,Norte,2,risco alto e cobertura menor,234,0.7286094427108765,0.42376766,728.0874,0.8013698630136986,2.369215857410143,0.36705092,1.04,7.81,22.99,14.01,16.7,26.67,8.8,1.63,0.35
1301605,AM,Norte,2,risco alto e cobertura menor,242,0.3728642761707306,0.4443677,730.6312,0.7267267267267268,2.383815365980431,0.24598338,2.91,6.3,12.45,10.87,36.1,26.32,2.94,1.79,0.31
1301654,AM,Norte,2,risco alto e cobertura menor,158,0.615181028842926,0.5466768,739.46466,0.8020304568527918,2.1986570869544226,0.0,1.41,2.65,13.74,8.84,24.97,39.77,7.48,1.13,0.0
1301704,AM,Norte,2,risco alto e cobertura menor,762,0.5147112607955933,0.57644093,740.83575,0.927007299270073,2.8819549713396007,0.12642391,2.76,6.36,9.88,6.79,27.2,30.64,11.54,3.63,1.19
1301852,AM,Norte,2,risco alto e cobertura menor,885,0.4523301124572754,0.3683709,723.3677,0.818686401480111,2.9469432706978256,0.12786877,4.81,10.15,16.73,11.23,27.49,20.99,6.89,1.53,0.19
1301902,AM,Norte,2,risco alto e cobertura menor,1148,0.5336195826530457,0.49367204,732.3124,0.8810437452033768,3.059941888061955,0.20252505,3.87,7.82,14.62,7.75,26.08,27.37,9.79,2.3,0.41
1302009,AM,Norte,2,risco alto e cobertura menor,113,0.33220183849334717,0.30847067,723.3685,0.653179190751445,2.0530784434834195,0.5550737,1.29,6.55,23.2,11.51,33.15,18.62,3.86,1.82,0.0
1302207,AM,Norte,2,risco alto e cobertura menor,137,0.48068687319755554,0.47436807,731.8845,0.7486338797814208,2.1367205671564067,0.65551126,4.96,6.34,9.22,9.21,36.25,25.24,8.24,0.55,0.0
1302306,AM,Norte,2,risco alto e cobertura menor,360,0.3892453908920288,0.36907765,725.4885,0.8490566037735849,2.5563025007672873,0.2072259,1.87,8.69,15.86,17.29,30.34,20.87,3.75,1.07,0.25
1302504,AM,Norte,2,risco alto e cobertura menor,1280,0.4836697578430176,0.39493838,727.354,0.8465608465608465,3.1072099696478683,0.21642552,4.13,5.78,19.34,13.29,25.72,21.03,7.47,2.66,0.57
1302553,AM,Norte,2,risco alto e cobertura menor,186,0.5033676028251648,0.20552509,712.1645,0.7848101265822784,2.2695129442179165,0.0,4.96,7.86,32.3,13.09,26.6,11.73,3.46,0.0,0.0
1302603,AM,Norte,2,risco alto e cobertura menor,23125,0.5432429909706116,0.5137324,735.57544,0.7576005765954659,4.36408174141107,0.19329076,3.53,6.66,13.84,8.05,25.23,26.93,12.42,2.86,0.49
1302801,AM,Norte,2,risco alto e cobertura menor,184,0.2101859152317047,0.5199237,740.6849,0.8363636363636363,2.2648178230095364,0.44536325,0.95,2.3,10.29,8.99,33.73,35.06,7.12,1.06,0.5
1302900,AM,Norte,2,risco alto e cobertura menor,530,0.5800509452819824,0.51725036,734.31476,0.8128834355828221,2.724275869600789,0.3342691,3.48,7.7,12.98,6.45,28.07,28.61,10.67,1.55,0.51
1303106,AM,Norte,2,risco alto e cobertura menor,304,0.5191031098365784,0.37331188,728.03986,0.8021108179419525,2.482873583608754,0.29782128,0.0,5.05,24.72,9.33,35.07,18.24,6.23,1.06,0.31
1303205,AM,Norte,2,risco alto e cobertura menor,247,0.7562326192855835,0.5924232,740.8217,0.8372881355932204,2.392696953259666,0.17600214,0.84,2.37,14.19,12.47,22.34,35.46,8.66,2.79,0.88
1303304,AM,Norte,2,risco alto e cobertura menor,252,0.7817444205284119,0.53129727,738.7357,0.865979381443299,2.401400540781544,0.45004812,1.56,4.37,10.28,9.17,33.04,30.45,9.29,1.16,0.69
1303502,AM,Norte,2,risco alto e cobertura menor,207,0.3894900381565094,0.48417372,732.94257,0.8846153846153846,2.315970345456918,0.0,0.94,7.79,12.29,11.74,33.01,23.7,9.2,1.33,0.0
1303536,AM,Norte,2,risco alto e cobertura menor,450,0.33916473388671875,0.33695203,717.3363,0.7165605095541401,2.6532125137753435,0.0,8.14,13.6,16.33,6.93,27.35,19.49,6.14,2.02,0.0
1303569,AM,Norte,2,risco alto e cobertura menor,356,0.35384899377822876,0.46740142,733.8672,0.8072562358276644,2.5514499979728753,0.0,1.57,5.6,15.5,10.53,29.49,27.4,7.92,1.63,0.36
1303601,AM,Norte,2,risco alto e cobertura menor,136,0.30611079931259155,0.36989605,723.8305,0.6834170854271356,2.1335389083702174,0.57289946,2.04,3.85,23.51,15.53,34.49,15.12,5.46,0.0,0.0
1303700,AM,Norte,2,risco alto e cobertura menor,555,0.6177499890327454,0.40840945,730.5949,0.9188741721854304,2.7442929831226763,0.11421102,1.28,3.9,16.09,17.88,30.02,21.92,7.54,1.02,0.34
1303809,AM,Norte,2,risco alto e cobertura menor,689,0.463891863822937,0.41243413,724.43085,0.9211229946524064,2.8382192219076257,0.50528234,6.67,8.69,14.61,9.05,30.13,24.31,5.51,0.73,0.28
1303908,AM,Norte,2,risco alto e cobertura menor,777,0.37476497888565063,0.36715993,725.08466,0.9418181818181818,2.890421018800914,0.17817453,1.48,7.08,24.2,9.89,30.6,20.05,4.4,2.04,0.26
1303957,AM,Norte,2,risco alto e cobertura menor,122,0.5163916349411011,0.44129676,734.77576,0.9242424242424242,2.0863598306747484,0.33366156,0.0,1.73,20.2,11.67,33.6,23.77,8.2,0.83,0.0
1304005,AM,Norte,2,risco alto e cobertura menor,181,0.5712055563926697,0.416875,731.21716,0.8701923076923077,2.2576785748691846,0.07211538,1.69,6.69,17.08,12.53,25.77,25.37,7.81,2.57,0.48
1304062,AM,Norte,2,risco alto e cobertura menor,1156,0.4372413158416748,0.4036822,727.5148,0.885823754789272,3.0629578340845103,0.18771692,2.37,6.84,19.47,13.1,27.54,22.56,6.11,1.85,0.17
1304104,AM,Norte,2,risco alto e cobertura menor,255,0.49471306800842285,0.50529176,736.4299,0.901060070671378,2.406540180433955,0.27545333,3.36,4.36,16.1,8.9,25.04,26.83,10.87,4.19,0.35
1304203,AM,Norte,2,risco alto e cobertura menor,1206,0.4823334217071533,0.43783924,731.35266,0.9020194465220643,3.0813473078041325,0.34114394,3.1,5.48,17.79,11.23,27.49,23.21,8.71,1.93,1.06
1304237,AM,Norte,2,risco alto e cobertura menor,296,0.46249252557754517,0.30027834,718.4614,0.9367088607594937,2.4712917110589387,0.0,4.78,9.83,20.14,11.47,32.27,16.99,3.49,1.03,0.0
1304260,AM,Norte,2,risco alto e cobertura menor,199,0.23189914226531982,0.18067864,709.8306,0.8614718614718615,2.298853076409707,0.25571644,6.3,12.54,26.25,12.34,29.27,11.87,0.96,0.48,0.0
1304401,AM,Norte,2,risco alto e cobertura menor,257,0.4536937177181244,0.43440396,731.5458,0.8954703832752613,2.4099331233312946,0.18821849,1.23,4.71,15.93,5.93,44.41,23.13,4.68,0.0,0.0
1500107,PA,Norte,2,risco alto e cobertura menor,1270,0.39692747592926025,0.35851684,722.1272,0.8552188552188552,3.103803720955957,0.0,6.43,11.32,15.67,10.99,26.25,19.62,8.22,1.35,0.14
1500131,PA,Norte,2,risco alto e cobertura menor,93,0.5980940461158752,0.5487267,735.7853,0.8378378378378378,1.968482948553935,0.0,0.0,10.69,14.75,5.7,28.93,24.93,11.76,3.24,0.0
1500206,PA,Norte,2,risco alto e cobertura menor,517,0.38945361971855164,0.41744792,729.65607,0.8475409836065574,2.7134905430939424,0.0,2.78,7.77,14.88,8.92,33.98,23.58,6.34,1.55,0.19
1500305,PA,Norte,2,risco alto e cobertura menor,615,0.30815961956977844,0.38164347,725.3942,0.8798283261802575,2.788875115775417,0.0,3.35,10.54,15.86,13.14,27.11,21.36,7.44,1.05,0.14
1500347,PA,Norte,2,risco alto e cobertura menor,185,0.27830880880355835,0.51379776,735.8072,0.8043478260869565,2.2671717284030137,0.0,3.97,7.68,10.33,6.42,27.44,31.86,7.11,5.18,0.0
1500404,PA,Norte,2,risco alto e cobertura menor,745,0.3638472557067871,0.3500073,720.5594,0.8361391694725028,2.8721562727482928,0.02468554,5.95,11.76,19.48,7.74,26.64,19.73,7.71,0.73,0.26
1500503,PA,Norte,2,risco alto e cobertura menor,355,0.306554913520813,0.38927528,726.5661,0.8236658932714617,2.550228353055094,0.0,2.25,9.77,19.39,8.74,29.28,21.07,8.06,1.43,0.0
1500602,PA,Norte,2,risco alto e cobertura menor,1559,0.4666573703289032,0.4534756,730.627,0.8003080082135524,3.192846115188842,0.0,3.69,7.06,15.42,9.39,28.95,24.9,8.27,2.06,0.25
1500701,PA,Norte,2,risco alto e cobertura menor,339,0.26789039373397827,0.33846715,719.682,0.8268292682926829,2.530199698203082,0.0,3.23,12.81,23.79,11.55,20.93,17.35,8.4,1.3,0.63
1500800,PA,Norte,2,risco alto e cobertura menor,4114,0.5820274353027344,0.533743,737.0343,0.839420526423179,3.614264287358705,0.25658214,3.32,6.5,12.0,6.94,27.17,29.01,12.02,2.85,0.19
1500859,PA,Norte,2,risco alto e cobertura menor,318,0.4877350926399231,0.48430505,732.6352,0.7737226277372263,2.5024271199844326,0.0,4.58,4.85,14.92,8.87,26.3,29.66,8.64,1.88,0.3
1500909,PA,Norte,2,risco alto e cobertura menor,512,0.38584572076797485,0.44002673,729.69476,0.8338762214983714,2.709269960975831,0.0,3.51,7.93,15.57,8.16,31.03,23.22,10.02,0.36,0.2
1500958,PA,Norte,2,risco alto e cobertura menor,216,0.33955857157707214,0.55547786,739.056,0.8888888888888888,2.3344537511509307,0.0,1.43,4.0,15.61,4.86,25.93,36.77,9.01,2.4,0.0
1501105,PA,Norte,2,risco alto e cobertura menor,276,0.4670446217060089,0.53327304,739.0367,0.9261744966442953,2.4409090820652177,0.0,1.13,2.54,18.04,7.77,27.47,28.29,12.62,1.46,0.67
1501204,PA,Norte,2,risco alto e cobertura menor,261,0.2753702998161316,0.38148648,726.75433,0.8613861386138614,2.416640507338281,0.0,1.54,6.72,22.57,14.49,25.5,21.19,6.85,1.15,0.0
1501253,PA,Norte,2,risco alto e cobertura menor,53,0.6111111044883728,0.47373754,731.72644,0.8983050847457628,1.724275869600789,0.0,3.83,11.2,7.57,9.14,35.97,24.73,3.71,3.85,0.0
1501303,PA,Norte,2,risco alto e cobertura menor,1438,0.4654656648635864,0.395008,724.3942,0.8636636636636636,3.1577588860468637,0.0,4.75,10.93,16.58,9.92,26.56,21.5,7.76,1.92,0.07
1501402,PA,Norte,2,risco alto e cobertura menor,8616,0.5293328762054443,0.5160004,735.60944,0.8219021272536488,3.9353056902899253,0.48481587,3.78,7.7,11.61,7.08,27.49,26.41,12.96,2.66,0.31
1501451,PA,Norte,2,risco alto e cobertura menor,197,0.6059281229972839,0.5760493,743.0886,0.8755555555555555,2.294466226161593,0.0,1.91,5.52,8.28,3.17,35.67,28.38,13.58,2.51,0.99
1501576,PA,Norte,2,risco alto e cobertura menor,178,0.5810691714286804,0.5185365,735.9406,0.8640776699029126,2.250420002308894,0.0,5.77,5.06,7.65,4.64,35.16,33.14,5.9,2.69,0.0
1501600,PA,Norte,2,risco alto e cobertura menor,86,0.3705170750617981,0.32180256,724.9668,0.8037383177570093,1.9344984512435677,0.0,3.34,7.06,23.17,10.44,31.61,14.35,7.81,2.23,0.0
1501709,PA,Norte,2,risco alto e cobertura menor,1230,0.42710641026496887,0.37008616,724.7229,0.8401639344262295,3.089905111439398,0.0,3.09,9.08,20.9,10.01,27.92,19.86,7.97,0.99,0.18
1501782,PA,Norte,2,risco alto e cobertura menor,503,0.3124035596847534,0.50543284,736.9596,0.8672413793103448,2.7015679850559273,0.0,2.16,5.78,12.84,9.35,28.32,27.27,11.94,1.73,0.6
1501808,PA,Norte,2,risco alto e cobertura menor,990,0.43982866406440735,0.5557926,739.185,0.8483290488431876,2.99563519459755,0.0,2.47,6.81,11.15,7.3,25.75,29.35,13.35,2.99,0.83
1501907,PA,Norte,2,risco alto e cobertura menor,229,0.5134647488594055,0.5162982,737.0959,0.8910505836575876,2.359835482339888,0.0,3.86,7.51,9.06,6.1,29.23,27.77,13.03,3.43,0.0
1501956,PA,Norte,2,risco alto e cobertura menor,141,0.47783300280570984,0.5203248,732.37805,0.7580645161290323,2.1492191126553797,0.0,1.33,6.75,22.23,9.18,21.65,27.12,8.81,2.92,0.0
1502004,PA,Norte,2,risco alto e cobertura menor,207,0.5705563426017761,0.35333103,723.83405,0.8922413793103449,2.315970345456918,0.08198484,0.43,5.41,33.36,10.03,22.62,21.79,5.9,0.45,0.0
1502103,PA,Norte,2,risco alto e cobertura menor,1141,0.4038675129413605,0.39092675,722.9729,0.8426883308714919,3.0572856444182146,0.0,6.86,10.44,14.21,9.52,28.48,21.51,7.46,1.36,0.17
1502202,PA,Norte,2,risco alto e cobertura menor,652,0.6124565601348877,0.59242517,743.0348,0.844559585492228,2.81424759573192,0.041500974,1.47,3.49,12.27,5.77,26.86,34.05,13.73,2.2,0.17
1502301,PA,Norte,2,risco alto e cobertura menor,465,0.5098267197608948,0.4897928,734.81866,0.8823529411764706,2.667452952889954,0.0,4.07,5.94,13.3,7.27,27.97,27.85,10.67,2.93,0.0
1502400,PA,Norte,2,risco alto e cobertura menor,1890,0.38095927238464355,0.3297861,717.813,0.7717435688035933,3.2764618041732443,0.0,8.2,10.96,17.07,10.96,28.55,17.0,6.02,1.08,0.15
1502608,PA,Norte,2,risco alto e cobertura menor,97,0.5428784489631653,0.37212464,723.2236,0.941747572815534,1.9867717342662448,0.0,5.02,10.16,15.59,12.36,32.06,17.45,6.26,1.1,0.0
1502707,PA,Norte,2,risco alto e cobertura menor,506,0.38744860887527466,0.5076994,733.78467,0.864957264957265,2.7041505168397992,0.03424611,3.27,8.35,12.15,6.9,27.32,30.84,10.0,0.97,0.2
1502756,PA,Norte,2,risco alto e cobertura menor,250,0.4061409831047058,0.5423229,739.17004,0.819672131147541,2.3979400086720375,0.0,2.15,4.06,16.7,5.08,27.52,29.13,12.13,2.04,1.18
1502764,PA,Norte,2,risco alto e cobertura menor,155,0.5004985332489014,0.45190698,737.1863,0.8378378378378378,2.1903316981702914,0.0,1.98,4.04,13.53,9.68,31.17,21.83,15.65,2.14,0.0
1502806,PA,Norte,2,risco alto e cobertura menor,510,0.25046131014823914,0.2402809,708.9964,0.7412790697674418,2.7075701760979363,0.0,8.1,18.29,19.92,12.69,22.75,13.07,4.24,0.78,0.16
1502855,PA,Norte,2,risco alto e cobertura menor,172,0.3756914734840393,0.42465112,720.6962,0.8958333333333334,2.2355284469075487,0.0,7.42,16.79,14.12,4.83,24.91,21.85,8.2,1.88,0.0
1502905,PA,Norte,2,risco alto e cobertura menor,315,0.30774369835853577,0.33489892,719.9956,0.8311345646437994,2.4983105537896004,0.0,7.73,12.34,16.01,8.6,28.91,15.49,9.4,1.52,0.0
1502954,PA,Norte,2,risco alto e cobertura menor,292,0.5288414359092712,0.5058604,731.67865,0.8538011695906432,2.4653828514484184,0.0,5.38,9.66,10.39,7.61,26.72,26.46,12.23,1.56,0.0
1503002,PA,Norte,2,risco alto e cobertura menor,148,0.5106533765792847,0.5178087,740.5146,0.8043478260869565,2.1702617153949575,0.0,2.08,6.59,6.37,8.13,31.05,31.53,13.7,0.54,0.0
1503077,PA,Norte,2,risco alto e cobertura menor,340,0.3788675367832184,0.32888025,714.1755,0.845771144278607,2.531478917042255,0.0,10.89,12.57,16.64,8.8,26.4,17.93,5.89,0.31,0.56
1503093,PA,Norte,2,risco alto e cobertura menor,300,0.46017247438430786,0.42283425,728.75476,0.8522727272727273,2.4771212547196626,0.0,5.01,9.87,9.83,9.78,32.53,23.58,8.05,1.35,0.0
1503101,PA,Norte,2,risco alto e cobertura menor,473,0.25703227519989014,0.38231063,725.1871,0.6805755395683454,2.6748611407378116,0.0,3.67,8.52,21.7,8.74,27.66,18.8,9.29,1.62,0.0
1503200,PA,Norte,2,risco alto e cobertura menor,303,0.3726562559604645,0.4560243,731.3083,0.8211382113821138,2.481442628502305,0.17088714,1.96,8.34,15.96,10.63,26.62,23.04,11.99,1.05,0.4
1503309,PA,Norte,2,risco alto e cobertura menor,630,0.3639683723449707,0.41331398,724.18317,0.8322324966974901,2.7993405494535817,0.0,7.44,10.52,12.38,9.51,26.95,22.67,9.23,1.13,0.17
1503408,PA,Norte,2,risco alto e cobertura menor,98,0.2181178778409958,0.4541327,724.2721,0.8235294117647058,1.9912260756924949,0.0,8.28,14.07,8.85,5.91,22.38,32.09,5.98,2.44,0.0
1503457,PA,Norte,2,risco alto e cobertura menor,328,0.3967248201370239,0.42963547,724.4615,0.780952380952381,2.515873843711679,0.0,6.92,13.04,9.06,7.69,30.37,25.19,5.62,1.81,0.31
1503507,PA,Norte,2,risco alto e cobertura menor,198,0.45309484004974365,0.49628073,735.2622,0.8319327731092437,2.296665190261531,0.0,4.33,4.91,12.0,8.57,32.18,24.35,11.27,1.44,0.95
1503606,PA,Norte,2,risco alto e cobertura menor,1827,0.609961748123169,0.5922088,742.00397,0.8346276838739151,3.2617385473525378,0.0,3.0,5.23,10.15,6.71,25.24,31.12,15.39,2.54,0.61
1503705,PA,Norte,2,risco alto e cobertura menor,486,0.42671751976013184,0.44168586,732.6082,0.8663101604278075,2.6866362692622934,0.0,3.98,5.21,13.07,9.37,32.55,24.82,7.99,2.42,0.61
1503754,PA,Norte,2,risco alto e cobertura menor,187,0.36034443974494934,0.24958727,716.095,0.8130434782608695,2.271841606536499,0.0,1.98,8.05,35.14,11.92,23.52,12.84,5.15,1.4,0.0
1503804,PA,Norte,2,risco alto e cobertura menor,464,0.40461233258247375,0.37865895,725.6306,0.8436363636363636,2.6665179805548807,0.0,3.08,10.21,16.12,10.89,29.89,20.73,8.42,0.65,0.0
1503903,PA,Norte,2,risco alto e cobertura menor,782,0.4824574291706085,0.5025965,738.5818,0.8660022148394242,2.893206753059848,0.024359727,1.88,5.8,10.05,10.76,31.12,25.66,11.98,2.38,0.37
1504000,PA,Norte,2,risco alto e cobertura menor,256,0.47650593519210815,0.47822067,732.01843,0.8448844884488449,2.4082399653118496,0.0,4.75,9.01,15.02,8.3,21.72,24.76,12.14,3.54,0.76
1504059,PA,Norte,2,risco alto e cobertura menor,367,0.4552721381187439,0.46968305,734.8549,0.8886198547215496,2.5646660642520893,0.0,2.15,7.92,11.43,7.98,33.61,25.08,9.09,2.19,0.56
1504208,PA,Norte,2,risco alto e cobertura menor,2997,0.513912558555603,0.5066943,735.57874,0.7911826821541711,3.476686742945645,0.0,3.05,7.73,10.62,6.95,30.61,27.68,11.04,1.92,0.4
1504307,PA,Norte,2,risco alto e cobertura menor,197,0.6805351972579956,0.47514233,728.57544,0.8834080717488789,2.294466226161593,0.0,3.43,11.85,11.39,7.49,29.68,26.87,8.73,0.55,0.0
1504406,PA,Norte,2,risco alto e cobertura menor,189,0.2876119911670685,0.45420372,729.7538,0.8669724770642202,2.2764618041732443,0.0,5.47,8.35,11.28,6.76,33.61,22.07,10.41,2.06,0.0
1504422,PA,Norte,2,risco alto e cobertura menor,1472,0.5732218027114868,0.48977008,732.4977,0.7829787234042553,3.16790781000148,0.0,4.39,8.42,13.34,7.78,25.63,25.29,12.5,2.53,0.13
1504455,PA,Norte,2,risco alto e cobertura menor,292,0.49024760723114014,0.48428077,731.9368,0.7468030690537084,2.4653828514484184,0.0,4.49,11.0,11.66,9.16,20.88,28.94,10.47,3.41,0.0
1504505,PA,Norte,2,risco alto e cobertura menor,354,0.3790346384048462,0.28635383,714.22217,0.7268993839835729,2.5490032620257876,0.0,6.82,7.86,30.6,11.56,22.88,13.59,5.5,1.19,0.0
1504604,PA,Norte,2,risco alto e cobertura menor,294,0.3194483518600464,0.3730642,723.4032,0.7716535433070866,2.4683473304121573,0.0,5.4,10.3,15.13,11.02,29.87,19.03,7.66,1.21,0.37
1504703,PA,Norte,2,risco alto e cobertura menor,769,0.3208372890949249,0.34288317,717.41693,0.8441273326015367,2.885926339801431,0.0,6.89,13.94,17.39,12.12,22.65,18.32,8.06,0.63,0.0
1504752,PA,Norte,2,risco alto e cobertura menor,178,0.5521330833435059,0.4375207,730.918,0.8436018957345972,2.250420002308894,0.0,5.74,7.28,14.31,8.5,27.08,23.55,8.48,4.56,0.5
1504802,PA,Norte,2,risco alto e cobertura menor,732,0.5393722653388977,0.4668877,733.0415,0.8894289185905225,2.864511081058392,0.0,2.57,7.08,16.42,7.42,28.26,24.29,10.63,3.07,0.26
1504901,PA,Norte,2,risco alto e cobertura menor,592,0.3617420494556427,0.33642453,722.4359,0.9178294573643411,2.77232170672292,0.0,4.26,9.27,19.15,11.49,30.03,18.84,5.56,1.22,0.19
1504950,PA,Norte,2,risco alto e cobertura menor,218,0.35633188486099243,0.50017995,731.7545,0.872,2.3384564936046046,0.0,5.33,8.99,13.15,7.92,21.16,30.29,10.99,2.18,0.0
1504976,PA,Norte,2,risco alto e cobertura menor,182,0.4435296058654785,0.52528137,741.0825,0.8125,2.2600713879850747,0.0,1.56,5.09,7.23,2.69,42.47,28.17,9.68,2.06,1.05
1505007,PA,Norte,2,risco alto e cobertura menor,120,0.5034672021865845,0.51663536,730.0545,0.8053691275167785,2.0791812460476247,0.0,9.78,6.73,8.16,3.16,29.26,32.43,8.64,1.84,0.0
1505031,PA,Norte,2,risco alto e cobertura menor,466,0.6141523122787476,0.5679277,740.7584,0.827708703374778,2.66838591669,0.0,2.76,7.32,8.25,8.23,26.14,28.63,13.63,4.26,0.77
1505064,PA,Norte,2,risco alto e cobertura menor,707,0.5555230379104614,0.47883075,732.7652,0.8052391799544419,2.8494194137968996,0.0,4.7,10.02,9.09,6.75,30.46,24.44,12.55,1.66,0.34
1505106,PA,Norte,2,risco alto e cobertura menor,538,0.4883272647857666,0.53965443,740.609,0.8819672131147541,2.7307822756663893,0.0,2.01,6.45,12.42,6.39,27.9,26.41,12.99,3.91,1.53
1505205,PA,Norte,2,risco alto e cobertura menor,373,0.18506702780723572,0.31008396,715.34503,0.7936170212765957,2.571708831808688,0.0,6.17,17.87,17.14,13.94,17.73,17.48,7.99,1.44,0.24
1505304,PA,Norte,2,risco alto e cobertura menor,734,0.3466053903102875,0.3061227,716.1158,0.8228699551569507,2.8656960599160706,0.0,5.43,13.39,22.55,12.18,22.36,16.18,6.64,1.26,0.0
1505403,PA,Norte,2,risco alto e cobertura menor,147,0.4794827699661255,0.5368795,737.71313,0.8698224852071006,2.167317334748176,0.14787233,3.04,6.14,9.29,6.41,31.31,29.84,12.53,0.62,0.82
1505437,PA,Norte,2,risco alto e cobertura menor,425,0.48679131269454956,0.53125066,736.5671,0.8799171842650103,2.6283889300503116,0.0,5.43,6.29,10.66,6.25,26.83,27.99,13.74,2.34,0.47
1505486,PA,Norte,2,risco alto e cobertura menor,500,0.37307560443878174,0.4549946,731.89716,0.8291873963515755,2.6989700043360187,0.0,4.23,7.32,12.12,9.89,28.68,27.8,8.03,1.51,0.41
1505494,PA,Norte,2,risco alto e cobertura menor,57,0.3379603922367096,0.447207,725.75543,0.9193548387096774,1.7558748556724915,0.0,12.47,1.84,13.71,8.39,25.92,30.37,7.3,0.0,0.0
1505502,PA,Norte,2,risco alto e cobertura menor,1446,0.6243993043899536,0.56715065,741.5169,0.8844036697247707,3.160168292958512,0.0,2.12,5.07,8.83,5.99,31.06,32.83,10.89,2.81,0.4
1505536,PA,Norte,2,risco alto e cobertura menor,2854,0.5443334579467773,0.49482635,734.54535,0.7380398241530902,3.4554539687786283,0.0,4.33,6.8,9.6,8.22,31.64,26.35,11.3,1.44,0.31
1505551,PA,Norte,2,risco alto e cobertura menor,64,0.5064521431922913,0.48919213,733.30023,0.8648648648648649,1.806179973983887,0.0,0.0,3.08,25.0,10.64,18.74,31.48,11.06,0.0,0.0
1505635,PA,Norte,2,risco alto e cobertura menor,153,0.5830628871917725,0.5714884,739.1527,0.9161676646706587,2.184691430817599,0.0,4.35,9.13,6.82,3.81,25.19,33.68,15.03,1.99,0.0
1505650,PA,Norte,2,risco alto e cobertura menor,196,0.425254225730896,0.55735296,741.64484,0.7396226415094339,2.292256071356476,0.0,3.66,9.64,13.18,4.74,18.12,23.89,18.16,3.95,4.65
1505700,PA,Norte,2,risco alto e cobertura menor,296,0.39510807394981384,0.5800038,742.5323,0.9308176100628931,2.4712917110589387,0.17926247,3.69,4.41,9.13,6.27,26.11,34.11,12.57,2.05,1.67
1505809,PA,Norte,2,risco alto e cobertura menor,766,0.4367401897907257,0.4072985,726.42584,0.8046218487394958,2.884228769632604,0.0,5.78,9.61,13.15,9.56,28.88,23.22,7.29,2.14,0.37
1506005,PA,Norte,2,risco alto e cobertura menor,452,0.5743799209594727,0.4328412,730.399,0.8609523809523809,2.655138434811382,0.0,2.52,5.36,23.86,7.32,26.18,22.31,10.15,2.08,0.21
1506104,PA,Norte,2,risco alto e cobertura menor,133,0.48962724208831787,0.49952102,736.22046,0.910958904109589,2.123851640967086,0.0,3.85,6.23,11.03,6.06,31.03,28.5,12.62,0.68,0.0
1506112,PA,Norte,2,risco alto e cobertura menor,143,0.4885736107826233,0.47304362,730.1867,0.910828025477707,2.155336037465062,0.0,4.37,5.86,16.99,5.46,31.12,26.35,9.86,0.0,0.0
1506138,PA,Norte,2,risco alto e cobertura menor,1080,0.5506718158721924,0.5826135,741.04504,0.8744939271255061,3.03342375548695,0.0,1.95,6.68,10.74,5.95,27.27,28.24,16.91,2.0,0.27
1506161,PA,Norte,2,risco alto e cobertura menor,219,0.41793403029441833,0.56307805,739.33105,0.85546875,2.3404441148401185,0.0,2.25,5.95,9.52,6.18,28.99,33.56,10.71,2.41,0.44
1506195,PA,Norte,2,risco alto e cobertura menor,320,0.5793551206588745,0.54753804,740.4922,0.8443271767810027,2.505149978319906,0.0,3.19,5.67,7.97,6.66,31.07,28.52,14.9,1.4,0.61
1506203,PA,Norte,2,risco alto e cobertura menor,525,0.43258363008499146,0.50452536,734.87994,0.8522727272727273,2.720159303405957,0.0,3.04,7.48,12.24,6.99,28.66,28.41,10.99,1.66,0.53
1506302,PA,Norte,2,risco alto e cobertura menor,191,0.519578754901886,0.49484625,731.9346,0.8488888888888889,2.2810333672477277,0.0,5.33,8.33,13.37,6.85,26.86,25.73,10.98,2.06,0.49
1506351,PA,Norte,2,risco alto e cobertura menor,256,0.37613776326179504,0.4635256,728.9206,0.9175627240143369,2.4082399653118496,0.0,7.82,7.41,9.74,8.45,30.89,24.07,10.86,0.37,0.39
1506401,PA,Norte,2,risco alto e cobertura menor,104,0.49818989634513855,0.52332026,742.7727,0.9285714285714286,2.0170333392987803,0.0,1.88,0.0,9.57,12.42,34.46,24.21,15.53,1.94,0.0
1506500,PA,Norte,2,risco alto e cobertura menor,766,0.4081694483757019,0.34181273,722.5046,0.8835063437139562,2.884228769632604,0.0,5.78,13.24,12.65,10.87,29.54,17.79,7.59,2.29,0.25
1506559,PA,Norte,2,risco alto e cobertura menor,158,0.5642386078834534,0.39776865,729.0039,0.728110599078341,2.1986570869544226,0.0,1.95,6.0,22.35,8.06,31.33,20.42,7.29,1.78,0.8
1506583,PA,Norte,2,risco alto e cobertura menor,246,0.5365175604820251,0.4244207,730.9856,0.8172757475083057,2.3909351071033793,0.0,1.93,6.06,15.76,11.35,31.38,26.24,6.8,0.49,0.0
1506609,PA,Norte,2,risco alto e cobertura menor,237,0.40559640526771545,0.39794028,726.4665,0.915057915057915,2.374748346010104,0.0,5.08,10.35,13.08,15.23,20.36,22.16,11.23,2.04,0.46
1506708,PA,Norte,2,risco alto e cobertura menor,561,0.5453224182128906,0.58496505,744.8782,0.8262150220913107,2.7489628612561616,0.0,0.72,2.93,12.96,9.21,23.36,30.43,16.17,3.88,0.35
1506807,PA,Norte,2,risco alto e cobertura menor,4040,0.5493133664131165,0.51285756,736.5491,0.8148446954417103,3.606381365110605,0.0,2.26,6.99,13.16,7.32,29.24,26.4,11.89,2.33,0.42
1507003,PA,Norte,2,risco alto e cobertura menor,331,0.25708603858947754,0.3164032,720.4899,0.8575129533678757,2.519827993775719,0.0,7.4,9.26,14.61,11.06,31.43,19.56,6.69,0.0,0.0
1507151,PA,Norte,2,risco alto e cobertura menor,194,0.4602401554584503,0.40377852,727.4636,0.8220338983050848,2.287801729930226,0.0,4.75,9.63,15.29,7.23,31.54,21.11,7.47,1.89,1.09
1507201,PA,Norte,2,risco alto e cobertura menor,184,0.31207895278930664,0.32958567,721.1862,0.8251121076233184,2.2648178230095364,0.0,4.97,6.23,21.63,10.35,32.25,20.89,3.68,0.0,0.0
1507300,PA,Norte,2,risco alto e cobertura menor,704,0.39596110582351685,0.30947337,717.46466,0.7537473233404711,2.847572659142112,0.0,5.3,11.85,20.77,11.59,26.32,16.99,6.39,0.67,0.11
1507409,PA,Norte,2,risco alto e cobertura menor,103,0.3698490858078003,0.37436917,719.5685,0.7862595419847328,2.012837224705172,0.0,8.24,13.3,14.71,5.94,25.81,25.83,4.45,1.72,0.0
1507458,PA,Norte,2,risco alto e cobertura menor,315,0.4647177755832672,0.52054226,737.4531,0.8677685950413223,2.4983105537896004,0.0,1.7,7.44,9.38,8.51,33.39,26.02,12.35,1.22,0.0
1507466,PA,Norte,2,risco alto e cobertura menor,20,0.3678431212902069,0.43194056,727.8938,0.5128205128205128,1.3010299956639813,0.0,10.23,3.96,7.93,14.19,30.69,29.03,3.96,0.0,0.0
1507474,PA,Norte,2,risco alto e cobertura menor,222,0.2983299195766449,0.40763137,726.63165,0.925,2.346352974450639,0.0,7.12,8.87,12.29,8.54,29.91,23.66,8.72,0.42,0.46
1507508,PA,Norte,2,risco alto e cobertura menor,197,0.3361363112926483,0.353965,722.03265,0.8954545454545455,2.294466226161593,0.0,5.58,11.94,16.16,8.01,30.0,19.48,7.86,0.96,0.0
1507607,PA,Norte,2,risco alto e cobertura menor,676,0.386905699968338,0.49584958,734.0425,0.8556962025316456,2.829946695941636,0.0,5.51,6.76,11.74,7.66,26.07,27.5,10.74,2.72,1.3
1507706,PA,Norte,2,risco alto e cobertura menor,377,0.48031386733055115,0.47420081,732.59717,0.8568181818181818,2.576341350205793,0.0,3.31,4.79,15.12,8.43,31.89,26.47,8.2,1.79,0.0
1507805,PA,Norte,2,risco alto e cobertura menor,327,0.33180320262908936,0.3591205,717.3752,0.8034398034398035,2.514547752660286,0.0,9.04,13.76,12.68,8.59,27.4,22.61,5.92,0.0,0.0
1507904,PA,Norte,2,risco alto e cobertura menor,395,0.6278037428855896,0.52400917,735.6095,0.9404761904761905,2.59659709562646,0.0,1.78,6.46,15.52,7.96,26.89,27.75,11.07,2.31,0.27
1507953,PA,Norte,2,risco alto e cobertura menor,1000,0.3766956031322479,0.37893963,721.84424,0.8264462809917356,3.0,0.0,7.46,11.89,13.71,8.55,28.86,21.46,6.0,1.88,0.19
1507961,PA,Norte,2,risco alto e cobertura menor,72,0.4201633036136627,0.4988561,732.4314,0.8674698795180723,1.8573324964312685,0.0,1.51,19.53,9.27,1.51,21.09,33.25,12.41,0.0,1.43
1508001,PA,Norte,2,risco alto e cobertura menor,1105,0.47992652654647827,0.49489462,733.15204,0.8825878594249201,3.0433622780211294,0.0,3.7,7.34,13.78,5.1,30.02,28.4,10.59,0.9,0.17
1508035,PA,Norte,2,risco alto e cobertura menor,193,0.48534390330314636,0.3715652,727.2714,0.8616071428571429,2.285557309007774,0.0,2.2,2.85,30.0,6.09,28.0,19.82,8.82,1.62,0.6
1508084,PA,Norte,2,risco alto e cobertura menor,467,0.5879899859428406,0.48547888,735.75385,0.820738137082601,2.6693168805661123,0.0,1.9,5.15,13.18,10.58,32.06,23.67,11.25,1.98,0.22
1508100,PA,Norte,2,risco alto e cobertura menor,1132,0.3726643919944763,0.44789964,729.8412,0.8167388167388168,3.0538464268522527,0.0,4.93,6.97,14.39,8.99,28.7,25.55,8.76,1.71,0.0
1508159,PA,Norte,2,risco alto e cobertura menor,397,0.6552643775939941,0.6083398,742.2224,0.8556034482758621,2.598790506763115,0.0,3.38,3.95,11.51,5.13,24.99,31.57,17.56,1.69,0.22
1508209,PA,Norte,2,risco alto e cobertura menor,447,0.2977010905742645,0.3771838,723.0453,0.8370786516853933,2.6503075231319366,0.0,4.98,9.22,19.78,9.26,30.0,17.34,8.37,1.04,0.0
1508308,PA,Norte,2,risco alto e cobertura menor,682,0.342538058757782,0.38200057,724.4252,0.8880208333333334,2.833784374656479,0.0,4.09,10.04,16.97,8.72,31.86,20.28,7.32,0.55,0.15
1508407,PA,Norte,2,risco alto e cobertura menor,599,0.4987320899963379,0.49268878,731.8541,0.8365921787709497,2.7774268223893115,0.0,4.96,7.89,10.35,9.88,27.01,29.13,8.66,1.95,0.17
1600105,AP,Norte,2,risco alto e cobertura menor,112,0.3120260238647461,0.19307959,714.27496,0.8615384615384616,2.0492180226701815,0.08442908,1.98,10.28,22.97,29.57,18.26,11.84,4.29,0.81,0.0
1600154,AP,Norte,2,risco alto e cobertura menor,184,0.6624667644500732,0.4422397,736.2352,0.9292929292929293,2.2648178230095364,0.0,4.1,5.54,10.81,21.21,19.46,15.51,17.51,5.37,0.51
1600204,AP,Norte,2,risco alto e cobertura menor,178,0.3533977270126343,0.40202582,733.4907,0.7982062780269058,2.250420002308894,0.14808175,2.02,6.51,15.03,22.05,18.53,16.31,14.53,3.93,1.1
1600212,AP,Norte,2,risco alto e cobertura menor,82,0.4699893295764923,0.53329456,742.90704,0.9534883720930233,1.9138138523837167,0.0,3.79,8.65,8.75,12.24,16.8,16.9,16.91,14.69,1.27
1600253,AP,Norte,2,risco alto e cobertura menor,105,0.5575225353240967,0.43592867,733.5135,0.9130434782608695,2.0211892990699383,0.0,2.7,10.81,13.61,17.58,17.28,17.34,7.82,10.92,1.93
1600279,AP,Norte,2,risco alto e cobertura menor,539,0.39290857315063477,0.39783627,732.43854,0.9309153713298791,2.7315887651867388,0.0,3.82,9.67,9.8,19.74,22.73,15.51,10.7,6.09,1.95
1600303,AP,Norte,2,risco alto e cobertura menor,6536,0.4172796308994293,0.44847134,737.0929,0.8856368563685637,3.8153120435243593,0.37360305,3.89,7.04,12.23,18.24,18.78,15.76,13.25,7.53,3.28
1600402,AP,Norte,2,risco alto e cobertura menor,347,0.2937966287136078,0.44208097,737.26953,0.8807106598984772,2.5403294747908736,0.0,1.99,6.89,10.36,16.88,24.87,18.54,14.14,5.76,0.55
1600501,AP,Norte,2,risco alto e cobertura menor,384,0.2608667314052582,0.21035062,710.40564,0.75,2.584331224367531,0.0,6.76,14.18,21.43,23.37,16.6,9.72,5.53,1.8,0.62
1600550,AP,Norte,2,risco alto e cobertura menor,48,0.3640877604484558,0.30655313,718.1985,0.8888888888888888,1.6812412373755872,0.0,10.41,16.72,6.23,11.88,30.22,11.62,4.26,8.66,0.0
1600600,AP,Norte,2,risco alto e cobertura menor,1709,0.4345249831676483,0.5313606,748.009,0.9277958740499457,3.232742062720737,0.28281516,1.09,3.95,9.47,16.83,20.46,19.55,15.81,8.95,3.89
1600808,AP,Norte,2,risco alto e cobertura menor,170,0.2869677245616913,0.3540255,723.4174,0.9444444444444444,2.230448921378274,0.0,8.01,10.49,12.3,20.77,18.82,13.28,9.97,5.2,1.16
1700301,TO,Norte,2,risco alto e cobertura menor,77,0.25204727053642273,0.4092004,731.31415,0.8850574712643678,1.8864907251724818,0.0,5.17,5.02,11.28,25.98,15.59,21.01,10.58,4.09,1.28
1700400,TO,Norte,2,risco alto e cobertura menor,126,0.1592148244380951,0.48191395,736.06537,0.9618320610687023,2.100370545117563,0.0,4.72,5.55,10.76,20.6,17.97,22.53,10.74,3.89,3.26
1701002,TO,Norte,2,risco alto e cobertura menor,145,0.3993741273880005,0.46700993,739.9292,0.8682634730538922,2.161368002234975,0.0,3.38,6.86,12.77,11.0,23.44,17.47,14.11,6.67,4.3
1701101,TO,Norte,2,risco alto e cobertura menor,70,0.30069079995155334,0.3578668,730.7111,0.8433734939759037,1.845098040014257,0.0,3.25,1.28,13.77,21.34,31.43,19.17,8.49,0.0,1.26
1701309,TO,Norte,2,risco alto e cobertura menor,55,0.24607142806053162,0.52585983,741.50665,0.7333333333333333,1.7403626894942439,0.0,7.6,3.26,10.36,16.77,16.93,11.55,21.82,10.02,1.69
1701903,TO,Norte,2,risco alto e cobertura menor,84,0.3861934244632721,0.49266398,742.9101,0.84,1.9242792860618816,0.0,2.3,3.52,6.01,18.36,33.5,17.59,8.2,5.92,4.61
1702000,TO,Norte,2,risco alto e cobertura menor,59,0.4449092149734497,0.40549448,725.2688,0.7195121951219512,1.7708520116421442,0.0,4.41,7.64,25.33,13.68,12.39,18.66,13.58,4.32,0.0
1702109,TO,Norte,2,risco alto e cobertura menor,1972,0.3543700873851776,0.50516933,744.0203,0.8725663716814159,3.2949069106051923,0.0,2.09,5.89,11.57,15.93,19.3,16.78,15.66,8.73,4.05
1702158,TO,Norte,2,risco alto e cobertura menor,63,0.3772445023059845,0.3780188,729.53516,0.9130434782608695,1.7993405494535817,0.0,0.0,7.94,17.64,20.73,20.63,17.36,14.12,1.58,0.0
1702208,TO,Norte,2,risco alto e cobertura menor,312,0.3515094816684723,0.5048523,746.0774,0.8455284552845529,2.494154594018443,0.0,1.52,3.66,8.96,16.67,23.64,17.51,17.37,8.49,2.18
1702406,TO,Norte,2,risco alto e cobertura menor,85,0.3428989350795746,0.6120363,748.4027,0.8947368421052632,1.9294189257142926,0.0,0.0,3.54,4.79,17.34,26.02,25.96,13.0,7.08,2.27
1702703,TO,Norte,2,risco alto e cobertura menor,29,0.5291547775268555,0.41932002,738.861,0.7837837837837838,1.462397997898956,0.0,0.0,0.0,13.98,24.01,23.1,28.87,0.0,6.99,3.04
1702901,TO,Norte,2,risco alto e cobertura menor,97,0.3033773899078369,0.40187752,736.8313,0.8660714285714286,1.9867717342662448,0.0,2.25,3.38,5.15,30.97,23.12,15.37,16.55,3.21,0.0
1703008,TO,Norte,2,risco alto e cobertura menor,68,0.20485042035579681,0.19195084,704.1751,0.8192771084337349,1.8325089127062364,0.0,11.47,16.33,25.93,14.23,17.04,9.31,2.84,0.0,2.84
1703057,TO,Norte,2,risco alto e cobertura menor,45,0.35625097155570984,0.36956522,726.2098,0.9782608695652174,1.6532125137753437,0.0,2.72,7.07,20.65,17.39,21.74,19.57,8.7,2.17,0.0
1703073,TO,Norte,2,risco alto e cobertura menor,72,0.11924412846565247,0.1825,712.3462,0.9473684210526315,1.8573324964312685,0.0,3.95,15.05,18.5,22.04,27.55,7.24,3.04,2.63,0.0
1703107,TO,Norte,2,risco alto e cobertura menor,68,0.5945253968238831,0.4969165,740.7966,0.9315068493150684,1.8325089127062364,0.0,1.49,2.98,7.39,17.71,25.12,27.66,16.17,1.49,0.0
1703305,TO,Norte,2,risco alto e cobertura menor,59,0.26134470105171204,0.28553015,721.9688,0.9516129032258065,1.7708520116421442,0.0,1.76,12.0,18.6,22.11,25.33,9.96,4.98,5.27,0.0
1703701,TO,Norte,2,risco alto e cobertura menor,63,0.380952388048172,0.49455205,739.2516,0.9545454545454546,1.7993405494535817,0.0,3.03,4.75,9.57,16.12,24.93,22.52,15.84,3.24,0.0
1703800,TO,Norte,2,risco alto e cobertura menor,113,0.41241544485092163,0.50391936,739.2225,0.904,2.0530784434834195,0.0,2.77,8.98,4.39,18.5,20.35,23.94,14.9,6.16,0.0
1703842,TO,Norte,2,risco alto e cobertura menor,148,0.16163986921310425,0.38513997,730.2575,0.8862275449101796,2.1702617153949575,0.0,3.4,1.86,17.28,19.98,27.06,19.04,9.95,1.43,0.0
1703867,TO,Norte,2,risco alto e cobertura menor,57,0.15770204365253448,0.5200938,749.31647,0.890625,1.7558748556724915,0.0,0.0,3.53,7.25,15.72,25.05,24.24,15.41,1.86,6.94
1703883,TO,Norte,2,risco alto e cobertura menor,36,0.2512422204017639,0.27458256,726.23114,0.8372093023255814,1.5563025007672873,0.0,0.0,0.0,27.83,33.39,14.0,11.13,8.26,2.69,2.69
1703891,TO,Norte,2,risco alto e cobertura menor,34,0.34090909361839294,0.23862375,717.3142,0.9444444444444444,1.5314789170422551,0.0,2.78,8.99,23.86,23.53,19.77,14.87,6.21,0.0,0.0
1703909,TO,Norte,2,risco alto e cobertura menor,60,0.17043323814868927,0.31538463,721.0534,0.8108108108108109,1.7781512503836436,0.0,9.7,3.51,19.66,18.51,18.89,18.05,9.88,1.8,0.0
1704600,TO,Norte,2,risco alto e cobertura menor,16,0.5,0.0625,709.6056,0.7619047619047619,1.2041199826559248,0.0,0.0,12.5,12.5,43.75,31.25,0.0,0.0,0.0,0.0
1705102,TO,Norte,2,risco alto e cobertura menor,42,0.4901217520236969,0.52380955,746.01526,1.0,1.6232492903979006,0.0,0.0,7.14,7.14,14.29,23.81,16.67,19.05,11.9,0.0
1705508,TO,Norte,2,risco alto e cobertura menor,442,0.5100683569908142,0.55838645,750.02277,0.8649706457925636,2.645422269349092,0.0,0.68,2.02,7.7,16.23,24.51,21.92,16.93,6.46,3.56
1705607,TO,Norte,2,risco alto e cobertura menor,69,0.2759894132614136,0.35797668,730.7396,0.9583333333333334,1.8388490907372552,0.0,6.03,4.42,12.06,26.16,17.06,15.76,14.34,2.78,1.39
1706001,TO,Norte,2,risco alto e cobertura menor,74,0.48179891705513,0.49028102,740.7211,0.8222222222222222,1.8692317197309762,0.0,3.86,6.64,11.86,15.14,20.55,12.07,19.03,6.94,3.93
1706506,TO,Norte,2,risco alto e cobertura menor,82,0.31214210391044617,0.4560732,732.6712,0.8723404255319149,1.9138138523837167,0.0,3.25,7.24,10.63,24.82,17.9,17.34,12.97,4.73,1.13
1707207,TO,Norte,2,risco alto e cobertura menor,62,0.4867020845413208,0.527786,749.07794,0.9253731343283582,1.792391689498254,0.0,0.0,1.63,9.67,16.44,22.68,23.88,11.23,14.48,0.0
1707405,TO,Norte,2,risco alto e cobertura menor,99,0.4082075357437134,0.47796696,743.4142,0.8461538461538461,1.99563519459755,0.0,0.0,4.03,14.21,18.04,26.58,12.8,12.81,7.42,4.1
1707652,TO,Norte,2,risco alto e cobertura menor,62,0.6236453056335449,0.51747084,745.9006,0.7948717948717948,1.792391689498254,0.0,3.04,1.52,6.63,22.06,21.08,18.04,14.55,11.44,1.62
1707702,TO,Norte,2,risco alto e cobertura menor,55,0.11947866529226303,0.12633039,689.4973,0.8461538461538461,1.7403626894942439,0.0,18.86,18.12,24.91,17.88,11.28,7.2,1.74,0.0,0.0
1708205,TO,Norte,2,risco alto e cobertura menor,176,0.6367957592010498,0.45409006,740.9198,0.88,2.24551266781415,0.0,0.0,3.38,9.06,23.57,26.61,18.82,10.73,5.53,2.3
1708254,TO,Norte,2,risco alto e cobertura menor,66,0.4892740845680237,0.5171831,739.9808,0.9295774647887324,1.8195439355418688,0.0,1.47,4.55,9.1,17.98,22.74,24.21,18.4,1.54,0.0
1708304,TO,Norte,2,risco alto e cobertura menor,41,0.53558748960495,0.39973348,725.35016,0.9111111111111111,1.6127838567197355,0.0,12.14,4.79,5.47,23.76,13.85,25.3,9.74,4.96,0.0
1709005,TO,Norte,2,risco alto e cobertura menor,127,0.12537385523319244,0.38473275,735.2637,0.774390243902439,2.103803720955957,0.0,4.27,7.37,15.91,20.46,15.86,8.03,10.97,14.86,2.28
1709302,TO,Norte,2,risco alto e cobertura menor,209,0.36068424582481384,0.48136806,737.5777,0.8326693227091634,2.3201462861110542,0.0,2.38,9.36,13.36,13.9,18.89,16.68,16.91,7.04,1.47
1709500,TO,Norte,2,risco alto e cobertura menor,752,0.4443594515323639,0.5438315,746.4454,0.8673587081891581,2.876217840591642,0.0,2.13,4.48,10.33,15.16,19.17,19.74,16.37,9.37,3.24
1709807,TO,Norte,2,risco alto e cobertura menor,14,0.27272728085517883,0.21428572,703.5728,0.9333333333333333,1.146128035678238,0.0,14.29,28.57,7.14,14.29,14.29,21.43,0.0,0.0,0.0
1710508,TO,Norte,2,risco alto e cobertura menor,44,0.6046208143234253,0.41079018,736.0172,0.9361702127659575,1.6434526764861874,0.0,2.22,2.22,13.73,24.95,20.41,17.99,9.28,2.32,6.87
1710706,TO,Norte,2,risco alto e cobertura menor,49,0.32533854246139526,0.18095398,704.57916,0.8166666666666667,1.6901960800285136,0.0,6.9,11.83,35.42,14.14,21.94,3.53,6.24,0.0,0.0
1710904,TO,Norte,2,risco alto e cobertura menor,45,0.35086941719055176,0.5355805,745.8786,0.9375,1.6532125137753437,0.0,0.0,8.9,8.79,8.9,24.32,19.98,22.48,4.45,2.17
1711100,TO,Norte,2,risco alto e cobertura menor,25,0.6415923833847046,0.24,721.50793,0.8333333333333334,1.3979400086720377,0.0,4.0,8.0,20.0,20.0,28.0,12.0,4.0,0.0,4.0
1711803,TO,Norte,2,risco alto e cobertura menor,36,0.3535614609718323,0.491342,738.85345,0.972972972972973,1.5563025007672873,0.0,0.0,5.86,8.56,22.75,24.55,19.14,13.74,2.7,2.7
1711902,TO,Norte,2,risco alto e cobertura menor,177,0.260246604681015,0.3564965,729.43646,0.885,2.247973266361807,0.0,3.44,7.34,11.73,24.12,22.79,17.04,7.21,5.23,1.1
1711951,TO,Norte,2,risco alto e cobertura menor,52,0.20750324428081512,0.15097187,694.4435,0.9811320754716981,1.7160033436347992,0.0,15.09,19.55,29.33,11.49,9.43,11.32,1.89,0.0,1.89
1712009,TO,Norte,2,risco alto e cobertura menor,55,0.40452200174331665,0.38146168,729.62103,0.9821428571428571,1.7403626894942439,0.0,5.52,7.14,5.44,23.62,25.57,18.02,11.04,3.65,0.0
1712405,TO,Norte,2,risco alto e cobertura menor,21,0.42610836029052734,0.19444446,708.63684,0.75,1.3222192947339193,0.0,18.06,9.72,9.72,31.94,15.28,0.0,5.56,9.72,0.0
1712454,TO,Norte,2,risco alto e cobertura menor,47,0.25,0.48910165,742.57513,0.9591836734693877,1.6720978579357175,0.0,0.0,8.55,12.77,8.53,23.35,19.17,19.13,6.36,2.14
1712504,TO,Norte,2,risco alto e cobertura menor,58,0.24151510000228882,0.3670512,727.1073,0.8169014084507042,1.7634279935629373,0.0,3.06,6.28,16.67,23.82,24.32,16.51,7.81,1.53,0.0
1712702,TO,Norte,2,risco alto e cobertura menor,22,0.27586206793785095,0.090909086,685.0341,0.9166666666666666,1.3424226808222062,0.0,27.27,22.73,9.09,22.73,13.64,4.55,0.0,0.0,0.0
1712801,TO,Norte,2,risco alto e cobertura menor,38,0.19317711889743805,0.20675845,712.0788,0.95,1.5797835966168101,0.0,5.0,12.83,28.83,19.5,15.67,7.83,5.0,5.33,0.0
1713205,TO,Norte,2,risco alto e cobertura menor,135,0.41544485092163086,0.46395257,746.32623,0.8333333333333334,2.130333768495006,0.0,2.05,2.78,2.85,21.43,31.64,17.38,11.79,6.38,3.7
1713601,TO,Norte,2,risco alto e cobertura menor,64,0.69964599609375,0.19727203,718.71045,0.810126582278481,1.806179973983887,0.0,7.96,4.85,21.83,23.87,26.44,1.49,6.03,4.54,2.98
1713700,TO,Norte,2,risco alto e cobertura menor,26,0.2933114171028137,0.44794267,739.89105,0.8125,1.414973347970818,0.0,3.52,7.89,15.78,8.75,19.3,23.67,10.55,7.03,3.52
1713809,TO,Norte,2,risco alto e cobertura menor,82,0.18114417791366577,0.4953879,737.5946,0.8913043478260869,1.9138138523837167,0.0,1.34,9.89,12.02,17.43,15.79,22.54,11.12,7.43,2.45
1713957,TO,Norte,2,risco alto e cobertura menor,32,0.17886635661125183,0.49313012,741.9126,0.8,1.505149978319906,0.0,0.0,6.67,3.33,15.8,34.06,24.93,12.17,3.04,0.0
1714203,TO,Norte,2,risco alto e cobertura menor,104,0.2820933163166046,0.43899593,740.3041,0.8666666666666667,2.0170333392987803,0.0,0.0,0.98,11.84,28.79,21.08,19.35,10.44,3.91,3.61
1714302,TO,Norte,2,risco alto e cobertura menor,50,0.4594176113605499,0.3422222,724.3219,0.9259259259259259,1.6989700043360187,0.0,1.92,15.89,12.05,23.86,18.01,14.43,10.06,0.0,3.77
1714880,TO,Norte,2,risco alto e cobertura menor,164,0.25450408458709717,0.40688193,732.8629,0.8913043478260869,2.214843848047698,0.0,2.2,8.28,10.77,22.39,18.59,20.67,12.39,3.53,1.18
1715101,TO,Norte,2,risco alto e cobertura menor,47,0.39242422580718994,0.36087218,725.09045,0.94,1.6720978579357175,0.0,4.52,6.26,23.57,14.78,17.04,21.04,6.26,2.26,4.26
1715259,TO,Norte,2,risco alto e cobertura menor,34,0.2232142984867096,0.61227626,753.6247,0.8717948717948718,1.5314789170422551,0.0,8.9,9.05,3.02,12.07,8.75,17.5,11.76,17.35,11.61
1715507,TO,Norte,2,risco alto e cobertura menor,19,0.5,0.3157895,742.2806,0.95,1.2787536009528289,0.0,0.0,5.26,5.26,21.05,42.11,5.26,0.0,21.05,0.0
1715705,TO,Norte,2,risco alto e cobertura menor,81,0.09005375951528549,0.31289294,719.73224,0.8350515463917526,1.9084850188786497,0.0,4.83,11.35,18.74,15.84,22.68,17.14,5.67,3.75,0.0
1716307,TO,Norte,2,risco alto e cobertura menor,58,0.0650842934846878,0.37966102,730.4231,0.9354838709677419,1.7634279935629373,0.0,4.84,10.38,10.54,22.63,17.04,17.37,10.43,5.0,1.77
1716604,TO,Norte,2,risco alto e cobertura menor,63,0.46469834446907043,0.42901236,746.3426,0.7777777777777778,1.7993405494535817,0.0,3.55,3.55,1.67,22.01,29.64,14.97,10.85,2.92,10.85
1717008,TO,Norte,2,risco alto e cobertura menor,56,0.4741417169570923,0.33847162,718.1198,0.9180327868852459,1.7481880270062005,0.0,7.1,17.1,11.62,24.85,8.81,18.23,3.82,6.77,1.71
1717206,TO,Norte,2,risco alto e cobertura menor,22,0.2608359158039093,0.54545456,740.3164,0.88,1.3424226808222062,0.0,4.55,9.09,4.55,22.73,4.55,31.82,18.18,0.0,4.55
1717503,TO,Norte,2,risco alto e cobertura menor,64,0.2187582403421402,0.4309589,743.0666,0.8767123287671232,1.806179973983887,0.0,0.0,2.74,8.98,17.12,38.96,12.1,12.4,7.69,0.0
1717800,TO,Norte,2,risco alto e cobertura menor,42,0.095238097012043,0.44585988,731.64124,0.8936170212765957,1.6232492903979006,0.0,0.0,12.44,12.11,14.33,21.01,28.34,9.56,2.22,0.0
1717909,TO,Norte,2,risco alto e cobertura menor,99,0.47598642110824585,0.30997643,722.08844,0.8319327731092437,1.99563519459755,0.0,3.9,8.68,19.27,24.51,18.06,14.13,8.09,2.15,1.2
1718006,TO,Norte,2,risco alto e cobertura menor,47,0.0757029578089714,0.37950492,728.2627,0.8545454545454545,1.6720978579357175,0.0,2.21,10.91,8.6,29.85,14.76,16.89,12.58,4.21,0.0
1718204,TO,Norte,2,risco alto e cobertura menor,713,0.5680491328239441,0.4410786,734.36755,0.7984322508398656,2.8530895298518657,0.0,3.74,8.3,11.9,17.78,20.23,18.45,10.61,6.44,2.55
1718303,TO,Norte,2,risco alto e cobertura menor,39,0.1807202398777008,0.3848478,732.2781,0.9069767441860465,1.591064607026499,0.0,2.69,7.97,12.88,25.61,12.36,15.57,15.57,7.34,0.0
1718402,TO,Norte,2,risco alto e cobertura menor,45,0.6946263909339905,0.5782873,741.9323,0.8823529411764706,1.6532125137753437,0.0,2.13,4.45,17.61,15.85,11.03,17.79,20.11,11.03,0.0
1718451,TO,Norte,2,risco alto e cobertura menor,22,0.20717273652553558,0.4090909,720.43,0.88,1.3424226808222062,0.0,27.27,4.55,9.09,9.09,9.09,9.09,22.73,4.55,4.55
1718501,TO,Norte,2,risco alto e cobertura menor,48,0.0456349179148674,0.50358355,738.37305,0.9056603773584906,1.6812412373755872,0.0,6.36,4.16,6.06,24.85,14.63,18.8,12.57,12.57,0.0
1718550,TO,Norte,2,risco alto e cobertura menor,51,0.21311476826667786,0.54385024,754.4277,0.9107142857142857,1.7075701760979363,0.0,0.0,3.98,13.98,15.77,14.01,17.88,13.43,15.11,5.84
1718659,TO,Norte,2,risco alto e cobertura menor,35,0.17560975253582,0.19622245,714.13904,0.9210526315789473,1.5440680443502757,0.0,0.0,17.32,20.1,25.98,22.55,8.5,5.56,0.0,0.0
1718709,TO,Norte,2,risco alto e cobertura menor,39,0.175205260515213,0.46614394,742.4512,0.9285714285714286,1.591064607026499,0.0,0.0,0.0,12.63,25.26,20.53,23.29,10.53,5.13,2.63
1718758,TO,Norte,2,risco alto e cobertura menor,71,0.2782558500766754,0.26801515,714.07965,0.8160919540229885,1.8512583487190752,0.0,4.52,17.72,14.11,28.65,15.48,10.9,4.56,4.06,0.0
1718808,TO,Norte,2,risco alto e cobertura menor,85,0.4361490309238434,0.43249926,734.98376,0.8415841584158416,1.9294189257142926,0.0,3.11,6.51,9.81,19.38,22.77,20.71,11.0,5.72,0.99
1718865,TO,Norte,2,risco alto e cobertura menor,70,0.1667122095823288,0.31335264,729.1152,0.7526881720430108,1.845098040014257,0.0,1.79,7.63,13.18,28.93,18.46,19.29,5.92,3.01,1.79
1718881,TO,Norte,2,risco alto e cobertura menor,41,0.24556118249893188,0.39767393,739.88293,0.8367346938775511,1.6127838567197355,0.0,0.0,5.44,16.05,25.44,13.33,9.25,15.51,14.97,0.0
1718899,TO,Norte,2,risco alto e cobertura menor,30,0.631528913974762,0.43129888,739.69415,0.9375,1.4771212547196624,0.0,3.12,0.0,6.67,33.33,20.42,16.46,10.21,6.67,3.12
1718907,TO,Norte,2,risco alto e cobertura menor,75,0.2086218148469925,0.36926192,730.3942,0.8928571428571429,1.8750612633917,0.0,0.0,4.07,21.46,24.31,17.08,19.74,8.96,4.38,0.0
1719004,TO,Norte,2,risco alto e cobertura menor,49,0.48091718554496765,0.2464516,715.9352,0.7903225806451613,1.6901960800285136,0.0,1.87,22.44,24.42,15.98,12.51,7.1,5.6,8.4,1.68
1720101,TO,Norte,2,risco alto e cobertura menor,76,0.43969815969467163,0.52930534,743.64813,0.9156626506024096,1.8808135922807914,0.0,0.0,5.32,10.56,13.13,24.78,24.46,14.24,6.24,1.27
1720200,TO,Norte,2,risco alto e cobertura menor,165,0.2697608470916748,0.3692028,729.08136,0.8823529411764706,2.2174839442139063,0.0,4.3,8.6,16.66,19.17,19.86,13.33,10.9,7.18,0.0
1720309,TO,Norte,2,risco alto e cobertura menor,49,0.2656171917915344,0.58959997,745.6602,0.98,1.6901960800285136,0.0,2.08,10.24,6.16,12.32,18.4,24.4,14.16,6.08,6.16
1720499,TO,Norte,2,risco alto e cobertura menor,41,0.655712902545929,0.46247074,743.79047,0.8723404255319149,1.6127838567197355,0.0,2.6,4.91,4.63,26.88,17.05,12.14,21.97,9.83,0.0
1720655,TO,Norte,2,risco alto e cobertura menor,75,0.34743499755859375,0.3736351,731.6349,0.8522727272727273,1.8750612633917,0.0,2.57,6.97,9.86,20.99,23.67,26.43,5.56,3.96,0.0
1720804,TO,Norte,2,risco alto e cobertura menor,144,0.3952983021736145,0.506259,744.0123,0.9056603773584906,2.1583624920952498,0.0,2.91,5.33,5.59,19.43,21.42,20.74,15.98,6.5,2.09
1720903,TO,Norte,2,risco alto e cobertura menor,173,0.3830716609954834,0.4244744,734.9773,0.8606965174129353,2.2380461031287955,0.0,4.72,5.1,9.78,24.65,18.37,17.56,11.91,5.04,2.86
1721000,TO,Norte,2,risco alto e cobertura menor,2964,0.5866222381591797,0.569719,751.07416,0.7680746307333506,3.4718781993072905,0.0,1.73,4.81,7.97,14.9,18.82,18.64,16.87,10.79,5.47
1721109,TO,Norte,2,risco alto e cobertura menor,51,0.42963799834251404,0.51184833,749.66364,0.9272727272727272,1.7075701760979363,0.0,0.0,0.0,5.87,19.55,29.35,25.68,3.87,13.68,2.0
1721208,TO,Norte,2,risco alto e cobertura menor,218,0.34405964612960815,0.35430434,727.3396,0.9008264462809917,2.3384564936046046,0.0,5.52,7.53,13.66,23.59,20.34,13.51,7.88,6.22,1.76
1721307,TO,Norte,2,risco alto e cobertura menor,26,0.25,0.53846157,747.8681,1.0,1.414973347970818,0.0,0.0,3.85,7.69,26.92,7.69,19.23,15.38,19.23,0.0
1722081,TO,Norte,2,risco alto e cobertura menor,94,0.3515882194042206,0.41911384,735.029,0.8173913043478261,1.9731278535996986,0.0,1.82,5.96,9.17,26.21,16.55,24.64,11.75,1.94,1.97
1722107,TO,Norte,2,risco alto e cobertura menor,119,0.2199823558330536,0.42823303,734.08545,0.8814814814814815,2.0755469613925306,0.0,4.13,5.97,16.24,19.41,15.57,15.02,12.59,6.74,4.32
2100303,MA,Nordeste,2,risco alto e cobertura menor,212,0.678982675075531,0.45369327,732.5822,0.8249027237354085,2.326335860928751,0.0,3.99,5.01,13.12,17.08,21.26,29.67,7.14,1.87,0.86
2100436,MA,Nordeste,2,risco alto e cobertura menor,165,0.7022932767868042,0.515021,739.64325,0.8549222797927462,2.2174839442139063,0.0,1.07,5.45,9.04,23.75,15.1,25.16,16.77,3.1,0.55
2100477,MA,Nordeste,2,risco alto e cobertura menor,332,0.36038267612457275,0.56295335,740.5875,0.9378531073446328,2.5211380837040362,0.0,5.79,5.67,7.78,11.81,19.2,24.29,18.43,4.96,2.05
2100501,MA,Nordeste,2,risco alto e cobertura menor,156,0.46759653091430664,0.51990676,736.3724,0.9341317365269461,2.1931245983544616,0.0,5.3,4.58,10.37,12.49,25.04,24.81,13.04,2.46,1.91
2100550,MA,Nordeste,2,risco alto e cobertura menor,102,0.22974605858325958,0.42979056,723.5325,0.9902912621359223,2.0086001717619175,0.0,4.85,11.79,12.83,14.81,23.54,30.24,1.94,0.0,0.0
2100600,MA,Nordeste,2,risco alto e cobertura menor,309,0.456354558467865,0.4132005,731.52625,0.8828571428571429,2.4899584794248346,0.0,3.75,6.87,16.47,17.58,19.18,17.0,12.63,4.69,1.84
2100709,MA,Nordeste,2,risco alto e cobertura menor,141,0.72800213098526,0.41343287,736.0859,0.9155844155844156,2.1492191126553797,0.0,2.15,4.89,12.02,20.4,25.8,20.5,10.6,1.47,2.17
2100808,MA,Nordeste,2,risco alto e cobertura menor,109,0.9104716777801514,0.34645724,734.9584,0.7676056338028169,2.037426497940624,0.0,0.0,1.68,15.53,22.95,28.8,18.47,7.45,2.56,2.56
2100832,MA,Nordeste,2,risco alto e cobertura menor,165,0.31507015228271484,0.39087158,725.0693,0.8009708737864077,2.2174839442139063,0.0,6.57,4.64,14.39,16.35,29.8,19.55,7.62,1.08,0.0
2100907,MA,Nordeste,2,risco alto e cobertura menor,239,0.5623341798782349,0.42515415,734.94257,0.8884758364312267,2.3783979009481375,0.0,1.35,5.39,13.24,15.59,28.98,20.76,9.82,3.76,1.12
2101202,MA,Nordeste,2,risco alto e cobertura menor,902,0.4566044509410858,0.513755,733.63043,0.9395833333333333,2.9552065375419416,0.0,3.9,5.4,13.22,12.07,22.59,31.85,9.18,1.57,0.22
2101251,MA,Nordeste,2,risco alto e cobertura menor,194,0.514925479888916,0.5373884,741.0041,0.9023255813953488,2.287801729930226,0.0,1.56,3.12,12.77,17.78,15.16,29.24,14.25,6.11,0.0
2101400,MA,Nordeste,2,risco alto e cobertura menor,1244,0.3983059823513031,0.3953982,726.4199,0.9067055393586005,3.0948203803548,0.0,3.96,8.41,16.36,16.17,22.31,21.63,8.66,2.26,0.24
2101509,MA,Nordeste,2,risco alto e cobertura menor,120,0.41604435443878174,0.51571035,732.25366,0.9090909090909091,2.0791812460476247,0.0,9.46,6.94,15.88,11.17,9.06,22.12,18.89,3.24,3.25
2101806,MA,Nordeste,2,risco alto e cobertura menor,72,0.559978723526001,0.47257817,735.84436,0.9230769230769231,1.8573324964312685,0.0,0.0,5.52,15.56,21.32,19.09,25.85,8.76,3.9,0.0
2101905,MA,Nordeste,2,risco alto e cobertura menor,77,0.33013418316841125,0.5975389,743.4596,0.927710843373494,1.8864907251724818,0.0,2.47,4.55,14.8,10.23,16.13,26.94,19.87,2.58,2.41
2102101,MA,Nordeste,2,risco alto e cobertura menor,272,0.5030930042266846,0.5805804,742.8507,0.9411764705882353,2.4345689040341987,0.0,3.35,3.95,6.58,14.26,22.31,29.1,17.27,2.12,1.05
2102150,MA,Nordeste,2,risco alto e cobertura menor,93,0.3325117230415344,0.4930773,739.4233,0.9393939393939394,1.968482948553935,0.0,2.02,4.29,12.82,18.57,17.35,20.45,18.16,6.35,0.0
2102200,MA,Nordeste,2,risco alto e cobertura menor,251,0.44956642389297485,0.28927633,715.05316,0.899641577060932,2.399673721481038,0.0,5.97,9.42,23.32,20.23,20.11,14.0,4.9,1.59,0.46
2102309,MA,Nordeste,2,risco alto e cobertura menor,245,0.31400641798973083,0.5718934,750.4506,0.9607843137254902,2.3891660843645326,0.0,0.78,3.23,4.01,21.79,17.09,22.61,24.09,3.62,2.78
2102325,MA,Nordeste,2,risco alto e cobertura menor,708,0.3922540545463562,0.43224669,728.2703,0.9065300896286812,2.850033257689769,0.02054295,3.29,8.92,14.34,18.03,20.1,23.09,9.86,1.96,0.42
2102358,MA,Nordeste,2,risco alto e cobertura menor,156,0.613720178604126,0.5490873,734.9456,0.9122807017543859,2.1931245983544616,0.0,7.53,6.42,9.59,10.75,18.06,29.9,12.67,4.43,0.65
2102374,MA,Nordeste,2,risco alto e cobertura menor,92,0.41140109300613403,0.56050056,743.38776,0.9292929292929293,1.9637878273455553,0.0,0.0,4.13,12.9,9.56,25.16,29.67,15.24,2.22,1.11
2102507,MA,Nordeste,2,risco alto e cobertura menor,72,0.5327336192131042,0.34090662,716.1277,0.782608695652174,1.8573324964312685,0.0,6.73,10.53,22.81,17.23,19.72,10.2,12.78,0.0,0.0
2102606,MA,Nordeste,2,risco alto e cobertura menor,231,0.6161114573478699,0.49544457,737.87634,0.9746835443037974,2.3636119798921444,0.0,2.59,6.38,8.6,12.54,26.82,30.52,8.71,3.84,0.0
2102804,MA,Nordeste,2,risco alto e cobertura menor,252,0.44539469480514526,0.50964856,733.5998,0.8873239436619719,2.401400540781544,0.0,5.54,6.91,11.91,11.56,21.89,26.69,10.77,4.02,0.72
2102903,MA,Nordeste,2,risco alto e cobertura menor,288,0.5558286309242249,0.6122846,744.7379,0.8622754491017964,2.459392487759231,0.0,1.46,4.35,10.95,11.68,18.5,28.88,18.42,4.43,1.32
2103000,MA,Nordeste,2,risco alto e cobertura menor,1394,0.4374859035015106,0.5515373,739.0859,0.8327359617682198,3.144262773761991,0.0,4.01,6.77,12.41,11.11,17.45,24.83,17.1,5.36,0.96
2103174,MA,Nordeste,2,risco alto e cobertura menor,178,0.40034565329551697,0.36865777,724.7622,0.9417989417989417,2.250420002308894,0.0,5.76,11.44,6.81,23.4,21.64,21.88,7.34,1.12,0.63
2103208,MA,Nordeste,2,risco alto e cobertura menor,685,0.4709581434726715,0.416389,730.36273,0.9593837535014006,2.8356905714924254,0.0,3.52,4.63,13.91,21.21,21.51,24.26,8.82,1.86,0.29
2103307,MA,Nordeste,2,risco alto e cobertura menor,1166,0.4694213569164276,0.5084899,735.2607,0.889397406559878,3.0666985504229953,0.0,4.98,6.09,11.03,13.1,21.23,26.93,12.88,3.2,0.56
2103505,MA,Nordeste,2,risco alto e cobertura menor,392,0.595013439655304,0.49903595,738.2521,0.9223529411764706,2.593286067020457,0.0,1.93,3.82,12.22,15.84,22.67,28.78,10.26,3.49,0.99
2103554,MA,Nordeste,2,risco alto e cobertura menor,179,0.43891769647598267,0.542477,739.57947,0.9086294416243654,2.2528530309798933,0.0,2.82,4.12,9.25,13.24,24.3,31.3,10.73,3.71,0.53
2103604,MA,Nordeste,2,risco alto e cobertura menor,553,0.41489502787590027,0.5572032,742.8383,0.8613707165109035,2.7427251313046983,0.0,1.65,3.73,10.29,14.3,22.21,26.71,16.74,4.04,0.33
2103802,MA,Nordeste,2,risco alto e cobertura menor,170,0.4039032459259033,0.43934926,726.0286,0.9289617486338798,2.230448921378274,0.0,5.46,8.4,14.65,16.55,16.83,30.14,5.69,2.28,0.0
2104602,MA,Nordeste,2,risco alto e cobertura menor,106,0.5288923978805542,0.48138145,737.6567,0.8688524590163934,2.0253058652647704,0.0,0.0,3.93,15.12,16.71,22.75,26.55,12.35,2.6,0.0
2104800,MA,Nordeste,2,risco alto e cobertura menor,987,0.42363840341567993,0.45809853,732.8016,0.9302544769085768,2.9943171526696366,0.0,4.06,7.96,11.68,15.6,20.12,23.13,13.71,3.45,0.29
2105302,MA,Nordeste,2,risco alto e cobertura menor,2612,0.45192256569862366,0.54728484,740.483,0.8674858850880106,3.4169731726030363,0.0,2.3,5.01,11.96,13.18,19.36,28.82,14.3,4.2,0.87
2105500,MA,Nordeste,2,risco alto e cobertura menor,245,0.3504433333873749,0.5583006,740.12976,0.875,2.3891660843645326,0.0,3.9,8.56,9.4,8.97,20.4,24.4,19.32,4.66,0.39
2106326,MA,Nordeste,2,risco alto e cobertura menor,315,0.5794785022735596,0.41664487,730.055,0.9156976744186046,2.4983105537896004,0.0,2.79,2.52,15.75,21.8,23.49,27.99,4.98,0.67,0.0
2106359,MA,Nordeste,2,risco alto e cobertura menor,41,0.8333332538604736,0.39774898,726.8647,0.8723404255319149,1.6127838567197355,0.0,2.13,9.83,19.22,14.97,23.48,12.84,14.97,2.57,0.0
2106508,MA,Nordeste,2,risco alto e cobertura menor,186,0.6396717429161072,0.46657103,733.2182,0.9538461538461539,2.2695129442179165,0.0,3.76,4.76,13.51,13.99,26.05,24.07,10.68,2.66,0.51
2106607,MA,Nordeste,2,risco alto e cobertura menor,269,0.7233644127845764,0.34518018,732.0169,0.8966666666666666,2.429752280002408,0.0,0.8,5.63,10.08,23.76,31.14,18.52,7.63,1.44,1.0
2106631,MA,Nordeste,2,risco alto e cobertura menor,68,0.638047456741333,0.57425874,739.93,0.9444444444444444,1.8325089127062364,0.0,0.0,8.67,11.96,7.12,25.22,26.62,17.48,1.47,1.47
2106706,MA,Nordeste,2,risco alto e cobertura menor,216,0.3500936031341553,0.55848247,739.53754,0.907563025210084,2.3344537511509307,0.0,4.04,4.7,11.77,13.5,17.66,24.85,20.82,2.18,0.47
2106755,MA,Nordeste,2,risco alto e cobertura menor,270,0.5515114665031433,0.5054275,739.20276,0.9574468085106383,2.4313637641589874,0.0,1.08,4.49,10.18,17.31,23.4,28.81,10.03,4.35,0.35
2106904,MA,Nordeste,2,risco alto e cobertura menor,245,0.5198383927345276,0.361933,725.63104,0.9074074074074074,2.3891660843645326,0.0,3.78,4.47,16.5,22.52,23.15,21.26,6.35,1.56,0.42
2107001,MA,Nordeste,2,risco alto e cobertura menor,114,0.7130532264709473,0.5528099,739.9132,0.9421487603305785,2.0569048513364727,0.0,3.53,5.37,8.83,13.12,20.86,31.53,14.16,2.6,0.0
2107209,MA,Nordeste,2,risco alto e cobertura menor,128,0.5307610630989075,0.46839863,734.94604,0.8951048951048951,2.1072099696478683,0.0,6.16,5.78,11.69,12.83,22.83,24.22,9.33,5.54,1.61
2107308,MA,Nordeste,2,risco alto e cobertura menor,47,0.7743378281593323,0.5122525,737.625,0.9215686274509803,1.6720978579357175,0.0,2.06,11.11,1.96,27.43,14.9,18.94,21.53,2.06,0.0
2107407,MA,Nordeste,2,risco alto e cobertura menor,141,0.5393701195716858,0.5892232,739.1311,0.9155844155844156,2.1492191126553797,0.0,3.75,8.87,8.94,9.91,18.92,30.37,16.23,2.18,0.83
2107456,MA,Nordeste,2,risco alto e cobertura menor,86,0.8080756068229675,0.37647954,736.59424,0.9347826086956522,1.9344984512435677,0.0,0.0,1.09,7.74,29.8,30.26,20.57,7.03,2.43,1.09
2107506,MA,Nordeste,2,risco alto e cobertura menor,1548,0.508180558681488,0.55550724,740.51526,0.8524229074889867,3.189770956346874,0.0,3.63,6.07,11.49,12.28,17.01,25.63,17.04,5.75,1.11
2108256,MA,Nordeste,2,risco alto e cobertura menor,189,0.6581979990005493,0.5790072,739.85376,0.8957345971563981,2.2764618041732443,0.0,1.96,3.61,12.63,10.98,24.1,34.6,8.28,3.37,0.47
2108504,MA,Nordeste,2,risco alto e cobertura menor,399,0.40941715240478516,0.5109426,738.12317,0.9027149321266968,2.6009728956867484,0.0,3.45,4.7,14.5,16.23,16.49,23.06,13.35,6.23,1.99
2108603,MA,Nordeste,2,risco alto e cobertura menor,539,0.5304102301597595,0.4680699,733.03,0.7689015691868759,2.7315887651867388,0.0,2.87,6.32,11.57,16.66,22.81,30.02,6.89,2.7,0.16
2108801,MA,Nordeste,2,risco alto e cobertura menor,103,0.8302232027053833,0.42361164,733.42755,0.7744360902255639,2.012837224705172,0.0,1.94,4.4,15.06,19.69,22.33,21.57,10.76,1.05,3.2
2109056,MA,Nordeste,2,risco alto e cobertura menor,48,0.7382568120956421,0.34378117,734.7553,0.96,1.6812412373755872,0.0,2.21,0.0,13.26,18.84,35.47,20.0,8.0,2.21,0.0
2109106,MA,Nordeste,2,risco alto e cobertura menor,429,0.5477344989776611,0.4512439,728.0493,0.9225806451612903,2.6324572921847245,0.0,5.26,6.52,14.53,14.6,19.63,31.02,6.84,1.6,0.0
2109205,MA,Nordeste,2,risco alto e cobertura menor,82,0.36888888478279114,0.57942367,744.15436,0.9761904761904762,1.9138138523837167,0.0,5.03,2.65,6.08,16.27,16.93,30.29,15.61,7.14,0.0
2109270,MA,Nordeste,2,risco alto e cobertura menor,219,0.6280028820037842,0.39615887,725.8796,0.8171641791044776,2.3404441148401185,0.0,7.14,3.58,16.38,13.67,27.49,26.03,3.49,1.78,0.44
2109304,MA,Nordeste,2,risco alto e cobertura menor,94,0.44274064898490906,0.47809717,729.06116,0.8623853211009175,1.9731278535996986,0.0,7.2,5.74,13.65,16.13,11.54,34.42,9.33,1.99,0.0
2109452,MA,Nordeste,2,risco alto e cobertura menor,431,0.6805406808853149,0.48359302,733.69293,0.8778004073319755,2.6344772701607315,0.0,4.95,4.8,17.3,10.91,18.58,22.96,17.52,2.98,0.0
2109502,MA,Nordeste,2,risco alto e cobertura menor,283,0.41076821088790894,0.5185101,738.5976,0.9158576051779935,2.45178643552429,0.0,4.49,5.13,8.84,16.05,22.66,20.42,15.99,6.42,0.0
2109551,MA,Nordeste,2,risco alto e cobertura menor,56,0.5423605442047119,0.5015926,731.38043,0.8484848484848485,1.7481880270062005,0.0,5.43,5.15,16.14,10.55,17.89,30.47,12.63,1.75,0.0
2109601,MA,Nordeste,2,risco alto e cobertura menor,388,0.5665155649185181,0.57591563,745.51227,0.8838268792710706,2.5888317255942073,0.0,3.07,1.94,4.95,13.37,26.04,32.65,14.58,2.88,0.53
2109759,MA,Nordeste,2,risco alto e cobertura menor,44,0.36448919773101807,0.4090909,722.92523,1.0,1.6434526764861874,0.0,9.09,11.36,6.82,15.91,25.0,22.73,9.09,0.0,0.0
2109908,MA,Nordeste,2,risco alto e cobertura menor,865,0.4794623851776123,0.50832444,738.4076,0.8746208291203236,2.9370161074648142,0.04949204,3.9,4.1,14.75,14.0,18.26,24.34,14.12,4.48,2.04
2110005,MA,Nordeste,2,risco alto e cobertura menor,694,0.5442887544631958,0.5879483,742.282,0.9060052219321149,2.841359470454855,0.0,3.87,5.52,11.2,7.29,19.77,31.11,15.13,4.76,1.34
2110203,MA,Nordeste,2,risco alto e cobertura menor,376,0.5953359007835388,0.5652622,746.32153,0.8604118993135011,2.575187844927661,0.0,1.84,7.6,8.37,8.18,22.88,22.33,20.16,6.95,1.7
2110278,MA,Nordeste,2,risco alto e cobertura menor,124,0.33312153816223145,0.3984047,722.5306,0.8671328671328671,2.093421685162235,0.0,11.49,8.83,7.3,12.42,25.98,26.93,6.35,0.7,0.0
2110401,MA,Nordeste,2,risco alto e cobertura menor,183,0.46814143657684326,0.38290372,727.39276,0.8061674008810573,2.2624510897304293,0.0,4.43,2.95,13.69,19.46,34.42,20.81,3.26,0.44,0.55
2110658,MA,Nordeste,2,risco alto e cobertura menor,116,0.22320467233657837,0.3682683,717.43677,0.9354838709677419,2.0644579892269186,0.0,10.84,6.9,17.25,15.67,18.48,20.48,8.77,1.61,0.0
2110708,MA,Nordeste,2,risco alto e cobertura menor,348,0.41824930906295776,0.50133485,736.8074,0.9109947643979057,2.5415792439465807,0.0,2.37,4.59,10.82,16.24,24.78,26.37,10.84,2.89,1.11
2110807,MA,Nordeste,2,risco alto e cobertura menor,30,0.4378069043159485,0.44669917,727.11084,0.7692307692307693,1.4771212547196624,0.0,3.7,6.15,23.54,9.42,18.83,31.39,6.97,0.0,0.0
2110856,MA,Nordeste,2,risco alto e cobertura menor,138,0.6265103816986084,0.42729628,731.0953,0.9928057553956835,2.1398790864012365,0.0,3.6,7.94,15.26,15.26,21.08,20.96,10.13,4.32,1.44
2111003,MA,Nordeste,2,risco alto e cobertura menor,89,0.2954390048980713,0.5841584,747.7075,0.9081632653061225,1.9493900066449128,0.0,0.0,4.67,10.56,13.88,15.89,29.72,18.74,6.53,0.0
2111052,MA,Nordeste,2,risco alto e cobertura menor,109,0.33482030034065247,0.43938744,734.5894,0.9396551724137931,2.037426497940624,0.0,0.91,3.68,22.86,14.81,19.1,19.08,15.2,4.37,0.0
2111078,MA,Nordeste,2,risco alto e cobertura menor,161,0.24376526474952698,0.534283,742.2087,0.9698795180722891,2.2068258760318495,0.0,1.23,6.13,11.84,19.94,14.27,22.28,13.09,10.61,0.62
2111102,MA,Nordeste,2,risco alto e cobertura menor,276,0.5355845093727112,0.55136377,742.07904,0.9452054794520548,2.4409090820652177,0.0,2.5,4.47,12.26,14.05,15.79,27.51,16.96,5.77,0.7
2111201,MA,Nordeste,2,risco alto e cobertura menor,1923,0.6227285265922546,0.56577307,743.4412,0.860787824529991,3.28397928423848,0.0,2.9,3.93,10.64,14.68,16.2,25.19,20.81,4.76,0.88
2111250,MA,Nordeste,2,risco alto e cobertura menor,73,0.12936732172966003,0.56164384,740.00464,1.0,1.863322860120456,0.0,5.48,1.37,8.22,10.96,31.51,24.66,13.7,4.11,0.0
2111300,MA,Nordeste,2,risco alto e cobertura menor,6251,0.47827446460723877,0.56742156,741.844,0.8878000284050561,3.7959494989028033,0.0079621775,3.91,6.45,10.14,10.71,17.29,26.16,19.2,4.92,1.21
2111532,MA,Nordeste,2,risco alto e cobertura menor,157,0.3295249342918396,0.5563064,736.08026,0.8920454545454546,2.1958996524092336,0.0,4.91,10.48,11.02,7.37,19.28,26.79,14.01,4.99,1.16
2111672,MA,Nordeste,2,risco alto e cobertura menor,28,0.48240333795547485,0.3568575,729.10925,0.9333333333333333,1.4471580313422192,0.0,3.73,3.33,13.73,21.57,28.63,21.57,7.45,0.0,0.0
2111805,MA,Nordeste,2,risco alto e cobertura menor,250,0.42388394474983215,0.54434097,740.8929,0.9541984732824428,2.3979400086720375,0.0,6.03,2.41,10.97,12.24,20.42,25.94,16.6,4.97,0.43
2111904,MA,Nordeste,2,risco alto e cobertura menor,110,0.49963536858558655,0.6,741.7803,1.0,2.041392685158225,0.0,4.55,5.45,14.55,5.45,13.64,35.45,15.45,1.82,3.64
2112001,MA,Nordeste,2,risco alto e cobertura menor,127,0.4510330557823181,0.5490028,741.6874,0.9071428571428571,2.103803720955957,0.0,2.42,3.94,10.92,14.31,17.26,32.25,14.1,4.03,0.78
2112100,MA,Nordeste,2,risco alto e cobertura menor,293,0.4193441569805145,0.4464,731.6331,0.8851963746223565,2.4668676203541096,0.0,4.76,7.54,19.75,8.98,18.36,19.12,16.89,4.29,0.31
2112274,MA,Nordeste,2,risco alto e cobertura menor,73,0.34785616397857666,0.36210528,713.7607,0.9605263157894737,1.863322860120456,0.0,9.69,20.69,16.18,7.89,12.17,23.86,8.15,1.37,0.0
2112456,MA,Nordeste,2,risco alto e cobertura menor,241,0.5642791390419006,0.4967394,736.75226,0.8731884057971014,2.3820170425748683,0.0,1.2,3.13,13.38,16.66,25.29,28.04,9.81,2.48,0.0
2112506,MA,Nordeste,2,risco alto e cobertura menor,637,0.37640684843063354,0.57605875,743.0323,0.9126074498567335,2.8041394323353503,0.0,4.59,4.15,7.19,11.01,22.51,30.37,14.78,3.99,1.41
2112605,MA,Nordeste,2,risco alto e cobertura menor,277,0.7676402926445007,0.38622764,731.8377,0.9358108108108109,2.4424797690644486,0.0,1.66,4.05,11.75,26.86,23.22,22.49,8.57,1.04,0.36
2112803,MA,Nordeste,2,risco alto e cobertura menor,518,0.5827980637550354,0.5335633,741.6779,0.9266547406082289,2.714329759745233,0.0,1.79,3.28,12.52,13.66,22.06,25.61,17.09,3.25,0.75
2200459,PI,Nordeste,2,risco alto e cobertura menor,60,0.6838993430137634,0.41741005,740.2427,0.9230769230769231,1.7781512503836436,0.0,0.0,0.0,8.34,30.82,24.06,21.81,10.35,4.62,0.0
2200509,PI,Nordeste,2,risco alto e cobertura menor,198,0.22263465821743011,0.32940236,724.3856,0.99,2.296665190261531,0.0,2.5,9.59,12.19,28.12,21.74,15.16,8.13,2.57,0.0
2200905,PI,Nordeste,2,risco alto e cobertura menor,30,0.5772131085395813,0.29999998,730.69965,0.9375,1.4771212547196624,0.0,0.0,6.67,16.67,16.67,33.33,10.0,13.33,3.33,0.0
2201101,PI,Nordeste,2,risco alto e cobertura menor,122,0.4097731411457062,0.44974008,739.07715,0.976,2.0863598306747484,0.0,2.4,4.87,10.68,22.37,19.62,17.1,14.07,8.08,0.8
2201309,PI,Nordeste,2,risco alto e cobertura menor,27,0.383900910615921,0.50786275,738.40234,0.9642857142857143,1.4313637641589874,0.0,0.0,7.65,7.4,19.13,22.19,25.26,14.8,3.57,0.0
2201408,PI,Nordeste,2,risco alto e cobertura menor,50,0.38310685753822327,0.40165785,728.93524,0.9433962264150944,1.6989700043360187,0.0,8.13,9.96,9.91,19.93,19.97,8.17,15.76,8.17,0.0
2201507,PI,Nordeste,2,risco alto e cobertura menor,208,0.4366716742515564,0.46974814,739.7436,0.9369369369369369,2.3180633349627615,0.0,2.85,3.77,10.72,18.98,23.48,17.76,14.85,6.64,0.95
2201705,PI,Nordeste,2,risco alto e cobertura menor,53,0.5951797366142273,0.43422666,733.072,0.9298245614035088,1.724275869600789,0.0,1.75,11.25,5.96,18.82,29.86,17.06,13.35,1.94,0.0
2201770,PI,Nordeste,2,risco alto e cobertura menor,45,0.5878893136978149,0.47135252,738.49567,0.9574468085106383,1.6532125137753437,0.0,2.19,4.38,6.58,26.31,20.07,22.26,15.91,2.3,0.0
2201929,PI,Nordeste,2,risco alto e cobertura menor,89,0.5062215328216553,0.35955057,728.5743,1.0,1.9493900066449128,0.0,5.62,7.87,6.74,23.6,26.97,13.48,13.48,1.12,1.12
2201960,PI,Nordeste,2,risco alto e cobertura menor,94,0.3315728008747101,0.42575976,735.96436,0.9591836734693877,1.9731278535996986,0.0,5.44,6.26,11.79,20.41,16.75,12.87,16.98,8.37,1.12
2202059,PI,Nordeste,2,risco alto e cobertura menor,84,0.19870024919509888,0.52324647,747.9015,0.9655172413793104,1.9242792860618816,0.0,1.24,6.12,7.24,14.29,26.06,18.04,11.94,9.26,5.81
2202117,PI,Nordeste,2,risco alto e cobertura menor,34,0.38470983505249023,0.59325606,741.3702,0.8947368421052632,1.5314789170422551,0.0,0.0,8.85,9.33,11.0,20.33,29.67,18.18,2.63,0.0
2202208,PI,Nordeste,2,risco alto e cobertura menor,448,0.5223337411880493,0.54475254,747.14185,0.9294605809128631,2.651278013998144,0.0,1.59,3.08,8.54,16.05,23.13,21.29,14.31,9.29,2.72
2202307,PI,Nordeste,2,risco alto e cobertura menor,223,0.13659223914146423,0.36446312,729.74475,0.9570815450643777,2.3483048630481607,0.0,2.67,10.8,13.31,19.55,23.07,13.23,9.9,5.71,1.75
2202406,PI,Nordeste,2,risco alto e cobertura menor,137,0.5365610718727112,0.540146,746.0264,1.0,2.1367205671564067,0.0,1.46,4.38,4.38,18.25,26.28,23.36,13.14,6.57,2.19
2202505,PI,Nordeste,2,risco alto e cobertura menor,118,0.6092084050178528,0.4930729,741.8092,0.8939393939393939,2.0718820073061255,0.0,0.0,8.31,14.25,15.61,14.23,20.91,15.07,10.0,1.63
2202653,PI,Nordeste,2,risco alto e cobertura menor,43,0.2036360651254654,0.4624146,733.11053,0.9772727272727273,1.6334684555795864,0.0,4.7,4.7,18.79,14.02,16.21,23.18,13.71,2.35,2.35
2202778,PI,Nordeste,2,risco alto e cobertura menor,56,0.598697304725647,0.4284262,745.38464,0.9491525423728814,1.7481880270062005,0.0,0.0,3.66,3.66,23.22,28.41,12.44,19.72,7.09,1.81
2202901,PI,Nordeste,2,risco alto e cobertura menor,265,0.47758227586746216,0.3778437,734.8758,0.9706959706959707,2.423245873936808,0.0,2.71,5.28,15.94,21.59,20.82,10.88,13.5,6.18,3.1
2203255,PI,Nordeste,2,risco alto e cobertura menor,41,0.3261353075504303,0.2756396,726.8311,0.9111111111111111,1.6127838567197355,0.0,2.22,7.46,21.58,16.62,30.02,9.54,10.19,0.0,2.36
2203271,PI,Nordeste,2,risco alto e cobertura menor,73,0.1610175520181656,0.48352242,738.32355,0.9864864864864865,1.863322860120456,0.0,2.7,8.21,16.22,13.72,17.88,13.83,13.83,12.27,1.35
2203354,PI,Nordeste,2,risco alto e cobertura menor,44,0.3322747051715851,0.11964786,703.8347,0.88,1.6434526764861874,0.0,11.6,10.36,21.82,29.49,14.76,11.96,0.0,0.0,0.0
2203503,PI,Nordeste,2,risco alto e cobertura menor,92,0.5008561015129089,0.5107527,738.7435,0.989247311827957,1.9637878273455553,0.0,5.59,6.45,7.63,17.42,16.24,20.65,14.19,11.83,0.0
2203750,PI,Nordeste,2,risco alto e cobertura menor,25,0.36650243401527405,0.52,736.63116,1.0,1.3979400086720377,0.0,8.0,4.0,8.0,16.0,16.0,36.0,4.0,4.0,4.0
2203800,PI,Nordeste,2,risco alto e cobertura menor,54,0.46792423725128174,0.43259627,731.3425,0.9642857142857143,1.7323937598229686,0.0,0.0,7.81,13.17,26.79,19.87,18.08,10.71,3.57,0.0
2203909,PI,Nordeste,2,risco alto e cobertura menor,526,0.49110639095306396,0.5337157,745.7066,0.9342806394316163,2.7209857441537393,0.0,2.48,4.64,7.1,15.42,23.79,20.94,14.54,8.68,2.41
2204105,PI,Nordeste,2,risco alto e cobertura menor,62,0.4726853370666504,0.32386994,730.9781,0.9841269841269841,1.792391689498254,0.0,0.0,3.17,17.57,30.69,21.06,9.63,14.71,3.17,0.0
2204204,PI,Nordeste,2,risco alto e cobertura menor,42,0.4397241771221161,0.4877551,739.4006,0.8571428571428571,1.6232492903979006,0.0,4.08,2.65,7.24,18.06,28.37,20.2,14.29,5.1,0.0
2204352,PI,Nordeste,2,risco alto e cobertura menor,43,0.19470015168190002,0.5358282,743.9292,0.9148936170212766,1.6334684555795864,0.0,0.0,2.25,7.0,21.0,27.73,21.03,16.5,4.49,0.0
2204402,PI,Nordeste,2,risco alto e cobertura menor,136,0.3128589689731598,0.3923611,735.5279,0.9645390070921985,2.1335389083702174,0.0,1.42,5.11,10.18,31.67,17.56,12.67,11.71,8.95,0.74
2204659,PI,Nordeste,2,risco alto e cobertura menor,148,0.39886537194252014,0.34831965,724.61884,0.9487179487179487,2.1702617153949575,0.0,3.85,11.81,14.41,20.06,20.93,13.73,11.71,2.83,0.67
2204907,PI,Nordeste,2,risco alto e cobertura menor,90,0.2784521281719208,0.34444445,722.20245,1.0,1.954242509439325,0.0,6.67,8.89,14.44,18.89,24.44,16.67,7.78,2.22,0.0
2205458,PI,Nordeste,2,risco alto e cobertura menor,45,0.38268887996673584,0.43804574,733.7674,0.9375,1.6532125137753437,0.0,2.21,11.04,13.53,15.59,18.35,21.84,6.51,8.84,2.08
2205508,PI,Nordeste,2,risco alto e cobertura menor,451,0.4982403516769409,0.42975956,733.5062,0.9740820734341252,2.6541765418779604,0.0,3.08,6.46,12.19,17.93,25.37,19.71,10.41,3.96,0.88
2205581,PI,Nordeste,2,risco alto e cobertura menor,55,0.07170338183641434,0.44866863,734.1012,0.8461538461538461,1.7403626894942439,0.0,3.85,9.37,12.48,20.36,12.67,18.13,17.89,3.36,1.89
2205706,PI,Nordeste,2,risco alto e cobertura menor,305,0.6234965920448303,0.5161092,741.95874,0.9355828220858896,2.484299839346786,0.0,3.93,5.32,9.3,15.23,19.45,22.79,13.44,8.16,2.36
2205805,PI,Nordeste,2,risco alto e cobertura menor,209,0.5216054320335388,0.5515781,748.5192,0.9952380952380953,2.3201462861110542,0.0,0.98,2.89,5.74,22.1,18.18,23.9,13.37,10.0,2.84
2205854,PI,Nordeste,2,risco alto e cobertura menor,102,0.5868504047393799,0.5588235,742.77527,1.0,2.0086001717619175,0.0,2.94,4.9,10.78,15.69,17.65,23.53,17.65,4.9,1.96
2206050,PI,Nordeste,2,risco alto e cobertura menor,43,0.4595474898815155,0.6063369,749.079,0.9772727272727273,1.6334684555795864,0.0,0.0,0.0,11.52,23.2,16.3,30.33,9.33,7.05,2.27
2206100,PI,Nordeste,2,risco alto e cobertura menor,111,0.244072824716568,0.5204207,739.7334,0.9736842105263158,2.0453229787866576,0.0,2.78,8.06,11.65,12.87,17.96,22.61,15.16,8.04,0.88
2206357,PI,Nordeste,2,risco alto e cobertura menor,12,0.375,0.3333333,723.88837,0.9230769230769231,1.0791812460476249,0.0,8.33,8.33,8.33,0.0,50.0,16.67,8.33,0.0,0.0
2206407,PI,Nordeste,2,risco alto e cobertura menor,122,0.6032828092575073,0.42484316,734.4159,0.9457364341085271,2.0863598306747484,0.0,3.18,7.99,13.01,19.23,19.99,18.56,9.75,5.89,2.4
2206654,PI,Nordeste,2,risco alto e cobertura menor,72,0.23688644170761108,0.19387887,710.3262,0.935064935064935,1.8573324964312685,0.0,7.14,17.69,15.26,24.13,17.68,9.78,8.32,0.0,0.0
2206670,PI,Nordeste,2,risco alto e cobertura menor,77,0.28853538632392883,0.4003545,730.6544,0.9746835443037974,1.8864907251724818,0.0,2.63,9.05,19.57,19.65,16.75,9.14,14.1,6.51,2.58
2206704,PI,Nordeste,2,risco alto e cobertura menor,48,0.4693363606929779,0.38988808,729.1255,0.96,1.6812412373755872,0.0,4.67,8.67,12.33,18.67,18.67,16.0,17.0,4.0,0.0
2206720,PI,Nordeste,2,risco alto e cobertura menor,128,0.7761052250862122,0.521163,743.7224,0.9696969696969697,2.1072099696478683,0.0,1.52,3.13,7.89,22.86,19.38,18.72,19.35,6.39,0.76
2206803,PI,Nordeste,2,risco alto e cobertura menor,158,0.6417858004570007,0.4556962,738.8354,1.0,2.1986570869544226,0.0,1.9,2.53,10.76,17.09,27.85,24.68,10.76,2.53,1.9
2207306,PI,Nordeste,2,risco alto e cobertura menor,64,0.5176470279693604,0.453125,735.747,1.0,1.806179973983887,0.0,4.69,7.81,14.06,12.5,21.88,12.5,17.19,9.38,0.0
2207504,PI,Nordeste,2,risco alto e cobertura menor,150,0.509403645992279,0.46162543,733.0342,0.9433962264150944,2.1760912590556813,0.0,1.42,9.91,15.62,18.78,13.39,19.87,13.21,7.81,0.0
2207553,PI,Nordeste,2,risco alto e cobertura menor,34,1.0,0.49799886,743.5638,0.9714285714285714,1.5314789170422551,0.0,2.86,3.06,14.9,20.41,11.84,17.55,14.69,11.84,2.86
2207603,PI,Nordeste,2,risco alto e cobertura menor,117,0.6765673756599426,0.47343814,740.4548,0.9435483870967742,2.0681858617461617,0.0,0.85,5.08,6.19,23.21,24.23,18.49,17.88,4.07,0.0
2207702,PI,Nordeste,2,risco alto e cobertura menor,1474,0.3099774420261383,0.3844727,730.373,0.8794749403341289,3.1684974835230326,0.0,4.65,9.11,12.1,19.5,20.16,15.77,11.74,5.35,1.62
2207793,PI,Nordeste,2,risco alto e cobertura menor,27,1.0,0.5185185,735.60925,0.9642857142857143,1.4313637641589874,0.0,0.0,11.11,3.7,25.93,18.52,29.63,11.11,0.0,0.0
2207801,PI,Nordeste,2,risco alto e cobertura menor,236,0.450470507144928,0.5047538,741.05176,0.9516129032258065,2.3729120029701067,0.0,2.48,6.32,10.63,17.77,17.44,21.02,12.68,9.6,2.05
2207900,PI,Nordeste,2,risco alto e cobertura menor,367,0.2509192228317261,0.41972896,731.1335,0.9314720812182741,2.5646660642520893,0.0,3.45,8.09,14.86,16.84,21.51,15.81,13.01,6.15,0.27
2207934,PI,Nordeste,2,risco alto e cobertura menor,23,0.3777293264865875,0.47353068,735.61584,0.9583333333333334,1.3617278360175928,0.0,4.17,0.0,13.26,26.52,22.35,16.67,12.5,4.55,0.0
2207959,PI,Nordeste,2,risco alto e cobertura menor,63,0.48107585310935974,0.49102265,741.9431,0.984375,1.7993405494535817,0.0,0.0,6.25,11.09,17.56,25.45,17.56,10.94,8.04,3.12
2208007,PI,Nordeste,2,risco alto e cobertura menor,528,0.5293792486190796,0.54923373,747.12415,0.8979591836734694,2.722633922533812,0.0,0.98,4.69,8.55,15.67,20.69,22.91,15.26,8.96,2.29
2208205,PI,Nordeste,2,risco alto e cobertura menor,197,0.3526853621006012,0.58156735,750.68036,0.985,2.294466226161593,0.0,2.5,6.64,7.73,13.23,16.32,21.75,13.09,13.16,5.58
2208403,PI,Nordeste,2,risco alto e cobertura menor,728,0.33144640922546387,0.5459818,745.7741,0.9771812080536912,2.862131379313037,0.0,2.73,5.8,9.92,14.76,17.42,20.66,14.61,10.8,3.29
2208502,PI,Nordeste,2,risco alto e cobertura menor,155,0.40096405148506165,0.36039725,733.1349,0.9627329192546584,2.1903316981702914,0.0,3.22,4.35,12.12,25.36,24.72,14.08,10.25,3.93,1.97
2208601,PI,Nordeste,2,risco alto e cobertura menor,50,0.14281046390533447,0.47924826,737.4709,0.9803921568627451,1.6989700043360187,0.0,4.07,7.92,11.91,16.12,14.09,25.85,9.95,10.09,0.0
2208809,PI,Nordeste,2,risco alto e cobertura menor,161,0.40853554010391235,0.31327188,726.1743,0.9698795180722891,2.2068258760318495,0.0,4.92,7.56,14.34,26.32,19.16,12.25,8.65,4.35,2.45
2208874,PI,Nordeste,2,risco alto e cobertura menor,31,0.5778059959411621,0.5483871,742.90936,1.0,1.4913616938342726,0.0,0.0,0.0,12.9,25.81,22.58,16.13,16.13,3.23,3.23
2209005,PI,Nordeste,2,risco alto e cobertura menor,67,0.48608964681625366,0.41791046,735.3324,1.0,1.8260748027008264,0.0,5.97,2.99,13.43,13.43,26.87,14.93,17.91,2.99,1.49
2209377,PI,Nordeste,2,risco alto e cobertura menor,44,0.6094318628311157,0.51609325,743.2718,0.9777777777777777,1.6434526764861874,0.0,0.0,6.98,6.98,20.74,20.42,20.32,15.66,8.89,0.0
2209658,PI,Nordeste,2,risco alto e cobertura menor,57,0.33639705181121826,0.36864772,730.931,0.9827586206896551,1.7558748556724915,0.0,3.53,5.25,7.06,28.0,19.29,26.27,7.14,3.45,0.0
2209872,PI,Nordeste,2,risco alto e cobertura menor,45,0.2694641947746277,0.43486628,740.29553,0.8653846153846154,1.6532125137753437,0.0,0.0,6.85,16.03,22.73,15.38,10.83,17.36,10.82,0.0
2210409,PI,Nordeste,2,risco alto e cobertura menor,104,0.29916292428970337,0.45192307,743.5196,1.0,2.0170333392987803,0.0,0.96,4.81,17.31,16.35,17.31,14.42,12.5,11.54,4.81
2210623,PI,Nordeste,2,risco alto e cobertura menor,56,0.2602909803390503,0.5,734.0075,1.0,1.7481880270062005,0.0,10.71,8.93,7.14,12.5,14.29,23.21,12.5,10.71,0.0
2210904,PI,Nordeste,2,risco alto e cobertura menor,26,0.6842800378799438,0.30863282,713.3817,0.9629629629629629,1.414973347970818,0.0,7.41,22.63,8.23,19.34,15.64,18.93,7.82,0.0,0.0
2210938,PI,Nordeste,2,risco alto e cobertura menor,62,0.2705565094947815,0.5581214,749.0326,0.96875,1.792391689498254,0.0,1.56,3.29,8.31,14.56,16.45,30.51,15.62,8.14,1.56
2210979,PI,Nordeste,2,risco alto e cobertura menor,20,0.5833333134651184,0.5,732.196,0.9523809523809523,1.3010299956639813,0.0,10.0,10.0,10.0,15.0,10.0,20.0,20.0,5.0,0.0
2211001,PI,Nordeste,2,risco alto e cobertura menor,6908,0.4821335971355438,0.5757615,751.09515,0.9180066445182724,3.839352328895421,0.01833625,1.27,3.14,7.02,14.85,21.92,21.3,18.04,9.37,3.08
2211100,PI,Nordeste,2,risco alto e cobertura menor,487,0.26825904846191406,0.352059,726.7347,0.9329501915708812,2.6875289612146345,0.0,4.27,9.22,13.99,24.36,17.95,13.33,11.56,3.78,1.54
2211209,PI,Nordeste,2,risco alto e cobertura menor,280,0.2778368890285492,0.31543693,722.39264,0.958904109589041,2.4471580313422194,0.0,5.46,13.68,12.2,20.22,20.78,14.15,7.89,4.22,1.4
2211308,PI,Nordeste,2,risco alto e cobertura menor,184,0.5193943977355957,0.42126405,734.239,0.934010152284264,2.2648178230095364,0.0,3.71,7.75,11.14,20.21,17.19,17.65,15.01,5.23,2.11
2211357,PI,Nordeste,2,risco alto e cobertura menor,48,0.2595936357975006,0.3125,728.7806,1.0,1.6812412373755872,0.0,0.0,4.17,12.5,33.33,25.0,14.58,10.42,0.0,0.0
2211506,PI,Nordeste,2,risco alto e cobertura menor,35,0.944444477558136,0.4857143,743.99316,1.0,1.5440680443502757,0.0,2.86,2.86,11.43,8.57,34.29,14.29,14.29,8.57,2.86
2211704,PI,Nordeste,2,risco alto e cobertura menor,35,0.3760416507720947,0.54285717,744.054,1.0,1.5440680443502757,0.0,2.86,5.71,14.29,11.43,17.14,20.0,14.29,8.57,5.71
2307304,CE,Nordeste,2,risco alto e cobertura menor,2361,0.6056004166603088,0.59483916,750.4761,0.9853923205342237,3.373095987078727,0.0,5.42,6.87,9.85,10.3,12.19,15.55,18.63,13.79,7.41
2400109,RN,Nordeste,2,risco alto e cobertura menor,93,0.44065210223197937,0.38193825,727.38464,0.8303571428571429,1.968482948553935,0.0,3.01,15.04,13.18,20.12,15.32,13.91,9.55,9.87,0.0
2400208,RN,Nordeste,2,risco alto e cobertura menor,325,0.41809776425361633,0.40362525,733.61804,0.7471264367816092,2.5118833609788744,0.048382647,3.7,8.98,11.87,20.07,19.06,14.3,10.52,8.33,3.17
2400307,RN,Nordeste,2,risco alto e cobertura menor,60,0.37330493330955505,0.49278232,734.9563,0.6976744186046512,1.7781512503836436,0.27904537,6.47,4.88,16.32,12.88,20.31,20.44,10.13,3.32,5.26
2400406,RN,Nordeste,2,risco alto e cobertura menor,29,0.33287331461906433,0.39672923,729.75323,0.8787878787878788,1.462397997898956,0.0,7.0,7.0,13.99,18.36,20.41,16.04,10.2,3.79,3.21
2400505,RN,Nordeste,2,risco alto e cobertura menor,134,0.17758359014987946,0.5896631,751.6255,0.8758169934640523,2.1271047983648077,0.0,1.45,0.78,4.99,13.86,27.53,24.02,17.15,8.82,1.4
2400604,RN,Nordeste,2,risco alto e cobertura menor,52,0.25544649362564087,0.41172108,738.60315,0.9629629629629629,1.7160033436347992,0.48071215,3.86,4.01,11.27,26.23,17.44,15.59,7.87,9.72,4.01
2400703,RN,Nordeste,2,risco alto e cobertura menor,137,0.4844190180301666,0.52521795,750.1536,0.8838709677419355,2.1367205671564067,0.0,2.88,3.56,11.07,16.93,14.46,15.05,15.46,15.58,5.0
2400802,RN,Nordeste,2,risco alto e cobertura menor,89,0.2833210229873657,0.5515163,751.03546,0.839622641509434,1.9493900066449128,0.39611977,0.0,4.46,4.34,20.39,19.06,20.49,16.12,13.2,1.93
2400901,RN,Nordeste,2,risco alto e cobertura menor,48,0.4097508192062378,0.5107078,745.29193,0.8727272727272727,1.6812412373755872,0.32776767,0.0,0.0,12.45,22.05,20.24,22.16,14.63,6.66,1.82
2401008,RN,Nordeste,2,risco alto e cobertura menor,195,0.37335094809532166,0.45167884,734.72266,0.8478260869565217,2.290034611362518,0.16979817,5.33,9.91,10.82,16.58,17.48,16.76,13.0,7.19,2.93
2401107,RN,Nordeste,2,risco alto e cobertura menor,176,0.49543479084968567,0.41197574,729.3756,0.7521367521367521,2.24551266781415,0.21333392,5.52,13.18,11.56,16.93,15.99,14.28,12.73,8.32,1.47
2401206,RN,Nordeste,2,risco alto e cobertura menor,149,0.2474924623966217,0.31226584,721.4771,0.8232044198895028,2.173186268412274,0.0,7.81,12.71,14.19,19.94,17.44,11.52,9.85,4.04,2.51
2401305,RN,Nordeste,2,risco alto e cobertura menor,71,0.3321737051010132,0.43780518,732.5126,0.9102564102564102,1.8512583487190752,0.0,1.56,10.25,14.21,17.46,16.77,20.85,10.73,8.18,0.0
2401404,RN,Nordeste,2,risco alto e cobertura menor,74,0.2601104974746704,0.35351646,717.19696,0.8131868131868132,1.8692317197309762,0.0,15.06,8.33,16.0,18.38,10.47,17.04,4.85,6.74,3.13
2401453,RN,Nordeste,2,risco alto e cobertura menor,183,0.32018527388572693,0.44476092,741.4617,0.8551401869158879,2.2624510897304293,0.0,1.51,6.09,10.53,18.25,24.13,15.12,12.62,6.88,4.88
2401602,RN,Nordeste,2,risco alto e cobertura menor,55,0.14886106550693512,0.29300314,722.409,0.8208955223880597,1.7403626894942439,0.0,5.39,7.5,15.29,26.99,19.29,10.71,13.19,1.64,0.0
2401701,RN,Nordeste,2,risco alto e cobertura menor,94,0.2919323444366455,0.50859654,739.13116,0.7121212121212122,1.9731278535996986,0.37892905,10.2,9.86,3.25,13.4,14.83,17.71,13.52,14.34,2.89
2401800,RN,Nordeste,2,risco alto e cobertura menor,103,0.35073432326316833,0.5221848,741.89386,0.6821192052980133,2.012837224705172,0.38405085,3.7,7.59,16.89,8.7,18.22,13.29,15.83,9.97,5.81
2401859,RN,Nordeste,2,risco alto e cobertura menor,65,0.31196650862693787,0.26446083,723.03864,0.7738095238095238,1.8129133566428555,0.0,4.74,3.11,20.12,22.25,29.36,13.28,3.06,0.0,4.08
2401909,RN,Nordeste,2,risco alto e cobertura menor,51,0.5919528007507324,0.36914954,727.2031,0.9272727272727272,1.7075701760979363,0.3086869,4.03,2.0,13.76,37.27,9.85,17.42,9.97,3.88,1.82
2402006,RN,Nordeste,2,risco alto e cobertura menor,309,0.3706016540527344,0.4728626,740.20056,0.8046875,2.4899584794248346,0.18231253,2.34,5.78,11.89,17.76,19.39,19.74,14.03,6.9,2.17
2402105,RN,Nordeste,2,risco alto e cobertura menor,52,0.24078834056854248,0.39739257,740.3868,0.8387096774193549,1.7160033436347992,0.0,1.96,3.8,15.65,25.23,15.45,9.22,11.38,13.36,3.95
2402204,RN,Nordeste,2,risco alto e cobertura menor,309,0.37711015343666077,0.3226425,723.927,0.8465753424657534,2.4899584794248346,0.0,3.2,10.7,17.21,23.87,15.61,15.56,10.39,2.79,0.67
2402303,RN,Nordeste,2,risco alto e cobertura menor,125,0.26214084029197693,0.41720298,728.1125,0.8389261744966443,2.0969100130080562,0.3285063,4.68,13.97,14.91,13.95,14.53,17.85,9.66,7.57,2.86
2402402,RN,Nordeste,2,risco alto e cobertura menor,58,0.6551799774169922,0.29878485,718.9681,0.8285714285714286,1.7634279935629373,0.0,10.42,4.29,16.43,19.35,26.19,11.37,8.33,3.63,0.0
2402501,RN,Nordeste,2,risco alto e cobertura menor,72,0.3279227018356323,0.4836512,737.1205,0.8181818181818182,1.8573324964312685,0.28474113,6.38,10.1,8.73,13.63,15.25,20.3,14.0,7.83,3.78
2402600,RN,Nordeste,2,risco alto e cobertura menor,654,0.2216636836528778,0.34662548,725.17633,0.7266666666666667,2.815577748324267,0.23759274,5.36,9.19,12.78,24.98,18.45,14.43,9.98,3.68,1.16
2402709,RN,Nordeste,2,risco alto e cobertura menor,99,0.6046401858329773,0.40948668,733.6025,0.9,1.99563519459755,0.0,6.92,8.31,13.11,14.8,17.85,9.26,16.77,10.96,2.01
2402808,RN,Nordeste,2,risco alto e cobertura menor,40,0.4068833589553833,0.32644904,718.68646,0.8888888888888888,1.6020599913279623,0.0,7.45,17.28,12.61,7.45,32.51,10.08,10.08,2.54,0.0
2402907,RN,Nordeste,2,risco alto e cobertura menor,40,0.2378503382205963,0.47817588,736.66815,0.8695652173913043,1.6020599913279623,0.0,7.25,9.86,9.86,15.36,14.78,15.36,12.46,9.86,5.22
2403004,RN,Nordeste,2,risco alto e cobertura menor,72,0.6510356664657593,0.58266276,751.18854,0.8780487804878049,1.8573324964312685,0.2321385,4.42,4.11,8.91,22.81,4.23,14.94,14.64,16.61,9.34
2403103,RN,Nordeste,2,risco alto e cobertura menor,257,0.39449241757392883,0.46211222,738.4242,0.8481848184818482,2.4099331233312946,0.092673264,3.96,6.58,9.69,18.75,18.59,16.97,16.04,7.47,1.95
2403202,RN,Nordeste,2,risco alto e cobertura menor,44,0.5387649536132812,0.5296941,749.6911,0.88,1.6434526764861874,0.0,0.0,4.38,19.87,18.15,9.08,13.77,9.39,13.61,11.74
2403251,RN,Nordeste,2,risco alto e cobertura menor,1330,0.4430275559425354,0.35272834,726.7477,0.7247956403269755,3.123851640967086,0.0,6.29,9.52,14.65,20.77,17.23,13.41,9.23,6.33,2.56
2403400,RN,Nordeste,2,risco alto e cobertura menor,47,0.20517846941947937,0.59170985,749.81305,0.8103448275862069,1.6720978579357175,0.0,6.47,12.45,6.73,8.8,12.6,12.97,17.26,12.45,10.26
2403509,RN,Nordeste,2,risco alto e cobertura menor,72,0.1809217780828476,0.47093806,736.6387,0.8089887640449438,1.8573324964312685,0.0,1.12,9.87,11.22,11.26,25.06,22.09,14.32,5.06,0.0
2403608,RN,Nordeste,2,risco alto e cobertura menor,578,0.49694475531578064,0.3418195,724.82605,0.774798927613941,2.761927838420529,0.09665915,3.94,12.88,15.61,19.03,19.7,12.87,9.31,4.98,1.67
2403707,RN,Nordeste,2,risco alto e cobertura menor,47,0.5435723662376404,0.5170204,736.47,0.94,1.6720978579357175,0.0,6.57,10.29,14.29,6.29,14.86,17.14,21.71,4.57,4.29
2403756,RN,Nordeste,2,risco alto e cobertura menor,29,0.32836225628852844,0.62507355,747.5193,0.8529411764705882,1.462397997898956,0.46968806,3.11,0.0,13.26,10.15,21.91,27.34,17.19,7.04,0.0
2403806,RN,Nordeste,2,risco alto e cobertura menor,50,0.3387854993343353,0.39814177,740.729,0.8620689655172413,1.6989700043360187,0.37783894,0.0,5.82,8.09,22.17,30.27,9.87,14.08,5.82,3.88
2404002,RN,Nordeste,2,risco alto e cobertura menor,44,0.39892464876174927,0.53225803,744.3436,0.8461538461538461,1.6434526764861874,0.2688172,2.15,4.3,8.6,22.58,14.52,19.89,9.14,16.13,2.69
2404101,RN,Nordeste,2,risco alto e cobertura menor,35,0.38333335518836975,0.5521355,742.33203,0.8333333333333334,1.5440680443502757,0.0,2.75,6.35,9.52,14.89,16.65,24.38,16.36,9.1,0.0
2404200,RN,Nordeste,2,risco alto e cobertura menor,373,0.22524069249629974,0.3532312,730.7743,0.8288888888888889,2.571708831808688,0.0,2.85,5.3,10.35,27.57,24.79,16.08,6.71,5.23,1.1
2404309,RN,Nordeste,2,risco alto e cobertura menor,77,0.5310218930244446,0.5053322,741.44916,0.8555555555555555,1.8864907251724818,0.29993334,2.57,8.68,19.71,8.75,12.87,10.55,19.65,13.27,3.96
2404507,RN,Nordeste,2,risco alto e cobertura menor,138,0.5237419009208679,0.43149242,739.0771,0.7666666666666667,2.1398790864012365,0.0,0.61,5.96,13.25,23.55,18.18,15.34,13.1,7.97,2.04
2404606,RN,Nordeste,2,risco alto e cobertura menor,122,0.4368911385536194,0.30353433,718.6102,0.7922077922077922,2.0863598306747484,0.07133576,9.55,9.82,16.28,17.49,21.16,13.12,4.69,7.13,0.75
2404705,RN,Nordeste,2,risco alto e cobertura menor,130,0.180236354470253,0.40899435,736.9207,0.8125,2.113943352306837,0.16239849,2.96,4.33,9.7,25.78,19.21,14.36,15.91,4.14,3.62
2404804,RN,Nordeste,2,risco alto e cobertura menor,9,0.5,0.22222221,719.6655,0.6923076923076923,0.9542425094393249,0.0,0.0,22.22,0.0,33.33,22.22,11.11,0.0,11.11,0.0
2404853,RN,Nordeste,2,risco alto e cobertura menor,65,0.5695466995239258,0.4001667,731.9463,0.7738095238095238,1.8129133566428555,0.0,2.9,4.43,20.13,19.27,22.47,11.97,5.97,11.07,1.79
2404903,RN,Nordeste,2,risco alto e cobertura menor,47,0.5470858812332153,0.5097235,736.694,0.8392857142857143,1.6720978579357175,0.41106156,5.69,4.47,15.97,10.18,16.53,28.71,12.75,3.8,1.9
2405009,RN,Nordeste,2,risco alto e cobertura menor,79,0.48608070611953735,0.4268512,729.95636,0.8876404494382022,1.8976270912904414,0.26941258,5.21,13.94,8.97,16.49,15.19,20.08,12.5,6.42,1.2
2405108,RN,Nordeste,2,risco alto e cobertura menor,60,0.32204386591911316,0.28220773,713.43286,0.8333333333333334,1.7781512503836436,0.2640411,10.58,11.15,19.78,18.11,19.04,14.59,5.26,1.49,0.0
2405207,RN,Nordeste,2,risco alto e cobertura menor,43,0.2870211601257324,0.37223616,721.9772,0.9772727272727273,1.6334684555795864,0.3191247,9.4,4.55,18.57,18.65,16.3,20.85,6.97,0.0,4.7
2405306,RN,Nordeste,2,risco alto e cobertura menor,41,0.45476096868515015,0.20548567,713.6213,0.6212121212121212,1.6127838567197355,0.0,7.41,16.06,8.76,30.08,19.47,11.52,6.7,0.0,0.0
2405405,RN,Nordeste,2,risco alto e cobertura menor,57,0.1649012416601181,0.25765845,714.4305,0.8636363636363636,1.7558748556724915,0.42371854,5.46,13.96,26.24,10.35,23.12,11.79,7.47,1.6,0.0
2405504,RN,Nordeste,2,risco alto e cobertura menor,38,0.165507972240448,0.31589448,718.6488,0.8444444444444444,1.5797835966168101,0.0,7.89,5.26,13.15,34.22,15.79,15.78,2.63,5.27,0.0
2405603,RN,Nordeste,2,risco alto e cobertura menor,97,0.30881378054618835,0.5662927,749.56995,0.7950819672131147,1.9867717342662448,0.22930147,3.29,3.17,6.69,13.97,19.31,16.15,28.56,5.62,3.24
2405801,RN,Nordeste,2,risco alto e cobertura menor,277,0.22560244798660278,0.3588084,724.8048,0.8005780346820809,2.4424797690644486,0.0,3.97,11.26,14.8,23.28,15.97,15.6,9.3,3.31,2.49
2405900,RN,Nordeste,2,risco alto e cobertura menor,18,0.46153849363327026,0.38888887,723.5439,0.8181818181818182,1.255272505103306,0.0,5.56,16.67,22.22,11.11,5.56,22.22,0.0,11.11,5.56
2406007,RN,Nordeste,2,risco alto e cobertura menor,42,0.28679928183555603,0.49958405,736.9383,0.875,1.6232492903979006,0.0,7.19,2.4,14.29,19.02,14.29,19.0,9.5,7.13,7.19
2406106,RN,Nordeste,2,risco alto e cobertura menor,112,0.2874636948108673,0.46299407,740.2384,0.8549618320610687,2.0492180226701815,0.07622463,1.81,4.32,10.63,22.14,19.0,22.15,8.28,7.97,3.7
2406155,RN,Nordeste,2,risco alto e cobertura menor,15,0.5454545617103577,0.33333334,728.616,0.7894736842105263,1.1760912590556813,0.0,0.0,6.67,13.33,33.33,33.33,0.0,6.67,0.0,6.67
2406205,RN,Nordeste,2,risco alto e cobertura menor,45,0.24783137440681458,0.29131147,716.0981,0.7377049180327869,1.6532125137753437,0.4267213,8.83,10.94,17.73,17.73,15.66,17.95,8.93,2.24,0.0
2406304,RN,Nordeste,2,risco alto e cobertura menor,49,0.47723713517189026,0.28934413,724.07214,0.7777777777777778,1.6901960800285136,0.0,0.0,12.17,18.24,23.14,19.75,17.73,1.69,5.08,2.2
2406403,RN,Nordeste,2,risco alto e cobertura menor,27,0.4166666567325592,0.2967324,724.43036,0.7941176470588235,1.4313637641589874,0.0,10.99,10.99,10.71,14.84,30.22,3.57,11.26,3.57,3.85
2406502,RN,Nordeste,2,risco alto e cobertura menor,161,0.3471429944038391,0.35618582,720.1148,0.8702702702702703,2.2068258760318495,0.0,10.43,10.44,14.66,18.81,12.53,18.41,11.03,2.47,1.23
2406700,RN,Nordeste,2,risco alto e cobertura menor,75,0.26571252942085266,0.33670175,723.2287,0.78125,1.8750612633917,0.14584851,8.53,7.62,17.91,21.91,12.88,11.4,9.46,9.1,1.19
2406809,RN,Nordeste,2,risco alto e cobertura menor,32,0.2796631455421448,0.4746253,726.41254,0.8421052631578947,1.505149978319906,0.0,15.45,12.47,6.23,9.22,12.47,18.97,15.99,9.22,0.0
2406908,RN,Nordeste,2,risco alto e cobertura menor,21,0.22786357998847961,0.42857143,736.4433,0.84,1.3222192947339193,0.0,9.52,4.76,23.81,14.29,4.76,9.52,9.52,19.05,4.76
2407005,RN,Nordeste,2,risco alto e cobertura menor,70,0.3214772641658783,0.39012662,728.70483,0.8860759493670886,1.845098040014257,0.35544303,7.31,11.6,9.8,19.47,15.55,18.53,5.85,8.83,3.05
2407104,RN,Nordeste,2,risco alto e cobertura menor,556,0.28098610043525696,0.30434555,722.1684,0.72870249017038,2.7450747915820575,0.08389684,3.86,9.15,19.3,20.75,21.77,13.3,7.31,2.91,1.65
2407203,RN,Nordeste,2,risco alto e cobertura menor,179,0.30905503034591675,0.324317,720.55945,0.8099547511312217,2.2528530309798933,0.1852204,7.83,9.42,21.45,17.96,14.33,13.71,8.62,3.99,2.69
2407302,RN,Nordeste,2,risco alto e cobertura menor,38,0.251729816198349,0.26785713,707.6729,0.9047619047619048,1.5797835966168101,0.47619048,12.5,18.45,21.43,18.45,5.36,12.5,2.98,2.98,5.36
2407401,RN,Nordeste,2,risco alto e cobertura menor,90,0.4115643799304962,0.54914534,744.96136,0.8737864077669902,1.954242509439325,0.16462705,2.18,4.51,10.63,16.58,16.65,23.25,17.33,4.53,4.35
2407500,RN,Nordeste,2,risco alto e cobertura menor,98,0.3909987211227417,0.3510511,726.155,0.8376068376068376,1.9912260756924949,0.0,5.67,10.97,9.66,23.1,23.26,13.28,9.64,3.13,1.28
2407609,RN,Nordeste,2,risco alto e cobertura menor,38,0.17112299799919128,0.2631579,711.72296,0.7755102040816326,1.5797835966168101,0.0,7.73,18.26,19.23,15.47,20.73,10.85,2.79,4.94,0.0
2407708,RN,Nordeste,2,risco alto e cobertura menor,120,0.5868886709213257,0.44207937,733.8258,0.8450704225352113,2.0791812460476247,0.0,5.9,5.96,19.29,14.73,14.2,14.24,11.59,10.82,3.26
2407807,RN,Nordeste,2,risco alto e cobertura menor,209,0.5917245149612427,0.5097479,745.90155,0.8781512605042017,2.3201462861110542,0.0,3.37,2.09,9.14,17.26,21.07,17.4,17.09,8.21,4.38
2407906,RN,Nordeste,2,risco alto e cobertura menor,31,0.333267480134964,0.32910645,729.5262,0.9117647058823529,1.4913616938342726,0.0,0.0,18.96,6.67,22.08,22.71,6.67,12.92,10.0,0.0
2408003,RN,Nordeste,2,risco alto e cobertura menor,1621,0.3632310628890991,0.4369665,736.5319,0.7815814850530376,3.209783014848515,0.38576365,4.27,7.1,13.0,18.4,17.96,15.7,12.15,7.47,3.94
2408102,RN,Nordeste,2,risco alto e cobertura menor,3717,0.37343209981918335,0.36322716,726.7261,0.6801463860933211,3.570192561095726,0.25193897,6.05,8.92,15.4,20.56,17.42,13.65,10.21,5.16,2.61
2408201,RN,Nordeste,2,risco alto e cobertura menor,287,0.3202420771121979,0.49044672,742.0149,0.7994428969359332,2.4578818967339924,0.04470254,4.2,6.53,12.51,15.62,15.62,17.1,14.65,7.05,6.72
2408300,RN,Nordeste,2,risco alto e cobertura menor,176,0.4011818468570709,0.27742738,720.1283,0.8110599078341014,2.24551266781415,0.11021593,6.45,11.9,14.35,24.16,19.1,12.49,4.98,4.13,2.44
2408409,RN,Nordeste,2,risco alto e cobertura menor,13,0.24172626435756683,0.30769232,736.4915,1.0,1.1139433523068367,0.0,0.0,0.0,23.08,23.08,30.77,7.69,0.0,7.69,7.69
2408607,RN,Nordeste,2,risco alto e cobertura menor,35,0.4835411310195923,0.2759682,713.71985,0.8974358974358975,1.5440680443502757,0.0,8.67,10.74,22.95,26.98,9.16,5.13,6.11,10.26,0.0
2408706,RN,Nordeste,2,risco alto e cobertura menor,14,0.13333331048488617,0.14285715,700.6886,0.7,1.146128035678238,0.0,14.29,21.43,14.29,21.43,14.29,7.14,7.14,0.0,0.0
2408805,RN,Nordeste,2,risco alto e cobertura menor,60,0.4699646532535553,0.2826261,716.0214,0.8,1.7781512503836436,0.0,10.25,10.38,15.23,24.7,12.9,8.29,12.07,6.17,0.0
2408953,RN,Nordeste,2,risco alto e cobertura menor,88,0.14857982099056244,0.31571314,721.61676,0.7096774193548387,1.9444826721501687,0.0,5.93,7.69,18.75,26.03,15.73,15.28,6.92,1.34,2.33
2409100,RN,Nordeste,2,risco alto e cobertura menor,99,0.19726574420928955,0.42711946,731.59247,0.7983870967741935,1.99563519459755,0.12898281,6.17,8.06,11.26,19.22,18.69,14.74,14.75,5.09,2.01
2409209,RN,Nordeste,2,risco alto e cobertura menor,24,0.4742457866668701,0.5068664,744.07587,0.75,1.380211241711606,0.0,0.0,0.0,3.99,16.67,42.01,25.35,7.99,3.99,0.0
2409308,RN,Nordeste,2,risco alto e cobertura menor,85,0.3046756982803345,0.32380676,721.1017,0.8173076923076923,1.9294189257142926,0.13471903,5.99,11.61,15.51,21.21,20.15,13.97,5.38,4.82,1.35
2409332,RN,Nordeste,2,risco alto e cobertura menor,23,0.4793202579021454,0.43405148,721.13525,0.6052631578947368,1.3617278360175928,0.0,13.2,12.98,17.67,4.25,12.75,21.7,13.2,0.0,4.25
2409407,RN,Nordeste,2,risco alto e cobertura menor,210,0.397023469209671,0.4108279,730.9066,0.8203125,2.322219294733919,0.53151953,6.94,9.59,12.7,17.73,15.23,12.38,14.82,7.9,2.7
2409506,RN,Nordeste,2,risco alto e cobertura menor,40,0.4556516408920288,0.44506592,736.2761,0.8,1.6020599913279623,0.0,8.82,2.94,12.4,22.63,15.98,10.23,13.81,7.29,5.88
2409605,RN,Nordeste,2,risco alto e cobertura menor,16,0.42105260491371155,0.375,732.9725,0.9411764705882353,1.2041199826559248,0.0,6.25,0.0,18.75,18.75,31.25,12.5,0.0,12.5,0.0
2409704,RN,Nordeste,2,risco alto e cobertura menor,36,0.23197834193706512,0.34719014,715.66156,0.9230769230769231,1.5563025007672873,0.30767262,8.62,18.18,15.85,14.22,20.05,8.86,8.62,5.59,0.0
2409803,RN,Nordeste,2,risco alto e cobertura menor,80,0.22711214423179626,0.24054684,708.7589,0.7766990291262136,1.9030899869919435,0.49544314,8.48,11.33,32.74,15.85,10.07,12.43,5.66,2.11,1.33
2409902,RN,Nordeste,2,risco alto e cobertura menor,115,0.40874597430229187,0.33296534,728.18243,0.8455882352941176,2.060697840353612,0.0,4.26,9.04,9.51,21.23,28.77,11.96,11.85,1.7,1.67
2410009,RN,Nordeste,2,risco alto e cobertura menor,19,0.5145825147628784,0.6315789,751.0626,1.0,1.2787536009528289,0.0,10.53,0.0,5.26,15.79,15.79,10.53,21.05,15.79,5.26
2410108,RN,Nordeste,2,risco alto e cobertura menor,65,0.10405334085226059,0.2534981,718.9506,0.6632653061224489,1.8129133566428555,0.0,7.05,8.01,26.15,20.4,16.9,6.26,8.49,5.14,1.6
2410256,RN,Nordeste,2,risco alto e cobertura menor,40,0.5842955112457275,0.42472458,739.445,0.8163265306122449,1.6020599913279623,0.0,0.0,2.69,14.7,24.74,20.42,17.03,12.37,5.37,2.69
2410306,RN,Nordeste,2,risco alto e cobertura menor,66,0.2951928675174713,0.40453607,729.85657,0.6804123711340206,1.8195439355418688,0.0,3.09,11.48,10.38,20.41,16.8,18.73,14.81,1.55,2.75
2410405,RN,Nordeste,2,risco alto e cobertura menor,96,0.36606624722480774,0.3383128,723.17523,0.768,1.9822712330395684,0.1599297,5.18,7.09,19.95,24.56,14.62,16.82,6.77,3.91,1.09
2410504,RN,Nordeste,2,risco alto e cobertura menor,33,0.36817243695259094,0.39273185,724.1942,0.825,1.5185139398778875,0.3,8.65,9.17,21.23,12.44,9.24,24.18,5.84,2.95,6.29
2410702,RN,Nordeste,2,risco alto e cobertura menor,16,0.20949751138687134,0.375,733.03625,0.8,1.2041199826559248,0.0,0.0,12.5,12.5,18.75,18.75,12.5,25.0,0.0,0.0
2410900,RN,Nordeste,2,risco alto e cobertura menor,79,0.41267144680023193,0.25679088,716.755,0.797979797979798,1.8976270912904414,0.17196809,3.72,3.81,30.0,25.99,16.21,12.17,7.04,1.08,0.0
2411007,RN,Nordeste,2,risco alto e cobertura menor,44,0.2525556683540344,0.45221913,736.0789,0.88,1.6434526764861874,0.21991204,4.6,11.55,11.39,20.59,11.24,13.75,11.39,11.07,4.42
2411056,RN,Nordeste,2,risco alto e cobertura menor,38,0.4063820540904999,0.33599734,719.082,0.6333333333333333,1.5797835966168101,0.4995005,8.06,18.89,10.56,21.39,10.0,12.78,12.78,2.78,2.78
2411106,RN,Nordeste,2,risco alto e cobertura menor,20,0.582330584526062,0.35,727.19604,0.7407407407407407,1.3010299956639813,0.0,10.0,5.0,20.0,20.0,25.0,5.0,0.0,10.0,5.0
2411205,RN,Nordeste,2,risco alto e cobertura menor,374,0.21321144700050354,0.34641337,720.0934,0.8165938864628821,2.5728716022004803,0.05876187,10.46,11.07,17.73,15.81,13.67,13.64,9.99,5.77,1.85
2411403,RN,Nordeste,2,risco alto e cobertura menor,59,0.33135268092155457,0.59540635,745.8097,0.8676470588235294,1.7708520116421442,0.6326561,4.77,3.7,14.91,10.17,13.86,20.68,23.59,4.93,3.4
2411429,RN,Nordeste,2,risco alto e cobertura menor,22,0.5233990550041199,0.40909088,731.6777,0.8148148148148148,1.3424226808222062,0.0,0.0,9.09,18.18,13.64,22.73,18.18,18.18,0.0,0.0
2411502,RN,Nordeste,2,risco alto e cobertura menor,145,0.6711107492446899,0.3560096,726.3923,0.847953216374269,2.161368002234975,0.4802412,4.02,11.31,9.56,25.89,19.82,16.58,9.36,2.83,0.63
2411601,RN,Nordeste,2,risco alto e cobertura menor,56,0.5770690441131592,0.32169208,729.2652,0.9180327868852459,1.7481880270062005,0.0,3.57,3.73,16.08,26.58,21.52,12.43,8.94,7.15,0.0
2411700,RN,Nordeste,2,risco alto e cobertura menor,42,0.33349230885505676,0.3362573,723.1122,0.875,1.6232492903979006,0.0,2.26,2.26,24.59,23.15,26.27,14.41,7.06,0.0,0.0
2412005,RN,Nordeste,2,risco alto e cobertura menor,712,0.5111817717552185,0.33420262,729.0034,0.7705627705627706,2.8524799936368566,0.07903308,4.57,6.24,14.08,23.77,23.35,10.23,11.07,4.29,2.4
2412203,RN,Nordeste,2,risco alto e cobertura menor,541,0.3329828083515167,0.33924326,721.9496,0.8038632986627043,2.7331972651065692,0.095039226,5.59,10.79,18.31,21.17,16.33,12.76,9.34,4.01,1.7
2412302,RN,Nordeste,2,risco alto e cobertura menor,92,0.2986394464969635,0.495524,745.35834,0.8070175438596491,1.9637878273455553,0.26329646,0.0,3.57,14.72,15.72,23.88,16.52,13.26,7.12,5.22
2412401,RN,Nordeste,2,risco alto e cobertura menor,36,0.36302825808525085,0.5643143,738.3642,0.9,1.5563025007672873,0.0,5.53,5.31,10.84,11.06,16.59,25.66,16.81,8.19,0.0
2412500,RN,Nordeste,2,risco alto e cobertura menor,217,0.39828652143478394,0.4485282,737.3634,0.8930041152263375,2.3364597338485296,0.0,3.96,8.69,13.94,19.21,13.95,13.01,13.52,9.68,4.04
2412559,RN,Nordeste,2,risco alto e cobertura menor,81,0.3346671760082245,0.30543464,721.6375,0.75,1.9084850188786497,0.0,3.58,10.27,12.88,26.43,19.78,16.18,7.2,2.37,1.32
2412609,RN,Nordeste,2,risco alto e cobertura menor,114,0.5423645377159119,0.3691252,724.87415,0.6627906976744186,2.0569048513364727,0.0,10.75,7.02,11.75,17.92,18.54,18.34,11.05,3.82,0.82
2412708,RN,Nordeste,2,risco alto e cobertura menor,29,0.3444038927555084,0.25029713,715.83826,0.6904761904761905,1.462397997898956,0.5005943,4.55,16.41,12.88,41.16,2.78,8.33,8.33,0.0,5.56
2412807,RN,Nordeste,2,risco alto e cobertura menor,41,0.19797179102897644,0.2544634,716.4882,0.803921568627451,1.6127838567197355,0.0,10.08,11.04,15.12,29.16,9.13,9.13,10.21,6.13,0.0
2412906,RN,Nordeste,2,risco alto e cobertura menor,63,0.21912617981433868,0.49124855,740.959,0.8181818181818182,1.7993405494535817,0.23337229,3.18,3.23,7.97,20.6,28.55,11.31,18.81,6.35,0.0
2413003,RN,Nordeste,2,risco alto e cobertura menor,48,0.5767462849617004,0.4995447,740.0531,0.8727272727272727,1.6812412373755872,0.5099253,2.04,6.21,18.92,12.51,18.72,18.62,10.48,6.21,6.31
2413102,RN,Nordeste,2,risco alto e cobertura menor,57,0.504623293876648,0.2542252,707.58813,0.6785714285714286,1.7558748556724915,0.30956918,8.32,25.84,12.46,17.7,12.08,14.35,7.58,1.67,0.0
2413201,RN,Nordeste,2,risco alto e cobertura menor,51,0.23891085386276245,0.27454135,716.9091,0.8225806451612904,1.7075701760979363,0.0,7.66,17.49,9.76,25.71,15.79,7.93,13.64,0.0,2.02
2413300,RN,Nordeste,2,risco alto e cobertura menor,43,0.26923075318336487,0.42068154,733.1953,0.8431372549019608,1.6334684555795864,0.0,2.29,13.86,11.63,20.72,16.47,9.22,11.7,11.76,2.35
2413359,RN,Nordeste,2,risco alto e cobertura menor,88,0.3270268440246582,0.27695507,720.1684,0.704,1.9444826721501687,0.0,5.15,14.53,11.31,18.03,28.28,12.72,6.13,2.41,1.44
2413409,RN,Nordeste,2,risco alto e cobertura menor,48,0.25833335518836975,0.3156674,719.6708,0.8571428571428571,1.6812412373755872,0.0,4.18,12.38,22.63,10.48,24.98,12.68,10.55,2.13,0.0
2413508,RN,Nordeste,2,risco alto e cobertura menor,56,0.561992347240448,0.48068857,740.97394,0.8115942028985508,1.7481880270062005,0.0,1.52,7.1,5.87,22.26,23.35,21.62,9.47,7.0,1.81
2413557,RN,Nordeste,2,risco alto e cobertura menor,43,0.5603647828102112,0.61778504,748.2777,0.8775510204081632,1.6334684555795864,0.3457067,2.04,13.33,7.08,8.92,16.54,16.96,16.06,14.23,4.83
2413607,RN,Nordeste,2,risco alto e cobertura menor,73,0.7153517603874207,0.47870722,734.35614,0.9240506329113924,1.863322860120456,0.0,0.0,13.49,12.13,19.13,11.61,21.59,16.81,5.24,0.0
2413706,RN,Nordeste,2,risco alto e cobertura menor,39,0.28743621706962585,0.48745522,743.11774,0.9285714285714286,1.591064607026499,0.0,2.58,5.14,15.37,7.67,20.5,25.64,12.85,5.14,5.11
2413904,RN,Nordeste,2,risco alto e cobertura menor,93,0.35919034481048584,0.37300563,728.9386,0.8017241379310345,1.968482948553935,0.3880984,10.69,7.38,11.96,19.53,18.89,9.05,12.46,3.84,6.21
2414001,RN,Nordeste,2,risco alto e cobertura menor,137,0.42695313692092896,0.39867714,729.8865,0.8011695906432749,2.1367205671564067,0.28026223,5.09,7.12,13.65,20.66,16.54,18.94,9.96,6.51,1.53
2414100,RN,Nordeste,2,risco alto e cobertura menor,99,0.3776409327983856,0.5297248,746.42566,0.908256880733945,1.99563519459755,0.11889909,3.0,11.05,6.07,10.93,20.1,18.14,13.35,11.12,6.23
2414159,RN,Nordeste,2,risco alto e cobertura menor,52,0.4462292194366455,0.37192327,730.428,0.8813559322033898,1.7160033436347992,0.0,0.0,12.16,18.29,15.12,20.63,17.3,11.16,1.94,3.39
2414209,RN,Nordeste,2,risco alto e cobertura menor,216,0.17583265900611877,0.2501053,714.56384,0.8275862068965517,2.3344537511509307,0.0,6.53,13.51,20.18,19.16,21.16,10.53,5.5,1.67,1.77
2414308,RN,Nordeste,2,risco alto e cobertura menor,15,0.2083333432674408,0.4,724.058,1.0,1.1760912590556813,0.0,13.33,0.0,20.0,13.33,20.0,13.33,6.67,13.33,0.0
2414407,RN,Nordeste,2,risco alto e cobertura menor,278,0.24956099689006805,0.38899028,731.9056,0.8057971014492754,2.444044795918076,0.07840071,4.34,6.64,14.84,21.97,18.34,14.39,10.41,5.53,3.55
2414456,RN,Nordeste,2,risco alto e cobertura menor,37,0.2469611018896103,0.1095176,697.77014,0.8043478260869565,1.568201724066995,0.0,10.95,10.95,32.34,25.85,11.45,5.47,2.99,0.0,0.0
2414506,RN,Nordeste,2,risco alto e cobertura menor,30,0.330403596162796,0.46973684,738.447,0.7894736842105263,1.4771212547196624,0.60526305,6.05,0.0,20.0,16.97,10.0,20.92,19.08,3.03,3.95
2414605,RN,Nordeste,2,risco alto e cobertura menor,60,0.2875324487686157,0.36686593,730.11053,0.6896551724137931,1.7781512503836436,0.34398717,1.64,6.94,22.0,16.34,24.81,13.28,6.75,8.24,0.0
2414704,RN,Nordeste,2,risco alto e cobertura menor,35,0.17248964309692383,0.4567929,740.87994,0.7777777777777778,1.5440680443502757,0.0,0.0,2.92,11.34,25.7,17.17,8.53,25.7,5.83,2.81
2414753,RN,Nordeste,2,risco alto e cobertura menor,13,0.4117647111415863,0.53846157,757.43463,1.0,1.1139433523068367,0.0,0.0,7.69,7.69,15.38,15.38,15.38,0.0,30.77,7.69
2414803,RN,Nordeste,2,risco alto e cobertura menor,132,0.5871338248252869,0.4354388,732.5633,0.8198757763975155,2.12057393120585,0.0,5.8,7.41,14.82,14.86,18.36,18.34,12.23,5.44,2.74
2415008,RN,Nordeste,2,risco alto e cobertura menor,50,0.19379064440727234,0.3904286,730.1573,0.8064516129032258,1.6989700043360187,0.0,6.57,6.57,12.53,14.72,26.11,15.45,11.56,2.15,4.34
2500106,PB,Nordeste,2,risco alto e cobertura menor,87,0.47628241777420044,0.5265564,748.9578,0.9456521739130435,1.9395192526186185,0.0,0.0,1.13,8.05,24.27,17.35,21.74,18.32,5.74,3.4
2500304,PB,Nordeste,2,risco alto e cobertura menor,312,0.3117554783821106,0.28471103,722.38385,0.8364611260053619,2.494154594018443,0.0,3.13,10.55,15.29,24.51,22.62,12.12,8.33,3.45,0.0
2500502,PB,Nordeste,2,risco alto e cobertura menor,141,0.5728846788406372,0.5309275,745.96747,0.94,2.1492191126553797,0.0,1.4,1.39,10.43,18.25,22.42,20.6,13.86,9.49,2.16
2500536,PB,Nordeste,2,risco alto e cobertura menor,87,0.42624664306640625,0.4586238,737.1888,0.9775280898876404,1.9395192526186185,0.0,4.53,9.16,16.16,17.36,9.17,16.23,10.36,15.91,1.12
2500577,PB,Nordeste,2,risco alto e cobertura menor,52,0.4431818127632141,0.5016399,747.0206,0.896551724137931,1.7160033436347992,0.0,1.78,3.57,5.35,15.85,28.96,11.02,29.28,4.2,0.0
2500601,PB,Nordeste,2,risco alto e cobertura menor,216,0.5733325481414795,0.3074104,717.92474,0.8709677419354839,2.3344537511509307,0.0,9.33,12.19,16.37,19.33,15.2,11.58,8.17,5.36,2.46
2500734,PB,Nordeste,2,risco alto e cobertura menor,29,0.8526569604873657,0.4180882,717.277,0.9354838709677419,1.462397997898956,0.0,20.43,10.22,10.22,13.73,10.33,14.08,10.44,10.56,0.0
2500809,PB,Nordeste,2,risco alto e cobertura menor,104,0.6402685642242432,0.4784056,743.8707,0.8888888888888888,2.0170333392987803,0.0,3.7,5.87,11.23,15.85,20.05,16.29,10.06,11.11,5.85
2500908,PB,Nordeste,2,risco alto e cobertura menor,53,0.35346361994743347,0.5289318,750.666,0.9814814814814815,1.724275869600789,0.0,0.0,1.93,9.5,20.45,17.07,20.77,19.0,9.42,1.85
2501005,PB,Nordeste,2,risco alto e cobertura menor,133,0.3518388867378235,0.40507174,728.20557,0.8866666666666667,2.123851640967086,0.0,6.16,12.48,11.88,16.74,15.25,17.57,13.21,4.42,2.3
2501153,PB,Nordeste,2,risco alto e cobertura menor,22,0.25,0.36363637,723.45593,1.0,1.3424226808222062,0.0,4.55,4.55,13.64,36.36,4.55,18.18,18.18,0.0,0.0
2501302,PB,Nordeste,2,risco alto e cobertura menor,203,0.679535448551178,0.44445458,741.27466,0.9269406392694064,2.307496037913213,0.0,3.85,6.79,9.78,18.74,20.93,12.57,11.34,10.47,5.53
2501401,PB,Nordeste,2,risco alto e cobertura menor,148,0.2172756940126419,0.44758427,739.8963,0.9487179487179487,2.1702617153949575,0.0,0.0,2.97,11.11,24.48,22.69,20.79,11.33,5.32,1.31
2501500,PB,Nordeste,2,risco alto e cobertura menor,148,0.5103535056114197,0.5492815,748.8918,0.9367088607594937,2.1702617153949575,0.0,0.72,3.46,6.95,19.47,18.56,23.28,17.42,8.71,1.44
2501575,PB,Nordeste,2,risco alto e cobertura menor,61,0.28039267659187317,0.49164712,752.8576,0.953125,1.7853298350107671,0.0,0.0,3.34,6.47,22.99,21.26,14.59,13.12,10.0,8.23
2501609,PB,Nordeste,2,risco alto e cobertura menor,76,0.5638791918754578,0.45829546,737.8988,0.8636363636363636,1.8808135922807914,0.0,1.39,5.19,7.89,26.61,18.31,21.84,13.6,5.16,0.0
2501807,PB,Nordeste,2,risco alto e cobertura menor,428,0.35428234934806824,0.38093495,728.6294,0.7838827838827839,2.6314437690131722,0.069607265,4.27,8.45,12.66,23.31,18.74,14.62,12.96,3.91,1.08
2501906,PB,Nordeste,2,risco alto e cobertura menor,99,0.568006694316864,0.34721205,728.67694,0.908256880733945,1.99563519459755,0.0,1.83,11.94,7.08,27.99,22.22,17.89,5.01,4.99,1.05
2502003,PB,Nordeste,2,risco alto e cobertura menor,55,0.575041651725769,0.40064332,734.89636,0.9821428571428571,1.7403626894942439,0.0,1.79,11.05,9.15,23.44,21.88,9.15,18.08,5.47,0.0
2502102,PB,Nordeste,2,risco alto e cobertura menor,50,0.2857843339443207,0.47715056,734.4893,0.9615384615384616,1.6989700043360187,0.0,4.07,3.93,11.94,20.27,22.0,23.84,7.95,3.93,2.06
2502151,PB,Nordeste,2,risco alto e cobertura menor,73,0.6856821775436401,0.4948209,746.09314,0.9125,1.863322860120456,0.0,0.0,1.32,7.88,21.3,29.76,18.17,12.1,8.16,1.32
2502300,PB,Nordeste,2,risco alto e cobertura menor,38,0.6538957953453064,0.4525,742.913,0.8636363636363636,1.5797835966168101,0.0,2.46,0.0,2.88,23.06,31.3,26.31,8.24,2.88,2.88
2502508,PB,Nordeste,2,risco alto e cobertura menor,95,0.3800039291381836,0.37628278,728.802,0.8333333333333334,1.9777236052888478,0.0,4.81,10.26,18.36,14.26,18.99,16.11,6.05,9.88,1.28
2502805,PB,Nordeste,2,risco alto e cobertura menor,97,0.5357436537742615,0.5158604,748.53143,0.8584070796460177,1.9867717342662448,0.0,0.94,0.95,8.47,19.25,22.16,21.62,15.24,9.23,2.15
2503001,PB,Nordeste,2,risco alto e cobertura menor,241,0.3778170049190521,0.2982065,724.42676,0.909433962264151,2.3820170425748683,0.0,3.9,8.2,16.93,27.68,16.28,13.57,7.72,4.94,0.78
2503209,PB,Nordeste,2,risco alto e cobertura menor,565,0.4893956184387207,0.57356435,753.39105,0.9083601286173634,2.7520484478194387,0.022482015,1.61,3.84,11.49,14.28,15.7,16.89,14.75,13.13,8.31
2503308,PB,Nordeste,2,risco alto e cobertura menor,59,0.42048537731170654,0.52234924,743.4705,0.855072463768116,1.7708520116421442,0.0,5.69,5.69,5.69,9.01,30.04,14.86,14.67,14.37,0.0
2503407,PB,Nordeste,2,risco alto e cobertura menor,40,0.6388888955116272,0.525,748.1175,1.0,1.6020599913279623,0.0,5.0,2.5,5.0,25.0,12.5,17.5,17.5,10.0,5.0
2503555,PB,Nordeste,2,risco alto e cobertura menor,105,0.32542684674263,0.47886664,743.6749,0.9813084112149533,2.0211892990699383,0.0,0.93,2.8,16.02,17.88,15.4,17.37,19.18,8.54,1.87
2503704,PB,Nordeste,2,risco alto e cobertura menor,484,0.534456193447113,0.5407631,749.50323,0.9080675422138836,2.6848453616444123,0.09583929,2.91,5.24,7.36,14.69,18.92,19.04,15.57,10.89,5.39
2503803,PB,Nordeste,2,risco alto e cobertura menor,45,0.5491573214530945,0.3241301,721.1806,0.8490566037735849,1.6532125137753437,0.0,2.29,9.16,18.39,26.34,15.69,24.36,1.89,1.89,0.0
2504009,PB,Nordeste,2,risco alto e cobertura menor,2736,0.4279528856277466,0.4878263,742.73,0.8547328959700093,3.4371160930480786,0.05209589,2.47,5.45,10.84,18.2,18.09,17.61,14.84,9.79,2.71
2504306,PB,Nordeste,2,risco alto e cobertura menor,221,0.5520541071891785,0.45820433,737.73926,0.8666666666666667,2.3443922736851106,0.0,4.65,4.97,10.06,17.3,22.13,18.93,13.48,6.33,2.16
2504504,PB,Nordeste,2,risco alto e cobertura menor,52,0.5624048709869385,0.46126387,742.85443,0.9285714285714286,1.7160033436347992,0.0,0.0,0.0,9.73,21.17,30.63,20.99,15.5,0.0,1.98
2504702,PB,Nordeste,2,risco alto e cobertura menor,32,0.49321267008781433,0.40713707,736.9033,0.8648648648648649,1.505149978319906,0.0,3.12,3.13,15.61,15.64,24.97,18.75,9.39,9.39,0.0
2504801,PB,Nordeste,2,risco alto e cobertura menor,106,0.6706669330596924,0.4871098,743.13214,0.9298245614035088,2.0253058652647704,0.0,3.75,2.85,6.64,20.72,24.87,19.62,11.22,7.56,2.79
2504900,PB,Nordeste,2,risco alto e cobertura menor,115,0.5448004007339478,0.4762959,747.09955,0.8778625954198473,2.060697840353612,0.0,1.78,3.38,12.24,18.31,18.46,14.03,12.81,15.52,3.47
2505204,PB,Nordeste,2,risco alto e cobertura menor,57,0.29251018166542053,0.24790595,710.9204,0.8382352941176471,1.7558748556724915,0.0,6.8,18.81,12.25,24.83,16.12,14.14,7.06,0.0,0.0
2505238,PB,Nordeste,2,risco alto e cobertura menor,65,0.10333863645792007,0.22190097,713.4122,0.7831325301204819,1.8129133566428555,0.0,7.93,9.7,27.88,18.3,14.02,10.61,7.13,4.42,0.0
2505279,PB,Nordeste,2,risco alto e cobertura menor,27,0.5714285969734192,0.5555556,745.44446,1.0,1.4313637641589874,0.0,0.0,3.7,11.11,18.52,18.52,18.52,14.81,14.81,0.0
2505352,PB,Nordeste,2,risco alto e cobertura menor,49,0.37728121876716614,0.50866944,747.23,0.9245283018867925,1.6901960800285136,0.0,2.0,4.13,6.13,24.51,14.37,18.25,20.5,8.12,2.0
2505402,PB,Nordeste,2,risco alto e cobertura menor,66,0.5012677907943726,0.457772,734.9392,0.9565217391304348,1.8195439355418688,0.0,4.55,4.55,10.55,19.45,22.67,15.03,17.0,4.61,1.58
2505501,PB,Nordeste,2,risco alto e cobertura menor,24,0.4409736096858978,0.5831733,741.7145,0.9230769230769231,1.380211241711606,0.0,4.2,8.34,8.34,16.62,16.78,20.82,16.62,0.0,8.28
2505907,PB,Nordeste,2,risco alto e cobertura menor,21,0.6544166803359985,0.3809524,742.7372,1.0,1.3222192947339193,0.0,0.0,0.0,4.76,33.33,23.81,23.81,4.76,9.52,0.0
2506103,PB,Nordeste,2,risco alto e cobertura menor,60,0.607071042060852,0.4167402,732.152,0.8823529411764706,1.7781512503836436,0.0,1.76,8.41,18.4,20.75,12.53,19.76,10.96,1.56,5.88
2506301,PB,Nordeste,2,risco alto e cobertura menor,422,0.3611821234226227,0.5962225,753.1232,0.8921775898520085,2.625312450961674,0.0,1.77,2.76,6.58,15.62,19.5,20.07,16.71,13.15,3.85
2506400,PB,Nordeste,2,risco alto e cobertura menor,87,0.35096272826194763,0.27024463,720.4904,0.9157894736842105,1.9395192526186185,0.0,3.49,13.35,13.61,28.94,17.2,12.4,6.54,3.42,1.05
2506707,PB,Nordeste,2,risco alto e cobertura menor,100,0.6312648057937622,0.42270598,739.0994,0.9174311926605505,2.0,0.24763481,2.88,7.9,13.11,17.94,17.75,10.78,16.12,10.61,2.91
2506806,PB,Nordeste,2,risco alto e cobertura menor,128,0.5731313824653625,0.47240505,735.3662,0.810126582278481,2.1072099696478683,0.0,1.48,7.15,14.3,17.01,20.2,22.68,10.9,5.56,0.72
2506905,PB,Nordeste,2,risco alto e cobertura menor,158,0.3324108123779297,0.53692377,739.77423,0.9294117647058824,2.1986570869544226,0.082549386,6.95,4.94,7.16,19.04,14.53,20.66,15.03,11.07,0.62
2507002,PB,Nordeste,2,risco alto e cobertura menor,163,0.17958299815654755,0.48670536,736.98724,0.9367816091954023,2.2121876044039577,0.0,1.82,6.11,17.17,14.54,18.92,20.46,11.64,7.38,1.96
2507200,PB,Nordeste,2,risco alto e cobertura menor,79,0.2332349419593811,0.36626855,724.9598,0.9518072289156626,1.8976270912904414,0.0,5.1,4.94,16.46,26.54,15.2,21.61,6.23,3.9,0.0
2507309,PB,Nordeste,2,risco alto e cobertura menor,113,0.3478128910064697,0.5119924,745.52844,0.8248175182481752,2.0530784434834195,0.0,2.09,5.65,8.62,19.75,18.81,18.32,14.06,10.07,2.64
2507408,PB,Nordeste,2,risco alto e cobertura menor,54,0.5344851613044739,0.23829989,713.5052,0.8571428571428571,1.7323937598229686,0.0,8.99,9.82,16.45,29.61,12.97,10.66,9.63,0.0,1.86
2507507,PB,Nordeste,2,risco alto e cobertura menor,5447,0.4838326573371887,0.55143535,749.3059,0.8278115501519757,3.736157375273132,0.096158884,2.34,4.8,9.02,15.68,17.67,18.33,15.95,11.16,5.06
2507606,PB,Nordeste,2,risco alto e cobertura menor,50,0.28856682777404785,0.3580712,723.3548,0.9433962264150944,1.6989700043360187,0.0,11.7,5.79,6.04,29.37,17.61,14.78,5.91,8.81,0.0
2507705,PB,Nordeste,2,risco alto e cobertura menor,150,0.5094656944274902,0.45471168,735.4716,0.9146341463414634,2.1760912590556813,0.0,3.62,9.44,9.91,23.08,9.85,21.27,12.36,7.2,3.26
2507903,PB,Nordeste,2,risco alto e cobertura menor,110,0.46314626932144165,0.45718703,742.3682,0.8943089430894309,2.041392685158225,0.15497315,2.68,1.82,6.38,24.78,25.78,16.95,10.84,9.87,0.91
2508000,PB,Nordeste,2,risco alto e cobertura menor,82,0.6604452729225159,0.47764704,741.3269,0.9647058823529412,1.9138138523837167,0.0,4.71,2.35,17.84,15.05,18.65,9.75,17.12,12.18,2.35
2508208,PB,Nordeste,2,risco alto e cobertura menor,68,0.676128625869751,0.42805398,739.1991,0.85,1.8325089127062364,0.0,6.34,5.37,14.16,14.0,18.81,13.95,11.55,11.9,3.92
2508307,PB,Nordeste,2,risco alto e cobertura menor,210,0.6654199361801147,0.46698016,743.619,0.8823529411764706,2.322219294733919,0.0,1.4,3.44,10.47,19.34,21.13,20.18,10.85,9.41,3.77
2508604,PB,Nordeste,2,risco alto e cobertura menor,176,0.47186580300331116,0.44995934,736.5114,0.8421052631578947,2.24551266781415,0.0,4.47,5.41,11.05,17.76,21.39,19.42,11.34,7.59,1.56
2508802,PB,Nordeste,2,risco alto e cobertura menor,59,0.6842839121818542,0.48754287,740.7192,0.921875,1.7708520116421442,0.0,1.65,6.92,13.61,13.29,19.41,16.73,24.95,1.63,1.81
2509057,PB,Nordeste,2,risco alto e cobertura menor,129,0.6007091999053955,0.22132142,715.0022,0.8716216216216216,2.110589710299249,0.23611674,3.9,12.5,19.98,25.79,18.14,12.0,5.47,2.21,0.0
2509206,PB,Nordeste,2,risco alto e cobertura menor,101,0.4426504075527191,0.40685442,739.80096,0.8559322033898306,2.0043213737826426,0.0,0.0,1.02,7.03,26.58,33.36,19.12,10.0,1.86,1.02
2509305,PB,Nordeste,2,risco alto e cobertura menor,178,0.8594167828559875,0.504294,742.508,0.9270833333333334,2.250420002308894,0.0,0.62,6.65,8.11,17.27,24.14,21.44,12.46,8.24,1.06
2509370,PB,Nordeste,2,risco alto e cobertura menor,11,0.4000000059604645,0.18181819,728.2291,0.7857142857142857,1.0413926851582251,0.0,0.0,0.0,18.18,27.27,36.36,9.09,9.09,0.0,0.0
2509909,PB,Nordeste,2,risco alto e cobertura menor,74,0.5878276824951172,0.47268412,740.6619,0.925,1.8692317197309762,0.0,2.81,8.31,12.49,15.6,16.05,22.69,7.69,9.25,5.1
2510204,PB,Nordeste,2,risco alto e cobertura menor,68,0.45952653884887695,0.3804042,726.5556,0.8717948717948718,1.8325089127062364,0.0,1.58,11.69,19.1,14.82,20.53,19.44,11.43,1.41,0.0
2510501,PB,Nordeste,2,risco alto e cobertura menor,46,0.5426125526428223,0.41583568,738.5789,0.92,1.662757831681574,0.0,2.25,2.25,6.43,32.51,21.61,13.14,13.01,8.81,0.0
2510907,PB,Nordeste,2,risco alto e cobertura menor,72,0.6186789870262146,0.40287343,732.9384,0.8571428571428571,1.8573324964312685,0.0,1.27,6.45,18.18,15.48,30.87,11.09,11.25,4.08,1.34
2511202,PB,Nordeste,2,risco alto e cobertura menor,376,0.37304720282554626,0.48589426,742.47284,0.9353233830845771,2.575187844927661,0.0,3.91,3.91,9.77,17.08,21.16,19.53,11.5,9.73,3.4
2511301,PB,Nordeste,2,risco alto e cobertura menor,55,0.48844602704048157,0.38959214,738.47144,0.859375,1.7403626894942439,0.0,1.64,0.0,9.02,25.05,29.27,22.04,11.02,1.95,0.0
2511400,PB,Nordeste,2,risco alto e cobertura menor,191,0.5250777006149292,0.42844787,736.9333,0.9182692307692307,2.2810333672477277,0.0,2.53,7.41,11.71,15.74,24.28,17.05,12.33,7.33,1.63
2511509,PB,Nordeste,2,risco alto e cobertura menor,86,0.6900269389152527,0.3806452,729.04755,0.8958333333333334,1.9344984512435677,0.0,4.7,9.49,10.23,26.77,14.32,15.21,8.97,6.88,3.44
2511806,PB,Nordeste,2,risco alto e cobertura menor,59,0.3462320864200592,0.4149781,736.65173,0.8082191780821918,1.7708520116421442,0.0,1.8,5.22,7.57,25.34,22.29,23.35,7.89,5.12,1.43
2511905,PB,Nordeste,2,risco alto e cobertura menor,182,0.7595536112785339,0.5159269,741.7201,0.8708133971291866,2.2600713879850747,0.0,4.52,3.11,14.55,13.79,14.75,21.66,17.88,8.57,1.16
2512002,PB,Nordeste,2,risco alto e cobertura menor,218,0.42149317264556885,0.5407166,746.9205,0.9121338912133892,2.3384564936046046,0.0,1.41,3.75,8.77,15.83,22.48,22.39,14.87,8.61,1.88
2512606,PB,Nordeste,2,risco alto e cobertura menor,22,0.692307710647583,0.4545455,742.1609,0.9565217391304348,1.3424226808222062,0.0,4.55,0.0,4.55,22.73,31.82,13.64,18.18,4.55,0.0
2512705,PB,Nordeste,2,risco alto e cobertura menor,142,0.5875843167304993,0.49270594,745.3565,0.9161290322580645,2.1522883443830563,0.0,2.61,4.51,6.03,20.7,23.11,13.94,15.05,11.25,2.79
2512721,PB,Nordeste,2,risco alto e cobertura menor,39,0.47411051392555237,0.24013005,714.44275,0.9069767441860465,1.591064607026499,0.0,12.71,9.98,15.18,22.96,15.18,10.64,10.63,0.0,2.71
2512754,PB,Nordeste,2,risco alto e cobertura menor,37,0.44556304812431335,0.4622853,741.4459,0.925,1.568201724066995,0.0,0.0,0.0,13.32,15.96,32.66,24.37,8.17,5.53,0.0
2512788,PB,Nordeste,2,risco alto e cobertura menor,18,0.7857142686843872,0.5555556,738.6389,0.9,1.255272505103306,0.0,5.56,11.11,0.0,22.22,22.22,11.11,16.67,11.11,0.0
2512804,PB,Nordeste,2,risco alto e cobertura menor,56,0.6918962001800537,0.4420635,736.8911,0.8888888888888888,1.7481880270062005,0.0,1.7,3.73,12.27,21.76,18.02,22.78,14.64,5.1,0.0
2512903,PB,Nordeste,2,risco alto e cobertura menor,231,0.7215516567230225,0.46294436,740.0095,0.8918918918918919,2.3636119798921444,0.31676975,3.18,5.54,13.18,19.02,18.94,14.72,12.03,7.68,5.71
2513109,PB,Nordeste,2,risco alto e cobertura menor,37,0.874036967754364,0.4054054,734.1837,0.925,1.568201724066995,0.0,2.71,2.71,13.51,24.33,21.64,21.61,10.8,2.7,0.0
2513158,PB,Nordeste,2,risco alto e cobertura menor,54,0.133799210190773,0.48097408,741.92474,0.9152542372881356,1.7323937598229686,0.0,3.65,11.2,11.26,18.42,11.07,15.04,11.0,12.99,5.37
2513356,PB,Nordeste,2,risco alto e cobertura menor,26,0.526562511920929,0.3901934,737.6622,0.896551724137931,1.414973347970818,0.0,0.0,0.0,15.13,14.66,39.48,19.74,7.33,3.66,0.0
2513406,PB,Nordeste,2,risco alto e cobertura menor,149,0.5805771946907043,0.5405025,745.1776,0.9551282051282052,2.173186268412274,0.0,2.56,1.92,12.96,14.48,17.99,24.28,13.29,11.23,1.28
2513604,PB,Nordeste,2,risco alto e cobertura menor,38,0.32692307233810425,0.52759945,739.74506,0.9743589743589743,1.5797835966168101,0.0,2.56,5.26,0.0,23.48,34.28,15.79,15.92,2.7,0.0
2513703,PB,Nordeste,2,risco alto e cobertura menor,930,0.4156509339809418,0.3938574,731.8899,0.7404458598726115,2.9684829485539352,0.16543172,5.19,7.17,11.89,20.64,21.07,13.76,12.09,6.17,2.02
2513802,PB,Nordeste,2,risco alto e cobertura menor,35,0.40427932143211365,0.4276808,746.8119,0.875,1.5440680443502757,0.0,0.0,0.0,8.5,20.05,34.51,11.3,11.3,11.42,2.92
2513851,PB,Nordeste,2,risco alto e cobertura menor,25,0.4512820541858673,0.35813954,723.62286,0.8928571428571429,1.3979400086720377,0.0,4.08,7.98,24.49,11.87,27.83,11.87,3.9,7.98,0.0
2513901,PB,Nordeste,2,risco alto e cobertura menor,221,0.4245644211769104,0.46859998,739.0215,0.876984126984127,2.3443922736851106,0.0,3.93,3.68,10.98,20.59,20.86,17.55,10.43,9.23,2.74
2514008,PB,Nordeste,2,risco alto e cobertura menor,41,0.29591837525367737,0.6071939,754.8017,0.9761904761904762,1.6127838567197355,0.0,7.65,2.38,7.31,9.86,14.63,21.94,17.01,11.9,7.31
2514107,PB,Nordeste,2,risco alto e cobertura menor,33,0.36734694242477417,0.4838235,749.41815,0.9705882352941176,1.5185139398778875,0.0,0.0,0.0,12.06,12.21,30.44,18.38,17.94,3.09,5.88
2514305,PB,Nordeste,2,risco alto e cobertura menor,57,0.481927752494812,0.523984,739.29724,0.95,1.7558748556724915,0.0,5.5,12.67,1.67,11.94,19.44,21.67,18.33,6.94,1.83
2514404,PB,Nordeste,2,risco alto e cobertura menor,47,0.5629629492759705,0.44795275,738.8806,0.9591836734693877,1.6720978579357175,0.0,2.26,14.93,8.38,14.29,19.66,10.2,15.36,12.89,2.04
2514453,PB,Nordeste,2,risco alto e cobertura menor,56,0.5886428952217102,0.27371186,713.6447,0.9180327868852459,1.7481880270062005,0.0,8.7,12.11,17.91,17.91,23.33,16.52,1.89,0.0,1.64
2514503,PB,Nordeste,2,risco alto e cobertura menor,134,0.34096136689186096,0.55773103,743.786,0.9640287769784173,2.1271047983648077,0.0,4.71,7.62,8.0,14.15,14.09,20.95,17.09,12.64,0.75
2514602,PB,Nordeste,2,risco alto e cobertura menor,31,0.11965811997652054,0.29611078,718.4127,0.9117647058823529,1.4913616938342726,0.0,5.88,13.03,13.03,22.48,19.54,16.6,5.88,0.0,3.57
2514651,PB,Nordeste,2,risco alto e cobertura menor,20,0.4000000059604645,0.29999998,727.73395,0.9523809523809523,1.3010299956639813,0.0,5.0,5.0,10.0,30.0,20.0,10.0,15.0,5.0,0.0
2514701,PB,Nordeste,2,risco alto e cobertura menor,31,0.5151260495185852,0.48549145,739.13837,0.96875,1.4913616938342726,0.0,0.0,6.46,6.46,22.92,32.29,12.5,16.04,3.33,0.0
2514909,PB,Nordeste,2,risco alto e cobertura menor,60,0.3764633238315582,0.49014336,740.894,0.8955223880597015,1.7781512503836436,0.0,6.6,6.42,11.38,16.0,17.36,11.67,13.53,15.21,1.82
2515104,PB,Nordeste,2,risco alto e cobertura menor,74,0.6438977718353271,0.57167596,747.18024,0.9135802469135802,1.8692317197309762,0.0,4.27,6.45,10.63,6.65,18.62,22.99,14.99,12.54,2.85
2515302,PB,Nordeste,2,risco alto e cobertura menor,376,0.33885979652404785,0.3899681,733.24884,0.8826291079812206,2.575187844927661,0.0,4.03,7.35,8.2,21.83,24.32,17.42,11.4,4.43,1.02
2515401,PB,Nordeste,2,risco alto e cobertura menor,81,0.5588057041168213,0.54142857,743.4093,0.9642857142857143,1.9084850188786497,0.0,3.81,2.57,15.95,15.86,10.04,24.91,14.62,9.67,2.57
2515500,PB,Nordeste,2,risco alto e cobertura menor,100,0.5756738185882568,0.54332393,748.49,0.8547008547008547,2.0,0.0,3.8,2.72,3.91,14.77,25.72,23.69,14.95,8.25,2.18
2515609,PB,Nordeste,2,risco alto e cobertura menor,29,0.17391304671764374,0.48941472,733.25116,0.90625,1.462397997898956,0.0,10.1,10.25,6.73,13.61,17.43,17.43,17.43,3.52,3.52
2515971,PB,Nordeste,2,risco alto e cobertura menor,27,0.6000000238418579,0.4074074,742.40594,1.0,1.4313637641589874,0.0,0.0,3.7,11.11,22.22,22.22,11.11,22.22,7.41,0.0
2516003,PB,Nordeste,2,risco alto e cobertura menor,187,0.7856476306915283,0.4572404,738.4622,0.8738317757009346,2.271841606536499,0.0,2.1,7.35,7.45,20.53,22.24,18.52,14.61,5.12,2.09
2516102,PB,Nordeste,2,risco alto e cobertura menor,111,0.3350736200809479,0.47252128,739.16986,0.7872340425531915,2.0453229787866576,0.0,2.63,4.55,6.84,24.23,21.53,23.3,11.51,5.42,0.0
2516755,PB,Nordeste,2,risco alto e cobertura menor,35,0.6215553879737854,0.48734176,743.417,0.8536585365853658,1.5440680443502757,0.0,0.0,8.54,11.37,19.99,20.06,14.34,14.27,5.72,5.72
2516904,PB,Nordeste,2,risco alto e cobertura menor,124,0.931829571723938,0.45075786,742.219,0.9841269841269841,2.093421685162235,0.1111023,1.59,1.59,11.31,21.99,22.48,20.2,13.65,6.35,0.85
2600054,PE,Nordeste,2,risco alto e cobertura menor,722,0.47437793016433716,0.463925,734.5975,0.9036295369211514,2.858537197569639,0.0,2.59,6.73,8.71,20.6,20.78,26.07,12.08,2.01,0.41
2600609,PE,Nordeste,2,risco alto e cobertura menor,171,0.42858943343162537,0.5388036,740.4103,0.9884393063583815,2.2329961103921536,0.0,4.07,3.53,11.67,16.89,16.97,21.02,20.57,4.68,0.6
2600708,PE,Nordeste,2,risco alto e cobertura menor,237,0.5514644384384155,0.3921925,737.7283,0.9367588932806324,2.374748346010104,0.0,0.81,2.37,8.58,27.83,26.01,16.26,15.16,1.75,1.22
2601052,PE,Nordeste,2,risco alto e cobertura menor,221,0.45706918835639954,0.5349458,743.5079,0.9364406779661016,2.3443922736851106,0.0,2.57,3.78,5.73,19.69,19.15,26.34,14.28,7.06,1.4
2601102,PE,Nordeste,2,risco alto e cobertura menor,937,0.5688663125038147,0.5205032,739.69,0.9445564516129032,2.971739590887778,0.0,1.28,4.8,9.91,16.89,21.09,30.52,12.88,1.87,0.75
2601706,PE,Nordeste,2,risco alto e cobertura menor,658,0.496929407119751,0.43918958,729.00464,0.9038461538461539,2.8182258936139557,0.0,5.4,8.59,14.52,15.24,16.18,22.85,12.34,4.01,0.87
2601904,PE,Nordeste,2,risco alto e cobertura menor,401,0.5147363543510437,0.5684426,744.3215,0.9547619047619048,2.603144372620182,0.0,1.27,2.81,8.15,19.05,17.58,30.23,16.68,3.24,0.98
2602001,PE,Nordeste,2,risco alto e cobertura menor,289,0.45227253437042236,0.47326618,728.28613,0.9763513513513513,2.4608978427565478,0.0,5.68,7.05,13.98,18.68,13.17,30.2,10.25,1.01,0.0
2602605,PE,Nordeste,2,risco alto e cobertura menor,420,0.5296011567115784,0.48736414,737.2726,0.963302752293578,2.6232492903979003,0.0,2.86,4.05,10.06,20.18,19.02,26.98,14.98,1.64,0.23
2602803,PE,Nordeste,2,risco alto e cobertura menor,508,0.525436282157898,0.5550694,746.5844,0.9657794676806084,2.7058637122839193,0.0,1.35,3.37,6.21,17.31,21.75,25.71,18.22,5.1,0.98
2602902,PE,Nordeste,2,risco alto e cobertura menor,1976,0.5511832237243652,0.50720406,737.7814,0.9165120593692022,3.295786940251609,0.0,2.73,5.05,9.78,19.63,17.16,28.06,14.31,2.67,0.62
2603207,PE,Nordeste,2,risco alto e cobertura menor,364,0.457793265581131,0.57247674,743.4845,0.9578947368421052,2.561101383649056,0.0,1.68,3.56,7.92,16.19,19.21,33.82,13.32,2.96,1.34
2603306,PE,Nordeste,2,risco alto e cobertura menor,59,0.5734774470329285,0.40677965,724.1734,1.0,1.7708520116421442,0.0,10.17,10.17,11.86,11.86,15.25,27.12,10.17,1.69,1.69
2603454,PE,Nordeste,2,risco alto e cobertura menor,1192,0.5866323709487915,0.5756789,738.7831,0.9385826771653544,3.076276255404218,0.0,5.0,6.55,9.27,11.82,17.7,29.07,16.5,3.51,0.58
2604106,PE,Nordeste,2,risco alto e cobertura menor,3085,0.5494875311851501,0.583695,743.218,0.9323058325778181,3.4892551683692603,0.0,3.8,5.42,9.27,13.4,15.2,25.92,21.01,5.14,0.83
2604205,PE,Nordeste,2,risco alto e cobertura menor,267,0.44603684544563293,0.21830745,717.58856,0.9175257731958762,2.4265112613645754,0.0,4.2,7.46,17.01,30.01,21.65,15.92,3.0,0.36,0.39
2604601,PE,Nordeste,2,risco alto e cobertura menor,203,0.45571210980415344,0.43246865,729.6231,0.9712918660287081,2.307496037913213,0.0,5.35,10.3,6.42,21.32,20.32,20.1,15.24,0.96,0.0
2605202,PE,Nordeste,2,risco alto e cobertura menor,406,0.545141875743866,0.30477306,724.5711,0.9530516431924883,2.6085260335771943,0.0,3.77,5.27,14.19,27.91,22.52,19.57,5.31,1.22,0.23
2605509,PE,Nordeste,2,risco alto e cobertura menor,82,0.5815854072570801,0.41364062,731.05945,0.9534883720930233,1.9138138523837167,0.0,4.98,11.3,9.8,15.61,21.93,16.61,12.29,6.15,1.33
2605707,PE,Nordeste,2,risco alto e cobertura menor,228,0.33420121669769287,0.5170071,739.6842,0.95,2.357934847000454,0.0,3.53,1.72,7.46,19.92,21.82,30.53,11.51,3.51,0.0
2606200,PE,Nordeste,2,risco alto e cobertura menor,702,0.5313946008682251,0.45884064,731.86743,0.8655980271270037,2.846337112129805,0.0,5.05,8.54,12.41,16.67,16.81,22.87,12.47,4.6,0.57
2606408,PE,Nordeste,2,risco alto e cobertura menor,447,0.4225858449935913,0.43108785,727.2453,0.9612903225806452,2.6503075231319366,0.0,6.3,7.21,9.42,17.79,23.98,26.77,7.63,0.9,0.0
2607406,PE,Nordeste,2,risco alto e cobertura menor,35,0.6479417681694031,0.4857143,735.47345,1.0,1.5440680443502757,0.0,2.86,5.71,11.43,22.86,11.43,20.0,25.71,0.0,0.0
2607505,PE,Nordeste,2,risco alto e cobertura menor,205,0.5950253009796143,0.58602124,736.46967,0.9855769230769231,2.311753861055754,0.0,7.89,8.29,8.75,9.24,13.06,30.23,19.6,2.94,0.0
2607604,PE,Nordeste,2,risco alto e cobertura menor,205,0.5317069888114929,0.5058114,740.3439,0.9030837004405287,2.311753861055754,0.0,1.03,2.39,10.73,22.23,18.24,25.56,16.76,2.59,0.47
2607653,PE,Nordeste,2,risco alto e cobertura menor,247,0.4855523407459259,0.4330132,728.6393,0.8401360544217688,2.392696953259666,0.0,2.7,9.98,15.91,19.76,13.65,23.34,10.48,3.35,0.82
2607901,PE,Nordeste,2,risco alto e cobertura menor,4684,0.5724980235099792,0.5497757,741.81555,0.9308426073131956,3.6706168864003255,0.0,3.26,4.51,9.15,17.06,16.15,26.07,18.31,4.86,0.62
2608008,PE,Nordeste,2,risco alto e cobertura menor,131,0.5190125107765198,0.3716303,729.9406,0.9357142857142857,2.1172712956557644,0.0,0.71,1.43,15.75,30.73,22.1,17.76,9.05,2.46,0.0
2608206,PE,Nordeste,2,risco alto e cobertura menor,92,0.49579060077667236,0.47340426,740.6882,0.9787234042553191,1.9637878273455553,0.0,2.13,8.51,5.32,11.7,30.32,19.41,14.36,6.91,1.33
2608404,PE,Nordeste,2,risco alto e cobertura menor,155,0.5345509052276611,0.6063635,742.03564,0.9810126582278481,2.1903316981702914,0.0,6.4,3.28,12.77,7.76,17.56,27.27,16.6,6.37,1.97
2608800,PE,Nordeste,2,risco alto e cobertura menor,407,0.4770723879337311,0.5741769,738.69574,0.9465116279069767,2.60959440922522,0.0,5.26,5.35,9.98,13.1,14.28,32.46,14.97,3.59,1.0
2609154,PE,Nordeste,2,risco alto e cobertura menor,174,0.5689204931259155,0.5289698,742.5099,0.9405405405405406,2.2405492482826,0.0,1.7,1.11,12.04,19.4,18.69,26.57,16.57,2.81,1.11
2609402,PE,Nordeste,2,risco alto e cobertura menor,385,0.5338407158851624,0.43938792,728.8897,0.9577114427860697,2.5854607295085006,0.0,4.46,6.49,12.69,19.28,20.8,25.39,8.56,1.81,0.52
2609501,PE,Nordeste,2,risco alto e cobertura menor,221,0.5474262833595276,0.5695907,744.97974,0.973568281938326,2.3443922736851106,0.0,1.38,5.4,9.17,15.74,17.21,25.46,16.19,8.5,0.95
2609808,PE,Nordeste,2,risco alto e cobertura menor,116,0.45908284187316895,0.5086207,735.40796,1.0,2.0644579892269186,0.0,1.72,8.62,12.07,13.79,20.69,26.72,14.66,1.72,0.0
2609907,PE,Nordeste,2,risco alto e cobertura menor,510,0.3616008162498474,0.3079034,722.2604,0.8916083916083916,2.7075701760979363,0.0,4.39,8.97,14.95,25.39,18.98,16.86,8.86,1.41,0.19
2610400,PE,Nordeste,2,risco alto e cobertura menor,175,0.4866439700126648,0.5891215,740.3191,0.9510869565217391,2.2430380486862944,0.0,3.95,2.89,9.33,12.32,23.4,32.78,13.17,1.63,0.54
2610707,PE,Nordeste,2,risco alto e cobertura menor,2040,0.5154098272323608,0.5494241,740.59143,0.9336384439359268,3.3096301674258988,0.016007174,3.3,5.02,9.87,15.73,16.17,28.28,16.23,4.66,0.74
2610806,PE,Nordeste,2,risco alto e cobertura menor,174,0.470379501581192,0.5486512,739.7688,0.9560439560439561,2.2405492482826,0.0,3.44,5.75,5.07,18.34,19.47,29.61,15.44,2.88,0.0
2611309,PE,Nordeste,2,risco alto e cobertura menor,133,0.4694659411907196,0.4045091,727.33386,0.9172413793103448,2.123851640967086,0.0,6.4,6.47,11.57,24.47,18.33,17.86,12.04,2.17,0.69
2611606,PE,Nordeste,2,risco alto e cobertura menor,10035,0.625382661819458,0.5454927,740.9423,0.9276206322795341,4.001517376823505,0.0055331127,3.08,5.03,10.09,15.53,17.87,25.72,16.86,4.92,0.9
2612505,PE,Nordeste,2,risco alto e cobertura menor,1020,0.5280576944351196,0.55938506,740.43976,0.9298085688240656,3.0086001717619175,0.0,3.96,5.75,10.15,12.15,17.71,27.65,17.64,4.41,0.58
2612554,PE,Nordeste,2,risco alto e cobertura menor,90,0.5891772508621216,0.53129786,740.63116,0.9183673469387755,1.954242509439325,0.0,2.2,6.61,5.53,17.73,21.56,27.61,13.33,4.36,1.06
2613107,PE,Nordeste,2,risco alto e cobertura menor,338,0.4510420560836792,0.5317437,739.31635,0.9854227405247813,2.5289167002776547,0.0,1.81,6.23,10.08,14.86,20.32,28.09,15.05,3.55,0.0
2613206,PE,Nordeste,2,risco alto e cobertura menor,177,0.6080830097198486,0.5446098,744.4148,0.9779005524861878,2.247973266361807,0.0,1.7,5.03,10.04,15.22,18.05,23.16,19.97,5.66,1.15
2613404,PE,Nordeste,2,risco alto e cobertura menor,244,0.41766688227653503,0.3922667,730.7638,0.9420849420849421,2.387389826338729,0.0,2.82,6.22,11.83,18.67,28.15,17.04,12.76,2.51,0.0
2613701,PE,Nordeste,2,risco alto e cobertura menor,951,0.440748006105423,0.5331396,738.31067,0.9305283757338552,2.978180516937414,0.0,3.49,5.97,10.76,14.14,19.23,26.92,15.34,3.08,1.07
2613800,PE,Nordeste,2,risco alto e cobertura menor,136,0.486157089471817,0.4262028,725.0509,0.9645390070921985,2.1335389083702174,0.0,7.98,7.38,15.49,16.17,14.82,25.74,11.68,0.74,0.0
2614303,PE,Nordeste,2,risco alto e cobertura menor,104,0.44180360436439514,0.5697159,743.7123,0.9043478260869565,2.0170333392987803,0.0,1.1,4.0,6.8,24.66,12.33,23.19,24.9,3.02,0.0
2614501,PE,Nordeste,2,risco alto e cobertura menor,286,0.5540880560874939,0.58713037,743.80817,0.8854489164086687,2.456366033129043,0.0,2.35,4.15,9.93,13.81,16.69,28.24,20.06,4.46,0.31
2614709,PE,Nordeste,2,risco alto e cobertura menor,96,0.45923420786857605,0.44008303,723.16406,0.9504950495049505,1.9822712330395684,0.0,9.61,14.8,13.77,4.29,18.74,22.33,13.38,3.08,0.0
2615003,PE,Nordeste,2,risco alto e cobertura menor,235,0.5964571833610535,0.5963497,743.8212,0.94,2.3710678622717363,0.0,4.3,6.11,8.13,10.42,17.78,28.62,19.17,5.04,0.43
2616001,PE,Nordeste,2,risco alto e cobertura menor,109,0.532453715801239,0.5928578,741.5827,0.9646017699115044,2.037426497940624,0.0,1.82,4.52,11.11,14.97,14.74,32.28,16.98,2.65,0.93
2616407,PE,Nordeste,2,risco alto e cobertura menor,1004,0.46088626980781555,0.50653803,735.2172,0.9480642115203022,3.0017337128090005,0.0,3.25,6.64,11.06,16.11,19.97,26.83,12.24,3.59,0.3
2700102,AL,Nordeste,2,risco alto e cobertura menor,150,0.4713889956474304,0.48797536,735.2366,0.9615384615384616,2.1760912590556813,0.0,2.08,7.93,13.93,13.37,21.25,22.73,14.73,3.28,0.7
2700201,AL,Nordeste,2,risco alto e cobertura menor,151,0.5344207286834717,0.45261583,732.5119,0.94375,2.1789769472931693,0.0,7.28,7.87,8.01,13.16,19.75,27.85,9.48,5.98,0.62
2700300,AL,Nordeste,2,risco alto e cobertura menor,2473,0.39436885714530945,0.4375575,729.57263,0.9325037707390649,3.3932241163612975,0.0,6.79,7.83,10.74,15.16,21.96,21.74,11.74,3.18,0.85
2700409,AL,Nordeste,2,risco alto e cobertura menor,433,0.32363608479499817,0.44259036,728.75446,0.9774266365688488,2.6364878963533656,0.0,6.06,7.35,12.44,16.18,22.71,21.71,10.38,2.49,0.68
2700508,AL,Nordeste,2,risco alto e cobertura menor,235,0.30566975474357605,0.32966813,721.1582,0.94,2.3710678622717363,0.0,4.21,11.55,14.47,19.15,24.02,19.57,5.71,1.31,0.0
2700607,AL,Nordeste,2,risco alto e cobertura menor,122,0.31788790225982666,0.390344,723.1351,0.9104477611940298,2.0863598306747484,0.0,9.72,8.93,14.53,14.53,18.18,20.1,10.76,2.44,0.82
2700706,AL,Nordeste,2,risco alto e cobertura menor,146,0.33153313398361206,0.45951816,736.2037,0.9605263157894737,2.164352855784437,0.0,4.74,5.5,10.87,15.41,24.25,17.98,14.35,4.16,2.74
2701209,AL,Nordeste,2,risco alto e cobertura menor,157,0.3055438697338104,0.5418841,744.1038,0.9751552795031055,2.1958996524092336,0.0,1.92,3.16,8.84,14.02,24.29,28.49,14.14,4.52,0.62
2701308,AL,Nordeste,2,risco alto e cobertura menor,233,0.2675226330757141,0.33399934,712.52075,0.9510204081632653,2.367355921026019,0.0,12.94,14.55,15.16,12.63,16.52,18.21,7.55,1.63,0.82
2701506,AL,Nordeste,2,risco alto e cobertura menor,46,0.5150715112686157,0.37385318,721.60046,0.9583333333333334,1.662757831681574,0.0,2.19,15.16,19.35,15.16,15.16,24.19,6.61,0.0,2.19
2701704,AL,Nordeste,2,risco alto e cobertura menor,201,0.41229891777038574,0.4254856,724.1362,0.9710144927536232,2.303196057420489,0.0,10.11,6.59,15.95,11.99,18.91,22.24,10.26,3.95,0.0
2701803,AL,Nordeste,2,risco alto e cobertura menor,157,0.43521058559417725,0.38852632,726.75793,0.9751552795031055,2.1958996524092336,0.0,7.63,6.9,8.91,15.97,29.43,19.74,8.87,2.55,0.0
2701902,AL,Nordeste,2,risco alto e cobertura menor,56,0.43854066729545593,0.5167626,745.02637,0.9491525423728814,1.7481880270062005,0.0,1.77,1.77,6.86,18.15,21.44,23.48,24.76,1.77,0.0
2702207,AL,Nordeste,2,risco alto e cobertura menor,75,0.3453378975391388,0.5466667,740.26306,1.0,1.8750612633917,0.0,4.0,9.33,5.33,12.0,20.0,22.67,18.67,6.67,1.33
2702405,AL,Nordeste,2,risco alto e cobertura menor,560,0.3111182749271393,0.28142324,714.90845,0.8974358974358975,2.7481880270062002,0.0,10.78,11.62,13.25,17.32,22.85,15.26,7.67,1.08,0.18
2702553,AL,Nordeste,2,risco alto e cobertura menor,137,0.3455013632774353,0.36126393,721.68317,0.9194630872483222,2.1367205671564067,0.0,7.12,11.42,8.88,21.39,23.27,20.9,5.52,1.51,0.0
2702603,AL,Nordeste,2,risco alto e cobertura menor,223,0.35203707218170166,0.4446361,733.45526,0.9612068965517241,2.3483048630481607,0.0,4.13,6.42,11.82,17.5,21.02,23.01,12.45,3.64,0.0
2702702,AL,Nordeste,2,risco alto e cobertura menor,61,0.3755476474761963,0.45901638,738.9323,1.0,1.7853298350107671,0.0,1.64,3.28,6.56,14.75,37.7,21.31,13.11,1.64,0.0
2702801,AL,Nordeste,2,risco alto e cobertura menor,157,0.3471241593360901,0.49357525,736.45984,0.9345238095238095,2.1958996524092336,0.0,3.92,7.06,10.39,15.21,20.43,24.82,12.55,4.99,0.65
2702900,AL,Nordeste,2,risco alto e cobertura menor,395,0.35734179615974426,0.39958942,730.3413,0.9427207637231504,2.59659709562646,0.0,3.12,7.75,11.38,20.7,23.65,19.8,10.0,2.56,1.02
2703106,AL,Nordeste,2,risco alto e cobertura menor,242,0.2974287271499634,0.24342446,707.16864,0.8962962962962963,2.383815365980431,0.0,16.08,13.26,11.37,21.72,15.22,15.39,4.74,1.49,0.74
2703205,AL,Nordeste,2,risco alto e cobertura menor,249,0.47933852672576904,0.50734365,737.5903,0.9188191881918819,2.3961993470957363,0.0,5.17,5.75,9.12,12.52,22.75,24.61,16.06,3.18,0.85
2703403,AL,Nordeste,2,risco alto e cobertura menor,75,0.38175639510154724,0.54645735,742.44025,0.974025974025974,1.8750612633917,0.0,3.97,2.6,7.94,14.85,22.67,29.12,14.89,2.6,1.37
2703601,AL,Nordeste,2,risco alto e cobertura menor,98,0.23068705201148987,0.2770599,712.33264,0.8235294117647058,1.9912260756924949,0.0,6.22,18.58,17.8,15.84,16.63,17.34,6.25,1.33,0.0
2703700,AL,Nordeste,2,risco alto e cobertura menor,62,0.3604995012283325,0.4027517,733.14,0.96875,1.792391689498254,0.0,1.63,4.88,15.95,8.13,35.59,22.63,8.01,3.19,0.0
2703809,AL,Nordeste,2,risco alto e cobertura menor,197,0.3041040003299713,0.27657312,719.6011,0.9516908212560387,2.294466226161593,0.1350268,6.15,9.57,12.17,20.66,30.04,13.9,4.54,2.98,0.0
2703908,AL,Nordeste,2,risco alto e cobertura menor,52,0.34601449966430664,0.44339624,729.71814,0.9454545454545454,1.7160033436347992,0.0,3.92,9.65,11.54,15.24,24.9,23.22,5.73,5.8,0.0
2704005,AL,Nordeste,2,risco alto e cobertura menor,272,0.5330150723457336,0.5665718,741.9685,0.9006622516556292,2.4345689040341987,0.0,6.75,4.0,6.71,11.84,18.28,30.74,15.94,5.0,0.75
2704104,AL,Nordeste,2,risco alto e cobertura menor,130,0.4556540548801422,0.44199252,732.0759,0.935251798561151,2.113943352306837,0.0,5.11,8.17,10.99,17.95,17.37,23.25,11.25,5.18,0.72
2704203,AL,Nordeste,2,risco alto e cobertura menor,318,0.43451911211013794,0.44601557,732.23883,0.9695121951219512,2.5024271199844326,0.0,5.04,2.95,12.13,19.12,24.05,24.13,9.46,2.2,0.91
2704302,AL,Nordeste,2,risco alto e cobertura menor,6460,0.394839346408844,0.40571532,725.9137,0.9092188599577762,3.8102325179950842,0.18696275,7.41,9.06,12.52,15.67,21.18,19.65,10.6,3.14,0.76
2704401,AL,Nordeste,2,risco alto e cobertura menor,190,0.4007278084754944,0.37833026,728.02203,0.9947643979057592,2.278753600952829,0.0,4.19,9.53,9.42,20.0,25.86,16.3,8.94,5.24,0.52
2704500,AL,Nordeste,2,risco alto e cobertura menor,408,0.32395654916763306,0.45613027,732.5595,0.9400921658986175,2.61066016308988,0.0,5.54,5.34,12.53,17.27,19.14,21.28,14.74,3.84,0.3
2704708,AL,Nordeste,2,risco alto e cobertura menor,869,0.4059504568576813,0.462196,731.1922,0.9344086021505377,2.9390197764486663,0.0,6.82,9.02,8.98,16.25,18.48,23.0,11.81,3.94,1.7
2704807,AL,Nordeste,2,risco alto e cobertura menor,94,0.46588972210884094,0.41501853,732.79004,0.9690721649484536,1.9731278535996986,0.0,2.14,6.23,12.58,19.27,21.58,22.32,13.81,2.06,0.0
2705002,AL,Nordeste,2,risco alto e cobertura menor,120,0.4010572135448456,0.42444375,731.7601,0.96,2.0791812460476247,0.0,4.25,8.55,12.46,19.11,19.08,19.15,12.46,4.12,0.82
2705101,AL,Nordeste,2,risco alto e cobertura menor,256,0.35250324010849,0.48751435,735.97034,0.9808429118773946,2.4082399653118496,0.0,3.92,5.91,7.9,16.36,24.47,26.43,9.5,5.51,0.0
2705200,AL,Nordeste,2,risco alto e cobertura menor,231,0.3081052303314209,0.41867235,723.51715,0.9467213114754098,2.3636119798921444,0.0,10.48,10.22,7.34,17.25,21.21,17.74,13.24,2.11,0.41
2705309,AL,Nordeste,2,risco alto e cobertura menor,64,0.30021658539772034,0.2798278,726.12866,0.9846153846153847,1.806179973983887,0.0,9.53,6.27,6.27,18.64,32.84,10.89,10.89,3.14,1.54
2705408,AL,Nordeste,2,risco alto e cobertura menor,90,0.3528255820274353,0.31111112,718.82025,1.0,1.954242509439325,0.0,7.78,15.56,10.0,21.11,17.78,13.33,11.11,2.22,1.11
2705606,AL,Nordeste,2,risco alto e cobertura menor,138,0.2736543118953705,0.39847407,725.71564,0.9928057553956835,2.1398790864012365,0.0,6.47,8.7,15.2,12.28,24.0,21.03,10.16,0.72,1.44
2705705,AL,Nordeste,2,risco alto e cobertura menor,276,0.4011717140674591,0.4545169,732.2327,0.9616724738675958,2.4409090820652177,0.0,6.09,6.2,10.14,15.45,24.23,21.08,12.08,3.3,1.42
2705804,AL,Nordeste,2,risco alto e cobertura menor,139,0.3423410654067993,0.36204523,720.124,0.9586206896551724,2.143014800254095,0.0,8.45,9.42,15.05,14.93,23.2,18.1,10.85,0.0,0.0
2706109,AL,Nordeste,2,risco alto e cobertura menor,112,0.2040945142507553,0.5241935,739.3537,0.9411764705882353,2.0492180226701815,0.0,2.52,5.49,5.43,18.27,23.76,30.02,11.15,2.52,0.84
2706208,AL,Nordeste,2,risco alto e cobertura menor,80,0.33732855319976807,0.5115213,739.2444,0.9411764705882353,1.9030899869919435,0.0,2.62,8.77,5.4,9.79,34.55,23.69,8.61,6.58,0.0
2706307,AL,Nordeste,2,risco alto e cobertura menor,624,0.3161114454269409,0.38701132,725.3375,0.9341317365269461,2.795184589682424,0.061366223,7.32,8.8,11.03,17.09,24.96,18.92,8.57,3.0,0.32
2706406,AL,Nordeste,2,risco alto e cobertura menor,307,0.4765412211418152,0.55270296,742.0318,0.9684542586750788,2.4871383754771865,0.0,2.87,3.19,6.43,17.82,26.21,26.17,11.13,5.18,1.02
2706422,AL,Nordeste,2,risco alto e cobertura menor,91,0.3781047761440277,0.5696589,741.31116,0.8666666666666667,1.9590413923210936,0.34343433,4.1,4.92,2.93,13.84,24.05,33.2,13.14,2.86,0.95
2706448,AL,Nordeste,2,risco alto e cobertura menor,232,0.5342079997062683,0.3579887,722.74243,0.9957081545064378,2.3654879848909,0.0,5.58,13.78,12.96,13.34,23.7,17.68,9.51,3.04,0.43
2706505,AL,Nordeste,2,risco alto e cobertura menor,172,0.4203413426876068,0.32592636,718.9711,0.9772727272727273,2.2355284469075487,0.0,9.94,9.9,11.58,15.68,28.43,16.3,5.83,1.21,1.14
2706604,AL,Nordeste,2,risco alto e cobertura menor,78,0.3710247576236725,0.3846154,732.3586,1.0,1.8920946026904804,0.0,1.28,7.69,11.54,24.36,25.64,14.1,8.97,6.41,0.0
2706703,AL,Nordeste,2,risco alto e cobertura menor,623,0.40639549493789673,0.4312306,731.8491,0.8862019914651493,2.7944880466591697,0.05284264,4.38,7.31,9.56,18.01,25.18,21.41,9.84,3.54,0.78
2706802,AL,Nordeste,2,risco alto e cobertura menor,226,0.3173576295375824,0.42381665,732.767,0.9377593360995851,2.3541084391474008,0.0,4.46,4.44,5.2,22.19,28.76,23.95,9.63,0.94,0.41
2706901,AL,Nordeste,2,risco alto e cobertura menor,528,0.37594226002693176,0.4579672,733.7074,0.96,2.722633922533812,0.0,6.05,5.88,11.39,16.44,19.02,23.73,11.68,4.7,1.12
2707008,AL,Nordeste,2,risco alto e cobertura menor,27,0.29053032398223877,0.4814815,743.02295,1.0,1.4313637641589874,0.0,0.0,0.0,14.81,25.93,22.22,11.11,11.11,14.81,0.0
2707107,AL,Nordeste,2,risco alto e cobertura menor,375,0.2474122792482376,0.25071698,709.3139,0.9282178217821783,2.574031267727719,0.0,10.41,14.29,13.76,20.7,21.78,14.69,4.12,0.25,0.0
2707206,AL,Nordeste,2,risco alto e cobertura menor,163,0.33384397625923157,0.48858202,736.6438,0.9878787878787879,2.2121876044039577,0.0,6.79,4.98,6.06,18.76,20.67,19.46,19.04,1.21,3.03
2707305,AL,Nordeste,2,risco alto e cobertura menor,298,0.36548754572868347,0.45972878,725.7929,0.9490445859872612,2.4742162640762553,0.0,11.86,10.97,6.97,13.59,17.01,18.45,16.16,3.67,1.32
2707404,AL,Nordeste,2,risco alto e cobertura menor,133,0.3012239336967468,0.27480757,712.14874,0.9300699300699301,2.123851640967086,0.0,12.31,11.13,13.62,21.59,19.09,15.54,5.17,0.85,0.7
2707701,AL,Nordeste,2,risco alto e cobertura menor,1249,0.3688678741455078,0.3881325,722.6414,0.90572878897752,3.0965624383741357,0.0,9.87,9.73,11.66,15.17,19.97,20.5,9.81,2.59,0.69
2707800,AL,Nordeste,2,risco alto e cobertura menor,101,0.6436156034469604,0.45936096,729.09985,0.9439252336448598,2.0043213737826426,0.0,7.13,11.8,10.12,14.14,16.84,19.59,12.66,7.71,0.0
2707909,AL,Nordeste,2,risco alto e cobertura menor,68,0.3186556398868561,0.3852875,723.6076,0.9577464788732394,1.8325089127062364,0.0,10.04,9.04,7.23,17.09,22.67,28.01,4.52,1.41,0.0
2708006,AL,Nordeste,2,risco alto e cobertura menor,513,0.34543487429618835,0.4416665,729.2199,0.9771428571428571,2.7101173651118162,0.0,6.87,8.0,10.19,16.38,20.99,21.78,11.3,3.72,0.77
2708402,AL,Nordeste,2,risco alto e cobertura menor,398,0.4903397262096405,0.5043509,737.88513,0.9408983451536643,2.5998830720736876,0.0,4.94,5.9,7.17,12.26,28.75,21.23,14.81,4.42,0.52
2708501,AL,Nordeste,2,risco alto e cobertura menor,398,0.39590340852737427,0.53633875,740.631,0.9567307692307693,2.5998830720736876,0.0,4.6,5.48,6.74,11.6,25.75,26.35,14.46,3.25,1.78
2708600,AL,Nordeste,2,risco alto e cobertura menor,564,0.5008438229560852,0.57177603,745.2467,0.9261083743842364,2.751279103983342,0.0,3.92,5.17,5.55,13.62,19.47,24.02,20.37,5.69,2.18
2708709,AL,Nordeste,2,risco alto e cobertura menor,155,0.34511545300483704,0.5067804,737.6074,0.950920245398773,2.1903316981702914,0.0,3.94,6.36,9.15,12.7,24.41,26.57,12.86,4.0,0.0
2708808,AL,Nordeste,2,risco alto e cobertura menor,336,0.3665575385093689,0.42415956,727.18463,0.9572649572649573,2.526339277389844,0.0,8.04,7.47,12.46,16.24,18.99,22.13,8.99,5.07,0.6
2708907,AL,Nordeste,2,risco alto e cobertura menor,269,0.4293276071548462,0.551064,739.18146,0.9572953736654805,2.429752280002408,0.0,3.02,6.3,9.59,14.96,19.9,28.44,13.02,4.01,0.75
2708956,AL,Nordeste,2,risco alto e cobertura menor,159,0.5190412998199463,0.57075006,742.69763,0.9814814814814815,2.2013971243204513,0.0,0.62,8.23,6.36,9.99,27.75,27.64,16.28,3.13,0.0
2709004,AL,Nordeste,2,risco alto e cobertura menor,75,0.42052149772644043,0.53462845,736.37445,0.9493670886075949,1.8750612633917,0.0,8.11,7.98,6.59,9.24,17.43,26.76,21.16,2.74,0.0
2709103,AL,Nordeste,2,risco alto e cobertura menor,239,0.4401586055755615,0.38965693,729.65814,0.9409448818897638,2.3783979009481375,0.0,5.0,6.4,11.68,17.58,25.33,21.72,7.53,3.58,1.18
2709202,AL,Nordeste,2,risco alto e cobertura menor,160,0.31621289253234863,0.47488907,737.23535,0.9467455621301775,2.2041199826559246,0.0,3.15,6.19,16.8,14.96,18.58,16.24,12.49,9.24,2.37
2709400,AL,Nordeste,2,risco alto e cobertura menor,254,0.4002562165260315,0.49909124,734.7854,0.9621212121212122,2.404833716619938,0.0,5.06,7.08,11.33,12.24,23.06,21.33,13.93,4.44,1.53
2800100,SE,Nordeste,2,risco alto e cobertura menor,10,0.4117647111415863,0.5,716.056,0.9090909090909091,1.0,0.0,30.0,0.0,0.0,0.0,30.0,20.0,20.0,0.0,0.0
2800209,SE,Nordeste,2,risco alto e cobertura menor,87,0.21574291586875916,0.20524062,696.84656,0.8877551020408163,1.9395192526186185,0.0,16.55,22.73,15.1,8.67,22.37,8.89,4.58,1.11,0.0
2800308,SE,Nordeste,2,risco alto e cobertura menor,3727,0.30822858214378357,0.44271806,730.6638,0.9331497245868803,3.57135939275384,0.31882116,6.04,8.27,8.52,13.44,26.91,22.35,11.66,2.64,0.17
2800407,SE,Nordeste,2,risco alto e cobertura menor,108,0.311565101146698,0.2860461,712.4623,0.9642857142857143,2.03342375548695,0.0,6.35,22.24,11.95,14.99,25.96,12.09,5.54,0.89,0.0
2800506,SE,Nordeste,2,risco alto e cobertura menor,149,0.2704963684082031,0.44821566,725.0869,0.8975903614457831,2.173186268412274,0.0,9.51,11.68,8.94,9.36,25.65,18.19,12.86,3.81,0.0
2800605,SE,Nordeste,2,risco alto e cobertura menor,279,0.24816639721393585,0.2808479,713.86426,0.8611111111111112,2.4456042032735974,0.09886143,10.58,16.11,7.15,16.21,28.45,13.77,6.31,1.42,0.0
2800670,SE,Nordeste,2,risco alto e cobertura menor,166,0.2643972635269165,0.3491743,715.82117,0.8383838383838383,2.220108088040055,0.111105494,6.13,16.35,15.7,12.18,20.32,22.17,7.15,0.0,0.0
2800704,SE,Nordeste,2,risco alto e cobertura menor,139,0.2750873565673828,0.34593186,725.5899,0.9788732394366197,2.143014800254095,0.0,4.38,6.55,8.64,20.72,36.5,15.93,6.57,0.7,0.0
2801009,SE,Nordeste,2,risco alto e cobertura menor,125,0.3779332935810089,0.34947082,715.14966,0.9398496240601504,2.0969100130080562,0.20355773,9.88,15.67,12.02,11.0,25.1,17.64,7.91,0.79,0.0
2801207,SE,Nordeste,2,risco alto e cobertura menor,462,0.225118026137352,0.26650113,715.35626,0.964509394572025,2.6646419755561257,0.0,9.35,12.13,12.76,18.27,27.12,11.71,6.76,1.68,0.21
2801306,SE,Nordeste,2,risco alto e cobertura menor,318,0.33655020594596863,0.3577611,723.75995,0.9111747851002865,2.5024271199844326,0.0,7.87,10.94,8.29,14.69,29.45,16.44,9.64,2.32,0.36
2801405,SE,Nordeste,2,risco alto e cobertura menor,126,0.33888858556747437,0.3453991,717.79626,0.984375,2.100370545117563,0.0,12.35,14.39,12.32,9.7,23.35,12.02,11.15,4.72,0.0
2801504,SE,Nordeste,2,risco alto e cobertura menor,148,0.2493644505739212,0.16163807,702.2009,0.891566265060241,2.1702617153949575,0.0,8.71,24.11,18.03,15.04,22.56,7.64,3.91,0.0,0.0
2801603,SE,Nordeste,2,risco alto e cobertura menor,32,0.2193259596824646,0.45391443,737.6463,0.8888888888888888,1.505149978319906,0.0,6.31,3.37,2.93,13.49,34.46,18.92,20.52,0.0,0.0
2801702,SE,Nordeste,2,risco alto e cobertura menor,185,0.2468758076429367,0.34733704,715.08136,0.9685863874345549,2.2671717284030137,0.0,12.78,14.56,8.15,14.14,22.58,21.33,5.33,1.12,0.0
2801900,SE,Nordeste,2,risco alto e cobertura menor,33,0.44117650389671326,0.54525864,735.0632,0.8918918918918919,1.5185139398778875,0.0,0.0,6.06,12.16,12.1,33.29,33.35,3.04,0.0,0.0
2802007,SE,Nordeste,2,risco alto e cobertura menor,51,0.39086928963661194,0.1953342,713.61304,0.9444444444444444,1.7075701760979363,0.0,7.74,7.74,21.62,19.86,27.37,7.91,7.77,0.0,0.0
2802106,SE,Nordeste,2,risco alto e cobertura menor,540,0.34521594643592834,0.31096452,711.63715,0.9183673469387755,2.7323937598229686,0.09861094,15.07,12.45,10.69,16.93,18.92,17.82,6.64,1.28,0.19
2802205,SE,Nordeste,2,risco alto e cobertura menor,87,0.30377084016799927,0.25994158,708.4121,0.9775280898876404,1.9395192526186185,0.0,13.8,18.67,11.37,8.11,25.52,17.77,3.55,1.21,0.0
2802304,SE,Nordeste,2,risco alto e cobertura menor,93,0.24739547073841095,0.3721279,725.0662,0.93,1.968482948553935,0.0,5.84,14.16,7.7,4.51,39.26,19.54,6.65,1.18,1.15
2802403,SE,Nordeste,2,risco alto e cobertura menor,94,0.192037895321846,0.36384532,726.9673,0.94,1.9731278535996986,0.0,2.07,16.3,16.32,15.49,15.42,10.77,15.56,8.07,0.0
2802502,SE,Nordeste,2,risco alto e cobertura menor,32,0.19999998807907104,0.21925448,705.1663,0.9411764705882353,1.505149978319906,0.0,15.59,9.37,12.5,18.75,31.28,12.5,0.0,0.0,0.0
2802601,SE,Nordeste,2,risco alto e cobertura menor,12,0.19282013177871704,0.16666667,726.82837,1.0,1.0791812460476249,0.0,8.33,0.0,0.0,25.0,58.33,8.33,0.0,0.0,0.0
2802700,SE,Nordeste,2,risco alto e cobertura menor,115,0.2602739632129669,0.1627187,699.8126,0.8914728682170543,2.060697840353612,0.0,16.25,13.04,18.36,16.3,25.02,10.25,0.78,0.0,0.0
2802809,SE,Nordeste,2,risco alto e cobertura menor,235,0.37982723116874695,0.34297794,722.29047,0.975103734439834,2.3710678622717363,0.0,7.69,11.95,8.52,17.46,24.31,16.03,11.94,2.1,0.0
2802908,SE,Nordeste,2,risco alto e cobertura menor,787,0.27307674288749695,0.40827975,724.22705,0.8912797281993206,2.8959747323590648,0.1561962,6.3,13.26,10.33,12.05,26.4,19.88,9.54,1.89,0.36
2803005,SE,Nordeste,2,risco alto e cobertura menor,476,0.5903521180152893,0.5860489,742.3232,0.9694501018329938,2.677606952720493,0.0,2.79,8.53,7.01,7.16,24.59,27.7,18.17,3.6,0.45
2803104,SE,Nordeste,2,risco alto e cobertura menor,20,0.17185762524604797,0.33569643,712.536,0.8333333333333334,1.3010299956639813,0.0,0.0,14.97,41.76,4.81,19.23,9.62,4.81,4.81,0.0
2803203,SE,Nordeste,2,risco alto e cobertura menor,351,0.2392387092113495,0.39492097,728.03656,0.8841309823677582,2.545307116465824,0.0,5.28,8.57,7.78,14.97,33.25,20.22,8.48,1.18,0.26
2803302,SE,Nordeste,2,risco alto e cobertura menor,167,0.4214276671409607,0.58284026,741.9075,0.9881656804733728,2.2227164711475833,0.0,4.79,2.37,6.63,13.67,25.33,28.11,17.87,1.24,0.0
2803401,SE,Nordeste,2,risco alto e cobertura menor,137,0.2589440941810608,0.39283127,725.8694,0.9927536231884058,2.1367205671564067,0.0,10.34,6.59,3.62,15.28,34.35,21.11,7.25,1.45,0.0
2803500,SE,Nordeste,2,risco alto e cobertura menor,766,0.4023050367832184,0.3750061,722.5088,0.9330085261875761,2.884228769632604,0.16789664,9.26,12.1,9.07,14.37,22.82,18.94,10.79,2.65,0.0
2803609,SE,Nordeste,2,risco alto e cobertura menor,219,0.2089405208826065,0.27341637,711.3378,0.8975409836065574,2.3404441148401185,0.0,13.97,12.32,10.54,16.08,24.79,15.08,6.28,0.95,0.0
2803708,SE,Nordeste,2,risco alto e cobertura menor,24,0.3765921890735626,0.2916667,721.38965,0.8888888888888888,1.380211241711606,0.0,12.5,4.17,8.33,4.17,45.83,16.67,4.17,4.17,0.0
2803807,SE,Nordeste,2,risco alto e cobertura menor,67,0.3904593586921692,0.37635812,725.9072,0.9710144927536232,1.8260748027008264,0.0,4.35,11.99,10.54,13.34,31.23,16.24,12.29,0.0,0.0
2803906,SE,Nordeste,2,risco alto e cobertura menor,128,0.30779334902763367,0.3674144,717.63086,0.920863309352518,2.1072099696478683,0.0,11.08,16.58,5.3,11.84,25.74,18.93,9.09,1.44,0.0
2804003,SE,Nordeste,2,risco alto e cobertura menor,123,0.2122986614704132,0.31218746,719.61914,0.917910447761194,2.089905111439398,0.0,8.44,10.01,8.08,16.67,34.22,19.26,2.51,0.0,0.82
2804201,SE,Nordeste,2,risco alto e cobertura menor,169,0.29438889026641846,0.3506818,719.3533,0.9602272727272727,2.2278867046136734,0.0,10.32,14.72,5.95,14.18,26.05,19.52,5.75,3.5,0.0
2804300,SE,Nordeste,2,risco alto e cobertura menor,35,0.0940774455666542,0.22017853,710.1904,0.9459459459459459,1.5440680443502757,0.0,8.6,26.43,5.84,17.04,22.97,10.81,2.7,5.6,0.0
2804409,SE,Nordeste,2,risco alto e cobertura menor,204,0.23904122412204742,0.3098612,717.6528,0.9902912621359223,2.3096301674258988,0.3104921,9.09,12.0,11.99,15.95,25.02,18.42,5.03,2.02,0.49
2804508,SE,Nordeste,2,risco alto e cobertura menor,437,0.3191951811313629,0.37570438,719.268,0.9541484716157205,2.640481436970422,0.27298737,11.44,16.67,8.22,12.58,16.51,18.15,12.33,3.87,0.24
2804607,SE,Nordeste,2,risco alto e cobertura menor,221,0.3426547944545746,0.28351066,712.0609,0.9444444444444444,2.3443922736851106,0.1281887,10.57,16.08,10.7,19.01,20.89,14.53,6.39,1.84,0.0
2804706,SE,Nordeste,2,risco alto e cobertura menor,60,0.20440252125263214,0.5877049,746.4907,0.9836065573770492,1.7781512503836436,0.0,0.0,4.92,3.28,14.84,33.11,23.44,17.05,3.36,0.0
2804805,SE,Nordeste,2,risco alto e cobertura menor,1790,0.2118368148803711,0.29826868,712.47253,0.894552723638181,3.2528530309798933,0.08789058,10.09,17.64,12.71,12.37,23.61,15.72,6.42,1.27,0.16
2804904,SE,Nordeste,2,risco alto e cobertura menor,106,0.1383025050163269,0.28567797,716.7455,0.8983050847457628,2.0253058652647704,0.0,7.63,15.64,9.06,8.67,39.58,12.91,5.67,0.85,0.0
2805000,SE,Nordeste,2,risco alto e cobertura menor,23,0.4833533763885498,0.47735474,730.62775,0.92,1.3617278360175928,0.0,4.36,13.06,4.36,21.73,17.42,21.7,17.36,0.0,0.0
2805109,SE,Nordeste,2,risco alto e cobertura menor,62,0.15056023001670837,0.11519532,699.0432,0.9538461538461539,1.792391689498254,0.0,9.52,22.58,16.42,22.63,20.64,4.96,1.71,1.54,0.0
2805208,SE,Nordeste,2,risco alto e cobertura menor,42,0.1621621549129486,0.40243903,720.42816,0.9130434782608695,1.6232492903979006,0.0,2.17,25.28,7.7,8.88,23.49,20.13,12.33,0.0,0.0
2805307,SE,Nordeste,2,risco alto e cobertura menor,100,0.25491273403167725,0.37656537,723.0287,0.8771929824561403,2.0,0.0,13.48,5.96,6.36,17.07,23.94,17.64,13.73,1.82,0.0
2805406,SE,Nordeste,2,risco alto e cobertura menor,345,0.16477912664413452,0.26608077,709.5514,0.8712121212121212,2.537819095073274,0.0,9.09,14.77,16.0,19.22,23.0,13.59,3.83,0.25,0.26
2805505,SE,Nordeste,2,risco alto e cobertura menor,156,0.32743191719055176,0.4053071,725.15546,0.8863636363636364,2.1931245983544616,0.0,9.82,8.18,8.26,12.59,27.8,22.8,8.81,1.75,0.0
2805604,SE,Nordeste,2,risco alto e cobertura menor,228,0.2556086480617523,0.1685727,701.93945,0.9156626506024096,2.357934847000454,0.07656193,15.93,13.74,16.35,20.72,20.31,9.21,2.92,0.84,0.0
2805703,SE,Nordeste,2,risco alto e cobertura menor,197,0.2614400088787079,0.34126022,720.4127,0.8873873873873874,2.294466226161593,0.22551009,9.78,10.74,7.19,17.16,27.55,17.59,7.54,2.46,0.0
2805802,SE,Nordeste,2,risco alto e cobertura menor,125,0.39495450258255005,0.34638733,721.5408,0.9259259259259259,2.0969100130080562,0.0,8.71,14.19,4.78,15.3,28.11,17.59,8.13,2.4,0.78
2805901,SE,Nordeste,2,risco alto e cobertura menor,92,0.11331339180469513,0.3148387,722.38306,0.989247311827957,1.9637878273455553,0.0,10.8,10.97,4.3,15.31,31.53,16.34,6.45,3.23,1.08
2806008,SE,Nordeste,2,risco alto e cobertura menor,112,0.3633215129375458,0.42181328,730.9241,0.9411764705882353,2.0492180226701815,0.17653978,4.41,7.42,8.95,13.8,27.61,28.68,8.2,0.92,0.0
2806107,SE,Nordeste,2,risco alto e cobertura menor,130,0.3935736119747162,0.39026347,729.3399,0.948905109489051,2.113943352306837,0.0,2.34,12.37,10.19,14.77,29.15,18.72,9.31,3.15,0.0
2806206,SE,Nordeste,2,risco alto e cobertura menor,176,0.3425477147102356,0.44896019,727.83777,0.9312169312169312,2.24551266781415,0.0,9.23,8.03,9.81,10.19,27.48,18.71,13.68,2.3,0.57
2806305,SE,Nordeste,2,risco alto e cobertura menor,124,0.2556288540363312,0.2215324,710.9149,0.9393939393939394,2.093421685162235,0.0,8.02,16.02,15.36,21.19,22.18,7.4,9.01,0.83,0.0
2806404,SE,Nordeste,2,risco alto e cobertura menor,91,0.29531949758529663,0.2221297,713.1073,0.9479166666666666,1.9590413923210936,0.0,9.23,15.73,5.57,27.3,26.77,7.72,6.5,1.17,0.0
2806503,SE,Nordeste,2,risco alto e cobertura menor,42,0.25,0.26706097,703.53375,0.9545454545454546,1.6232492903979006,0.0,19.58,9.77,12.17,22.04,12.17,21.86,2.41,0.0,0.0
2806602,SE,Nordeste,2,risco alto e cobertura menor,101,0.33468085527420044,0.37623763,721.03436,1.0,2.0043213737826426,0.44554454,7.92,13.86,9.9,16.83,19.8,18.81,10.89,1.98,0.0
2806800,SE,Nordeste,2,risco alto e cobertura menor,47,0.29591837525367737,0.29787233,721.2381,1.0,1.6720978579357175,0.0,4.26,10.64,12.77,23.4,23.4,17.02,8.51,0.0,0.0
2807006,SE,Nordeste,2,risco alto e cobertura menor,26,0.3863636255264282,0.46351933,742.546,0.9285714285714286,1.414973347970818,0.0,0.0,0.0,3.93,18.97,34.69,30.89,11.52,0.0,0.0
2807105,SE,Nordeste,2,risco alto e cobertura menor,362,0.35051989555358887,0.3596962,724.30273,0.9627659574468085,2.558708570533166,0.21012378,6.85,10.63,8.97,16.49,28.61,18.39,7.01,3.05,0.0
2807204,SE,Nordeste,2,risco alto e cobertura menor,71,0.48344507813453674,0.5240153,733.77496,0.8765432098765432,1.8512583487190752,0.0,5.69,12.08,3.24,10.89,24.1,29.5,7.93,5.32,1.23
2807303,SE,Nordeste,2,risco alto e cobertura menor,39,0.17391303181648254,0.424538,739.04474,1.0,1.591064607026499,0.0,2.72,5.29,0.0,15.38,47.28,13.3,13.46,2.56,0.0
2807402,SE,Nordeste,2,risco alto e cobertura menor,416,0.42135998606681824,0.46263748,732.1452,0.9696969696969697,2.6190933306267428,0.0,6.99,6.94,5.44,13.26,29.91,23.79,11.31,2.11,0.25
2807501,SE,Nordeste,2,risco alto e cobertura menor,115,0.4284434914588928,0.40433395,729.52905,0.9663865546218487,2.060697840353612,0.0,6.97,8.09,4.32,16.18,32.93,22.87,6.88,1.76,0.0
2807600,SE,Nordeste,2,risco alto e cobertura menor,184,0.24938449263572693,0.3934657,722.24384,0.863849765258216,2.2648178230095364,0.0,12.75,7.88,8.84,9.75,29.11,19.9,9.49,2.29,0.0
2900108,BA,Nordeste,2,risco alto e cobertura menor,33,0.3457421064376831,0.42424244,728.35516,0.8918918918918919,1.5185139398778875,0.0,6.06,12.12,15.15,9.09,18.18,27.27,9.09,3.03,0.0
2900207,BA,Nordeste,2,risco alto e cobertura menor,159,0.2828482985496521,0.18238993,709.61127,0.9814814814814815,2.2013971243204513,0.0,4.4,18.87,16.98,23.9,22.64,8.18,5.03,0.0,0.0
2900306,BA,Nordeste,2,risco alto e cobertura menor,93,0.1968708485364914,0.5913978,746.8981,0.9117647058823529,1.968482948553935,0.0,0.0,2.15,11.83,13.98,19.35,25.81,17.2,9.68,0.0
2900355,BA,Nordeste,2,risco alto e cobertura menor,139,0.4468705356121063,0.42446044,734.47095,0.9586206896551724,2.143014800254095,0.0,2.16,6.47,10.79,17.27,25.18,20.86,13.67,3.6,0.0
2900405,BA,Nordeste,2,risco alto e cobertura menor,69,0.20994628965854645,0.3043478,726.9133,0.9324324324324325,1.8388490907372552,0.0,0.0,4.35,26.09,20.29,26.09,5.8,13.04,4.35,0.0
2900504,BA,Nordeste,2,risco alto e cobertura menor,43,0.680515706539154,0.37209302,734.6277,0.9347826086956522,1.6334684555795864,0.0,0.0,9.3,11.63,23.26,20.93,18.6,4.65,11.63,0.0
2900603,BA,Nordeste,2,risco alto e cobertura menor,57,0.2924642860889435,0.2631579,715.946,0.9047619047619048,1.7558748556724915,0.0,1.75,17.54,21.05,14.04,28.07,10.53,5.26,1.75,0.0
2900702,BA,Nordeste,2,risco alto e cobertura menor,988,0.33506637811660767,0.36639675,725.0984,0.9006381039197813,2.9947569445876283,0.0,2.73,10.12,17.0,18.02,22.57,17.51,9.01,2.94,0.1
2900801,BA,Nordeste,2,risco alto e cobertura menor,250,0.4532129466533661,0.296,721.5501,0.9025270758122743,2.3979400086720375,0.0,4.0,8.8,17.2,24.0,20.8,14.8,8.8,1.6,0.0
2900900,BA,Nordeste,2,risco alto e cobertura menor,46,0.31192633509635925,0.23913044,720.4091,0.9787234042553191,1.662757831681574,0.0,0.0,10.87,13.04,30.43,30.43,10.87,4.35,0.0,0.0
2901007,BA,Nordeste,2,risco alto e cobertura menor,249,0.5106169581413269,0.51004016,740.228,0.8798586572438163,2.3961993470957363,0.0,1.2,3.61,14.86,14.06,21.69,22.89,18.07,3.61,0.0
2901106,BA,Nordeste,2,risco alto e cobertura menor,140,0.37490159273147583,0.47142857,733.58777,0.9929078014184397,2.146128035678238,0.0,2.14,7.14,13.57,15.0,24.29,23.57,11.43,2.86,0.0
2901155,BA,Nordeste,2,risco alto e cobertura menor,192,0.32183367013931274,0.43229166,729.9002,0.9696969696969697,2.2833012287035497,0.0,3.12,7.29,18.23,17.19,16.67,21.35,11.46,4.69,0.0
2901205,BA,Nordeste,2,risco alto e cobertura menor,115,0.36533454060554504,0.32173914,719.38226,0.9504132231404959,2.060697840353612,0.0,2.61,15.65,14.78,17.39,22.61,20.0,4.35,2.61,0.0
2901304,BA,Nordeste,2,risco alto e cobertura menor,136,0.4478977918624878,0.4779412,735.51874,0.9444444444444444,2.1335389083702174,0.0,1.47,6.62,16.91,13.97,19.12,23.53,14.71,3.68,0.0
2901353,BA,Nordeste,2,risco alto e cobertura menor,109,0.32964643836021423,0.28440368,715.46094,0.9732142857142857,2.037426497940624,0.0,3.67,13.76,23.85,18.35,15.6,13.76,10.09,0.92,0.0
2901403,BA,Nordeste,2,risco alto e cobertura menor,109,0.38054949045181274,0.28440368,723.38477,0.8134328358208955,2.037426497940624,0.0,3.67,6.42,19.27,21.1,26.61,12.84,6.42,1.83,1.83
2901502,BA,Nordeste,2,risco alto e cobertura menor,84,0.38734737038612366,0.5595238,739.23,0.9882352941176471,1.9242792860618816,0.0,2.38,1.19,19.05,13.1,21.43,27.38,5.95,8.33,1.19
2901601,BA,Nordeste,2,risco alto e cobertura menor,82,0.44119447469711304,0.23170732,716.9527,0.9111111111111111,1.9138138523837167,0.0,2.44,13.41,21.95,19.51,24.39,8.54,6.1,3.66,0.0
2901700,BA,Nordeste,2,risco alto e cobertura menor,66,0.3386619985103607,0.25757575,713.97107,0.9565217391304348,1.8195439355418688,0.0,3.03,13.64,28.79,15.15,19.7,9.09,7.58,3.03,0.0
2901809,BA,Nordeste,2,risco alto e cobertura menor,79,0.3257003724575043,0.25316456,717.3352,0.9634146341463414,1.8976270912904414,0.0,2.53,15.19,16.46,21.52,20.25,16.46,7.59,0.0,0.0
2901908,BA,Nordeste,2,risco alto e cobertura menor,230,0.17779570817947388,0.16521738,707.1083,0.9663865546218487,2.361727836017593,0.0,3.91,16.52,26.09,20.87,18.7,9.57,3.48,0.87,0.0
2901957,BA,Nordeste,2,risco alto e cobertura menor,74,0.37005922198295593,0.43243244,728.54175,0.891566265060241,1.8692317197309762,0.0,2.7,12.16,16.22,16.22,13.51,21.62,12.16,5.41,0.0
2902005,BA,Nordeste,2,risco alto e cobertura menor,83,0.41943424940109253,0.28915662,722.4858,0.9540229885057471,1.919078092376074,0.0,0.0,10.84,21.69,20.48,22.89,14.46,8.43,1.2,0.0
2902054,BA,Nordeste,2,risco alto e cobertura menor,115,0.3667728304862976,0.38260868,728.8868,0.9829059829059829,2.060697840353612,0.0,3.48,8.7,13.91,15.65,22.61,20.0,13.04,2.61,0.0
2902104,BA,Nordeste,2,risco alto e cobertura menor,331,0.2026260942220688,0.244713,713.5223,0.9118457300275482,2.519827993775719,0.0,6.65,13.29,16.62,24.47,19.03,12.39,6.34,1.21,0.0
2902203,BA,Nordeste,2,risco alto e cobertura menor,78,0.21719907224178314,0.17948718,711.4909,0.896551724137931,1.8920946026904804,0.0,0.0,16.67,19.23,33.33,15.38,10.26,3.85,1.28,0.0
2902252,BA,Nordeste,2,risco alto e cobertura menor,61,0.16864170134067535,0.13114753,707.4812,0.7922077922077922,1.7853298350107671,0.0,3.28,11.48,21.31,34.43,21.31,6.56,1.64,0.0,0.0
2902401,BA,Nordeste,2,risco alto e cobertura menor,122,0.426589697599411,0.33606556,721.30383,0.9457364341085271,2.0863598306747484,0.0,0.82,9.02,25.41,19.67,18.85,16.39,9.84,0.0,0.0
2902500,BA,Nordeste,2,risco alto e cobertura menor,142,0.398454487323761,0.35915494,723.3984,0.8875,2.1522883443830563,0.0,1.41,14.08,17.61,16.2,21.83,16.2,9.86,2.82,0.0
2902609,BA,Nordeste,2,risco alto e cobertura menor,87,0.3629433810710907,0.3678161,732.69336,0.8969072164948454,1.9395192526186185,0.0,0.0,6.9,14.94,20.69,26.44,13.79,16.09,1.15,0.0
2902658,BA,Nordeste,2,risco alto e cobertura menor,150,0.330648273229599,0.26666668,718.87427,0.8982035928143712,2.1760912590556813,0.34666666,3.33,10.0,21.33,24.0,20.0,12.0,7.33,2.0,0.0
2902708,BA,Nordeste,2,risco alto e cobertura menor,474,0.269741952419281,0.28481013,717.7392,0.88268156424581,2.6757783416740852,0.0,3.59,10.34,19.83,21.73,23.84,14.14,6.12,0.42,0.0
2902807,BA,Nordeste,2,risco alto e cobertura menor,265,0.4757426679134369,0.4716981,734.95386,0.9363957597173145,2.423245873936808,0.0,1.89,5.66,13.96,15.85,22.26,24.53,12.08,3.77,0.0
2902906,BA,Nordeste,2,risco alto e cobertura menor,487,0.36093759536743164,0.3059548,719.74786,0.960552268244576,2.6875289612146345,0.0,3.9,11.09,20.94,17.86,20.94,15.4,7.8,2.05,0.0
2903003,BA,Nordeste,2,risco alto e cobertura menor,111,0.392497181892395,0.3243243,726.5544,0.9487179487179487,2.0453229787866576,0.0,0.0,8.11,26.13,14.41,23.42,10.81,9.91,7.21,0.0
2903102,BA,Nordeste,2,risco alto e cobertura menor,53,0.3813559412956238,0.3962264,735.6381,0.9636363636363636,1.724275869600789,0.0,1.89,1.89,13.21,13.21,35.85,18.87,9.43,5.66,0.0
2903201,BA,Nordeste,2,risco alto e cobertura menor,1654,0.3797681927680969,0.36094317,727.7958,0.8395939086294416,3.218535505216528,0.0,2.6,6.53,15.6,21.04,24.91,17.11,9.43,2.66,0.12
2903235,BA,Nordeste,2,risco alto e cobertura menor,121,0.24291178584098816,0.29752067,720.4217,0.983739837398374,2.0827853703164503,0.0,0.83,12.4,19.83,20.66,23.14,10.74,11.57,0.83,0.0
2903276,BA,Nordeste,2,risco alto e cobertura menor,91,0.42087244987487793,0.46153846,736.1696,0.8053097345132744,1.9590413923210936,0.0,1.1,6.59,9.89,18.68,23.08,24.18,14.29,2.2,0.0
2903300,BA,Nordeste,2,risco alto e cobertura menor,89,0.3929717242717743,0.24719101,724.5088,0.89,1.9493900066449128,0.0,3.37,6.74,11.24,28.09,28.09,14.61,6.74,1.12,0.0
2903409,BA,Nordeste,2,risco alto e cobertura menor,168,0.3579566180706024,0.3392857,724.2987,0.9032258064516129,2.225309281725863,0.0,4.76,11.9,14.29,21.43,17.86,14.29,8.93,6.55,0.0
2903508,BA,Nordeste,2,risco alto e cobertura menor,124,0.47598421573638916,0.33064517,723.0492,0.9253731343283582,2.093421685162235,0.0,1.61,12.1,16.94,12.9,30.65,16.13,8.87,0.0,0.81
2903607,BA,Nordeste,2,risco alto e cobertura menor,57,0.22205372154712677,0.2982456,722.8186,0.9344262295081968,1.7558748556724915,0.0,1.75,17.54,14.04,14.04,29.82,12.28,5.26,5.26,0.0
2903706,BA,Nordeste,2,risco alto e cobertura menor,129,0.4420645833015442,0.4651163,734.61884,0.9626865671641791,2.110589710299249,0.0,2.33,5.43,12.4,19.38,22.48,18.6,15.5,3.88,0.0
2903805,BA,Nordeste,2,risco alto e cobertura menor,140,0.33402448892593384,0.32142857,715.79645,0.9722222222222222,2.146128035678238,0.0,2.86,17.86,22.86,15.0,15.0,14.29,10.71,1.43,0.0
2903904,BA,Nordeste,2,risco alto e cobertura menor,683,0.3387555778026581,0.3455344,723.8285,0.9499304589707928,2.8344207036815328,0.0,2.78,8.93,18.89,20.64,19.91,18.16,8.49,2.2,0.0
2903953,BA,Nordeste,2,risco alto e cobertura menor,90,0.4183879494667053,0.24444444,718.29065,0.9278350515463918,1.954242509439325,0.0,1.11,11.11,21.11,27.78,16.67,12.22,6.67,3.33,0.0
2904001,BA,Nordeste,2,risco alto e cobertura menor,96,0.4504871368408203,0.48958334,736.1909,0.9795918367346939,1.9822712330395684,0.0,0.0,7.29,15.62,17.71,16.67,25.0,10.42,6.25,1.04
2904050,BA,Nordeste,2,risco alto e cobertura menor,150,0.4018263518810272,0.34,730.36206,0.9259259259259259,2.1760912590556813,0.0,0.67,4.67,16.67,21.33,29.33,10.67,14.0,2.67,0.0
2904100,BA,Nordeste,2,risco alto e cobertura menor,100,0.39441463351249695,0.32,716.9675,0.8,2.0,0.0,2.0,16.0,22.0,17.0,16.0,20.0,6.0,1.0,0.0
2904209,BA,Nordeste,2,risco alto e cobertura menor,57,0.6207701563835144,0.47368422,739.4674,0.7125,1.7558748556724915,0.0,5.26,8.77,8.77,5.26,31.58,12.28,14.04,14.04,0.0
2904308,BA,Nordeste,2,risco alto e cobertura menor,147,0.5346500277519226,0.47619048,732.145,0.930379746835443,2.167317334748176,0.0,6.8,4.76,12.24,17.01,18.37,25.85,9.52,5.44,0.0
2904407,BA,Nordeste,2,risco alto e cobertura menor,94,0.4108881652355194,0.40425533,729.1919,0.94,1.9731278535996986,0.0,3.19,5.32,13.83,23.4,21.28,20.21,9.57,3.19,0.0
2904605,BA,Nordeste,2,risco alto e cobertura menor,548,0.5328282713890076,0.42153284,732.7843,0.9194630872483222,2.738780558484369,0.0,2.19,5.84,12.59,17.7,25.73,22.81,10.58,2.55,0.0
2904704,BA,Nordeste,2,risco alto e cobertura menor,140,0.24267154932022095,0.2857143,717.754,0.9032258064516129,2.146128035678238,0.1,1.43,15.71,17.14,21.43,21.43,14.29,7.86,0.71,0.0
2904852,BA,Nordeste,2,risco alto e cobertura menor,119,0.2803921103477478,0.3277311,720.8866,0.6761363636363636,2.0755469613925306,0.0,1.68,15.13,18.49,17.65,22.69,12.61,8.4,3.36,0.0
2904902,BA,Nordeste,2,risco alto e cobertura menor,242,0.24852816760540009,0.3305785,723.815,0.8962962962962963,2.383815365980431,0.0,2.07,9.5,15.7,21.9,26.03,15.29,7.02,2.07,0.41
2905008,BA,Nordeste,2,risco alto e cobertura menor,196,0.518242597579956,0.47959185,741.19507,0.92018779342723,2.292256071356476,0.0,1.53,2.04,9.18,20.41,26.53,21.43,13.27,5.61,0.0
2905107,BA,Nordeste,2,risco alto e cobertura menor,79,0.3538571894168854,0.36708862,726.9228,0.9634146341463414,1.8976270912904414,0.0,2.53,6.33,11.39,35.44,11.39,21.52,7.59,3.8,0.0
2905156,BA,Nordeste,2,risco alto e cobertura menor,28,0.24864977598190308,0.4642857,734.17926,0.7567567567567568,1.4471580313422192,0.0,0.0,17.86,7.14,21.43,7.14,21.43,21.43,3.57,0.0
2905206,BA,Nordeste,2,risco alto e cobertura menor,428,0.49151700735092163,0.3901869,728.4096,0.928416485900217,2.6314437690131722,0.0,3.74,7.71,16.36,15.42,22.66,20.56,10.28,3.27,0.0
2905305,BA,Nordeste,2,risco alto e cobertura menor,135,0.21633081138134003,0.3037037,717.035,0.7584269662921348,2.130333768495006,0.0,3.7,13.33,17.04,21.48,21.48,17.78,3.7,1.48,0.0
2905404,BA,Nordeste,2,risco alto e cobertura menor,286,0.36901572346687317,0.32867134,721.6601,0.896551724137931,2.456366033129043,0.0,2.45,10.84,18.53,18.88,21.68,20.28,5.59,1.75,0.0
2905503,BA,Nordeste,2,risco alto e cobertura menor,149,0.21299336850643158,0.2818792,712.1122,0.9612903225806452,2.173186268412274,0.0,6.71,15.44,22.15,17.45,15.44,16.11,6.04,0.67,0.0
2905602,BA,Nordeste,2,risco alto e cobertura menor,191,0.3399687111377716,0.2460733,714.843,0.8377192982456141,2.2810333672477277,0.0,2.62,16.23,20.42,17.8,24.08,12.57,4.19,2.09,0.0
2905701,BA,Nordeste,2,risco alto e cobertura menor,2552,0.33551087975502014,0.3655956,726.1045,0.9203029210241616,3.4068806700491248,0.0,3.33,8.19,16.11,20.14,21.51,18.38,9.52,2.74,0.08
2905800,BA,Nordeste,2,risco alto e cobertura menor,236,0.2595426142215729,0.2838983,716.85443,0.932806324110672,2.3729120029701067,0.0,4.66,11.86,22.03,22.46,15.68,11.02,9.32,2.97,0.0
2905909,BA,Nordeste,2,risco alto e cobertura menor,189,0.37140339612960815,0.28042328,719.0296,0.8289473684210527,2.2764618041732443,0.0,2.65,8.99,22.22,21.69,20.63,16.4,5.82,1.59,0.0
2906006,BA,Nordeste,2,risco alto e cobertura menor,619,0.3676919639110565,0.39095315,729.1282,0.958204334365325,2.791690649020118,0.0,2.42,8.06,13.87,18.87,26.61,16.45,11.29,2.26,0.16
2906105,BA,Nordeste,2,risco alto e cobertura menor,88,0.3728368580341339,0.29545453,718.75757,0.967032967032967,1.9444826721501687,0.0,2.27,11.36,21.59,20.45,20.45,14.77,5.68,3.41,0.0
2906204,BA,Nordeste,2,risco alto e cobertura menor,255,0.2920500338077545,0.3372549,721.55145,0.9922178988326849,2.406540180433955,0.0,2.35,9.41,21.57,19.61,22.75,15.69,7.45,1.18,0.0
2906303,BA,Nordeste,2,risco alto e cobertura menor,272,0.2897624671459198,0.2867647,717.5988,0.9347079037800687,2.4345689040341987,0.0,3.68,12.87,19.49,17.65,24.26,14.34,6.62,1.1,0.0
2906402,BA,Nordeste,2,risco alto e cobertura menor,52,0.3091633915901184,0.30769232,719.61676,0.9811320754716981,1.7160033436347992,0.0,3.85,11.54,23.08,17.31,19.23,11.54,11.54,1.92,0.0
2906501,BA,Nordeste,2,risco alto e cobertura menor,510,0.3265015184879303,0.36666667,726.3962,0.8947368421052632,2.7075701760979363,0.0,2.75,8.43,17.84,19.22,20.59,18.82,8.43,3.73,0.2
2906600,BA,Nordeste,2,risco alto e cobertura menor,120,0.46719563007354736,0.41666666,734.4925,0.975609756097561,2.0791812460476247,0.0,2.5,5.83,12.5,14.17,27.5,18.33,17.5,1.67,0.0
2906709,BA,Nordeste,2,risco alto e cobertura menor,162,0.3812088668346405,0.30864197,723.7262,0.801980198019802,2.2095150145426308,0.0,1.85,10.49,17.28,16.67,28.4,16.67,5.56,3.09,0.0
2906808,BA,Nordeste,2,risco alto e cobertura menor,332,0.2969578802585602,0.23192771,713.34937,0.8534704370179949,2.5211380837040362,0.0,3.92,15.36,21.69,20.78,18.07,11.75,6.63,1.81,0.0
2906824,BA,Nordeste,2,risco alto e cobertura menor,156,0.18851737678050995,0.30128205,721.3652,0.968944099378882,2.1931245983544616,0.0,1.92,8.33,19.87,27.56,17.95,14.74,8.33,1.28,0.0
2906857,BA,Nordeste,2,risco alto e cobertura menor,66,0.3587583601474762,0.45454547,733.3212,0.9041095890410958,1.8195439355418688,0.0,1.52,7.58,13.64,12.12,27.27,21.21,15.15,1.52,0.0
2906873,BA,Nordeste,2,risco alto e cobertura menor,242,0.2619236707687378,0.29338843,719.0612,0.9201520912547528,2.383815365980431,0.0,3.31,10.33,24.79,20.25,16.94,12.4,9.09,2.89,0.0
2906899,BA,Nordeste,2,risco alto e cobertura menor,90,0.46590787172317505,0.35555556,725.38934,0.9183673469387755,1.954242509439325,0.0,2.22,7.78,15.56,17.78,27.78,22.22,5.56,1.11,0.0
2906907,BA,Nordeste,2,risco alto e cobertura menor,225,0.40898802876472473,0.4977778,738.4704,0.9221311475409836,2.3521825181113627,0.0,0.89,4.44,12.44,15.56,27.56,23.11,13.78,1.78,0.44
2907004,BA,Nordeste,2,risco alto e cobertura menor,115,0.2667485177516937,0.33043477,726.7433,0.9829059829059829,2.060697840353612,0.0,1.74,5.22,15.65,22.61,26.96,20.87,5.22,1.74,0.0
2907103,BA,Nordeste,2,risco alto e cobertura menor,316,0.28556495904922485,0.31962025,723.91614,0.948948948948949,2.499687082618404,0.0,1.27,9.49,15.82,24.05,23.73,19.62,4.11,1.9,0.0
2907202,BA,Nordeste,2,risco alto e cobertura menor,430,0.13130496442317963,0.20930232,711.0252,0.8775510204081632,2.6334684555795866,0.0,6.28,11.63,23.02,21.4,21.4,8.6,6.28,1.4,0.0
2907301,BA,Nordeste,2,risco alto e cobertura menor,203,0.4400951862335205,0.30541873,720.95135,0.8903508771929824,2.307496037913213,0.0,4.43,6.9,19.21,24.14,20.2,14.78,8.87,1.48,0.0
2907400,BA,Nordeste,2,risco alto e cobertura menor,35,0.10480985045433044,0.25714287,715.9092,0.9459459459459459,1.5440680443502757,0.0,5.71,8.57,14.29,31.43,20.0,17.14,2.86,0.0,0.0
2907509,BA,Nordeste,2,risco alto e cobertura menor,231,0.434722900390625,0.3939394,727.21387,0.9545454545454546,2.3636119798921444,0.0,3.46,11.69,12.99,17.32,22.08,17.75,12.12,2.6,0.0
2907558,BA,Nordeste,2,risco alto e cobertura menor,59,0.4692205786705017,0.5084746,743.8819,0.8805970149253731,1.7708520116421442,0.0,1.69,6.78,5.08,18.64,22.03,16.95,13.56,13.56,1.69
2907608,BA,Nordeste,2,risco alto e cobertura menor,78,0.3083166182041168,0.25641027,717.59247,1.0,1.8920946026904804,0.0,1.28,14.1,21.79,19.23,20.51,15.38,7.69,0.0,0.0
2907707,BA,Nordeste,2,risco alto e cobertura menor,105,0.3456265330314636,0.36190477,725.18976,0.9722222222222222,2.0211892990699383,0.0,4.76,5.71,20.95,16.19,21.9,18.1,11.43,0.95,0.0
2907806,BA,Nordeste,2,risco alto e cobertura menor,156,0.3092517554759979,0.3653846,731.00867,0.8715083798882681,2.1931245983544616,0.0,1.27,4.46,17.2,21.66,24.2,16.56,10.19,4.46,0.0
2907905,BA,Nordeste,2,risco alto e cobertura menor,193,0.2789999544620514,0.31088084,721.50745,0.9323671497584541,2.285557309007774,0.0,3.11,10.88,20.21,19.69,20.73,10.88,11.4,3.11,0.0
2908002,BA,Nordeste,2,risco alto e cobertura menor,115,0.3723908066749573,0.39130434,727.7953,0.9504132231404959,2.060697840353612,0.0,4.35,7.83,16.52,18.26,20.0,18.26,9.57,5.22,0.0
2908101,BA,Nordeste,2,risco alto e cobertura menor,207,0.4861479103565216,0.5169082,738.9028,0.9409090909090909,2.315970345456918,0.0,1.93,5.8,13.04,10.14,23.67,28.5,11.59,5.31,0.0
2908200,BA,Nordeste,2,risco alto e cobertura menor,142,0.31668776273727417,0.2746479,716.71344,0.8402366863905325,2.1522883443830563,0.0,4.93,10.56,22.54,21.13,19.72,10.56,9.86,0.7,0.0
2908309,BA,Nordeste,2,risco alto e cobertura menor,51,0.5385866165161133,0.4117647,734.70123,0.7611940298507462,1.7075701760979363,0.0,1.96,5.88,9.8,19.61,27.45,15.69,17.65,1.96,0.0
2908408,BA,Nordeste,2,risco alto e cobertura menor,446,0.28581520915031433,0.30941704,721.35736,0.8779527559055118,2.649334858712142,0.0,3.36,9.64,18.39,22.42,19.51,16.82,7.4,2.47,0.0
2908507,BA,Nordeste,2,risco alto e cobertura menor,208,0.3430100679397583,0.375,731.6835,0.7849056603773585,2.3180633349627615,0.0,1.44,4.33,12.98,22.12,27.88,21.63,7.21,2.4,0.0
2908606,BA,Nordeste,2,risco alto e cobertura menor,167,0.4058666229248047,0.28143713,719.18225,0.8978494623655914,2.2227164711475833,0.0,3.59,9.58,17.37,23.35,26.35,13.77,5.99,0.0,0.0
2908804,BA,Nordeste,2,risco alto e cobertura menor,32,0.24000000953674316,0.40625,727.6928,0.9696969696969697,1.505149978319906,0.0,6.25,9.38,9.38,15.62,28.12,21.88,6.25,3.12,0.0
2908903,BA,Nordeste,2,risco alto e cobertura menor,169,0.30965107679367065,0.21301775,709.8673,0.8492462311557789,2.2278867046136734,0.0,4.14,16.57,23.08,23.67,13.02,14.79,2.37,2.37,0.0
2909000,BA,Nordeste,2,risco alto e cobertura menor,61,0.6932107210159302,0.52459013,741.1589,0.9242424242424242,1.7853298350107671,0.0,0.0,6.56,13.11,11.48,19.67,31.15,14.75,1.64,1.64
2909109,BA,Nordeste,2,risco alto e cobertura menor,140,0.47316616773605347,0.30714285,722.3852,0.9655172413793104,2.146128035678238,0.0,2.86,11.43,16.43,25.71,18.57,12.86,9.29,2.14,0.71
2909208,BA,Nordeste,2,risco alto e cobertura menor,111,0.2870580554008484,0.36036035,722.8192,0.9327731092436975,2.0453229787866576,0.0,5.41,9.91,15.32,16.22,27.03,16.22,7.21,1.8,0.9
2909307,BA,Nordeste,2,risco alto e cobertura menor,214,0.3670717775821686,0.26635513,719.10754,0.7753623188405797,2.330413773349191,0.0,1.87,10.75,21.96,21.96,21.5,14.49,5.61,1.87,0.0
2909406,BA,Nordeste,2,risco alto e cobertura menor,105,0.4075787365436554,0.41904762,728.24384,0.9292035398230089,2.0211892990699383,0.0,0.95,8.57,13.33,20.0,26.67,20.0,9.52,0.95,0.0
2909505,BA,Nordeste,2,risco alto e cobertura menor,55,0.5733384490013123,0.34545454,725.04126,0.9322033898305084,1.7403626894942439,0.0,5.45,7.27,14.55,14.55,30.91,20.0,5.45,1.82,0.0
2909604,BA,Nordeste,2,risco alto e cobertura menor,151,0.5030233860015869,0.43046358,732.6958,0.94375,2.1789769472931693,0.0,1.99,7.28,15.23,17.88,20.53,20.53,14.57,1.99,0.0
2909703,BA,Nordeste,2,risco alto e cobertura menor,144,0.44516241550445557,0.4375,730.6635,0.9411764705882353,2.1583624920952498,0.0,0.69,12.5,12.5,15.97,22.92,19.44,14.58,1.39,0.0
2909802,BA,Nordeste,2,risco alto e cobertura menor,432,0.3463442027568817,0.33564815,723.7542,0.8554455445544554,2.635483746814912,0.0,2.78,11.11,14.35,20.6,22.92,16.9,8.1,3.24,0.0
2909901,BA,Nordeste,2,risco alto e cobertura menor,388,0.2967781722545624,0.22938144,715.79254,0.9651741293532339,2.5888317255942073,0.0,2.58,10.57,21.13,21.13,28.09,11.6,4.64,0.26,0.0
2910008,BA,Nordeste,2,risco alto e cobertura menor,112,0.3779098689556122,0.4107143,730.1541,0.9256198347107438,2.0492180226701815,0.0,0.0,3.57,21.43,17.86,25.89,22.32,4.46,4.46,0.0
2910057,BA,Nordeste,2,risco alto e cobertura menor,555,0.35500162839889526,0.32252252,718.75256,0.8604651162790697,2.7442929831226763,0.0,3.6,13.69,18.38,19.28,18.56,16.4,7.75,2.34,0.0
2910107,BA,Nordeste,2,risco alto e cobertura menor,124,0.4833914339542389,0.42741936,728.3568,0.9538461538461539,2.093421685162235,0.0,2.42,8.06,18.55,13.71,21.77,25.81,6.45,3.23,0.0
2910206,BA,Nordeste,2,risco alto e cobertura menor,42,0.8586645126342773,0.52380955,741.1398,0.9130434782608695,1.6232492903979006,0.0,4.76,2.38,11.9,14.29,26.19,16.67,14.29,9.52,0.0
2910305,BA,Nordeste,2,risco alto e cobertura menor,34,0.29955101013183594,0.3529412,737.7282,0.9714285714285714,1.5314789170422551,0.0,0.0,2.94,8.82,26.47,26.47,17.65,14.71,2.94,0.0
2910404,BA,Nordeste,2,risco alto e cobertura menor,153,0.4186156690120697,0.37254903,730.3781,0.9444444444444444,2.184691430817599,0.0,1.31,3.92,14.38,20.26,30.72,22.22,5.23,1.96,0.0
2910503,BA,Nordeste,2,risco alto e cobertura menor,255,0.19560329616069794,0.3254902,725.675,0.8885017421602788,2.406540180433955,0.0,3.14,7.45,16.47,23.14,20.78,15.29,12.55,0.78,0.39
2910602,BA,Nordeste,2,risco alto e cobertura menor,359,0.19865281879901886,0.23955432,712.8033,0.9497354497354498,2.5550944485783194,0.0,4.18,13.37,23.96,17.55,21.73,14.21,4.46,0.56,0.0
2910701,BA,Nordeste,2,risco alto e cobertura menor,434,0.3333240747451782,0.31336406,721.28436,0.9333333333333333,2.637489729512511,0.039170507,1.84,12.21,20.74,17.74,21.66,14.06,9.68,2.07,0.0
2910727,BA,Nordeste,2,risco alto e cobertura menor,787,0.34618422389030457,0.38373572,727.841,0.8648351648351649,2.8959747323590648,0.0,2.8,8.39,17.41,16.77,23.0,15.76,11.94,3.94,0.0
2910750,BA,Nordeste,2,risco alto e cobertura menor,117,0.42507094144821167,0.4957265,737.0684,0.9669421487603306,2.0681858617461617,0.0,0.0,4.27,14.53,15.38,23.93,23.08,17.95,0.85,0.0
2910776,BA,Nordeste,2,risco alto e cobertura menor,66,0.5572828054428101,0.45454547,735.4903,0.9565217391304348,1.8195439355418688,0.0,0.0,6.06,16.67,18.18,21.21,21.21,12.12,4.55,0.0
2910800,BA,Nordeste,2,risco alto e cobertura menor,3528,0.31954026222229004,0.3319161,723.51984,0.8271981242672919,3.547528576459782,0.0,2.81,8.28,19.05,21.54,21.23,16.44,8.5,2.04,0.11
2910859,BA,Nordeste,2,risco alto e cobertura menor,136,0.1827222853899002,0.36764705,723.00055,0.9379310344827586,2.1335389083702174,0.0,3.68,11.03,16.91,16.91,19.85,22.06,8.09,1.47,0.0
2910909,BA,Nordeste,2,risco alto e cobertura menor,43,0.36525243520736694,0.23255815,708.26605,0.671875,1.6334684555795864,0.0,6.98,16.28,20.93,16.28,20.93,18.6,0.0,0.0,0.0
2911006,BA,Nordeste,2,risco alto e cobertura menor,78,0.15122711658477783,0.41025642,733.1214,0.9873417721518988,1.8920946026904804,0.0,3.85,3.85,15.38,19.23,17.95,21.79,10.26,7.69,0.0
2911105,BA,Nordeste,2,risco alto e cobertura menor,234,0.1965470016002655,0.2820513,721.42944,0.8897338403041825,2.369215857410143,0.0,0.85,9.4,22.65,21.37,22.22,13.68,8.97,0.85,0.0
2911204,BA,Nordeste,2,risco alto e cobertura menor,214,0.3325967490673065,0.47196263,735.96204,0.9029535864978903,2.330413773349191,0.0,2.34,5.61,14.02,16.36,19.63,22.9,13.55,5.14,0.47
2911253,BA,Nordeste,2,risco alto e cobertura menor,38,0.6046848297119141,0.47368422,738.69055,0.9047619047619048,1.5797835966168101,0.0,0.0,10.53,7.89,26.32,13.16,13.16,21.05,7.89,0.0
2911303,BA,Nordeste,2,risco alto e cobertura menor,81,0.45069605112075806,0.54320985,741.04083,0.9878048780487805,1.9084850188786497,0.0,1.23,3.7,13.58,8.64,23.46,34.57,9.88,3.7,1.23
2911402,BA,Nordeste,2,risco alto e cobertura menor,85,0.358882337808609,0.23529412,707.4292,0.9883720930232558,1.9294189257142926,0.24705882,9.41,22.35,15.29,21.18,12.94,9.41,9.41,0.0,0.0
2911501,BA,Nordeste,2,risco alto e cobertura menor,68,0.2774416506290436,0.5,738.3828,0.918918918918919,1.8325089127062364,0.0,0.0,7.35,8.82,17.65,26.47,23.53,14.71,1.47,0.0
2911600,BA,Nordeste,2,risco alto e cobertura menor,141,0.36904090642929077,0.29078013,717.3943,0.8980891719745223,2.1492191126553797,0.0,3.55,7.8,24.82,23.4,20.57,12.77,5.67,1.42,0.0
2911659,BA,Nordeste,2,risco alto e cobertura menor,87,0.29194241762161255,0.3678161,728.2949,0.9775280898876404,1.9395192526186185,0.0,1.15,8.05,17.24,14.94,27.59,18.39,10.34,2.3,0.0
2911709,BA,Nordeste,2,risco alto e cobertura menor,776,0.48577865958213806,0.46391752,735.37177,0.9521472392638037,2.8898617212581885,0.0,2.45,7.35,12.37,16.11,22.04,21.52,12.24,5.8,0.13
2911808,BA,Nordeste,2,risco alto e cobertura menor,159,0.22706787288188934,0.2264151,711.5362,0.9190751445086706,2.2013971243204513,0.0,7.55,11.95,20.13,22.01,20.75,11.32,4.4,1.89,0.0
2911857,BA,Nordeste,2,risco alto e cobertura menor,66,0.3137268126010895,0.36363637,726.3965,0.7096774193548387,1.8195439355418688,0.0,6.06,3.03,19.7,19.7,21.21,16.67,12.12,1.52,0.0
2911907,BA,Nordeste,2,risco alto e cobertura menor,263,0.2293051928281784,0.2851711,714.78894,0.9776951672862454,2.419955748489758,0.0,2.28,14.07,21.67,23.57,17.87,12.93,6.46,0.76,0.38
2912103,BA,Nordeste,2,risco alto e cobertura menor,166,0.3421204686164856,0.37951806,730.33093,0.9707602339181286,2.220108088040055,0.0,1.2,3.61,17.47,24.7,20.48,20.48,9.64,2.41,0.0
2912202,BA,Nordeste,2,risco alto e cobertura menor,249,0.2785817086696625,0.3253012,720.21234,0.8989169675090253,2.3961993470957363,0.0,4.82,12.05,20.88,13.65,20.08,14.86,10.04,3.61,0.0
2912301,BA,Nordeste,2,risco alto e cobertura menor,84,0.5893712043762207,0.5,738.6544,0.9333333333333333,1.9242792860618816,0.0,1.19,3.57,9.52,9.52,36.9,28.57,9.52,1.19,0.0
2912400,BA,Nordeste,2,risco alto e cobertura menor,160,0.2979423999786377,0.36875,726.0828,0.8938547486033519,2.2041199826559246,0.0,3.75,8.75,13.75,18.12,25.0,21.25,7.5,1.88,0.0
2912509,BA,Nordeste,2,risco alto e cobertura menor,94,0.44153130054473877,0.4680851,739.1885,0.9306930693069307,1.9731278535996986,0.0,2.13,6.38,11.7,10.64,28.72,22.34,11.7,6.38,0.0
2912608,BA,Nordeste,2,risco alto e cobertura menor,32,0.20081248879432678,0.15625,703.3862,0.9411764705882353,1.505149978319906,0.0,6.25,12.5,25.0,28.12,12.5,15.62,0.0,0.0,0.0
2912707,BA,Nordeste,2,risco alto e cobertura menor,204,0.3122328817844391,0.22058824,714.76263,0.9230769230769231,2.3096301674258988,0.0,3.92,10.78,21.57,25.98,19.61,11.76,5.39,0.98,0.0
2912806,BA,Nordeste,2,risco alto e cobertura menor,148,0.6047542691230774,0.3783784,730.69824,0.9801324503311258,2.1702617153949575,0.0,2.03,5.41,14.86,16.89,33.11,16.22,10.14,1.35,0.0
2912905,BA,Nordeste,2,risco alto e cobertura menor,195,0.3278915584087372,0.37435898,726.9408,0.9420289855072463,2.290034611362518,0.0,4.62,7.18,16.41,17.44,23.08,18.46,9.74,3.08,0.0
2913002,BA,Nordeste,2,risco alto e cobertura menor,91,0.6217297911643982,0.37362638,727.64154,0.9891304347826086,1.9590413923210936,0.0,2.2,7.69,14.29,21.98,27.47,14.29,8.79,3.3,0.0
2913101,BA,Nordeste,2,risco alto e cobertura menor,100,0.2610529959201813,0.28,718.6088,0.970873786407767,2.0,0.0,1.0,13.0,17.0,27.0,21.0,10.0,10.0,1.0,0.0
2913200,BA,Nordeste,2,risco alto e cobertura menor,289,0.42374733090400696,0.32871974,721.94073,0.9233226837060703,2.4608978427565478,0.0,2.77,13.15,20.76,15.22,20.07,12.8,13.49,1.73,0.0
2913309,BA,Nordeste,2,risco alto e cobertura menor,28,0.28419601917266846,0.32142857,738.44324,0.5714285714285714,1.4471580313422192,0.0,0.0,3.57,10.71,28.57,28.57,3.57,21.43,3.57,0.0
2913408,BA,Nordeste,2,risco alto e cobertura menor,101,0.5716485977172852,0.42574257,733.01624,0.926605504587156,2.0043213737826426,0.0,1.98,6.93,11.88,18.81,21.78,24.75,11.88,1.98,0.0
2913457,BA,Nordeste,2,risco alto e cobertura menor,55,0.30297020077705383,0.43636364,732.0415,0.9016393442622951,1.7403626894942439,0.0,1.82,9.09,10.91,20.0,21.82,18.18,16.36,1.82,0.0
2913507,BA,Nordeste,2,risco alto e cobertura menor,108,0.49549150466918945,0.3148148,720.58997,0.972972972972973,2.03342375548695,0.0,1.85,11.11,21.3,17.59,24.07,12.96,8.33,2.78,0.0
2913606,BA,Nordeste,2,risco alto e cobertura menor,1378,0.3190080523490906,0.266328,715.8614,0.8765903307888041,3.139249217571607,0.016690856,4.43,13.86,20.03,19.81,19.96,12.84,6.75,2.18,0.15
2913705,BA,Nordeste,2,risco alto e cobertura menor,229,0.29481029510498047,0.30131003,719.01514,0.8091872791519434,2.359835482339888,0.0,4.8,10.92,16.16,25.33,19.65,15.72,5.24,2.18,0.0
2913804,BA,Nordeste,2,risco alto e cobertura menor,86,0.3481638431549072,0.4651163,733.8561,0.945054945054945,1.9344984512435677,0.0,0.0,11.63,17.44,10.47,18.6,23.26,12.79,5.81,0.0
2913903,BA,Nordeste,2,risco alto e cobertura menor,326,0.33635637164115906,0.25153375,716.1537,0.9644970414201184,2.513217600067939,0.0,3.37,15.64,21.17,17.18,22.39,9.82,7.98,2.45,0.0
2914000,BA,Nordeste,2,risco alto e cobertura menor,415,0.29976338148117065,0.34457833,721.5088,0.9140969162995595,2.6180480967120925,0.0,3.13,11.81,19.04,18.07,21.45,14.46,9.64,2.41,0.0
2914307,BA,Nordeste,2,risco alto e cobertura menor,33,0.2738560736179352,0.36363637,723.703,0.3235294117647059,1.5185139398778875,0.0,6.06,9.09,18.18,18.18,18.18,18.18,9.09,3.03,0.0
2914406,BA,Nordeste,2,risco alto e cobertura menor,269,0.3886173963546753,0.44237918,734.76904,0.9438596491228071,2.429752280002408,0.0,0.74,5.95,16.73,17.47,23.05,17.84,11.9,5.95,0.37
2914505,BA,Nordeste,2,risco alto e cobertura menor,83,0.33582523465156555,0.3253012,718.0349,0.45108695652173914,1.919078092376074,0.0,4.82,8.43,27.71,12.05,22.89,12.05,10.84,1.2,0.0
2914604,BA,Nordeste,2,risco alto e cobertura menor,600,0.4201624393463135,0.46833333,736.8574,0.967741935483871,2.7781512503836434,0.0,0.83,4.67,12.67,16.17,25.66,25.67,10.5,3.67,0.17
2914653,BA,Nordeste,2,risco alto e cobertura menor,313,0.3109949827194214,0.24920128,715.9322,0.9152046783625731,2.4955443375464483,0.0,4.15,11.82,17.57,24.92,21.73,13.74,5.43,0.64,0.0
2914703,BA,Nordeste,2,risco alto e cobertura menor,375,0.42211031913757324,0.41066667,727.218,0.8296460176991151,2.574031267727719,0.0,2.93,9.6,17.07,17.6,17.6,19.47,12.8,2.93,0.0
2914802,BA,Nordeste,2,risco alto e cobertura menor,931,0.31603288650512695,0.29752955,717.249,0.8525641025641025,2.9689496809813427,0.0,3.65,13.21,19.55,19.33,21.16,15.04,6.66,1.29,0.11
2914901,BA,Nordeste,2,risco alto e cobertura menor,218,0.3231748640537262,0.3119266,720.1266,0.8582677165354331,2.3384564936046046,0.0,2.29,8.72,23.39,17.89,26.61,12.84,6.42,1.83,0.0
2915007,BA,Nordeste,2,risco alto e cobertura menor,110,0.4129658043384552,0.45454547,738.5378,0.9482758620689655,2.041392685158225,0.0,0.91,4.55,10.0,22.73,20.0,24.55,9.09,8.18,0.0
2915106,BA,Nordeste,2,risco alto e cobertura menor,119,0.3775252103805542,0.23529412,713.9211,0.9754098360655737,2.0755469613925306,0.0,3.36,15.97,19.33,24.37,16.81,10.92,6.72,2.52,0.0
2915205,BA,Nordeste,2,risco alto e cobertura menor,190,0.36911964416503906,0.44210526,731.07056,0.8260869565217391,2.278753600952829,0.0,2.63,10.0,11.05,13.68,25.79,24.74,11.05,1.05,0.0
2915304,BA,Nordeste,2,risco alto e cobertura menor,80,0.3280928432941437,0.25,717.006,0.9302325581395349,1.9030899869919435,0.0,3.75,12.5,21.25,23.75,16.25,10.0,10.0,2.5,0.0
2915353,BA,Nordeste,2,risco alto e cobertura menor,125,0.20880675315856934,0.328,721.52875,0.9689922480620154,2.0969100130080562,0.0,1.6,12.0,23.2,20.0,16.8,14.4,9.6,2.4,0.0
2915403,BA,Nordeste,2,risco alto e cobertura menor,59,0.20169073343276978,0.15254237,710.33777,0.7468354430379747,1.7708520116421442,0.0,0.0,16.95,25.42,23.73,22.03,8.47,3.39,0.0,0.0
2915502,BA,Nordeste,2,risco alto e cobertura menor,88,0.34367772936820984,0.3409091,723.0339,0.9263157894736842,1.9444826721501687,0.0,2.27,7.95,19.32,25.0,18.18,17.05,6.82,3.41,0.0
2915601,BA,Nordeste,2,risco alto e cobertura menor,556,0.4406954050064087,0.37410071,729.88495,0.9040650406504065,2.7450747915820575,0.0,1.8,7.01,14.21,21.04,25.0,18.71,9.53,2.34,0.36
2915700,BA,Nordeste,2,risco alto e cobertura menor,68,0.5966662764549255,0.36764705,725.5968,0.9714285714285714,1.8325089127062364,0.0,7.35,7.35,13.24,17.65,23.53,20.59,2.94,5.88,1.47
2915809,BA,Nordeste,2,risco alto e cobertura menor,252,0.2220890372991562,0.26984128,715.55927,0.9197080291970803,2.401400540781544,0.0,6.35,12.7,17.86,22.62,16.27,13.89,9.92,0.4,0.0
2915908,BA,Nordeste,2,risco alto e cobertura menor,53,0.22458809614181519,0.24528302,716.73584,0.6235294117647059,1.724275869600789,0.0,0.0,5.66,30.19,22.64,22.64,15.09,3.77,0.0,0.0
2916104,BA,Nordeste,2,risco alto e cobertura menor,210,0.38247519731521606,0.2857143,721.47217,0.8786610878661087,2.322219294733919,0.0,2.86,8.1,17.14,25.71,22.86,15.24,7.14,0.95,0.0
2916203,BA,Nordeste,2,risco alto e cobertura menor,65,0.30594730377197266,0.35384616,729.5242,0.9285714285714286,1.8129133566428555,0.0,1.54,9.23,13.85,20.0,21.54,18.46,12.31,3.08,0.0
2916302,BA,Nordeste,2,risco alto e cobertura menor,64,0.14970099925994873,0.234375,724.7967,0.8205128205128205,1.806179973983887,0.0,0.0,4.69,12.5,31.25,34.38,12.5,4.69,0.0,0.0
2916401,BA,Nordeste,2,risco alto e cobertura menor,537,0.39625459909439087,0.32216015,722.1557,0.927461139896373,2.7299742856995555,0.0,2.05,13.04,17.13,17.5,24.77,13.97,10.24,1.3,0.0
2916500,BA,Nordeste,2,risco alto e cobertura menor,326,0.28079867362976074,0.5122699,742.5919,0.9731343283582089,2.513217600067939,0.0,0.92,3.99,10.12,14.42,26.99,20.86,17.18,5.52,0.0
2916609,BA,Nordeste,2,risco alto e cobertura menor,71,0.31024807691574097,0.36619717,719.51917,0.9466666666666667,1.8512583487190752,0.0,1.41,19.72,15.49,15.49,18.31,16.9,11.27,1.41,0.0
2916708,BA,Nordeste,2,risco alto e cobertura menor,73,0.3436478078365326,0.34246576,727.4259,0.9864864864864865,1.863322860120456,0.0,2.74,5.48,13.7,21.92,31.51,16.44,5.48,2.74,0.0
2916807,BA,Nordeste,2,risco alto e cobertura menor,112,0.3817170262336731,0.4107143,734.0733,0.8615384615384616,2.0492180226701815,0.0,0.89,8.04,11.61,15.18,29.46,21.43,12.5,0.89,0.0
2916856,BA,Nordeste,2,risco alto e cobertura menor,166,0.5159183144569397,0.5421687,742.5931,1.0,2.220108088040055,0.0,2.41,7.23,9.04,11.45,19.28,25.9,15.66,9.04,0.0
2916906,BA,Nordeste,2,risco alto e cobertura menor,60,0.32863736152648926,0.3,726.0013,0.8955223880597015,1.7781512503836436,0.0,3.33,5.0,11.67,25.0,33.33,16.67,5.0,0.0,0.0
2917003,BA,Nordeste,2,risco alto e cobertura menor,247,0.27793318033218384,0.21052632,709.27985,0.9391634980988594,2.392696953259666,0.0,6.48,11.74,26.32,22.27,16.6,10.12,6.07,0.4,0.0
2917102,BA,Nordeste,2,risco alto e cobertura menor,104,0.4739759564399719,0.28846154,720.4556,0.9629629629629629,2.0170333392987803,0.0,2.88,4.81,25.96,19.23,30.77,11.54,3.85,0.96,0.0
2917201,BA,Nordeste,2,risco alto e cobertura menor,191,0.5752034783363342,0.43979058,733.33826,0.9362745098039216,2.2810333672477277,0.0,2.62,6.81,11.52,14.66,28.8,23.56,7.33,4.71,0.0
2917300,BA,Nordeste,2,risco alto e cobertura menor,120,0.44090771675109863,0.29166666,714.7621,0.9375,2.0791812460476247,0.0,9.17,13.33,14.17,19.17,20.83,16.67,4.17,2.5,0.0
2917334,BA,Nordeste,2,risco alto e cobertura menor,94,0.49011456966400146,0.25531915,711.00464,0.9494949494949495,1.9731278535996986,0.0,9.57,15.96,18.09,13.83,20.21,14.89,5.32,2.13,0.0
2917359,BA,Nordeste,2,risco alto e cobertura menor,95,0.4090592861175537,0.43157893,733.68884,0.9313725490196079,1.9777236052888478,0.0,3.16,2.11,11.58,24.21,24.21,23.16,7.37,4.21,0.0
2917409,BA,Nordeste,2,risco alto e cobertura menor,102,0.6376398801803589,0.5686275,742.85565,0.816,2.0086001717619175,0.0,0.0,7.84,5.88,14.71,26.47,25.49,14.71,4.9,0.0
2917508,BA,Nordeste,2,risco alto e cobertura menor,558,0.3072926998138428,0.28494623,717.59204,0.8637770897832817,2.7466341989375787,0.0,3.05,12.37,17.74,23.84,21.68,13.08,6.63,1.61,0.0
2917607,BA,Nordeste,2,risco alto e cobertura menor,527,0.463108628988266,0.5370019,743.6235,0.9705340699815838,2.7218106152125467,0.0,0.76,5.69,8.54,14.99,23.72,21.25,20.3,4.74,0.0
2917706,BA,Nordeste,2,risco alto e cobertura menor,233,0.30566149950027466,0.40772533,727.1895,0.8759398496240601,2.367355921026019,0.0,2.15,10.73,16.31,14.16,24.46,19.74,9.44,3.0,0.0
2917805,BA,Nordeste,2,risco alto e cobertura menor,143,0.25847306847572327,0.46853146,736.5297,0.9407894736842105,2.155336037465062,0.0,1.4,3.5,11.19,23.78,22.38,20.28,14.69,2.8,0.0
2917904,BA,Nordeste,2,risco alto e cobertura menor,97,0.5050247311592102,0.36082473,729.8759,0.9603960396039604,1.9867717342662448,0.0,1.03,7.22,16.49,16.49,29.9,15.46,8.25,5.15,0.0
2918001,BA,Nordeste,2,risco alto e cobertura menor,927,0.37873390316963196,0.394822,730.47,0.8504587155963302,2.967079734144497,0.0,1.62,7.23,14.78,18.77,24.92,20.28,9.49,2.8,0.11
2918100,BA,Nordeste,2,risco alto e cobertura menor,193,0.2704342305660248,0.29533678,722.3812,0.8935185185185185,2.285557309007774,0.0,4.66,8.29,15.03,23.83,23.32,14.51,9.33,1.04,0.0
2918209,BA,Nordeste,2,risco alto e cobertura menor,45,0.42039981484413147,0.46666667,746.8396,0.6716417910447762,1.6532125137753437,0.0,0.0,2.22,4.44,22.22,28.89,17.78,11.11,11.11,2.22
2918308,BA,Nordeste,2,risco alto e cobertura menor,98,0.24153657257556915,0.40816328,730.4926,0.9702970297029703,1.9912260756924949,0.0,3.06,7.14,13.27,13.27,31.63,18.37,10.2,3.06,0.0
2918357,BA,Nordeste,2,risco alto e cobertura menor,254,0.34628716111183167,0.53149605,742.55676,0.9372693726937269,2.404833716619938,0.0,1.57,3.15,11.02,16.93,20.47,24.02,16.93,5.51,0.39
2918407,BA,Nordeste,2,risco alto e cobertura menor,2494,0.3118145167827606,0.29310346,716.501,0.9118829981718465,3.396896449142524,0.0,4.65,13.11,20.77,19.01,18.2,14.11,8.3,1.8,0.04
2918506,BA,Nordeste,2,risco alto e cobertura menor,122,0.2318534553050995,0.43442622,736.34424,0.9384615384615385,2.0863598306747484,0.0,1.64,4.1,9.84,21.31,23.77,23.77,14.75,0.82,0.0
2918555,BA,Nordeste,2,risco alto e cobertura menor,57,0.35846009850502014,0.31578946,725.1667,0.9193548387096774,1.7558748556724915,0.0,1.75,7.02,17.54,17.54,28.07,19.3,7.02,1.75,0.0
2918605,BA,Nordeste,2,risco alto e cobertura menor,39,0.3209104835987091,0.33333334,730.6859,0.975,1.591064607026499,0.0,0.0,2.56,20.51,17.95,30.77,15.38,12.82,0.0,0.0
2918803,BA,Nordeste,2,risco alto e cobertura menor,110,0.4659753739833832,0.45454547,737.53577,0.9166666666666666,2.041392685158225,0.0,0.91,3.64,13.64,23.64,18.18,17.27,16.36,6.36,0.0
2918902,BA,Nordeste,2,risco alto e cobertura menor,29,0.583849310874939,0.4827586,737.7534,0.9666666666666667,1.462397997898956,0.0,0.0,3.45,13.79,24.14,17.24,27.59,3.45,10.34,0.0
2919009,BA,Nordeste,2,risco alto e cobertura menor,33,0.5,0.21212122,715.2506,0.9428571428571428,1.5185139398778875,0.0,0.0,18.18,24.24,24.24,12.12,6.06,9.09,6.06,0.0
2919058,BA,Nordeste,2,risco alto e cobertura menor,58,0.5506364107131958,0.43103448,738.53394,0.9830508474576272,1.7634279935629373,0.0,1.72,3.45,6.9,13.79,39.66,22.41,6.9,5.17,0.0
2919108,BA,Nordeste,2,risco alto e cobertura menor,46,0.2222892791032791,0.19565217,705.23914,0.9787234042553191,1.662757831681574,0.0,13.04,13.04,23.91,21.74,13.04,4.35,6.52,4.35,0.0
2919157,BA,Nordeste,2,risco alto e cobertura menor,301,0.2507396638393402,0.25249168,716.09985,0.9678456591639871,2.4785664955938436,0.0,2.66,13.62,21.26,19.93,24.25,11.96,4.65,1.66,0.0
2919207,BA,Nordeste,2,risco alto e cobertura menor,1280,0.2963241636753082,0.2875,716.1383,0.8465608465608465,3.1072099696478683,0.0,5.23,12.66,20.08,20.7,18.28,13.36,7.5,2.11,0.08
2919306,BA,Nordeste,2,risco alto e cobertura menor,77,0.36174434423446655,0.37662336,730.5839,0.8555555555555555,1.8864907251724818,0.0,1.3,10.39,11.69,23.38,18.18,18.18,9.09,7.79,0.0
2919504,BA,Nordeste,2,risco alto e cobertura menor,402,0.3841729760169983,0.38059703,727.46844,0.95260663507109,2.60422605308447,0.0,2.24,7.96,17.41,18.91,24.88,14.93,9.45,4.23,0.0
2919553,BA,Nordeste,2,risco alto e cobertura menor,1313,0.2941119074821472,0.35719725,724.4233,0.9105409153952844,3.118264726089479,0.0,3.05,9.44,17.29,20.18,20.94,18.81,8.3,1.9,0.08
2919603,BA,Nordeste,2,risco alto e cobertura menor,146,0.18557290732860565,0.30136988,719.4493,0.954248366013072,2.164352855784437,0.0,3.42,8.22,23.97,27.4,12.33,13.01,9.59,2.05,0.0
2919702,BA,Nordeste,2,risco alto e cobertura menor,114,0.4904525578022003,0.4473684,732.25256,0.9344262295081968,2.0569048513364727,0.0,3.51,6.14,12.28,19.3,17.54,28.07,9.65,3.51,0.0
2919801,BA,Nordeste,2,risco alto e cobertura menor,273,0.43496614694595337,0.31501833,720.731,0.9715302491103203,2.436162647040756,0.0,5.13,10.99,18.68,21.25,15.75,15.38,8.06,4.4,0.37
2919900,BA,Nordeste,2,risco alto e cobertura menor,40,0.046539876610040665,0.125,695.9425,1.0,1.6020599913279623,0.0,10.0,20.0,25.0,30.0,2.5,7.5,5.0,0.0,0.0
2919926,BA,Nordeste,2,risco alto e cobertura menor,186,0.4071081280708313,0.2580645,715.8861,0.9441624365482234,2.2695129442179165,0.0,3.76,11.83,20.43,22.58,19.89,12.37,9.14,0.0,0.0
2919959,BA,Nordeste,2,risco alto e cobertura menor,38,0.6098123788833618,0.47368422,737.73816,1.0,1.5797835966168101,0.0,2.63,2.63,2.63,18.42,42.11,26.32,2.63,2.63,0.0
2920007,BA,Nordeste,2,risco alto e cobertura menor,86,0.2982472777366638,0.3255814,722.3731,0.8686868686868687,1.9344984512435677,0.0,4.65,10.47,12.79,17.44,30.23,16.28,6.98,1.16,0.0
2920106,BA,Nordeste,2,risco alto e cobertura menor,111,0.4081595838069916,0.23423423,717.7131,0.925,2.0453229787866576,0.0,2.7,9.91,22.52,23.42,23.42,8.11,8.11,0.9,0.9
2920205,BA,Nordeste,2,risco alto e cobertura menor,190,0.25235405564308167,0.33684212,724.43274,0.9844559585492227,2.278753600952829,0.0,3.16,10.0,16.84,17.89,24.21,16.84,7.89,3.16,0.0
2920403,BA,Nordeste,2,risco alto e cobertura menor,120,0.3952694237232208,0.41666666,728.2536,0.975609756097561,2.0791812460476247,0.0,1.67,10.0,14.17,16.67,25.0,20.0,12.5,0.0,0.0
2920452,BA,Nordeste,2,risco alto e cobertura menor,59,0.30693888664245605,0.37288135,728.31085,0.7763157894736842,1.7708520116421442,0.0,1.69,10.17,8.47,23.73,25.42,20.34,8.47,1.69,0.0
2920502,BA,Nordeste,2,risco alto e cobertura menor,179,0.5246372818946838,0.43575418,737.4827,0.771551724137931,2.2528530309798933,0.0,1.12,5.03,11.73,17.32,26.26,19.55,13.97,5.03,0.0
2920601,BA,Nordeste,2,risco alto e cobertura menor,167,0.4744189977645874,0.5449102,742.9324,0.8434343434343434,2.2227164711475833,0.0,1.2,4.19,10.18,17.96,17.37,25.15,18.56,5.39,0.0
2920809,BA,Nordeste,2,risco alto e cobertura menor,70,0.21150276064872742,0.18571429,707.625,0.8860759493670886,1.845098040014257,0.0,2.86,21.43,24.29,20.0,18.57,7.14,2.86,1.43,1.43
2920908,BA,Nordeste,2,risco alto e cobertura menor,101,0.22317758202552795,0.26732674,710.0662,0.7318840579710145,2.0043213737826426,0.0,6.93,18.81,23.76,9.9,17.82,15.84,6.93,0.0,0.0
2921005,BA,Nordeste,2,risco alto e cobertura menor,636,0.5401473641395569,0.5691824,745.07513,0.8995756718528995,2.803457115648414,0.0,1.26,4.09,8.81,13.52,21.54,26.73,18.55,5.19,0.31
2921054,BA,Nordeste,2,risco alto e cobertura menor,127,0.41690289974212646,0.42519686,734.8397,0.9621212121212122,2.103803720955957,0.0,3.15,7.09,11.81,20.47,19.69,18.11,14.96,3.94,0.79
2921104,BA,Nordeste,2,risco alto e cobertura menor,226,0.5145869851112366,0.46902654,736.5858,0.8862745098039215,2.3541084391474008,0.0,3.1,3.54,12.83,15.04,24.34,23.89,13.72,3.54,0.0
2921203,BA,Nordeste,2,risco alto e cobertura menor,184,0.47800615429878235,0.36956522,724.0812,0.9533678756476683,2.2648178230095364,0.0,2.72,11.41,13.59,20.11,23.91,20.65,6.52,1.09,0.0
2921302,BA,Nordeste,2,risco alto e cobertura menor,76,0.3386653959751129,0.46052632,732.03815,0.8735632183908046,1.8808135922807914,0.0,6.58,5.26,13.16,21.05,14.47,21.05,13.16,5.26,0.0
2921401,BA,Nordeste,2,risco alto e cobertura menor,119,0.3372083008289337,0.29411766,722.0836,0.8206896551724138,2.0755469613925306,0.0,4.2,10.08,15.97,22.69,25.21,10.08,9.24,2.52,0.0
2921450,BA,Nordeste,2,risco alto e cobertura menor,78,0.5217097997665405,0.46153846,736.82733,0.9285714285714286,1.8920946026904804,0.0,2.56,1.28,11.54,20.51,24.36,24.36,14.1,1.28,0.0
2921500,BA,Nordeste,2,risco alto e cobertura menor,251,0.3089073598384857,0.2749004,717.4838,0.8655172413793103,2.399673721481038,0.0,2.39,13.94,21.12,21.51,19.52,11.55,8.37,1.59,0.0
2921609,BA,Nordeste,2,risco alto e cobertura menor,90,0.31776151061058044,0.2888889,725.39886,0.989010989010989,1.954242509439325,0.0,1.11,6.67,20.0,22.22,23.33,16.67,7.78,1.11,1.11
2921708,BA,Nordeste,2,risco alto e cobertura menor,219,0.3620162308216095,0.28310502,718.5625,0.9439655172413793,2.3404441148401185,0.0,3.2,12.79,22.83,18.26,16.89,12.79,8.68,4.57,0.0
2921906,BA,Nordeste,2,risco alto e cobertura menor,85,0.41629305481910706,0.3882353,731.91675,0.9340659340659341,1.9294189257142926,0.0,4.71,4.71,9.41,24.71,21.18,20.0,9.41,5.88,0.0
2922003,BA,Nordeste,2,risco alto e cobertura menor,392,0.490881085395813,0.47959185,737.2847,0.9333333333333333,2.593286067020457,0.0,1.02,4.85,10.97,19.64,25.26,19.13,16.58,2.55,0.0
2922052,BA,Nordeste,2,risco alto e cobertura menor,111,0.2246437966823578,0.2882883,718.17535,0.9823008849557522,2.0453229787866576,0.0,0.0,9.91,26.13,18.92,22.52,18.92,3.6,0.0,0.0
2922102,BA,Nordeste,2,risco alto e cobertura menor,126,0.2660323977470398,0.33333334,720.08673,0.9692307692307692,2.100370545117563,0.0,6.35,8.73,17.46,22.22,19.84,15.08,7.14,3.17,0.0
2922201,BA,Nordeste,2,risco alto e cobertura menor,63,0.45914211869239807,0.41269842,729.8792,0.984375,1.7993405494535817,0.0,1.59,12.7,15.87,12.7,20.63,15.87,19.05,1.59,0.0
2922250,BA,Nordeste,2,risco alto e cobertura menor,118,0.30964723229408264,0.22033899,713.1726,0.8939393939393939,2.0718820073061255,0.0,2.54,15.25,21.19,20.34,22.03,13.56,5.08,0.0,0.0
2922300,BA,Nordeste,2,risco alto e cobertura menor,174,0.23352599143981934,0.51724136,740.2085,0.925531914893617,2.2405492482826,0.0,0.57,5.75,16.09,13.22,19.54,22.41,14.94,7.47,0.0
2922409,BA,Nordeste,2,risco alto e cobertura menor,139,0.5836603045463562,0.48920864,738.7212,0.952054794520548,2.143014800254095,0.0,1.44,2.88,9.35,20.14,23.74,25.9,12.95,3.6,0.0
2922607,BA,Nordeste,2,risco alto e cobertura menor,97,0.3604520261287689,0.5051546,736.59656,0.9897959183673469,1.9867717342662448,0.0,2.06,2.06,14.43,10.31,30.93,31.96,8.25,0.0,0.0
2922656,BA,Nordeste,2,risco alto e cobertura menor,176,0.31253406405448914,0.26136363,715.3533,0.8341232227488151,2.24551266781415,0.0,4.55,12.5,19.32,17.05,28.41,9.66,6.82,1.7,0.0
2922706,BA,Nordeste,2,risco alto e cobertura menor,16,0.29474884271621704,0.5,734.03436,1.0,1.2041199826559248,0.0,6.25,6.25,0.0,18.75,25.0,31.25,6.25,6.25,0.0
2922730,BA,Nordeste,2,risco alto e cobertura menor,47,0.4681112468242645,0.31914893,721.5375,0.9591836734693877,1.6720978579357175,0.0,2.13,8.51,23.4,17.02,29.79,12.77,2.13,4.26,0.0
2922755,BA,Nordeste,2,risco alto e cobertura menor,49,0.5034230947494507,0.48979592,744.08777,0.9245283018867925,1.6901960800285136,0.0,2.04,2.04,4.08,20.41,22.45,28.57,18.37,2.04,0.0
2922805,BA,Nordeste,2,risco alto e cobertura menor,101,0.32964104413986206,0.34653464,731.15137,0.9528301886792453,2.0043213737826426,0.0,0.99,6.93,10.89,17.82,36.63,17.82,5.94,2.97,0.0
2922854,BA,Nordeste,2,risco alto e cobertura menor,37,0.3191750943660736,0.27027026,725.244,0.7872340425531915,1.568201724066995,0.0,0.0,5.41,24.32,13.51,29.73,24.32,0.0,2.7,0.0
2922904,BA,Nordeste,2,risco alto e cobertura menor,242,0.22135566174983978,0.3140496,724.1056,0.968,2.383815365980431,0.0,1.65,8.68,15.29,23.55,27.69,13.64,7.85,1.65,0.0
2923001,BA,Nordeste,2,risco alto e cobertura menor,481,0.5636521577835083,0.37214136,728.13275,0.9487179487179487,2.682145076373832,0.0,1.46,9.77,14.97,18.09,24.53,18.09,10.6,2.29,0.21
2923050,BA,Nordeste,2,risco alto e cobertura menor,64,0.21763548254966736,0.390625,732.3842,0.9411764705882353,1.806179973983887,0.0,1.56,4.69,18.75,25.0,12.5,17.19,10.94,9.38,0.0
2923100,BA,Nordeste,2,risco alto e cobertura menor,202,0.3449704945087433,0.21287128,712.0782,0.926605504587156,2.305351369446624,0.0,3.96,11.88,28.71,20.3,18.81,9.9,4.46,1.49,0.5
2923209,BA,Nordeste,2,risco alto e cobertura menor,196,0.38106659054756165,0.39285713,728.625,0.9560975609756097,2.292256071356476,0.0,2.55,5.61,17.35,17.35,27.04,17.86,10.2,2.04,0.0
2923308,BA,Nordeste,2,risco alto e cobertura menor,85,0.35931262373924255,0.5058824,738.612,0.9444444444444444,1.9294189257142926,0.0,2.35,3.53,8.24,17.65,27.06,25.88,12.94,2.35,0.0
2923357,BA,Nordeste,2,risco alto e cobertura menor,141,0.22650888562202454,0.34042552,721.33563,0.7580645161290323,2.1492191126553797,0.0,4.26,7.09,19.15,19.15,24.11,19.86,6.38,0.0,0.0
2923407,BA,Nordeste,2,risco alto e cobertura menor,151,0.4550705850124359,0.3576159,725.66034,0.9320987654320988,2.1789769472931693,0.0,2.65,5.3,23.18,17.88,22.52,17.88,8.61,1.99,0.0
2923506,BA,Nordeste,2,risco alto e cobertura menor,89,0.4372371733188629,0.40449437,728.4948,0.898989898989899,1.9493900066449128,0.0,4.49,8.99,14.61,17.98,16.85,20.22,12.36,4.49,0.0
2923605,BA,Nordeste,2,risco alto e cobertura menor,141,0.46892601251602173,0.4893617,735.65344,0.9337748344370861,2.1492191126553797,0.0,1.42,5.67,12.06,17.73,21.99,21.99,14.89,4.26,0.0
2923704,BA,Nordeste,2,risco alto e cobertura menor,233,0.21133685111999512,0.2446352,711.76874,0.8961538461538462,2.367355921026019,0.0,6.87,14.59,19.74,19.74,20.17,12.88,4.72,1.29,0.0
2923803,BA,Nordeste,2,risco alto e cobertura menor,196,0.5184255242347717,0.39795917,725.035,0.92018779342723,2.292256071356476,0.0,3.57,9.69,22.45,16.84,13.78,17.35,10.71,5.1,0.51
2923902,BA,Nordeste,2,risco alto e cobertura menor,134,0.375383198261261,0.3283582,721.35803,0.9436619718309859,2.1271047983648077,0.07462686,1.49,15.67,20.15,20.15,13.43,17.16,10.45,1.49,0.0
2924009,BA,Nordeste,2,risco alto e cobertura menor,944,0.24783843755722046,0.30508474,722.10205,0.8489208633093526,2.974971994298069,0.0,2.44,9.75,19.39,21.82,22.99,14.09,6.46,2.86,0.21
2924058,BA,Nordeste,2,risco alto e cobertura menor,51,0.37890011072158813,0.39215687,725.06586,0.6296296296296297,1.7075701760979363,0.0,1.96,9.8,19.61,17.65,19.61,15.69,15.69,0.0,0.0
2924108,BA,Nordeste,2,risco alto e cobertura menor,30,0.20715509355068207,0.13333334,711.6047,0.9375,1.4771212547196624,0.0,0.0,10.0,33.33,23.33,26.67,3.33,0.0,3.33,0.0
2924207,BA,Nordeste,2,risco alto e cobertura menor,132,0.29135021567344666,0.20454545,706.7164,0.9850746268656716,2.12057393120585,0.0,4.55,14.39,24.24,25.0,18.94,10.61,2.27,0.0,0.0
2924306,BA,Nordeste,2,risco alto e cobertura menor,150,0.42179110646247864,0.45333335,737.4582,0.819672131147541,2.1760912590556813,0.0,1.33,4.67,12.67,17.33,26.0,20.0,11.33,6.0,0.67
2924405,BA,Nordeste,2,risco alto e cobertura menor,391,0.2389591634273529,0.22506393,713.40753,0.85,2.5921767573958667,0.0,5.63,11.76,20.72,20.46,24.3,10.49,5.88,0.77,0.0
2924504,BA,Nordeste,2,risco alto e cobertura menor,120,0.710291862487793,0.38333333,730.67377,0.9523809523809523,2.0791812460476247,0.0,2.5,4.17,15.0,25.83,18.33,20.0,10.0,3.33,0.83
2924603,BA,Nordeste,2,risco alto e cobertura menor,222,0.3415692448616028,0.3918919,726.7738,0.9823008849557522,2.346352974450639,0.0,1.35,9.01,18.02,16.22,24.77,21.62,7.21,1.8,0.0
2924678,BA,Nordeste,2,risco alto e cobertura menor,42,0.4767269194126129,0.42857143,727.5636,0.6774193548387096,1.6232492903979006,0.0,0.0,16.67,4.76,26.19,19.05,23.81,7.14,2.38,0.0
2924801,BA,Nordeste,2,risco alto e cobertura menor,138,0.43045374751091003,0.4057971,730.16644,0.9517241379310345,2.1398790864012365,0.0,0.72,7.97,18.12,15.94,21.74,23.19,9.42,2.9,0.0
2924900,BA,Nordeste,2,risco alto e cobertura menor,56,0.5375531315803528,0.42857143,735.08856,0.875,1.7481880270062005,0.0,1.79,3.57,14.29,12.5,33.93,19.64,10.71,3.57,0.0
2925006,BA,Nordeste,2,risco alto e cobertura menor,181,0.40093255043029785,0.24309392,715.313,0.923469387755102,2.2576785748691846,0.0,1.1,12.71,25.41,21.55,20.44,13.26,3.31,2.21,0.0
2925105,BA,Nordeste,2,risco alto e cobertura menor,389,0.44003593921661377,0.4293059,729.61536,0.9152941176470588,2.5899496013257077,0.0,3.08,9.25,14.4,17.22,19.54,20.82,12.34,2.83,0.51
2925204,BA,Nordeste,2,risco alto e cobertura menor,291,0.6054030656814575,0.5154639,740.4139,0.9009287925696594,2.4638929889859074,0.0,1.72,5.5,10.65,12.71,25.09,23.02,16.84,4.47,0.0
2925253,BA,Nordeste,2,risco alto e cobertura menor,173,0.23181965947151184,0.3699422,729.903,0.9558011049723757,2.2380461031287955,0.0,2.31,7.51,10.98,21.97,26.01,19.65,9.25,2.31,0.0
2925303,BA,Nordeste,2,risco alto e cobertura menor,2200,0.4670838713645935,0.455,734.8354,0.9482758620689655,3.342422680822206,0.0,1.73,7.68,12.82,16.82,22.68,19.14,14.18,4.82,0.14
2925402,BA,Nordeste,2,risco alto e cobertura menor,69,0.27876830101013184,0.2753623,719.13654,0.92,1.8388490907372552,0.0,2.9,10.14,18.84,15.94,28.99,18.84,4.35,0.0,0.0
2925501,BA,Nordeste,2,risco alto e cobertura menor,391,0.36161333322525024,0.32736573,725.10767,0.8248945147679325,2.5921767573958667,0.17902814,0.77,8.7,14.83,26.09,23.79,17.9,6.14,1.79,0.0
2925600,BA,Nordeste,2,risco alto e cobertura menor,100,0.21277879178524017,0.2,703.3867,0.9523809523809523,2.0,0.0,10.0,21.0,21.0,15.0,17.0,12.0,4.0,0.0,0.0
2925709,BA,Nordeste,2,risco alto e cobertura menor,107,0.3040463924407959,0.317757,722.5617,0.8991596638655462,2.0293837776852097,0.0,2.8,8.41,20.56,22.43,17.76,17.76,7.48,2.8,0.0
2925808,BA,Nordeste,2,risco alto e cobertura menor,188,0.2735002636909485,0.30319148,722.55994,0.9543147208121827,2.27415784926368,0.0,2.66,9.04,19.15,18.62,23.4,18.09,8.51,0.53,0.0
2925907,BA,Nordeste,2,risco alto e cobertura menor,132,0.3845565617084503,0.34848484,722.406,0.9705882352941176,2.12057393120585,0.0,0.76,13.64,25.0,10.61,20.45,14.39,13.64,1.52,0.0
2925956,BA,Nordeste,2,risco alto e cobertura menor,173,0.48420584201812744,0.33526012,721.41223,0.8357487922705314,2.2380461031287955,0.0,1.73,10.98,19.08,22.54,18.5,20.23,4.62,2.31,0.0
2926004,BA,Nordeste,2,risco alto e cobertura menor,329,0.25104662775993347,0.3525836,727.1482,0.9241573033707865,2.5171958979499744,0.0,2.43,9.12,15.2,22.19,21.28,16.41,8.81,4.56,0.0
2926103,BA,Nordeste,2,risco alto e cobertura menor,123,0.18489065766334534,0.23577236,715.69855,0.984,2.089905111439398,0.0,2.44,13.01,23.58,24.39,15.45,13.01,6.5,1.63,0.0
2926301,BA,Nordeste,2,risco alto e cobertura menor,172,0.3841205835342407,0.38372093,726.3162,0.882051282051282,2.2355284469075487,0.0,1.16,11.05,15.7,23.26,17.44,19.77,6.4,5.23,0.0
2926400,BA,Nordeste,2,risco alto e cobertura menor,198,0.4215095341205597,0.5252525,739.3655,0.8646288209606987,2.296665190261531,0.0,1.52,6.57,10.1,16.67,22.22,21.72,17.17,4.04,0.0
2926509,BA,Nordeste,2,risco alto e cobertura menor,162,0.28730225563049316,0.33950618,722.86127,0.9529411764705882,2.2095150145426308,0.0,2.47,9.26,16.67,23.46,22.22,17.9,7.41,0.62,0.0
2926608,BA,Nordeste,2,risco alto e cobertura menor,501,0.3438287675380707,0.4071856,729.0968,0.9027027027027027,2.699837725867246,0.0,3.19,6.99,15.17,17.96,23.15,21.36,8.78,2.99,0.4
2926657,BA,Nordeste,2,risco alto e cobertura menor,76,0.47247254848480225,0.5263158,740.2756,0.926829268292683,1.8808135922807914,0.0,1.32,2.63,10.53,13.16,26.32,35.53,7.89,2.63,0.0
2926707,BA,Nordeste,2,risco alto e cobertura menor,122,0.5046173334121704,0.55737704,745.0512,0.9312977099236641,2.0863598306747484,0.0,2.46,3.28,7.38,14.75,25.41,25.41,13.11,8.2,0.0
2926806,BA,Nordeste,2,risco alto e cobertura menor,89,0.6253081560134888,0.43820226,734.36664,0.978021978021978,1.9493900066449128,0.0,1.12,2.25,15.73,21.35,21.35,24.72,13.48,0.0,0.0
2926905,BA,Nordeste,2,risco alto e cobertura menor,32,0.36523258686065674,0.15625,715.4384,0.8,1.505149978319906,0.0,0.0,18.75,18.75,18.75,31.25,6.25,3.12,3.12,0.0
2927002,BA,Nordeste,2,risco alto e cobertura menor,268,0.4096554219722748,0.33208954,725.3953,0.864516129032258,2.428134794028789,0.0,3.36,7.09,15.3,21.64,25.0,17.91,8.21,1.12,0.37
2927101,BA,Nordeste,2,risco alto e cobertura menor,162,0.2327284961938858,0.28395063,712.7966,0.9257142857142857,2.2095150145426308,0.086419754,6.17,13.58,22.84,20.99,14.81,12.96,8.02,0.62,0.0
2927200,BA,Nordeste,2,risco alto e cobertura menor,247,0.3825070858001709,0.27935222,722.4563,0.9840637450199203,2.392696953259666,0.0,2.43,8.5,16.6,24.29,23.89,16.19,6.07,2.02,0.0
2927309,BA,Nordeste,2,risco alto e cobertura menor,201,0.4781533181667328,0.45771143,734.55963,0.9481132075471698,2.303196057420489,0.0,1.49,7.96,10.45,14.93,25.87,27.36,8.96,2.99,0.0
2927408,BA,Nordeste,2,risco alto e cobertura menor,12158,0.3936212658882141,0.36856392,725.92377,0.8790398380449714,4.084862139048422,0.003783517,3.22,9.31,15.79,18.98,22.3,18.16,9.4,2.79,0.05
2927507,BA,Nordeste,2,risco alto e cobertura menor,133,0.21007271111011505,0.31578946,724.81445,0.9236111111111112,2.123851640967086,0.0,2.26,6.77,17.29,24.06,23.31,16.54,9.02,0.75,0.0
2927606,BA,Nordeste,2,risco alto e cobertura menor,155,0.25643715262413025,0.28387097,721.3427,0.9011627906976745,2.1903316981702914,0.0,3.87,9.68,11.61,21.94,31.61,16.77,1.94,2.58,0.0
2927705,BA,Nordeste,2,risco alto e cobertura menor,364,0.4045829474925995,0.37362638,728.37134,0.9357326478149101,2.561101383649056,0.0,3.02,8.52,16.21,20.6,18.68,16.21,11.81,4.95,0.0
2927804,BA,Nordeste,2,risco alto e cobertura menor,54,0.4513094127178192,0.37037036,725.73505,0.9473684210526315,1.7323937598229686,0.0,3.7,9.26,16.67,16.67,22.22,14.81,12.96,3.7,0.0
2927903,BA,Nordeste,2,risco alto e cobertura menor,93,0.47343572974205017,0.47311828,737.2223,0.9587628865979382,1.968482948553935,0.0,0.0,3.23,11.83,20.43,25.81,23.66,12.9,2.15,0.0
2928000,BA,Nordeste,2,risco alto e cobertura menor,199,0.25081050395965576,0.2914573,714.0125,0.9342723004694836,2.298853076409707,0.0,4.52,15.08,25.13,16.08,14.57,15.08,7.54,2.01,0.0
2928059,BA,Nordeste,2,risco alto e cobertura menor,95,0.33456918597221375,0.28421053,712.24524,0.8260869565217391,1.9777236052888478,0.0,7.37,16.84,21.05,16.84,13.68,12.63,11.58,0.0,0.0
2928109,BA,Nordeste,2,risco alto e cobertura menor,251,0.32331401109695435,0.26294822,715.8623,0.7968253968253968,2.399673721481038,0.0,2.79,12.75,21.12,22.71,20.72,14.34,5.18,0.4,0.0
2928208,BA,Nordeste,2,risco alto e cobertura menor,230,0.29917168617248535,0.3869565,730.9989,0.9349593495934959,2.361727836017593,0.0,0.87,6.09,18.26,19.13,22.17,18.26,11.3,3.48,0.43
2928307,BA,Nordeste,2,risco alto e cobertura menor,61,0.2695067822933197,0.22950819,713.94965,0.8243243243243243,1.7853298350107671,0.0,4.92,9.84,21.31,26.23,19.67,14.75,3.28,0.0,0.0
2928406,BA,Nordeste,2,risco alto e cobertura menor,259,0.4694801867008209,0.32046333,721.3448,0.9522058823529411,2.413299764081252,0.0,2.32,12.36,17.37,18.15,25.1,16.6,6.56,1.54,0.0
2928505,BA,Nordeste,2,risco alto e cobertura menor,76,0.266274631023407,0.27631578,717.5921,0.9620253164556962,1.8808135922807914,0.0,3.95,11.84,17.11,26.32,15.79,13.16,10.53,1.32,0.0
2928604,BA,Nordeste,2,risco alto e cobertura menor,395,0.43809303641319275,0.36962026,728.42505,0.9207459207459208,2.59659709562646,0.0,2.78,5.06,16.46,21.01,24.56,18.23,9.87,2.03,0.0
2928703,BA,Nordeste,2,risco alto e cobertura menor,467,0.33374375104904175,0.40899357,730.5734,0.8221830985915493,2.6693168805661123,0.0,3.21,7.07,13.7,17.34,24.84,19.27,11.78,2.78,0.0
2928802,BA,Nordeste,2,risco alto e cobertura menor,499,0.3264085650444031,0.31863728,720.0428,0.9275092936802974,2.6981005456233897,0.0,4.01,10.22,22.44,18.84,18.24,14.23,9.02,3.01,0.0
2928901,BA,Nordeste,2,risco alto e cobertura menor,307,0.44686800241470337,0.5407166,741.4902,0.9684542586750788,2.4871383754771865,0.0,1.63,4.23,9.77,14.01,25.08,25.41,13.36,5.86,0.65
2928950,BA,Nordeste,2,risco alto e cobertura menor,51,0.2526519298553467,0.5294118,748.53,0.9107142857142857,1.7075701760979363,0.0,0.0,0.0,7.84,11.76,35.29,21.57,21.57,1.96,0.0
2929008,BA,Nordeste,2,risco alto e cobertura menor,83,0.3205372989177704,0.31325302,717.97034,0.9540229885057471,1.919078092376074,0.0,2.41,13.25,22.89,14.46,22.89,16.87,6.02,1.2,0.0
2929057,BA,Nordeste,2,risco alto e cobertura menor,164,0.5487908720970154,0.36585367,727.4619,0.9590643274853801,2.214843848047698,0.0,2.44,7.32,18.9,21.34,17.07,17.07,12.8,3.05,0.0
2929107,BA,Nordeste,2,risco alto e cobertura menor,141,0.45888158679008484,0.4113475,729.3522,0.8980891719745223,2.1492191126553797,0.0,3.55,4.96,21.28,17.73,18.44,17.02,7.8,9.22,0.0
2929206,BA,Nordeste,2,risco alto e cobertura menor,342,0.30029359459877014,0.25730994,712.4256,0.8769230769230769,2.534026106056135,0.0,4.08,17.2,19.83,18.95,19.53,14.87,4.96,0.58,0.0
2929255,BA,Nordeste,2,risco alto e cobertura menor,158,0.33171120285987854,0.33544305,723.4676,0.88268156424581,2.1986570869544226,0.0,1.9,13.92,12.03,23.42,20.25,15.19,11.39,1.9,0.0
2929305,BA,Nordeste,2,risco alto e cobertura menor,203,0.3639272153377533,0.24630542,717.40454,0.8601694915254238,2.307496037913213,0.0,4.93,5.42,25.12,21.18,23.15,12.81,5.91,1.48,0.0
2929354,BA,Nordeste,2,risco alto e cobertura menor,77,0.31301113963127136,0.27272728,709.43585,0.9390243902439024,1.8864907251724818,0.0,2.6,25.97,18.18,16.88,14.29,15.58,6.49,0.0,0.0
2929370,BA,Nordeste,2,risco alto e cobertura menor,88,0.23176169395446777,0.2840909,720.8679,0.946236559139785,1.9444826721501687,0.0,1.14,7.95,22.73,23.86,25.0,11.36,7.95,0.0,0.0
2929404,BA,Nordeste,2,risco alto e cobertura menor,68,0.28739994764328003,0.36764705,731.6416,0.9315068493150684,1.8325089127062364,0.0,1.47,1.47,8.82,35.29,29.41,13.24,7.35,2.94,0.0
2929503,BA,Nordeste,2,risco alto e cobertura menor,269,0.49953487515449524,0.46096656,736.27954,0.8790849673202614,2.429752280002408,0.0,2.6,3.72,11.9,17.47,24.54,22.3,14.87,2.6,0.0
2929701,BA,Nordeste,2,risco alto e cobertura menor,88,0.1535714715719223,0.3068182,724.90015,0.9166666666666666,1.9444826721501687,0.0,1.14,7.95,13.64,30.68,23.86,13.64,6.82,2.27,0.0
2929750,BA,Nordeste,2,risco alto e cobertura menor,76,0.43156352639198303,0.5263158,746.08685,0.9382716049382716,1.8808135922807914,0.0,0.0,6.58,5.26,13.16,31.58,19.74,15.79,7.89,0.0
2929800,BA,Nordeste,2,risco alto e cobertura menor,82,0.15011724829673767,0.20731707,705.5511,0.9425287356321839,1.9138138523837167,0.0,2.44,26.83,20.73,21.95,10.98,10.98,4.88,1.22,0.0
2929909,BA,Nordeste,2,risco alto e cobertura menor,406,0.4867572486400604,0.3497537,724.9221,0.8565400843881856,2.6085260335771943,0.0,2.96,9.85,16.75,18.47,21.43,17.24,10.34,2.96,0.0
2930006,BA,Nordeste,2,risco alto e cobertura menor,59,0.5901523232460022,0.42372882,737.3469,1.0,1.7708520116421442,0.0,1.69,3.39,10.17,22.03,27.12,15.25,15.25,5.08,0.0
2930105,BA,Nordeste,2,risco alto e cobertura menor,487,0.19931024312973022,0.2402464,712.33704,0.9586614173228346,2.6875289612146345,0.0,4.11,15.81,22.38,21.15,15.61,12.53,6.98,1.23,0.21
2930154,BA,Nordeste,2,risco alto e cobertura menor,439,0.3617144525051117,0.2665148,717.2281,0.9733924611973392,2.6424645202421213,0.0,4.1,11.39,21.87,20.73,20.5,11.85,7.52,1.82,0.23
2930204,BA,Nordeste,2,risco alto e cobertura menor,429,0.2640722393989563,0.24242425,713.8244,0.8773006134969326,2.6324572921847245,0.0,3.96,11.89,23.31,23.31,17.72,13.99,5.13,0.7,0.0
2930303,BA,Nordeste,2,risco alto e cobertura menor,136,0.28989678621292114,0.33088234,726.4399,0.9006622516556292,2.1335389083702174,0.0,1.47,9.56,11.76,22.79,27.21,16.91,8.09,2.21,0.0
2930402,BA,Nordeste,2,risco alto e cobertura menor,90,0.3183160126209259,0.36666667,722.6487,0.9473684210526315,1.954242509439325,0.0,5.56,10.0,15.56,20.0,23.33,14.44,8.89,2.22,0.0
2930501,BA,Nordeste,2,risco alto e cobertura menor,487,0.25188133120536804,0.19917865,709.3562,0.9276190476190476,2.6875289612146345,0.0,5.54,14.99,24.23,19.1,20.53,9.24,4.72,1.64,0.0
2930600,BA,Nordeste,2,risco alto e cobertura menor,144,0.3284202218055725,0.25694445,717.29663,0.9473684210526315,2.1583624920952498,0.0,4.17,11.11,21.53,18.06,23.61,10.42,9.72,1.39,0.0
2930709,BA,Nordeste,2,risco alto e cobertura menor,1151,0.4261164963245392,0.4213727,730.63214,0.9289749798224375,3.0610753236297916,0.0,2.87,8.34,12.6,17.9,22.59,20.94,10.69,4.08,0.0
2930766,BA,Nordeste,2,risco alto e cobertura menor,73,0.44064974784851074,0.42465752,730.34106,0.9733333333333334,1.863322860120456,0.0,4.11,8.22,10.96,12.33,34.25,15.07,13.7,1.37,0.0
2930774,BA,Nordeste,2,risco alto e cobertura menor,302,0.2644088566303253,0.34437087,725.5851,0.9741935483870968,2.4800069429571505,0.0,2.98,9.27,14.24,20.2,24.17,17.55,9.6,1.99,0.0
2930808,BA,Nordeste,2,risco alto e cobertura menor,132,0.25494879484176636,0.3181818,721.0151,0.9705882352941176,2.12057393120585,0.0,2.27,10.61,21.21,17.42,21.97,15.15,10.61,0.76,0.0
2930907,BA,Nordeste,2,risco alto e cobertura menor,127,0.3583320379257202,0.43307087,729.977,0.9621212121212122,2.103803720955957,0.0,0.79,6.3,20.47,15.75,25.98,16.54,12.6,1.57,0.0
2931004,BA,Nordeste,2,risco alto e cobertura menor,97,0.5872266888618469,0.4742268,736.4978,0.9326923076923077,1.9867717342662448,0.0,3.09,8.25,6.19,17.53,23.71,24.74,10.31,6.19,0.0
2931103,BA,Nordeste,2,risco alto e cobertura menor,75,0.18929162621498108,0.30666667,721.3704,0.9615384615384616,1.8750612633917,0.0,2.67,9.33,24.0,20.0,16.0,16.0,9.33,2.67,0.0
2931202,BA,Nordeste,2,risco alto e cobertura menor,141,0.3882509768009186,0.47517732,735.82477,0.9527027027027027,2.1492191126553797,0.0,2.13,1.42,12.77,19.86,24.11,28.37,9.22,2.13,0.0
2931301,BA,Nordeste,2,risco alto e cobertura menor,110,0.3305555284023285,0.4181818,732.78107,0.9565217391304348,2.041392685158225,0.0,0.0,8.18,13.64,19.09,26.36,17.27,10.91,4.55,0.0
2931350,BA,Nordeste,2,risco alto e cobertura menor,1367,0.5185056328773499,0.35040236,726.86725,0.9199192462987887,3.1357685145678222,0.0,2.41,8.85,14.85,19.46,25.46,16.83,9.14,2.93,0.07
2931400,BA,Nordeste,2,risco alto e cobertura menor,72,0.4103272259235382,0.30555555,718.53375,0.9473684210526315,1.8573324964312685,0.0,8.33,9.72,18.06,19.44,16.67,16.67,9.72,1.39,0.0
2931509,BA,Nordeste,2,risco alto e cobertura menor,186,0.2807048261165619,0.2956989,716.0079,0.8857142857142857,2.2695129442179165,0.0,3.76,12.9,22.04,18.28,19.89,16.67,5.91,0.54,0.0
2931608,BA,Nordeste,2,risco alto e cobertura menor,143,0.4732167720794678,0.44755244,735.59174,0.9470198675496688,2.155336037465062,0.0,3.5,6.29,6.99,14.69,34.97,20.98,8.39,4.2,0.0
2931707,BA,Nordeste,2,risco alto e cobertura menor,95,0.23250548541545868,0.28421053,721.41693,0.9313725490196079,1.9777236052888478,0.0,3.16,7.37,24.21,24.21,13.68,13.68,9.47,4.21,0.0
2931806,BA,Nordeste,2,risco alto e cobertura menor,77,0.4947981536388397,0.42857143,738.34607,0.9871794871794872,1.8864907251724818,0.0,0.0,1.3,12.99,20.78,27.27,22.08,11.69,3.9,0.0
2931905,BA,Nordeste,2,risco alto e cobertura menor,256,0.289824515581131,0.35546875,726.263,0.7272727272727273,2.4082399653118496,0.0,1.95,10.55,15.62,18.75,22.27,18.36,9.38,3.12,0.0
2932002,BA,Nordeste,2,risco alto e cobertura menor,216,0.4493083655834198,0.4027778,729.83984,0.9642857142857143,2.3344537511509307,0.0,2.78,6.48,15.74,21.3,19.91,19.44,11.11,3.24,0.0
2932101,BA,Nordeste,2,risco alto e cobertura menor,131,0.47389018535614014,0.38931298,726.3966,0.9424460431654677,2.1172712956557644,0.0,3.82,7.63,16.79,16.03,23.66,19.08,11.45,1.53,0.0
2932200,BA,Nordeste,2,risco alto e cobertura menor,151,0.2978467345237732,0.3112583,719.6884,0.8628571428571429,2.1789769472931693,0.0,2.65,13.91,16.56,18.54,27.15,15.23,5.3,0.66,0.0
2932309,BA,Nordeste,2,risco alto e cobertura menor,105,0.31434136629104614,0.41904762,731.6866,0.7894736842105263,2.0211892990699383,0.0,0.95,5.71,13.33,21.9,23.81,22.86,8.57,2.86,0.0
2932408,BA,Nordeste,2,risco alto e cobertura menor,83,0.3309081792831421,0.27710843,721.59143,0.9120879120879121,1.919078092376074,0.0,2.41,13.25,20.48,19.28,18.07,10.84,14.46,1.2,0.0
2932457,BA,Nordeste,2,risco alto e cobertura menor,122,0.21301113069057465,0.22950819,711.1278,0.9242424242424242,2.0863598306747484,0.0,7.38,13.93,15.57,24.59,22.95,10.66,4.1,0.0,0.82
2932507,BA,Nordeste,2,risco alto e cobertura menor,196,0.3787555396556854,0.5816327,745.3443,0.9245283018867925,2.292256071356476,0.0,2.04,5.1,10.71,11.73,18.37,24.49,16.33,11.22,0.0
2932606,BA,Nordeste,2,risco alto e cobertura menor,148,0.5922820568084717,0.4054054,732.4166,0.9673202614379085,2.1702617153949575,0.0,0.68,6.76,12.84,20.27,25.0,22.97,9.46,2.03,0.0
2932705,BA,Nordeste,2,risco alto e cobertura menor,159,0.3000745177268982,0.26415095,716.11115,0.8238341968911918,2.2013971243204513,0.0,4.4,13.21,16.98,26.42,18.24,11.32,6.29,3.14,0.0
2932804,BA,Nordeste,2,risco alto e cobertura menor,115,0.33841314911842346,0.33043477,723.0425,0.9504132231404959,2.060697840353612,0.0,1.74,9.57,15.65,22.61,26.96,16.52,6.09,0.87,0.0
2932903,BA,Nordeste,2,risco alto e cobertura menor,417,0.3103363811969757,0.31894484,719.97,0.8705636743215032,2.6201360549737576,0.0,4.56,9.83,18.71,19.66,21.82,18.23,5.52,1.44,0.24
2933000,BA,Nordeste,2,risco alto e cobertura menor,102,0.3225790858268738,0.37254903,727.22723,0.9107142857142857,2.0086001717619175,0.0,2.94,6.86,16.67,19.61,24.51,18.63,7.84,2.94,0.0
2933059,BA,Nordeste,2,risco alto e cobertura menor,82,0.32586023211479187,0.20731707,712.73694,0.9213483146067416,1.9138138523837167,0.0,4.88,14.63,18.29,24.39,21.95,12.2,1.22,2.44,0.0
2933109,BA,Nordeste,2,risco alto e cobertura menor,55,0.44821494817733765,0.43636364,723.61,0.873015873015873,1.7403626894942439,0.0,7.27,16.36,7.27,14.55,18.18,23.64,12.73,0.0,0.0
2933158,BA,Nordeste,2,risco alto e cobertura menor,156,0.3278704285621643,0.17948718,704.3838,0.968944099378882,2.1931245983544616,0.0,5.77,19.23,26.92,13.46,19.87,10.26,4.49,0.0,0.0
2933174,BA,Nordeste,2,risco alto e cobertura menor,70,0.4413847327232361,0.4,727.825,0.9722222222222222,1.845098040014257,0.0,2.86,8.57,17.14,15.71,27.14,15.71,10.0,2.86,0.0
2933208,BA,Nordeste,2,risco alto e cobertura menor,405,0.3912714719772339,0.38271606,727.4665,0.9246575342465754,2.6074550232146687,0.0,2.22,9.63,13.33,18.52,25.19,20.0,9.38,1.73,0.0
2933257,BA,Nordeste,2,risco alto e cobertura menor,53,0.6782901287078857,0.35849056,726.9381,0.9636363636363636,1.724275869600789,0.0,3.77,15.09,13.21,9.43,28.3,13.21,11.32,5.66,0.0
2933307,BA,Nordeste,2,risco alto e cobertura menor,2826,0.4785585105419159,0.4274593,732.5775,0.9139715394566623,3.45117215751254,0.0,2.23,6.69,14.37,18.37,21.41,20.74,12.49,3.54,0.18
2933406,BA,Nordeste,2,risco alto e cobertura menor,100,0.5341504216194153,0.45,736.19617,0.9615384615384616,2.0,0.0,0.0,7.0,14.0,20.0,18.0,20.0,17.0,4.0,0.0
2933455,BA,Nordeste,2,risco alto e cobertura menor,121,0.5402228832244873,0.553719,742.2344,0.968,2.0827853703164503,0.0,1.65,2.48,10.74,14.88,23.14,25.62,16.53,4.96,0.0
2933505,BA,Nordeste,2,risco alto e cobertura menor,154,0.3836566209793091,0.3116883,726.4524,0.7817258883248731,2.187520720836463,0.0,1.95,7.79,12.99,22.08,31.82,12.99,9.09,1.3,0.0
2933604,BA,Nordeste,2,risco alto e cobertura menor,524,0.3101055324077606,0.3225191,725.1355,0.9307282415630551,2.7193312869837265,0.0,2.1,8.02,16.22,22.33,27.1,13.17,9.16,1.91,0.0
3101508,MG,Sudeste,2,risco alto e cobertura menor,259,0.6893707513809204,0.5507728,741.163,0.8779661016949153,2.413299764081252,0.0,1.69,8.76,12.08,10.7,14.61,29.39,17.88,3.35,1.54
3101706,MG,Sudeste,2,risco alto e cobertura menor,408,0.3924435079097748,0.5506688,739.2129,0.8736616702355461,2.61066016308988,0.0,4.25,7.7,9.35,10.95,19.19,27.52,14.97,5.4,0.67
3103603,MG,Sudeste,2,risco alto e cobertura menor,28,0.75,0.5709534,729.3957,0.7777777777777778,1.4471580313422192,0.0,7.15,14.42,3.63,3.52,35.75,24.97,10.56,0.0,0.0
3104502,MG,Sudeste,2,risco alto e cobertura menor,183,0.37163016200065613,0.48555338,733.65344,0.8970588235294118,2.2624510897304293,0.40690497,2.23,5.54,18.45,12.49,20.73,25.25,12.52,2.78,0.0
3104700,MG,Sudeste,2,risco alto e cobertura menor,97,0.5588299036026001,0.5530249,742.772,0.8738738738738738,1.9867717342662448,0.32373065,0.0,6.41,11.31,20.78,11.68,22.3,18.85,8.67,0.0
3104809,MG,Sudeste,2,risco alto e cobertura menor,49,0.4819324016571045,0.488,738.6465,0.98,1.6901960800285136,0.0,4.0,2.08,12.32,20.56,18.32,24.32,10.16,6.16,2.08
3107505,MG,Sudeste,2,risco alto e cobertura menor,83,0.47708168625831604,0.6014335,738.82825,0.9021739130434783,1.919078092376074,0.0,6.02,9.65,8.48,7.33,12.02,30.04,21.7,3.57,1.19
3108255,MG,Sudeste,2,risco alto e cobertura menor,77,0.6694650650024414,0.44765115,732.0231,0.8105263157894737,1.8864907251724818,0.20044234,1.05,4.74,22.29,12.02,24.24,25.05,10.6,0.0,0.0
3109402,MG,Sudeste,2,risco alto e cobertura menor,268,0.37704363465309143,0.6262326,746.51044,0.9146757679180887,2.428134794028789,0.0,4.06,5.31,7.4,7.95,19.32,29.93,20.05,4.92,1.07
3109451,MG,Sudeste,2,risco alto e cobertura menor,98,0.4049438536167145,0.5459469,736.10144,0.8990825688073395,1.9912260756924949,0.0,4.63,6.05,11.34,13.56,14.76,34.44,11.14,3.11,0.97
3110509,MG,Sudeste,2,risco alto e cobertura menor,289,0.54644376039505,0.58555776,745.2206,0.8117977528089888,2.4608978427565478,0.0,1.74,3.99,12.47,12.75,16.22,25.76,19.04,7.34,0.69
3110806,MG,Sudeste,2,risco alto e cobertura menor,26,0.6145833730697632,0.47584972,733.8749,0.9285714285714286,1.414973347970818,0.0,0.0,7.62,22.38,15.24,7.14,20.24,23.33,4.05,0.0
3111408,MG,Sudeste,2,risco alto e cobertura menor,97,0.7595727443695068,0.5215072,731.6001,0.8083333333333333,1.9867717342662448,0.0,7.6,6.48,15.29,9.14,16.39,27.26,17.01,0.83,0.0
3113701,MG,Sudeste,2,risco alto e cobertura menor,139,0.5645374655723572,0.5584943,746.3144,0.9266666666666666,2.143014800254095,0.0,1.54,3.5,7.69,15.78,22.12,23.41,18.41,6.17,1.36
3113800,MG,Sudeste,2,risco alto e cobertura menor,30,0.2974882125854492,0.62532306,742.5069,0.967741935483871,1.4771212547196624,0.0,3.43,10.28,10.08,3.43,16.73,29.84,19.76,6.45,0.0
3115904,MG,Sudeste,2,risco alto e cobertura menor,49,0.2881036102771759,0.44907245,726.0381,0.8596491228070176,1.6901960800285136,0.0,10.08,4.11,18.9,14.18,11.92,22.76,13.95,4.09,0.0
3117306,MG,Sudeste,2,risco alto e cobertura menor,311,0.5537564158439636,0.5864473,745.8489,0.8785310734463276,2.4927603890268375,0.0,1.56,4.83,7.79,16.04,18.05,27.61,17.2,4.52,2.4
3118403,MG,Sudeste,2,risco alto e cobertura menor,208,0.6985699534416199,0.54694,738.21643,0.9122807017543859,2.3180633349627615,0.17974329,6.56,7.68,8.15,11.64,19.61,22.41,16.23,4.97,2.74
3118502,MG,Sudeste,2,risco alto e cobertura menor,18,0.625,0.3888889,726.1573,0.9473684210526315,1.255272505103306,0.0,0.0,0.0,27.78,16.67,33.33,16.67,5.56,0.0,0.0
3119609,MG,Sudeste,2,risco alto e cobertura menor,24,1.0,0.59931296,736.4187,0.75,1.380211241711606,0.0,4.91,14.12,14.12,0.0,11.86,23.92,24.13,3.47,3.47
3120151,MG,Sudeste,2,risco alto e cobertura menor,63,0.5299019813537598,0.48653653,740.4798,0.9,1.7993405494535817,0.0,1.68,3.36,8.12,11.38,36.16,25.36,9.28,1.5,3.16
3120300,MG,Sudeste,2,risco alto e cobertura menor,51,0.26360735297203064,0.5413895,743.2663,0.9444444444444444,1.7075701760979363,0.0,0.0,4.17,6.02,15.74,37.27,17.36,15.74,3.7,0.0
3121258,MG,Sudeste,2,risco alto e cobertura menor,110,0.5097702145576477,0.47783723,731.9198,0.88,2.041392685158225,0.0,6.96,9.97,12.73,14.31,12.58,18.42,17.35,6.7,0.99
3125309,MG,Sudeste,2,risco alto e cobertura menor,13,0.1473572850227356,0.6923077,746.73773,0.7647058823529411,1.1139433523068367,0.0,0.0,7.69,0.0,15.38,23.08,46.15,7.69,0.0,0.0
3126604,MG,Sudeste,2,risco alto e cobertura menor,16,0.31481480598449707,0.375,731.9462,1.0,1.2041199826559248,0.0,0.0,6.25,12.5,25.0,25.0,25.0,0.0,6.25,0.0
3126703,MG,Sudeste,2,risco alto e cobertura menor,176,0.4650038182735443,0.43355376,733.44073,0.8627450980392157,2.24551266781415,0.3380848,1.94,5.83,10.67,23.2,21.52,24.33,8.71,1.63,2.18
3130705,MG,Sudeste,2,risco alto e cobertura menor,69,0.43115106225013733,0.5393984,737.3961,0.8414634146341463,1.8388490907372552,0.0,5.78,8.22,13.38,8.4,18.16,21.45,14.82,6.82,2.96
3132701,MG,Sudeste,2,risco alto e cobertura menor,209,0.5363922715187073,0.5730884,736.9093,0.9166666666666666,2.3201462861110542,0.5045598,4.97,7.44,11.9,10.56,15.92,28.88,16.63,3.7,0.0
3133303,MG,Sudeste,2,risco alto e cobertura menor,180,0.5250656604766846,0.52999705,736.50305,0.8823529411764706,2.255272505103306,0.1274385,5.4,6.6,11.91,12.94,16.12,27.08,15.28,3.69,1.0
3134004,MG,Sudeste,2,risco alto e cobertura menor,108,0.4203486144542694,0.5856363,743.50903,0.907563025210084,2.03342375548695,0.44577914,0.0,5.64,10.29,10.61,23.0,30.34,16.61,3.51,0.0
3134707,MG,Sudeste,2,risco alto e cobertura menor,109,0.4537193775177002,0.55431587,735.5163,0.8449612403100775,2.037426497940624,0.0,8.36,11.37,6.94,2.89,20.04,27.54,14.93,7.02,0.91
3135050,MG,Sudeste,2,risco alto e cobertura menor,536,0.4603157341480255,0.5964237,741.7227,0.9008403361344538,2.72916478969277,0.64495903,3.74,4.17,10.78,9.01,21.04,30.27,16.39,4.07,0.53
3135076,MG,Sudeste,2,risco alto e cobertura menor,27,0.5185316205024719,0.43587768,732.60895,0.6923076923076923,1.4313637641589874,0.0,3.42,3.93,19.15,15.21,14.7,28.38,15.21,0.0,0.0
3135209,MG,Sudeste,2,risco alto e cobertura menor,675,0.41231974959373474,0.57522875,745.73706,0.9121621621621622,2.829303772831025,0.8715751,2.32,3.32,9.85,12.37,20.42,28.75,15.84,4.94,2.2
3135803,MG,Sudeste,2,risco alto e cobertura menor,172,0.5405541062355042,0.6146197,745.52563,0.91005291005291,2.2355284469075487,0.34872532,0.59,6.36,12.18,10.34,16.57,32.03,11.7,7.94,2.28
3136504,MG,Sudeste,2,risco alto e cobertura menor,86,0.6349149346351624,0.5576159,744.0537,0.8775510204081632,1.9344984512435677,1.0,3.52,7.03,7.02,5.81,25.5,27.93,19.71,2.33,1.15
3136702,MG,Sudeste,2,risco alto e cobertura menor,3343,0.482892245054245,0.54865986,740.4739,0.8213759213759214,3.5241363765925686,0.31228918,4.17,7.31,10.0,11.05,18.75,24.59,17.29,5.22,1.62
3136801,MG,Sudeste,2,risco alto e cobertura menor,27,0.6322886943817139,0.5555556,741.1441,1.0,1.4313637641589874,0.0,3.7,3.7,0.0,22.22,25.93,37.04,3.7,3.7,0.0
3136959,MG,Sudeste,2,risco alto e cobertura menor,46,0.3681376278400421,0.50466406,748.46716,0.6216216216216216,1.662757831681574,0.27037987,0.0,4.18,4.05,14.2,28.58,20.1,23.29,5.6,0.0
3137007,MG,Sudeste,2,risco alto e cobertura menor,85,0.23799118399620056,0.54462624,739.38196,0.8333333333333334,1.9294189257142926,0.0,4.05,3.09,8.34,17.13,21.62,27.53,13.54,4.7,0.0
3138104,MG,Sudeste,2,risco alto e cobertura menor,50,0.8016312718391418,0.48,732.3388,1.0,1.6989700043360187,0.0,0.0,12.0,14.0,16.0,18.0,22.0,14.0,4.0,0.0
3139300,MG,Sudeste,2,risco alto e cobertura menor,201,0.3708220422267914,0.4179033,727.7773,0.8777292576419214,2.303196057420489,0.4326117,5.61,10.02,15.48,14.49,14.72,23.84,12.37,3.49,0.0
3140100,MG,Sudeste,2,risco alto e cobertura menor,53,0.6309276819229126,0.56131434,743.6337,0.8983050847457628,1.724275869600789,0.0,1.91,1.91,15.89,5.08,29.87,26.84,12.08,6.43,0.0
3140605,MG,Sudeste,2,risco alto e cobertura menor,44,0.37108880281448364,0.28633407,731.9785,0.9565217391304348,1.6434526764861874,0.0,0.0,2.38,2.17,59.73,11.9,7.14,11.9,4.76,0.0
3140852,MG,Sudeste,2,risco alto e cobertura menor,112,0.3767644464969635,0.3109386,721.04767,0.8615384615384616,2.0492180226701815,0.0,6.49,6.13,12.27,25.67,27.19,19.74,2.51,0.0,0.0
3142007,MG,Sudeste,2,risco alto e cobertura menor,120,0.6394060254096985,0.5425169,741.67645,0.9523809523809523,2.0791812460476247,0.29305282,4.1,3.46,8.31,15.96,17.31,26.7,20.85,3.31,0.0
3142254,MG,Sudeste,2,risco alto e cobertura menor,36,0.4491559565067291,0.38921285,724.67084,0.8780487804878049,1.5563025007672873,0.65889204,8.23,0.0,22.36,19.31,19.61,19.31,11.18,0.0,0.0
3142809,MG,Sudeste,2,risco alto e cobertura menor,218,0.7478351593017578,0.56708294,737.99255,0.919831223628692,2.3384564936046046,0.0,1.84,6.56,13.93,10.71,17.19,33.41,13.69,2.24,0.42
3144672,MG,Sudeste,2,risco alto e cobertura menor,25,0.5000000596046448,0.48,732.6812,0.9615384615384616,1.3979400086720377,0.0,4.0,4.0,12.0,16.0,32.0,20.0,12.0,0.0,0.0
3145059,MG,Sudeste,2,risco alto e cobertura menor,54,0.41558951139450073,0.519678,738.6552,0.8059701492537313,1.7323937598229686,0.0,1.67,7.66,17.89,10.88,17.37,26.3,9.23,5.23,3.78
3146305,MG,Sudeste,2,risco alto e cobertura menor,190,0.45963361859321594,0.573826,743.32196,0.9595959595959596,2.278753600952829,0.42420262,3.27,3.66,9.51,13.58,18.39,29.12,17.84,3.05,1.58
3148707,MG,Sudeste,2,risco alto e cobertura menor,215,0.5701157450675964,0.60721093,743.7098,0.9110169491525424,2.3324384599156054,0.0,3.78,6.93,9.8,10.14,16.82,25.32,16.94,8.84,1.44
3149150,MG,Sudeste,2,risco alto e cobertura menor,75,0.2866179645061493,0.46045232,735.3968,0.8620689655172413,1.8750612633917,0.0,2.36,10.12,11.6,9.67,26.46,21.13,12.51,4.96,1.18
3149952,MG,Sudeste,2,risco alto e cobertura menor,75,0.45309123396873474,0.44479346,734.3443,0.872093023255814,1.8750612633917,0.0,3.72,7.48,11.84,16.01,21.99,21.73,10.4,5.41,1.42
3150307,MG,Sudeste,2,risco alto e cobertura menor,55,0.2938266694545746,0.6316252,744.18787,0.9649122807017544,1.7403626894942439,0.0,3.51,7.41,14.81,3.9,14.23,25.34,19.49,5.46,5.85
3152808,MG,Sudeste,2,risco alto e cobertura menor,334,0.5537953972816467,0.50503,737.00665,0.8697916666666666,2.5237464668115646,0.0,4.68,6.07,11.12,13.02,22.36,24.31,12.77,4.71,0.97
3153004,MG,Sudeste,2,risco alto e cobertura menor,49,0.8544329404830933,0.5279942,737.9659,0.8909090909090909,1.6901960800285136,0.0,2.05,6.11,14.52,16.12,16.64,26.65,11.74,6.18,0.0
3154606,MG,Sudeste,2,risco alto e cobertura menor,3421,0.5468677878379822,0.6013872,745.22064,0.8576084231637002,3.5341530741850624,0.15844889,2.55,5.02,8.89,11.24,19.13,28.9,17.58,5.24,1.45
3157104,MG,Sudeste,2,risco alto e cobertura menor,74,0.43750429153442383,0.5913978,743.84503,0.925,1.8692317197309762,0.0,4.18,9.8,8.12,8.12,18.12,21.93,14.94,12.05,2.73
3157336,MG,Sudeste,2,risco alto e cobertura menor,79,0.6385738253593445,0.43805048,730.3873,0.9294117647058824,1.8976270912904414,0.0,5.08,11.72,11.42,16.47,19.18,18.46,12.84,3.59,1.24
3157708,MG,Sudeste,2,risco alto e cobertura menor,210,0.6290130019187927,0.5813378,745.36053,0.9292035398230089,2.322219294733919,0.0,2.39,6.23,8.69,11.4,19.74,23.79,20.65,5.29,1.83
3158102,MG,Sudeste,2,risco alto e cobertura menor,63,0.5742695331573486,0.52861303,733.7812,0.875,1.7993405494535817,0.32007754,6.42,3.21,10.88,13.88,19.43,36.51,8.22,0.0,1.45
3159357,MG,Sudeste,2,risco alto e cobertura menor,42,0.6131424903869629,0.58914727,735.12616,0.9333333333333333,1.6232492903979006,0.0,4.87,4.87,7.3,9.63,31.11,37.57,4.66,0.0,0.0
3160009,MG,Sudeste,2,risco alto e cobertura menor,31,0.7999999523162842,0.45641616,728.8831,0.8857142857142857,1.4913616938342726,0.0,9.75,6.57,9.75,12.29,18.86,32.19,6.89,3.71,0.0
3160207,MG,Sudeste,2,risco alto e cobertura menor,29,0.469565212726593,0.4789644,738.5761,0.8529411764705882,1.462397997898956,0.0,0.0,6.25,15.62,16.35,20.91,14.66,18.51,7.69,0.0
3162450,MG,Sudeste,2,risco alto e cobertura menor,62,0.4592030942440033,0.3341563,717.8019,0.25101214574898784,1.792391689498254,0.0,6.29,10.06,17.85,21.12,18.14,14.74,11.8,0.0,0.0
3166105,MG,Sudeste,2,risco alto e cobertura menor,23,0.46556779742240906,0.5652174,738.03827,1.0,1.3617278360175928,0.0,4.35,8.7,4.35,8.7,21.74,39.13,13.04,0.0,0.0
3167509,MG,Sudeste,2,risco alto e cobertura menor,24,0.0882352963089943,0.4833457,731.21454,0.8888888888888888,1.380211241711606,0.0,4.38,13.13,13.13,8.37,17.12,27.92,15.95,0.0,0.0
3169604,MG,Sudeste,2,risco alto e cobertura menor,227,0.3902601897716522,0.5834216,741.44653,0.8901960784313725,2.3560258571931225,0.0,2.28,7.26,10.89,11.04,15.9,31.44,16.77,3.11,1.3
3170107,MG,Sudeste,2,risco alto e cobertura menor,2858,0.49758875370025635,0.6098916,746.3348,0.8329932964150394,3.4560622244549513,0.28045714,2.65,5.37,9.33,9.44,17.97,29.24,18.61,5.9,1.49
3170305,MG,Sudeste,2,risco alto e cobertura menor,30,0.6369636654853821,0.52407753,752.9859,0.9375,1.4771212547196624,0.0,3.82,3.12,3.12,18.75,25.69,10.76,12.5,7.64,14.58
3171030,MG,Sudeste,2,risco alto e cobertura menor,90,0.3379988372325897,0.45302242,735.3537,0.8823529411764706,1.954242509439325,0.8924267,2.12,5.33,9.69,19.5,25.43,23.43,13.45,1.05,0.0
3205002,ES,Sudeste,2,risco alto e cobertura menor,6396,0.604192852973938,0.6051145,746.0658,0.8604870173550383,3.805908455074197,0.12859623,2.16,4.05,9.36,14.1,16.17,29.87,16.61,6.07,1.6
3300100,RJ,Sudeste,2,risco alto e cobertura menor,1777,0.5701164603233337,0.60798675,743.842,0.8563855421686747,3.2496874278053016,0.0,3.46,6.8,8.4,4.93,23.86,29.39,18.22,4.11,0.84
3300209,RJ,Sudeste,2,risco alto e cobertura menor,1329,0.5075977444648743,0.5589482,740.6804,0.7808460634547592,3.123524980942732,0.0,3.5,6.78,7.95,6.15,27.92,29.03,14.85,3.34,0.48
3300258,RJ,Sudeste,2,risco alto e cobertura menor,377,0.5049256682395935,0.58056283,741.1081,0.7757201646090535,2.576341350205793,0.0,3.26,7.49,6.87,5.37,25.66,34.35,14.18,2.57,0.26
3300308,RJ,Sudeste,2,risco alto e cobertura menor,712,0.45283424854278564,0.48012108,732.3832,0.775599128540305,2.8524799936368566,0.0,4.51,9.07,11.08,6.96,27.93,26.77,11.79,1.75,0.13
3300456,RJ,Sudeste,2,risco alto e cobertura menor,3174,0.34734466671943665,0.38900384,721.06024,0.700198544010589,3.5016069224188295,0.0,6.41,11.96,17.36,7.45,27.13,22.02,6.46,1.12,0.08
3300704,RJ,Sudeste,2,risco alto e cobertura menor,2212,0.5458368062973022,0.5507882,741.8068,0.759354617233093,3.344785122632661,0.0,2.2,4.91,7.67,6.86,32.54,30.77,12.28,2.5,0.27
3300803,RJ,Sudeste,2,risco alto e cobertura menor,474,0.505608856678009,0.4928516,734.8034,0.7873754152823921,2.6757783416740852,0.0,3.51,6.52,10.33,6.95,34.24,25.25,11.39,1.82,0.0
3300936,RJ,Sudeste,2,risco alto e cobertura menor,138,0.509066104888916,0.59539664,744.34796,0.8070175438596491,2.1398790864012365,0.0,3.91,3.0,5.86,5.42,34.53,30.67,13.23,2.74,0.64
3301009,RJ,Sudeste,2,risco alto e cobertura menor,3954,0.38673630356788635,0.3887231,722.5926,0.8244370308590492,3.5970366649776535,0.016273903,6.65,12.58,14.95,8.52,25.6,21.31,8.6,1.48,0.3
3301108,RJ,Sudeste,2,risco alto e cobertura menor,162,0.5570129156112671,0.52015704,736.46204,0.8481675392670157,2.2095150145426308,0.0,3.71,4.64,10.95,10.5,24.14,31.85,11.89,2.33,0.0
3301157,RJ,Sudeste,2,risco alto e cobertura menor,163,0.3190714120864868,0.34967983,718.58203,0.8489583333333334,2.2121876044039577,0.0,6.45,14.66,15.54,7.51,29.25,17.05,9.03,0.52,0.0
3301306,RJ,Sudeste,2,risco alto e cobertura menor,500,0.5488052368164062,0.5833726,740.44196,0.8130081300813008,2.6989700043360187,0.0,3.45,7.42,7.74,5.99,25.13,33.39,14.54,2.16,0.18
3301405,RJ,Sudeste,2,risco alto e cobertura menor,179,0.4972079396247864,0.5617956,736.5604,0.8731707317073171,2.2528530309798933,0.0,2.86,8.05,12.57,6.07,22.59,34.05,12.03,1.16,0.61
3301702,RJ,Sudeste,2,risco alto e cobertura menor,6581,0.4715144634246826,0.4537761,729.7197,0.7970207097008599,3.818291890799996,0.0,3.95,9.18,13.68,7.77,29.33,25.42,9.1,1.38,0.19
3301801,RJ,Sudeste,2,risco alto e cobertura menor,84,0.6301741600036621,0.5553379,737.9514,0.8235294117647058,1.9242792860618816,0.0,2.17,5.67,12.72,7.69,25.58,32.39,12.53,1.25,0.0
3301850,RJ,Sudeste,2,risco alto e cobertura menor,593,0.5018469095230103,0.47741908,734.1565,0.8328651685393258,2.7730546933642626,0.0,3.68,9.22,8.81,7.76,31.15,25.86,10.65,2.57,0.29
3301900,RJ,Sudeste,2,risco alto e cobertura menor,2438,0.5125083923339844,0.50466365,734.83295,0.8159303882195449,3.387033701282363,0.0,3.55,7.62,10.22,6.8,31.03,28.19,10.9,1.54,0.15
3302007,RJ,Sudeste,2,risco alto e cobertura menor,1455,0.4198834002017975,0.4161633,725.1061,0.825766174801362,3.162862993321926,0.0,6.27,10.99,13.12,8.02,28.44,23.15,8.55,1.03,0.42
3302056,RJ,Sudeste,2,risco alto e cobertura menor,104,0.5494064688682556,0.61763203,741.1667,0.8888888888888888,2.0170333392987803,0.0,4.87,9.89,3.0,4.93,23.1,37.27,12.3,1.83,2.81
3302270,RJ,Sudeste,2,risco alto e cobertura menor,1085,0.391427218914032,0.3687917,721.094,0.8048961424332344,3.0354297381845483,0.0,5.41,11.61,18.81,8.72,26.19,20.07,8.47,0.62,0.11
3302304,RJ,Sudeste,2,risco alto e cobertura menor,64,0.451924592256546,0.48364058,736.2331,0.8311688311688312,1.806179973983887,0.0,1.54,13.57,11.49,4.48,25.78,25.08,12.19,4.4,1.46
3302403,RJ,Sudeste,2,risco alto e cobertura menor,2721,0.5985714793205261,0.5948066,743.66797,0.7803269285919128,3.4347285417797577,0.0,2.88,6.34,6.82,5.4,27.88,31.59,15.18,3.23,0.68
3302502,RJ,Sudeste,2,risco alto e cobertura menor,2969,0.46279117465019226,0.4665854,731.83594,0.8519368723098996,3.472610197596045,0.0,3.5,8.43,11.34,8.61,31.0,26.52,8.97,1.25,0.37
3302601,RJ,Sudeste,2,risco alto e cobertura menor,429,0.47306695580482483,0.40959907,722.2856,0.7606382978723404,2.6324572921847245,0.0,10.38,7.92,12.31,8.09,30.87,22.11,7.47,0.62,0.21
3302700,RJ,Sudeste,2,risco alto e cobertura menor,1946,0.56708163022995,0.5996922,742.7559,0.8298507462686567,3.289142835932333,0.0,2.74,6.06,8.12,5.95,26.97,30.95,15.81,2.92,0.47
3302809,RJ,Sudeste,2,risco alto e cobertura menor,147,0.5835534334182739,0.56872123,735.75,0.901840490797546,2.167317334748176,0.0,6.2,11.42,5.97,2.72,25.65,32.27,13.8,1.3,0.67
3302858,RJ,Sudeste,2,risco alto e cobertura menor,1227,0.37815454602241516,0.3508964,721.7375,0.8392612859097127,3.088844562727004,0.0,5.33,9.11,19.98,9.44,28.06,20.26,6.97,0.7,0.15
3303104,RJ,Sudeste,2,risco alto e cobertura menor,110,0.6029632091522217,0.56898075,739.3361,0.8088235294117647,2.041392685158225,0.0,5.33,7.69,8.86,2.76,25.71,27.08,20.06,2.52,0.0
3303203,RJ,Sudeste,2,risco alto e cobertura menor,851,0.44356462359428406,0.4732454,734.616,0.858728557013118,2.929929560084588,0.0,3.71,7.16,12.64,8.61,27.26,24.43,13.49,2.48,0.23
3303302,RJ,Sudeste,2,risco alto e cobertura menor,2361,0.5192429423332214,0.5120101,737.7095,0.7962900505902192,3.373095987078727,0.0,2.43,6.54,9.79,8.47,31.72,26.74,11.68,2.08,0.56
3303500,RJ,Sudeste,2,risco alto e cobertura menor,6380,0.33224812150001526,0.3342198,717.9354,0.8191038644241879,3.8048206787211623,0.0,7.01,13.38,15.95,10.7,26.56,18.94,6.39,0.93,0.14
3303708,RJ,Sudeste,2,risco alto e cobertura menor,349,0.5000399351119995,0.5197144,736.2137,0.804147465437788,2.5428254269591797,0.0,3.59,9.58,7.0,8.11,28.69,26.81,12.83,3.39,0.0
3303807,RJ,Sudeste,2,risco alto e cobertura menor,415,0.5080387592315674,0.48884216,734.8525,0.7464028776978417,2.6180480967120925,0.0,3.47,8.39,10.32,6.61,30.54,27.3,11.93,1.44,0.0
3303955,RJ,Sudeste,2,risco alto e cobertura menor,282,0.5130882263183594,0.6328697,744.6408,0.8757763975155279,2.450249108319361,0.0,3.47,8.54,5.03,3.87,27.65,30.81,14.64,3.96,2.03
3304102,RJ,Sudeste,2,risco alto e cobertura menor,123,0.3537888526916504,0.5238711,733.15906,0.8848920863309353,2.089905111439398,0.0,5.93,4.86,18.14,8.32,18.75,24.23,16.69,3.08,0.0
3304128,RJ,Sudeste,2,risco alto e cobertura menor,114,0.48934653401374817,0.60037297,745.48706,0.8507462686567164,2.0569048513364727,0.0,2.5,8.8,9.81,2.54,21.75,23.15,26.1,4.58,0.78
3304144,RJ,Sudeste,2,risco alto e cobertura menor,1260,0.3818650543689728,0.37631363,719.20233,0.8056265984654731,3.100370545117563,0.0,6.69,13.73,18.62,6.6,24.24,20.49,8.23,1.25,0.14
3304300,RJ,Sudeste,2,risco alto e cobertura menor,528,0.5582506060600281,0.5761109,741.2698,0.8173374613003096,2.722633922533812,0.0,1.97,7.55,6.49,4.73,35.44,29.66,11.85,1.95,0.35
3304557,RJ,Sudeste,2,risco alto e cobertura menor,43411,0.5619463920593262,0.6381765,747.18567,0.8688803490652897,4.637599790203587,0.0028436133,2.46,5.65,9.48,4.35,21.93,31.09,18.95,4.81,1.27
3304607,RJ,Sudeste,2,risco alto e cobertura menor,70,0.6462005972862244,0.6498501,741.52216,0.875,1.845098040014257,0.0,6.13,6.46,14.33,1.72,15.54,35.22,13.52,4.47,2.6
3304755,RJ,Sudeste,2,risco alto e cobertura menor,487,0.435197114944458,0.47462085,731.5546,0.8774774774774775,2.6875289612146345,0.0,3.88,8.39,13.99,6.32,29.2,24.89,11.21,1.93,0.2
3304805,RJ,Sudeste,2,risco alto e cobertura menor,338,0.3961135149002075,0.4868767,730.34326,0.8387096774193549,2.5289167002776547,0.0,4.4,9.53,13.88,8.1,24.71,25.76,12.39,1.23,0.0
3304904,RJ,Sudeste,2,risco alto e cobertura menor,4415,0.4565992057323456,0.43720314,727.67236,0.7801731754726984,3.6449307079135873,0.0,4.17,9.75,16.41,6.95,27.66,24.55,8.78,1.64,0.1
3305000,RJ,Sudeste,2,risco alto e cobertura menor,554,0.5213064551353455,0.5822121,742.54767,0.7936962750716332,2.74350976472843,0.0,2.1,5.55,9.19,6.9,26.5,31.24,15.15,3.02,0.34
3305109,RJ,Sudeste,2,risco alto e cobertura menor,2543,0.37597721815109253,0.3597103,720.78723,0.7959311424100156,3.405346360175709,0.0,6.54,11.42,16.37,9.39,28.83,19.59,6.88,0.81,0.18
3305208,RJ,Sudeste,2,risco alto e cobertura menor,1152,0.5615028142929077,0.55736107,741.3863,0.8228571428571428,3.061452479087193,0.0,1.85,5.29,7.64,7.0,33.54,31.21,10.87,2.07,0.51
3305307,RJ,Sudeste,2,risco alto e cobertura menor,59,0.6370319724082947,0.4967647,736.89124,0.8676470588235294,1.7708520116421442,0.0,0.0,4.79,23.54,7.14,25.52,23.37,8.82,3.45,3.36
3305554,RJ,Sudeste,2,risco alto e cobertura menor,980,0.4646012783050537,0.50527143,733.0423,0.805921052631579,2.9912260756924947,0.0,5.2,8.7,10.73,6.46,27.54,27.9,10.76,2.32,0.39
3305604,RJ,Sudeste,2,risco alto e cobertura menor,260,0.5538010001182556,0.5735322,740.30945,0.8227848101265823,2.4149733479708178,0.0,1.52,6.35,9.49,5.52,31.57,32.54,10.26,1.96,0.77
3305752,RJ,Sudeste,2,risco alto e cobertura menor,339,0.5540863275527954,0.54452485,741.4078,0.8517587939698492,2.530199698203082,0.0,0.99,4.51,10.08,3.19,37.6,31.73,10.2,1.69,0.0
3306008,RJ,Sudeste,2,risco alto e cobertura menor,636,0.5375357866287231,0.5142556,735.84326,0.8821081830790569,2.803457115648414,0.0,5.86,7.74,8.94,5.88,27.26,27.0,13.84,2.76,0.74
3306107,RJ,Sudeste,2,risco alto e cobertura menor,718,0.5833249688148499,0.55853456,738.38446,0.8348837209302326,2.8561244442423,0.0,4.35,7.56,8.04,6.83,29.35,26.34,13.15,3.78,0.6
3500501,SP,Sudeste,2,risco alto e cobertura menor,182,0.614,0.442322,731.69836,0.883495145631068,2.2600713879850747,0.053398058,6.31,10.53,9.69,16.61,20.03,14.76,14.15,5.84,2.08
3500550,SP,Sudeste,2,risco alto e cobertura menor,104,0.5,0.48985144,740.90063,0.9454545454545454,2.0170333392987803,0.0,1.86,5.74,15.34,14.55,23.22,15.4,8.72,11.21,3.95
3501152,SP,Sudeste,2,risco alto e cobertura menor,189,0.486,0.53677183,742.26056,0.9174757281553398,2.2764618041732443,0.0,1.67,8.07,7.34,15.54,21.51,23.58,11.52,8.63,2.14
3501400,SP,Sudeste,2,risco alto e cobertura menor,30,0.5479999999999999,0.5833333,740.81036,0.9090909090909091,1.4771212547196624,0.0,0.0,10.61,11.36,13.64,22.73,15.91,18.94,3.03,3.79
3502200,SP,Sudeste,2,risco alto e cobertura menor,232,0.483,0.5970974,750.22217,0.8821292775665399,2.3654879848909,0.0,2.74,5.2,9.77,13.83,16.78,17.64,14.37,12.69,6.98
3502309,SP,Sudeste,2,risco alto e cobertura menor,66,0.386,0.45690677,737.61505,0.8571428571428571,1.8195439355418688,0.0,4.85,4.42,16.2,18.55,13.4,13.11,17.7,7.29,4.47
3502507,SP,Sudeste,2,risco alto e cobertura menor,321,0.435,0.5375454,743.9802,0.9277456647398844,2.506505032404872,0.0,2.46,7.31,10.49,11.52,19.7,18.99,17.85,9.43,2.25
3502754,SP,Sudeste,2,risco alto e cobertura menor,226,0.501,0.54044956,745.0324,0.900398406374502,2.3541084391474008,0.0,1.79,7.2,9.48,15.56,17.62,20.06,12.45,12.77,3.07
3502903,SP,Sudeste,2,risco alto e cobertura menor,374,0.494,0.5616319,747.9076,0.8862559241706162,2.5728716022004803,0.0,3.02,3.63,9.5,15.18,16.09,22.29,14.49,12.36,3.43
3503109,SP,Sudeste,2,risco alto e cobertura menor,81,0.542,0.5661015,747.91956,0.9,1.9084850188786497,0.0,4.99,2.53,4.84,19.63,24.2,14.06,13.09,11.07,5.6
3503158,SP,Sudeste,2,risco alto e cobertura menor,24,0.48,0.3741259,738.1244,0.9230769230769231,1.380211241711606,0.0,3.85,8.39,12.24,8.39,29.72,12.24,13.64,7.69,3.85
3503505,SP,Sudeste,2,risco alto e cobertura menor,30,0.595,0.56949806,727.6803,0.8108108108108109,1.4771212547196624,0.0,9.89,19.79,3.47,3.47,9.89,33.95,13.1,6.42,0.0
3503802,SP,Sudeste,2,risco alto e cobertura menor,505,0.501,0.544076,746.2753,0.933456561922366,2.7032913781186614,0.0,2.21,3.73,7.94,17.22,19.86,22.09,13.83,11.07,2.06
3503901,SP,Sudeste,2,risco alto e cobertura menor,1016,0.509,0.6067075,749.792,0.924476797088262,3.0068937079479006,0.0,2.9,5.4,6.82,11.51,19.81,21.82,18.22,9.51,4.0
3504008,SP,Sudeste,2,risco alto e cobertura menor,869,0.434,0.5485472,746.0427,0.9061522419186653,2.9390197764486663,0.0,3.43,5.86,8.85,13.56,19.99,17.51,17.06,10.09,3.65
3504503,SP,Sudeste,2,risco alto e cobertura menor,813,0.575,0.5247253,741.17596,0.8924259055982436,2.910090545594068,0.0,5.12,6.66,10.83,12.95,17.32,18.73,14.97,10.69,2.73
3504909,SP,Sudeste,2,risco alto e cobertura menor,70,0.478,0.58620507,743.3301,0.8536585365853658,1.845098040014257,0.0,2.81,11.65,7.0,11.81,18.23,16.39,20.9,9.8,1.42
3505401,SP,Sudeste,2,risco alto e cobertura menor,55,0.875,0.34890068,719.44977,0.9322033898305084,1.7403626894942439,0.0,10.95,9.16,14.64,19.42,16.51,16.81,9.04,0.0,3.48
3505609,SP,Sudeste,2,risco alto e cobertura menor,356,0.555,0.5143323,739.6501,0.89,2.5514499979728753,0.0,4.49,6.42,10.68,17.06,15.05,18.36,15.54,9.82,2.58
3505807,SP,Sudeste,2,risco alto e cobertura menor,221,0.519,0.46886742,736.8514,0.9364406779661016,2.3443922736851106,0.0,5.0,6.4,13.31,15.85,16.94,15.22,18.71,5.97,2.6
3506003,SP,Sudeste,2,risco alto e cobertura menor,2786,0.43799999999999994,0.59949976,752.6365,0.8736280965820006,3.4449811120879446,0.5415491,2.68,4.83,8.57,12.45,16.97,18.18,17.22,12.82,6.29
3506102,SP,Sudeste,2,risco alto e cobertura menor,567,0.48700000000000004,0.55753523,746.69794,0.8943217665615142,2.7535830588929064,0.0,4.09,4.45,9.17,16.41,15.21,19.39,16.68,9.82,4.78
3506300,SP,Sudeste,2,risco alto e cobertura menor,92,0.6829999999999999,0.4749658,743.8803,0.9019607843137255,1.9637878273455553,0.0,4.39,2.12,6.73,21.44,21.19,17.0,14.72,8.12,4.28
3506607,SP,Sudeste,2,risco alto e cobertura menor,302,0.426,0.521908,740.4568,0.8319559228650137,2.4800069429571505,0.0,4.47,8.77,10.88,11.08,17.56,18.09,15.64,11.87,1.65
3506706,SP,Sudeste,2,risco alto e cobertura menor,141,0.42100000000000004,0.5533545,750.4667,0.94,2.1492191126553797,0.0,0.74,2.16,10.34,14.89,23.04,13.39,24.03,8.43,2.98
3506805,SP,Sudeste,2,risco alto e cobertura menor,69,0.32799999999999996,0.49588624,737.54346,0.8625,1.8388490907372552,0.0,2.84,5.93,15.78,21.68,11.58,15.91,14.68,10.21,1.38
3507100,SP,Sudeste,2,risco alto e cobertura menor,292,0.6990000000000001,0.53916436,743.84314,0.9125,2.4653828514484184,0.0,5.08,4.43,9.59,15.29,16.49,20.13,16.53,9.29,3.16
3507159,SP,Sudeste,2,risco alto e cobertura menor,54,0.563,0.5546366,748.15656,0.9642857142857143,1.7323937598229686,0.0,0.0,5.71,9.35,13.09,27.4,14.83,16.59,11.14,1.88
3507456,SP,Sudeste,2,risco alto e cobertura menor,52,0.611,0.5341953,742.4543,0.9454545454545454,1.7160033436347992,0.0,3.77,7.7,11.7,17.52,7.85,18.93,19.17,7.7,5.66
3507506,SP,Sudeste,2,risco alto e cobertura menor,1152,0.591,0.5708522,748.13086,0.9056603773584906,3.061452479087193,0.0,4.36,4.69,8.83,12.98,16.32,20.12,16.26,11.44,4.99
3507605,SP,Sudeste,2,risco alto e cobertura menor,1425,0.52,0.53362864,744.0184,0.8652094717668488,3.153814864344529,0.0,3.67,6.29,8.57,13.17,20.7,19.51,15.45,9.2,3.45
3507803,SP,Sudeste,2,risco alto e cobertura menor,239,0.537,0.5426577,743.44775,0.8819188191881919,2.3783979009481375,0.0,2.76,8.08,7.89,16.98,15.9,19.15,19.53,6.44,3.29
3508504,SP,Sudeste,2,risco alto e cobertura menor,752,0.531,0.4425599,735.1452,0.8468468468468469,2.876217840591642,0.0,4.75,9.37,13.14,15.77,16.38,15.97,12.76,8.66,3.19
3508603,SP,Sudeste,2,risco alto e cobertura menor,229,0.501,0.41797265,732.55615,0.9271255060728745,2.359835482339888,0.0,6.52,5.61,15.52,16.07,18.83,15.58,10.47,8.29,3.11
3509007,SP,Sudeste,2,risco alto e cobertura menor,1025,0.439,0.52155304,742.6163,0.9386446886446886,3.010723865391773,0.024725275,3.4,5.95,10.41,13.86,19.26,20.79,15.67,8.45,2.19
3509205,SP,Sudeste,2,risco alto e cobertura menor,967,0.509,0.5317464,744.1026,0.8703870387038704,2.9854264740830017,0.0,4.16,5.9,8.67,15.46,17.28,18.25,17.36,9.76,3.16
3509254,SP,Sudeste,2,risco alto e cobertura menor,385,0.589,0.57515097,747.9141,0.9506172839506173,2.5854607295085006,0.0,3.4,8.64,6.22,11.59,17.41,19.9,17.31,10.18,5.35
3509403,SP,Sudeste,2,risco alto e cobertura menor,218,0.718,0.5499296,750.0573,0.8825910931174089,2.3384564936046046,0.0,2.33,5.91,9.17,13.32,18.41,18.67,13.83,11.34,7.02
3509452,SP,Sudeste,2,risco alto e cobertura menor,65,0.45799999999999996,0.43464455,735.57245,0.9420289855072463,1.8129133566428555,0.0,7.6,4.63,12.16,8.9,28.02,15.43,12.32,7.82,3.12
3509601,SP,Sudeste,2,risco alto e cobertura menor,846,0.499,0.4876522,738.4689,0.863265306122449,2.9273703630390235,0.0,4.43,6.96,11.57,15.06,18.35,19.16,12.99,7.99,3.49
3509700,SP,Sudeste,2,risco alto e cobertura menor,442,0.512,0.57119036,748.6147,0.8929292929292929,2.645422269349092,0.0,2.74,5.86,7.22,16.15,16.19,18.86,16.27,12.64,4.05
3509957,SP,Sudeste,2,risco alto e cobertura menor,53,0.536,0.48147976,741.1111,0.828125,1.724275869600789,0.0,0.0,6.34,11.25,14.54,26.91,16.81,16.8,7.35,0.0
3510302,SP,Sudeste,2,risco alto e cobertura menor,284,0.475,0.4764044,737.12177,0.922077922077922,2.4533183400470375,0.0,3.56,8.34,13.69,15.83,16.65,19.09,11.64,8.25,2.95
3510500,SP,Sudeste,2,risco alto e cobertura menor,1504,0.5429999999999999,0.5819423,749.3135,0.8899408284023669,3.1772478362556233,0.0,2.49,4.23,7.44,13.95,19.65,23.04,15.26,9.49,4.44
3510609,SP,Sudeste,2,risco alto e cobertura menor,3977,0.452,0.5757082,749.1382,0.8899082568807339,3.59955559098598,0.75967777,3.25,5.0,8.24,13.97,17.17,19.95,16.71,10.8,4.91
3510807,SP,Sudeste,2,risco alto e cobertura menor,217,0.45,0.6197516,751.07043,0.889344262295082,2.3364597338485296,0.0,4.32,7.35,5.85,12.21,14.83,18.08,17.72,15.14,4.5
3511003,SP,Sudeste,2,risco alto e cobertura menor,209,0.479,0.45423463,730.3507,0.9372197309417041,2.3201462861110542,0.0,7.97,10.58,10.75,15.28,16.18,17.38,11.44,7.16,3.26
3511409,SP,Sudeste,2,risco alto e cobertura menor,236,0.44,0.39994273,731.9744,0.9402390438247012,2.3729120029701067,0.0,7.14,8.27,11.3,16.82,20.73,13.86,12.78,5.76,3.34
3511607,SP,Sudeste,2,risco alto e cobertura menor,264,0.557,0.5131968,739.8631,0.9166666666666666,2.4216039268698313,0.0,5.79,4.86,8.28,15.71,20.06,20.55,14.1,9.95,0.71
3511904,SP,Sudeste,2,risco alto e cobertura menor,66,0.511,0.541152,744.7753,0.8918918918918919,1.8195439355418688,0.0,1.51,3.38,10.54,17.97,22.5,20.44,13.52,7.44,2.7
3512001,SP,Sudeste,2,risco alto e cobertura menor,188,0.43799999999999994,0.57892543,742.8605,0.94,2.27415784926368,0.0,3.92,8.56,10.77,9.41,17.1,21.41,15.54,9.48,3.82
3512209,SP,Sudeste,2,risco alto e cobertura menor,337,0.54,0.5554409,747.658,0.8986666666666666,2.5276299008713385,0.0,2.81,4.12,9.54,14.69,17.55,18.87,18.85,10.48,3.08
3512605,SP,Sudeste,2,risco alto e cobertura menor,44,0.46299999999999997,0.38690475,725.0078,0.9166666666666666,1.6434526764861874,0.0,11.31,6.85,9.06,22.69,18.21,13.49,11.59,6.81,0.0
3513009,SP,Sudeste,2,risco alto e cobertura menor,2900,0.507,0.49504825,738.4904,0.8654133094598627,3.462397997898956,0.0,4.78,6.23,10.42,15.59,18.79,20.96,13.89,7.24,2.09
3513108,SP,Sudeste,2,risco alto e cobertura menor,335,0.419,0.58996326,749.52484,0.8567774936061381,2.525044807036845,0.0,2.44,4.01,9.2,12.53,18.1,24.11,15.81,10.22,3.59
3513207,SP,Sudeste,2,risco alto e cobertura menor,90,0.5,0.49459866,737.6404,0.9183673469387755,1.954242509439325,0.0,5.5,12.82,6.78,15.51,16.65,17.33,10.0,12.16,3.24
3513306,SP,Sudeste,2,risco alto e cobertura menor,17,0.852,0.47058824,734.0871,0.8947368421052632,1.2304489213782739,0.0,0.0,11.76,17.65,11.76,17.65,29.41,5.88,5.88,0.0
3513405,SP,Sudeste,2,risco alto e cobertura menor,452,0.39299999999999996,0.5610461,746.0659,0.9300411522633745,2.655138434811382,0.0,4.12,8.26,10.91,11.99,14.23,16.07,16.03,10.88,7.49
3513504,SP,Sudeste,2,risco alto e cobertura menor,1093,0.485,0.4516487,733.8071,0.8653998416468726,3.038620161949703,0.13776723,4.97,7.54,11.7,15.54,21.09,19.61,12.29,5.41,1.85
3513603,SP,Sudeste,2,risco alto e cobertura menor,135,0.499,0.5809167,750.2841,0.9310344827586207,2.130333768495006,0.0,2.98,9.38,7.4,9.72,17.65,19.94,14.44,9.75,8.74
3513801,SP,Sudeste,2,risco alto e cobertura menor,3765,0.409,0.5937014,751.50854,0.9065735612810016,3.5757649805367193,0.4201782,3.01,4.84,8.25,12.32,17.93,18.03,18.59,11.35,5.66
3514106,SP,Sudeste,2,risco alto e cobertura menor,249,0.614,0.57410294,745.719,0.9325842696629213,2.3961993470957363,0.0,3.21,4.86,9.28,16.69,15.8,19.0,20.08,8.74,2.34
3514908,SP,Sudeste,2,risco alto e cobertura menor,207,0.551,0.5627798,745.3335,0.9366515837104072,2.315970345456918,0.0,1.41,5.86,10.67,14.58,18.29,24.22,10.45,11.09,3.43
3515004,SP,Sudeste,2,risco alto e cobertura menor,2895,0.326,0.48705113,738.02576,0.8618636498958023,3.4616485680634552,0.30366182,4.91,7.98,10.53,14.83,18.39,18.08,14.18,8.28,2.83
3515103,SP,Sudeste,2,risco alto e cobertura menor,756,0.465,0.5737557,752.15515,0.9086538461538461,2.8785217955012063,0.58653843,3.81,3.52,7.58,14.57,16.31,16.43,18.7,13.28,5.79
3515152,SP,Sudeste,2,risco alto e cobertura menor,181,0.5329999999999999,0.47862878,737.23425,0.8457943925233645,2.2576785748691846,0.0,2.66,8.06,9.63,21.78,16.66,19.09,11.79,7.99,2.35
3515194,SP,Sudeste,2,risco alto e cobertura menor,48,0.586,0.5613782,745.1718,0.9230769230769231,1.6812412373755872,0.0,4.1,6.28,6.28,12.77,22.87,16.63,20.46,6.25,4.34
3515202,SP,Sudeste,2,risco alto e cobertura menor,79,0.54,0.5890812,746.6482,0.8876404494382022,1.8976270912904414,0.0,4.19,3.9,9.1,15.24,15.78,14.85,22.58,14.35,0.0
3515657,SP,Sudeste,2,risco alto e cobertura menor,25,0.929,0.43999997,732.3178,0.9259259259259259,1.3979400086720377,0.0,8.0,12.0,4.0,20.0,16.0,24.0,4.0,8.0,4.0
3515806,SP,Sudeste,2,risco alto e cobertura menor,11,0.3,0.27272728,715.0258,1.0,1.0413926851582251,0.0,9.09,18.18,0.0,18.18,27.27,9.09,9.09,9.09,0.0
3516309,SP,Sudeste,2,risco alto e cobertura menor,2160,0.506,0.50922894,741.13477,0.8646917534027222,3.3344537511509307,0.034027223,4.08,6.75,10.64,14.6,18.48,18.87,13.86,8.89,3.84
3516408,SP,Sudeste,2,risco alto e cobertura menor,1792,0.509,0.48297894,737.8853,0.8977955911823647,3.2533380053261065,0.077154316,5.42,7.09,11.67,13.61,18.69,18.87,13.31,7.71,3.63
3516705,SP,Sudeste,2,risco alto e cobertura menor,303,0.519,0.5726932,749.25964,0.9237804878048781,2.481442628502305,0.0,2.66,7.59,4.6,13.76,21.1,16.95,17.4,13.08,2.86
3516804,SP,Sudeste,2,risco alto e cobertura menor,30,0.531,0.54296875,741.5402,0.9375,1.4771212547196624,0.0,6.25,0.0,9.77,19.53,10.16,37.11,10.55,6.64,0.0
3517406,SP,Sudeste,2,risco alto e cobertura menor,306,0.5489999999999999,0.53494364,744.68384,0.9503105590062112,2.48572142648158,0.0,2.0,4.55,8.88,17.22,21.26,21.3,14.65,7.18,2.96
3517802,SP,Sudeste,2,risco alto e cobertura menor,36,0.544,0.607222,744.27875,0.8780487804878049,1.5563025007672873,0.0,0.0,19.64,0.0,11.26,16.22,25.4,19.37,2.88,5.23
3518107,SP,Sudeste,2,risco alto e cobertura menor,55,0.669,0.47489095,745.5071,0.873015873015873,1.7403626894942439,0.0,1.85,5.73,8.54,21.58,14.81,8.99,25.73,6.95,5.82
3518404,SP,Sudeste,2,risco alto e cobertura menor,904,0.568,0.5583367,747.8869,0.9243353783231084,2.9561684304753633,0.0,3.08,5.69,10.19,12.86,16.83,18.26,16.72,12.49,3.89
3518701,SP,Sudeste,2,risco alto e cobertura menor,3023,0.48200000000000004,0.4837952,738.6971,0.8694276675294794,3.480438147177817,0.35576648,4.66,7.07,10.42,15.64,18.57,19.53,13.44,7.66,3.0
3518800,SP,Sudeste,2,risco alto e cobertura menor,13136,0.39399999999999996,0.49233764,739.00867,0.8544295563939118,4.118463139775366,0.21999823,4.78,7.0,11.63,15.15,17.2,18.26,13.99,8.62,3.37
3518859,SP,Sudeste,2,risco alto e cobertura menor,59,0.6459999999999999,0.3382353,725.7979,0.8676470588235294,1.7708520116421442,0.0,1.79,8.61,15.44,21.64,26.68,15.44,8.61,1.79,0.0
3519071,SP,Sudeste,2,risco alto e cobertura menor,2413,0.58,0.5504877,746.757,0.8890935887988209,3.3825573219087857,0.0,3.81,4.95,9.35,14.13,17.8,19.7,14.72,10.9,4.64
3519253,SP,Sudeste,2,risco alto e cobertura menor,54,0.426,0.42772394,738.8281,0.8852459016393442,1.7323937598229686,0.0,3.75,0.0,9.21,31.34,18.5,12.93,14.86,3.75,5.67
3519600,SP,Sudeste,2,risco alto e cobertura menor,511,0.49700000000000005,0.49195224,739.80115,0.8964912280701754,2.708420900134713,0.0,3.62,5.43,10.29,19.96,16.6,19.83,12.48,9.33,2.48
3519709,SP,Sudeste,2,risco alto e cobertura menor,963,0.447,0.53058654,743.97394,0.9250720461095101,2.9836262871245345,0.0,3.15,6.67,9.52,13.89,19.1,18.12,16.96,9.38,3.21
3519907,SP,Sudeste,2,risco alto e cobertura menor,82,0.518,0.53835505,744.59094,0.9647058823529412,1.9138138523837167,0.0,1.18,6.06,10.87,17.04,19.57,22.11,9.73,11.02,2.42
3520103,SP,Sudeste,2,risco alto e cobertura menor,209,0.47100000000000003,0.5559768,746.11786,0.885593220338983,2.3201462861110542,0.0,3.15,6.51,10.81,14.08,15.12,19.77,13.83,9.75,6.99
3520202,SP,Sudeste,2,risco alto e cobertura menor,130,0.615,0.5061396,745.65533,0.9027777777777778,2.113943352306837,0.0,1.56,5.48,8.53,18.29,18.71,18.2,14.68,10.71,3.85
3520400,SP,Sudeste,2,risco alto e cobertura menor,410,0.442,0.43272394,729.81476,0.8613445378151261,2.6127838567197355,0.0,7.8,10.37,11.29,16.99,13.91,17.97,13.74,5.81,2.13
3520905,SP,Sudeste,2,risco alto e cobertura menor,140,0.5579999999999999,0.5495582,748.12994,0.9395973154362416,2.146128035678238,0.0,2.01,6.26,5.7,15.15,21.47,21.19,12.02,13.38,2.82
3521002,SP,Sudeste,2,risco alto e cobertura menor,380,0.409,0.44754055,733.04895,0.8715596330275229,2.57978359661681,0.0,4.52,9.26,11.61,16.79,19.88,19.39,8.17,9.12,1.25
3521150,SP,Sudeste,2,risco alto e cobertura menor,68,0.48,0.43296295,734.50226,0.9066666666666666,1.8325089127062364,0.0,0.0,4.4,13.01,22.06,27.84,18.19,13.01,1.48,0.0
3521804,SP,Sudeste,2,risco alto e cobertura menor,282,0.474,0.4671237,740.0451,0.9215686274509803,2.450249108319361,0.0,3.52,4.24,9.32,18.75,24.41,15.05,16.71,5.19,2.81
3522000,SP,Sudeste,2,risco alto e cobertura menor,38,0.5379999999999999,0.44342107,742.3498,0.95,1.5797835966168101,0.0,0.0,10.53,8.29,21.32,15.53,15.53,13.03,13.29,2.5
3522109,SP,Sudeste,2,risco alto e cobertura menor,1291,0.5429999999999999,0.480486,737.32104,0.8366817887232664,3.1109262422664203,0.0,5.52,7.82,9.8,15.34,19.12,19.19,12.16,8.22,2.83
3522158,SP,Sudeste,2,risco alto e cobertura menor,27,0.609,0.5185185,750.0689,1.0,1.4313637641589874,0.0,3.7,7.41,3.7,22.22,14.81,11.11,11.11,22.22,3.7
3522208,SP,Sudeste,2,risco alto e cobertura menor,1878,0.534,0.55341226,745.4871,0.9059334298118669,3.273695587930092,0.05692234,3.74,5.22,9.31,14.06,18.03,20.61,15.61,9.63,3.78
3522307,SP,Sudeste,2,risco alto e cobertura menor,1519,0.42200000000000004,0.5404731,742.902,0.9123123123123124,3.1815577738627865,0.10630631,4.75,7.49,9.89,12.84,16.12,19.79,14.8,9.6,4.72
3522406,SP,Sudeste,2,risco alto e cobertura menor,980,0.534,0.56195825,745.50354,0.8781362007168458,2.9912260756924947,0.0,3.42,6.85,8.49,10.61,20.55,20.62,16.42,10.05,2.99
3522505,SP,Sudeste,2,risco alto e cobertura menor,3253,0.503,0.5545831,745.7966,0.9117152466367713,3.5122840632818537,0.0,2.99,5.77,9.56,13.87,16.88,22.03,15.86,9.73,3.31
3522653,SP,Sudeste,2,risco alto e cobertura menor,57,0.457,0.29848197,725.7101,0.9193548387096774,1.7558748556724915,0.0,1.69,6.94,17.61,24.39,22.91,14.01,10.65,0.0,1.8
3522901,SP,Sudeste,2,risco alto e cobertura menor,147,0.35,0.5304317,740.2632,0.8963414634146342,2.167317334748176,0.0,4.12,8.25,10.12,9.93,20.57,24.63,10.73,8.27,3.37
3523107,SP,Sudeste,2,risco alto e cobertura menor,4693,0.43,0.57480776,748.9981,0.9238188976377952,3.6714505542124947,0.038779527,3.63,5.41,9.58,13.23,15.84,17.81,17.35,11.83,5.31
3523206,SP,Sudeste,2,risco alto e cobertura menor,486,0.5589999999999999,0.5316638,741.71106,0.9382239382239382,2.6866362692622934,0.0,4.58,8.03,10.77,12.71,15.39,18.68,18.07,8.26,3.52
3523503,SP,Sudeste,2,risco alto e cobertura menor,210,0.617,0.5417898,744.1203,0.9375,2.322219294733919,0.0,3.77,4.64,12.07,12.0,18.51,21.08,14.41,10.76,2.77
3524006,SP,Sudeste,2,risco alto e cobertura menor,647,0.449,0.4832935,738.911,0.8284250960307298,2.8109042806687006,0.0,5.34,4.29,9.91,17.38,18.86,20.57,12.24,9.57,1.83
3524105,SP,Sudeste,2,risco alto e cobertura menor,285,0.484,0.4994126,741.53424,0.9134615384615384,2.45484486000851,0.0,3.2,5.07,11.75,17.92,16.92,19.51,13.62,8.83,3.18
3524303,SP,Sudeste,2,risco alto e cobertura menor,449,0.53,0.57936555,749.78986,0.9219712525667351,2.6522463410033232,0.0,4.05,5.59,9.4,12.56,13.56,18.93,17.89,10.64,7.37
3524402,SP,Sudeste,2,risco alto e cobertura menor,2047,0.456,0.5147576,742.7549,0.8586409395973155,3.311117842662506,0.0,3.0,5.63,10.5,16.04,18.78,19.3,14.74,8.66,3.35
3524600,SP,Sudeste,2,risco alto e cobertura menor,129,0.639,0.54795355,749.6986,0.9020979020979021,2.110589710299249,0.0,0.0,9.94,10.42,8.42,21.11,16.9,17.05,13.11,3.05
3524907,SP,Sudeste,2,risco alto e cobertura menor,63,0.589,0.5688634,747.9987,0.9264705882352942,1.7993405494535817,0.0,3.16,1.64,9.59,16.02,20.57,20.67,14.13,11.02,3.2
3525003,SP,Sudeste,2,risco alto e cobertura menor,912,0.449,0.51389754,742.0978,0.8803088803088803,2.959994838328416,0.0,3.89,5.57,9.49,15.45,18.6,21.68,13.67,8.25,3.39
3525102,SP,Sudeste,2,risco alto e cobertura menor,402,0.583,0.45419016,735.2984,0.8498942917547568,2.60422605308447,0.0,4.52,7.12,12.71,18.03,19.91,15.29,12.56,6.9,2.96
3525201,SP,Sudeste,2,risco alto e cobertura menor,507,0.488,0.44072804,736.565,0.9584120982986768,2.705007959333336,0.0,2.58,6.53,12.32,19.35,21.27,15.09,13.99,6.92,1.95
3525300,SP,Sudeste,2,risco alto e cobertura menor,1024,0.598,0.54889476,746.27203,0.924187725631769,3.010299956639812,0.0,3.83,5.42,10.52,13.4,16.37,18.78,15.53,12.26,3.89
3525409,SP,Sudeste,2,risco alto e cobertura menor,40,0.452,0.4954965,730.8741,0.8695652173913043,1.6020599913279623,0.0,12.59,2.46,7.67,12.59,24.97,12.39,22.42,4.91,0.0
3525508,SP,Sudeste,2,risco alto e cobertura menor,134,0.7190000000000001,0.5729571,749.24,0.8758169934640523,2.1271047983648077,0.0,1.54,4.86,9.29,12.32,22.57,19.2,17.45,6.66,6.11
3525854,SP,Sudeste,2,risco alto e cobertura menor,41,0.764,0.5080745,736.5275,0.8913043478260869,1.6127838567197355,0.0,4.89,10.1,5.22,9.77,26.71,25.71,7.16,10.43,0.0
3526100,SP,Sudeste,2,risco alto e cobertura menor,194,0.5489999999999999,0.5517617,740.9281,0.941747572815534,2.287801729930226,0.0,5.72,7.34,11.35,12.72,11.27,21.11,18.25,10.19,2.05
3526407,SP,Sudeste,2,risco alto e cobertura menor,271,0.542,0.593699,748.3201,0.9217687074829932,2.432969290874406,0.0,1.91,6.3,7.05,13.07,20.31,20.37,17.45,10.88,2.66
3526605,SP,Sudeste,2,risco alto e cobertura menor,83,0.527,0.46143275,735.7843,0.9431818181818182,1.919078092376074,0.0,2.4,6.88,22.81,13.21,14.56,15.68,12.35,7.31,4.8
3527207,SP,Sudeste,2,risco alto e cobertura menor,657,0.425,0.47905132,737.37634,0.8987688098495212,2.8175653695597807,0.0,3.92,7.44,11.13,14.95,18.43,20.94,15.01,6.74,1.45
3527306,SP,Sudeste,2,risco alto e cobertura menor,624,0.546,0.5824565,748.9555,0.8678720445062587,2.795184589682424,0.0,3.01,4.43,7.6,12.97,19.1,22.53,17.38,10.43,2.55
3527603,SP,Sudeste,2,risco alto e cobertura menor,123,0.415,0.43030304,727.8885,0.9389312977099237,2.089905111439398,0.0,6.65,11.57,14.44,12.73,14.67,18.5,11.69,8.97,0.76
3527702,SP,Sudeste,2,risco alto e cobertura menor,47,0.546,0.5495148,747.0904,0.9215686274509803,1.6720978579357175,0.0,4.14,2.07,10.13,11.2,24.46,17.51,14.05,14.48,1.96
3528700,SP,Sudeste,2,risco alto e cobertura menor,29,0.7140000000000001,0.48325652,739.3474,0.9354838709677419,1.462397997898956,0.0,0.0,3.44,6.9,27.56,24.15,27.62,3.44,6.9,0.0
3528908,SP,Sudeste,2,risco alto e cobertura menor,31,0.53,0.48396465,740.5888,0.9393939393939394,1.4913616938342726,0.0,3.24,6.46,12.9,22.56,9.67,12.9,19.34,9.68,3.23
3529658,SP,Sudeste,2,risco alto e cobertura menor,16,0.348,0.5625,726.159,0.9411764705882353,1.2041199826559248,0.0,12.5,6.25,18.75,0.0,18.75,25.0,12.5,6.25,0.0
3529708,SP,Sudeste,2,risco alto e cobertura menor,155,0.643,0.29088312,717.4277,0.7948717948717948,2.1903316981702914,0.0,8.29,15.34,10.81,22.36,18.23,12.07,7.04,5.29,0.56
3530102,SP,Sudeste,2,risco alto e cobertura menor,162,0.534,0.5412812,740.87366,0.8756756756756757,2.2095150145426308,0.0,3.06,7.77,10.53,10.81,22.33,21.18,15.75,7.42,1.15
3530409,SP,Sudeste,2,risco alto e cobertura menor,48,0.5920000000000001,0.55960786,745.59735,0.96,1.6812412373755872,0.0,4.12,2.13,16.65,10.62,12.65,22.65,12.59,16.59,2.0
3530607,SP,Sudeste,2,risco alto e cobertura menor,4279,0.466,0.47879213,737.17615,0.8974412751677853,3.6313422864839326,0.0,5.64,7.63,12.08,14.15,17.35,17.17,14.16,8.52,3.3
3530805,SP,Sudeste,2,risco alto e cobertura menor,657,0.5379999999999999,0.57700396,749.43744,0.8818791946308725,2.8175653695597807,0.0,3.2,3.81,8.91,12.09,18.64,21.02,17.92,11.28,3.14
3531100,SP,Sudeste,2,risco alto e cobertura menor,749,0.486,0.414455,731.7993,0.8340757238307349,2.8744818176994666,0.0,5.86,6.09,12.32,20.21,20.41,16.44,10.18,6.75,1.74
3531209,SP,Sudeste,2,risco alto e cobertura menor,60,0.551,0.5658888,751.23425,0.9375,1.7781512503836436,0.0,6.71,0.0,5.08,11.57,26.66,16.69,14.85,13.35,5.08
3531704,SP,Sudeste,2,risco alto e cobertura menor,51,0.6659999999999999,0.5089728,745.0131,0.8793103448275862,1.7075701760979363,0.0,3.96,8.31,4.05,19.12,17.42,21.38,13.59,6.39,5.79
3531803,SP,Sudeste,2,risco alto e cobertura menor,754,0.496,0.46977806,736.3365,0.8322295805739515,2.877371345869774,0.0,4.63,5.51,14.14,15.36,18.63,19.58,13.31,6.81,2.03
3531902,SP,Sudeste,2,risco alto e cobertura menor,279,0.552,0.4530309,738.1099,0.8746081504702194,2.4456042032735974,0.0,5.01,6.65,11.81,13.79,20.92,18.28,13.14,4.33,6.08
3532009,SP,Sudeste,2,risco alto e cobertura menor,128,0.47,0.47316393,738.6105,0.9014084507042254,2.1072099696478683,0.0,5.6,3.71,11.69,17.26,18.78,15.58,16.07,11.32,0.0
3532157,SP,Sudeste,2,risco alto e cobertura menor,40,0.593,0.3618285,724.49286,0.9090909090909091,1.6020599913279623,0.0,8.68,5.31,16.4,19.37,21.64,14.54,9.37,2.27,2.41
3532306,SP,Sudeste,2,risco alto e cobertura menor,64,0.40299999999999997,0.57886493,744.48834,0.8767123287671232,1.806179973983887,0.0,4.44,4.87,12.3,14.04,12.6,17.38,20.34,12.47,1.57
3532868,SP,Sudeste,2,risco alto e cobertura menor,12,0.4,0.25,730.38025,0.8571428571428571,1.0791812460476249,0.0,8.33,8.33,8.33,16.67,33.33,0.0,8.33,0.0,16.67
3534104,SP,Sudeste,2,risco alto e cobertura menor,43,0.595,0.39534885,729.5168,1.0,1.6334684555795864,0.0,6.98,6.98,9.3,32.56,9.3,13.95,9.3,9.3,2.33
3534203,SP,Sudeste,2,risco alto e cobertura menor,77,0.436,0.48147282,743.412,0.9390243902439024,1.8864907251724818,0.0,2.69,3.85,16.71,12.99,19.62,15.69,12.9,12.97,2.59
3534302,SP,Sudeste,2,risco alto e cobertura menor,293,0.449,0.5715196,747.5572,0.9015384615384615,2.4668676203541096,0.0,3.79,2.68,9.26,13.22,20.65,20.33,18.47,8.51,3.1
3534401,SP,Sudeste,2,risco alto e cobertura menor,6666,0.46,0.4914576,737.35315,0.8547249647390691,3.8238653093245114,0.0,5.73,7.1,10.67,14.26,18.2,19.4,14.91,7.5,2.24
3534708,SP,Sudeste,2,risco alto e cobertura menor,919,0.504,0.5377255,744.0423,0.9245472837022133,2.9633155113861114,0.07947686,2.47,6.33,9.28,14.27,19.93,20.13,15.62,9.69,2.27
3534906,SP,Sudeste,2,risco alto e cobertura menor,80,0.6459999999999999,0.53273404,739.43024,0.9302325581395349,1.9030899869919435,0.0,3.78,5.4,20.24,7.33,13.88,24.04,14.31,9.86,1.16
3535309,SP,Sudeste,2,risco alto e cobertura menor,171,0.465,0.6064932,750.606,0.9293478260869565,2.2329961103921536,0.0,3.45,5.26,6.97,12.93,16.46,22.03,18.04,10.7,4.17
3535507,SP,Sudeste,2,risco alto e cobertura menor,404,0.48200000000000004,0.56925786,748.22327,0.8898678414096917,2.606381365110605,0.0,1.5,4.48,9.44,13.72,20.06,23.39,14.26,10.03,3.11
3535606,SP,Sudeste,2,risco alto e cobertura menor,183,0.635,0.58564156,750.3163,0.9104477611940298,2.2624510897304293,0.0,3.22,5.94,10.36,8.18,20.22,17.14,16.26,13.14,5.55
3535804,SP,Sudeste,2,risco alto e cobertura menor,212,0.493,0.42594537,731.3831,0.8796680497925311,2.326335860928751,0.0,5.21,5.69,15.02,19.47,15.42,19.82,13.43,4.11,1.82
3536109,SP,Sudeste,2,risco alto e cobertura menor,95,0.5770000000000001,0.56511503,749.90765,0.8878504672897196,1.9777236052888478,0.0,3.2,3.2,6.26,10.67,27.64,18.9,16.68,10.3,3.16
3536703,SP,Sudeste,2,risco alto e cobertura menor,400,0.364,0.4677208,736.2416,0.9195402298850575,2.6020599913279625,0.0,3.35,7.49,14.57,13.19,21.94,16.05,14.88,7.04,1.47
3537008,SP,Sudeste,2,risco alto e cobertura menor,170,0.609,0.5167061,746.46875,0.96045197740113,2.230448921378274,0.0,1.79,5.33,5.9,23.54,18.82,15.33,16.9,7.7,4.69
3537206,SP,Sudeste,2,risco alto e cobertura menor,106,0.35100000000000003,0.45973203,735.6055,0.8907563025210085,2.0253058652647704,0.0,4.72,5.76,7.45,23.0,21.53,20.63,8.47,6.47,1.97
3537602,SP,Sudeste,2,risco alto e cobertura menor,715,0.396,0.46813938,733.42633,0.8982412060301508,2.8543060418010806,0.0,6.32,7.19,11.65,15.01,19.43,20.15,11.59,5.66,2.99
3538303,SP,Sudeste,2,risco alto e cobertura menor,36,0.563,0.45195198,752.09357,0.972972972972973,1.5563025007672873,0.0,0.0,2.7,10.81,16.52,30.33,8.56,8.41,14.26,8.41
3538600,SP,Sudeste,2,risco alto e cobertura menor,277,0.585,0.5745924,750.71643,0.9052287581699346,2.4424797690644486,0.0,4.99,4.7,6.75,11.32,18.31,16.64,19.22,12.69,5.38
3538709,SP,Sudeste,2,risco alto e cobertura menor,3600,0.547,0.6002604,752.47314,0.900225056264066,3.5563025007672873,0.1436077,3.34,5.24,8.65,11.84,16.02,18.64,16.17,12.58,7.52
3538907,SP,Sudeste,2,risco alto e cobertura menor,145,0.535,0.46025392,736.0725,0.9006211180124224,2.161368002234975,0.0,4.38,9.0,15.74,11.12,17.14,18.67,10.68,9.86,3.4
3539103,SP,Sudeste,2,risco alto e cobertura menor,260,0.435,0.40789202,727.90686,0.9027777777777778,2.4149733479708178,0.0,7.58,8.94,12.38,18.77,15.23,16.75,14.63,4.65,1.07
3539301,SP,Sudeste,2,risco alto e cobertura menor,460,0.45899999999999996,0.56399935,746.0311,0.905511811023622,2.662757831681574,0.0,2.63,7.64,9.65,13.93,14.28,21.06,15.14,12.73,2.94
3539400,SP,Sudeste,2,risco alto e cobertura menor,102,0.489,0.44374284,736.84235,0.9357798165137615,2.0086001717619175,0.0,2.94,5.85,19.3,14.48,19.98,14.74,11.08,6.91,4.72
3539806,SP,Sudeste,2,risco alto e cobertura menor,1172,0.545,0.51720804,741.6561,0.8586080586080586,3.068927611682072,0.0,3.07,6.88,10.25,15.22,19.28,18.36,15.63,8.19,3.12
3540259,SP,Sudeste,2,risco alto e cobertura menor,38,0.446,0.5165945,744.18524,0.9047619047619048,1.5797835966168101,0.0,2.54,5.08,7.46,19.09,17.2,21.47,20.01,7.14,0.0
3540705,SP,Sudeste,2,risco alto e cobertura menor,460,0.489,0.50075763,738.27576,0.9126984126984127,2.662757831681574,0.0,3.91,7.0,14.89,12.91,18.35,17.39,16.07,6.75,2.74
3540754,SP,Sudeste,2,risco alto e cobertura menor,197,0.409,0.4658375,738.27826,0.8418803418803419,2.294466226161593,0.0,1.95,7.69,11.39,20.14,14.74,19.37,15.17,8.53,1.01
3541000,SP,Sudeste,2,risco alto e cobertura menor,3854,0.507,0.51263183,741.7141,0.8306034482758621,3.5859117103194342,0.0,3.16,5.15,11.1,15.68,19.55,20.64,13.74,8.17,2.81
3541059,SP,Sudeste,2,risco alto e cobertura menor,82,0.561,0.5647842,750.6037,0.9010989010989011,1.9138138523837167,0.0,1.16,9.08,10.37,9.77,19.48,18.32,8.28,18.78,4.75
3542701,SP,Sudeste,2,risco alto e cobertura menor,105,0.703,0.55176836,744.06055,0.9813084112149533,2.0211892990699383,0.0,0.93,3.86,12.39,15.14,20.03,26.57,11.57,7.64,1.87
3542800,SP,Sudeste,2,risco alto e cobertura menor,24,0.629,0.53846157,736.00946,0.9230769230769231,1.380211241711606,0.0,8.33,12.18,0.0,8.97,16.67,41.67,4.49,0.0,7.69
3542909,SP,Sudeste,2,risco alto e cobertura menor,101,0.792,0.53399557,748.5842,0.9099099099099099,2.0043213737826426,0.0,3.04,10.33,5.9,14.3,14.04,9.72,23.49,13.41,5.77
3543402,SP,Sudeste,2,risco alto e cobertura menor,4822,0.391,0.5558586,747.24304,0.8934593292569947,3.683227206041435,0.50731885,2.98,6.12,9.44,13.37,17.55,18.98,15.81,10.91,4.84
3543907,SP,Sudeste,2,risco alto e cobertura menor,1648,0.503,0.54586154,744.6442,0.9045005488474204,3.216957207361097,0.016465422,2.52,7.35,8.73,15.35,17.77,19.1,15.91,10.57,2.72
3544004,SP,Sudeste,2,risco alto e cobertura menor,292,0.65,0.5850427,747.0679,0.8984615384615384,2.4653828514484184,0.0,3.31,5.38,9.64,10.94,19.2,21.62,16.53,9.69,3.69
3544608,SP,Sudeste,2,risco alto e cobertura menor,43,0.544,0.46978816,742.8311,0.9347826086956522,1.6334684555795864,0.0,0.0,2.51,13.67,23.18,20.62,11.16,19.35,7.0,2.51
3544905,SP,Sudeste,2,risco alto e cobertura menor,95,0.585,0.5004136,730.90094,0.8636363636363636,1.9777236052888478,0.0,10.32,8.25,14.55,11.62,13.6,16.64,11.93,9.64,3.45
3545308,SP,Sudeste,2,risco alto e cobertura menor,468,0.441,0.4683424,735.1545,0.9267326732673268,2.670245853074124,0.07722772,5.27,9.5,11.54,13.78,18.56,17.28,15.25,6.02,2.8
3545407,SP,Sudeste,2,risco alto e cobertura menor,91,0.602,0.4493636,736.61487,0.8921568627450981,1.9590413923210936,0.0,2.13,6.73,23.15,8.68,17.58,20.56,7.68,10.08,3.4
3546009,SP,Sudeste,2,risco alto e cobertura menor,106,0.408,0.49714872,738.4567,0.828125,2.0253058652647704,0.0,4.38,6.58,6.89,22.31,15.8,20.03,12.52,7.59,3.9
3546256,SP,Sudeste,2,risco alto e cobertura menor,21,0.45899999999999996,0.4256198,734.6502,0.9545454545454546,1.3222192947339193,0.0,4.96,4.55,9.09,28.93,14.88,23.14,0.0,9.92,4.55
3546306,SP,Sudeste,2,risco alto e cobertura menor,278,0.495,0.59688544,749.3346,0.8714733542319749,2.444044795918076,0.0,2.97,5.74,8.27,12.88,15.45,23.7,16.95,10.57,3.46
3546603,SP,Sudeste,2,risco alto e cobertura menor,338,0.5920000000000001,0.54025114,747.8602,0.952112676056338,2.5289167002776547,0.0,1.85,5.55,8.95,14.63,19.78,21.06,13.18,10.59,4.4
3547809,SP,Sudeste,2,risco alto e cobertura menor,4506,0.528,0.60421324,753.3164,0.8707246376811594,3.653791187387812,0.1905314,2.41,3.93,8.01,11.99,18.74,19.42,17.75,12.17,5.58
3548500,SP,Sudeste,2,risco alto e cobertura menor,2276,0.5589999999999999,0.5283294,745.9429,0.886983632112237,3.3571722577230334,0.02027378,2.41,5.05,8.57,16.34,19.6,20.22,14.26,9.91,3.64
3548609,SP,Sudeste,2,risco alto e cobertura menor,75,0.619,0.57894737,745.8182,0.9615384615384616,1.8750612633917,0.0,5.4,2.77,12.01,12.35,16.19,20.78,18.62,6.75,5.13
3548708,SP,Sudeste,2,risco alto e cobertura menor,6732,0.556,0.5419757,744.39496,0.8515051859347331,3.8281441073037863,0.0,3.69,6.12,9.46,14.14,18.59,19.34,15.06,9.67,3.92
3549250,SP,Sudeste,2,risco alto e cobertura menor,18,0.44,0.44444445,735.3314,1.0,1.255272505103306,0.0,11.11,5.56,5.56,16.67,22.22,16.67,11.11,5.56,5.56
3549508,SP,Sudeste,2,risco alto e cobertura menor,81,0.47600000000000003,0.5037847,741.4347,0.9101123595505618,1.9084850188786497,0.0,6.06,6.24,17.31,10.0,16.21,7.42,19.78,12.11,4.88
3549607,SP,Sudeste,2,risco alto e cobertura menor,34,0.379,0.5277778,737.60583,0.9444444444444444,1.5314789170422551,0.0,2.78,8.68,14.93,18.06,14.24,17.71,11.81,5.9,5.9
3549805,SP,Sudeste,2,risco alto e cobertura menor,3296,0.521,0.5685035,746.8363,0.847518642324505,3.5179872030250783,0.0,3.57,4.75,9.24,14.0,17.74,20.53,15.74,10.16,4.26
3549953,SP,Sudeste,2,risco alto e cobertura menor,137,0.614,0.58402234,744.07086,0.8509316770186336,2.1367205671564067,0.0,2.86,7.42,9.58,13.19,16.42,19.26,19.74,8.74,2.8
3550308,SP,Sudeste,2,risco alto e cobertura menor,94385,0.379,0.56105393,748.0537,0.8761336316126577,4.974902980157727,0.5441357,3.15,4.9,8.93,14.14,17.99,19.44,16.08,10.69,4.68
3550407,SP,Sudeste,2,risco alto e cobertura menor,326,0.519,0.58161867,748.6206,0.8763440860215054,2.513217600067939,0.0,3.89,5.51,7.25,13.32,18.16,19.5,16.57,11.55,4.24
3550605,SP,Sudeste,2,risco alto e cobertura menor,725,0.523,0.5151276,742.1911,0.9096612296110415,2.8603380065709936,0.0,3.48,4.72,10.76,15.78,18.92,20.61,14.9,8.13,2.71
3550704,SP,Sudeste,2,risco alto e cobertura menor,985,0.392,0.4438324,735.41815,0.9162790697674419,2.9934362304976116,0.0,2.39,7.99,12.89,18.16,19.23,18.33,12.48,6.37,2.15
3551009,SP,Sudeste,2,risco alto e cobertura menor,3048,0.431,0.48218098,738.81335,0.8896672504378283,3.4840149626675627,0.018972563,4.01,5.81,11.42,16.98,18.9,19.08,13.96,7.26,2.58
3551108,SP,Sudeste,2,risco alto e cobertura menor,107,0.414,0.53324986,745.2574,0.9224137931034483,2.0293837776852097,0.0,2.73,9.13,7.22,13.32,19.04,18.93,13.58,11.22,4.82
3551405,SP,Sudeste,2,risco alto e cobertura menor,91,0.239,0.4464531,732.8691,0.8125,1.9590413923210936,0.0,3.7,6.68,15.26,14.88,19.93,16.82,17.11,4.68,0.94
3551504,SP,Sudeste,2,risco alto e cobertura menor,493,0.46,0.4397275,732.1345,0.8866906474820144,2.69284691927723,0.0,5.76,9.56,11.19,16.53,18.91,15.76,14.95,5.97,1.37
3551702,SP,Sudeste,2,risco alto e cobertura menor,1386,0.537,0.5416217,744.9106,0.9088524590163934,3.141763230275788,0.0,4.31,5.91,10.16,12.1,17.95,19.89,15.54,9.94,4.2
3551801,SP,Sudeste,2,risco alto e cobertura menor,143,0.6679999999999999,0.5210379,744.91144,0.8666666666666667,2.155336037465062,0.0,2.84,9.24,10.44,12.87,16.69,17.42,14.04,8.96,7.5
3552007,SP,Sudeste,2,risco alto e cobertura menor,70,0.45899999999999996,0.47266668,733.07513,0.9333333333333333,1.845098040014257,0.0,7.35,15.75,2.75,15.58,14.12,23.07,10.08,8.55,2.75
3552205,SP,Sudeste,2,risco alto e cobertura menor,6335,0.479,0.5468317,745.46045,0.8876278548409696,3.80174661921946,0.1465862,3.06,4.98,9.59,14.28,19.66,20.68,14.72,9.6,3.43
3552304,SP,Sudeste,2,risco alto e cobertura menor,65,0.518,0.57151693,747.57935,0.8783783783783784,1.8129133566428555,0.0,0.0,3.08,9.2,18.39,18.24,24.85,13.86,10.8,1.58
3552403,SP,Sudeste,2,risco alto e cobertura menor,2702,0.529,0.5749131,751.0182,0.8885235120026307,3.4316853446860116,0.2936534,3.53,4.74,9.32,12.63,16.54,17.71,16.45,11.93,7.16
3552502,SP,Sudeste,2,risco alto e cobertura menor,3638,0.42100000000000004,0.51114905,741.4938,0.8912297893189612,3.5608626947274646,0.35374817,4.26,6.51,9.72,14.37,18.91,19.62,14.8,8.88,2.92
3552809,SP,Sudeste,2,risco alto e cobertura menor,2465,0.456,0.49202824,739.8834,0.8655196629213483,3.391816923613249,0.018258426,3.01,5.85,10.47,16.36,20.69,21.27,12.6,7.62,2.12
3553104,SP,Sudeste,2,risco alto e cobertura menor,46,0.672,0.38707176,722.76965,0.8846153846153846,1.662757831681574,0.0,13.08,6.54,15.12,17.97,15.23,15.01,6.54,10.5,0.0
3553500,SP,Sudeste,2,risco alto e cobertura menor,103,0.537,0.5745098,747.5697,0.9809523809523809,2.012837224705172,0.0,0.95,6.84,12.5,9.62,20.5,17.62,16.42,12.63,2.91
3553658,SP,Sudeste,2,risco alto e cobertura menor,11,0.75,0.27272728,731.5975,0.8461538461538461,1.0413926851582251,0.0,0.0,9.09,9.09,36.36,18.18,18.18,0.0,0.0,9.09
3553807,SP,Sudeste,2,risco alto e cobertura menor,229,0.525,0.56674373,744.4254,0.8910505836575876,2.359835482339888,0.0,3.51,3.47,10.82,14.23,15.42,26.89,15.78,7.76,2.13
3553856,SP,Sudeste,2,risco alto e cobertura menor,83,0.621,0.47185743,741.6096,0.8829787234042553,1.919078092376074,0.0,2.44,3.6,14.57,17.65,19.5,19.08,11.14,8.42,3.6
3554003,SP,Sudeste,2,risco alto e cobertura menor,1236,0.511,0.5392252,742.2929,0.9464012251148545,3.092018470752797,0.0,4.28,6.53,10.59,13.01,18.55,19.05,15.87,8.57,3.55
3554102,SP,Sudeste,2,risco alto e cobertura menor,2159,0.444,0.5387959,744.934,0.8483300589390963,3.334252642334231,0.0,3.31,4.98,10.15,15.02,18.48,18.74,16.22,9.72,3.38
3554607,SP,Sudeste,2,risco alto e cobertura menor,29,0.392,0.5898617,741.194,0.9354838709677419,1.462397997898956,0.0,10.6,9.68,7.37,6.91,6.45,28.11,13.82,13.82,3.23
3554656,SP,Sudeste,2,risco alto e cobertura menor,26,0.33299999999999996,0.30769232,724.3809,1.0,1.414973347970818,0.0,3.85,15.38,15.38,19.23,15.38,11.54,7.69,3.85,7.69
3554755,SP,Sudeste,2,risco alto e cobertura menor,19,1.0,0.47368422,730.41064,0.95,1.2787536009528289,0.0,10.53,5.26,10.53,10.53,36.84,10.53,10.53,5.26,0.0
3554805,SP,Sudeste,2,risco alto e cobertura menor,312,0.428,0.54729474,745.6486,0.8863636363636364,2.494154594018443,0.0,3.76,5.31,8.36,14.11,21.3,18.23,15.05,10.1,3.77
3554953,SP,Sudeste,2,risco alto e cobertura menor,65,0.657,0.55642575,745.48663,0.9420289855072463,1.8129133566428555,0.0,4.73,3.02,10.79,16.72,15.27,22.97,9.49,12.54,4.47
3555000,SP,Sudeste,2,risco alto e cobertura menor,536,0.502,0.55041283,747.78894,0.9387040280210157,2.72916478969277,0.37127846,2.11,4.67,12.4,14.2,16.65,16.74,17.44,11.68,4.11
3555406,SP,Sudeste,2,risco alto e cobertura menor,972,0.413,0.36637127,723.3793,0.84375,2.9876662649262746,0.0,7.94,11.61,14.05,17.71,17.86,13.42,11.15,4.07,2.19
3555505,SP,Sudeste,2,risco alto e cobertura menor,66,0.488,0.5625135,745.81226,0.9428571428571428,1.8195439355418688,0.0,4.74,12.3,6.0,5.86,17.85,17.73,13.97,18.53,3.01
3556206,SP,Sudeste,2,risco alto e cobertura menor,829,0.507,0.48213798,739.24554,0.9140022050716649,2.9185545305502734,0.0,4.13,7.21,10.14,16.25,19.14,17.58,14.93,7.85,2.76
3556503,SP,Sudeste,2,risco alto e cobertura menor,1188,0.48700000000000004,0.5324044,743.1543,0.907563025210084,3.074816440645175,0.0,3.02,5.88,11.92,13.63,17.7,21.18,14.51,9.54,2.62
3556602,SP,Sudeste,2,risco alto e cobertura menor,94,0.627,0.50962186,745.319,0.94,1.9731278535996986,0.0,3.25,5.42,10.61,11.7,22.18,16.7,14.79,13.02,2.33
3556701,SP,Sudeste,2,risco alto e cobertura menor,660,0.514,0.5612091,748.3775,0.9348441926345609,2.8195439355418688,0.0,2.38,5.56,9.18,13.88,18.86,18.74,16.08,10.56,4.77
3556909,SP,Sudeste,2,risco alto e cobertura menor,87,0.8140000000000001,0.5286006,748.6035,0.9775280898876404,1.9395192526186185,0.0,2.25,2.3,13.84,13.84,20.68,17.16,11.49,11.59,6.84
3557006,SP,Sudeste,2,risco alto e cobertura menor,1103,0.489,0.5469449,743.817,0.9040983606557377,3.0425755124401905,0.0,5.21,6.33,8.03,14.37,17.03,19.1,14.76,11.96,3.21
3557204,SP,Sudeste,2,risco alto e cobertura menor,112,0.38,0.51578325,743.65826,0.8549618320610687,2.0492180226701815,0.0,1.73,5.43,12.41,13.62,21.74,16.33,16.69,10.16,1.9
3557303,SP,Sudeste,2,risco alto e cobertura menor,84,0.451,0.5147926,737.02386,0.7706422018348624,1.9242792860618816,0.0,9.68,1.21,7.76,16.59,21.39,20.65,16.89,4.83,1.0
4100103,PR,Sul,2,risco alto e cobertura menor,76,0.5608478784561157,0.584988,744.70746,0.8260869565217391,1.8808135922807914,0.0,3.23,2.93,5.58,13.58,25.28,29.29,17.57,2.55,0.0
4100400,PR,Sul,2,risco alto e cobertura menor,1101,0.5243517160415649,0.4511862,728.8856,0.8241017964071856,3.041787318971752,0.0,6.28,7.05,14.51,9.58,26.04,24.69,9.1,2.22,0.54
4102802,PR,Sul,2,risco alto e cobertura menor,158,0.6105267405509949,0.5488815,738.39496,0.8449197860962567,2.1986570869544226,0.0,3.09,3.3,10.12,10.11,30.75,30.85,11.06,0.72,0.0
4103057,PR,Sul,2,risco alto e cobertura menor,90,0.7239363789558411,0.53326404,738.8819,0.9375,1.954242509439325,0.0,2.28,6.7,7.79,12.38,25.57,30.94,13.26,1.09,0.0
4103107,PR,Sul,2,risco alto e cobertura menor,229,0.4912966787815094,0.57366925,742.0131,0.8773946360153256,2.359835482339888,0.0,5.74,6.11,5.53,7.93,25.35,28.35,13.71,5.16,2.13
4103602,PR,Sul,2,risco alto e cobertura menor,179,0.6253462433815002,0.5803858,741.9693,0.8994974874371859,2.2528530309798933,0.0,4.62,3.87,8.59,6.16,30.04,28.22,14.52,2.28,1.7
4104253,PR,Sul,2,risco alto e cobertura menor,345,0.5983994007110596,0.5796893,742.3777,0.8690176322418136,2.537819095073274,0.0,3.55,5.61,8.78,10.65,20.05,29.38,17.2,3.37,1.39
4105003,PR,Sul,2,risco alto e cobertura menor,117,0.660464346408844,0.5616813,741.60364,0.841726618705036,2.0681858617461617,0.0,1.57,5.07,10.42,12.0,18.06,34.39,15.87,0.91,1.71
4105201,PR,Sul,2,risco alto e cobertura menor,184,0.5477139949798584,0.49894127,732.2389,0.8846153846153846,2.2648178230095364,0.0,2.67,8.28,11.09,14.44,25.03,27.18,10.83,0.5,0.0
4105805,PR,Sul,2,risco alto e cobertura menor,3101,0.6492421627044678,0.60664177,745.1912,0.8447289566875511,3.4915017662373264,0.0,2.87,4.57,7.13,8.45,25.41,30.42,15.86,3.77,1.51
4106001,PR,Sul,2,risco alto e cobertura menor,103,0.6880441904067993,0.41204134,732.5523,0.865546218487395,2.012837224705172,0.0,1.05,4.08,25.52,14.39,16.69,22.55,12.83,1.93,0.97
4108502,PR,Sul,2,risco alto e cobertura menor,146,0.7904601693153381,0.55505383,741.1165,0.8795180722891566,2.164352855784437,0.0,2.18,4.85,8.43,14.3,25.1,26.19,17.08,1.27,0.6
4109500,PR,Sul,2,risco alto e cobertura menor,63,0.7013753652572632,0.5720524,736.64044,0.7241379310344828,1.7993405494535817,0.0,3.48,5.18,14.93,12.83,14.26,28.56,14.39,6.37,0.0
4109906,PR,Sul,2,risco alto e cobertura menor,105,0.7326306700706482,0.51776385,742.3806,0.9130434782608695,2.0211892990699383,0.0,2.78,6.47,5.5,6.54,35.26,24.62,14.02,2.99,1.83
4110052,PR,Sul,2,risco alto e cobertura menor,23,0.7410256266593933,0.4347826,742.6552,0.92,1.3617278360175928,0.0,0.0,4.35,8.7,8.7,34.78,26.09,17.39,0.0,0.0
4111258,PR,Sul,2,risco alto e cobertura menor,443,0.564391553401947,0.5249336,739.17816,0.8985801217038539,2.6464037262230695,0.0,1.76,5.03,11.76,12.02,25.89,26.9,13.4,2.6,0.63
4111308,PR,Sul,2,risco alto e cobertura menor,40,0.7738332152366638,0.4029343,738.2039,0.851063829787234,1.6020599913279623,0.0,0.0,7.46,5.0,12.46,42.3,22.66,10.13,0.0,0.0
4111803,PR,Sul,2,risco alto e cobertura menor,341,0.5511844754219055,0.4769019,736.00867,0.7821100917431193,2.5327543789924976,0.0,2.59,6.23,11.5,10.68,29.32,23.4,13.1,2.89,0.28
4112900,PR,Sul,2,risco alto e cobertura menor,47,0.5683749318122864,0.5541666,743.41144,0.9791666666666666,1.6720978579357175,0.0,2.08,4.17,8.54,14.9,29.58,17.08,17.19,6.46,0.0
4113254,PR,Sul,2,risco alto e cobertura menor,93,0.5882861018180847,0.46654412,730.81366,0.8532110091743119,1.968482948553935,0.0,3.0,7.55,13.86,15.95,20.66,29.0,9.99,0.0,0.0
4114708,PR,Sul,2,risco alto e cobertura menor,56,0.6469976902008057,0.4992081,738.19366,0.8888888888888888,1.7481880270062005,0.0,0.0,3.51,11.22,17.68,28.03,25.62,13.95,0.0,0.0
4115101,PR,Sul,2,risco alto e cobertura menor,106,0.6243712902069092,0.52200484,740.401,0.8091603053435115,2.0253058652647704,0.0,2.06,7.27,8.19,13.69,18.47,32.99,13.03,3.41,0.87
4115903,PR,Sul,2,risco alto e cobertura menor,25,0.7035912275314331,0.56,743.768,0.8928571428571429,1.3979400086720377,0.0,0.0,8.0,8.0,8.0,36.0,24.0,12.0,0.0,4.0
4116000,PR,Sul,2,risco alto e cobertura menor,29,0.7704682350158691,0.5139367,739.8399,0.90625,1.462397997898956,0.0,0.0,10.62,3.35,10.62,34.45,27.17,13.78,0.0,0.0
4116505,PR,Sul,2,risco alto e cobertura menor,16,0.3809524178504944,0.4375,739.03375,0.9411764705882353,1.2041199826559248,0.0,0.0,6.25,12.5,6.25,31.25,31.25,12.5,0.0,0.0
4117305,PR,Sul,2,risco alto e cobertura menor,245,0.6390399932861328,0.5725571,743.0296,0.8032786885245902,2.3891660843645326,0.04602222,2.88,2.48,8.07,14.85,21.82,30.18,15.42,3.97,0.33
4117602,PR,Sul,2,risco alto e cobertura menor,629,0.556598424911499,0.54279304,739.8283,0.8116129032258065,2.798650645445269,0.0,2.1,6.25,11.02,10.83,23.56,29.17,13.47,2.7,0.89
4119152,PR,Sul,2,risco alto e cobertura menor,1315,0.6274076700210571,0.5736323,742.30865,0.8714380384360504,3.1189257528257768,0.0,3.16,5.27,10.33,9.3,22.63,29.25,14.59,4.25,1.22
4119509,PR,Sul,2,risco alto e cobertura menor,1321,0.5832784175872803,0.5053529,736.41376,0.8344914718888187,3.1209028176145273,0.0,3.36,6.77,10.68,11.25,25.96,25.4,12.98,3.07,0.52
4120507,PR,Sul,2,risco alto e cobertura menor,85,0.5143601894378662,0.6267757,745.75146,0.7024793388429752,1.9294189257142926,0.0,1.32,2.27,9.11,9.3,27.62,34.3,12.65,2.28,1.15
4121000,PR,Sul,2,risco alto e cobertura menor,144,0.45281410217285156,0.5031784,740.70386,0.8888888888888888,2.1583624920952498,0.0,1.41,2.07,6.81,13.22,37.77,28.17,8.53,1.35,0.67
4121356,PR,Sul,2,risco alto e cobertura menor,23,0.7804008722305298,0.56918687,731.50183,0.8214285714285714,1.3617278360175928,0.0,0.0,8.85,8.85,17.69,16.54,44.23,3.85,0.0,0.0
4122602,PR,Sul,2,risco alto e cobertura menor,97,0.6842066049575806,0.4159927,731.2974,0.8818181818181818,1.9867717342662448,0.0,2.06,7.29,12.59,22.01,19.54,26.72,7.71,1.12,0.94
4124103,PR,Sul,2,risco alto e cobertura menor,554,0.6040461659431458,0.55042076,741.2462,0.869701726844584,2.74350976472843,0.0,3.37,7.9,9.32,10.2,20.46,26.31,15.41,4.61,2.41
4126256,PR,Sul,2,risco alto e cobertura menor,1465,0.5798075199127197,0.56548697,739.3448,0.8239595050618672,3.1658376246901283,0.0,4.24,6.9,8.83,9.05,22.88,27.78,15.86,3.8,0.66
4126702,PR,Sul,2,risco alto e cobertura menor,47,0.4760228395462036,0.46831903,739.6645,0.94,1.6720978579357175,0.0,0.0,4.26,4.26,17.03,38.13,25.63,10.69,0.0,0.0
4127106,PR,Sul,2,risco alto e cobertura menor,921,0.6319959163665771,0.61707705,743.81244,0.8763082778306375,2.964259630196849,0.0,3.0,5.82,6.61,9.63,24.19,29.47,16.99,3.87,0.42
4200101,SC,Sul,2,risco alto e cobertura menor,250,0.625215470790863,0.5629586,744.44366,0.8389261744966443,2.3979400086720375,0.1411473,4.18,2.86,3.82,16.25,24.9,25.09,18.53,3.29,1.1
4200705,SC,Sul,2,risco alto e cobertura menor,114,0.5337473154067993,0.4645938,734.09235,0.7549668874172185,2.0569048513364727,0.32522205,10.34,3.49,5.18,13.42,28.59,19.79,15.17,2.38,1.63
4201109,SC,Sul,2,risco alto e cobertura menor,26,0.6147727370262146,0.5690661,749.1508,0.8666666666666667,1.414973347970818,0.0,7.87,0.0,4.17,7.41,31.02,33.8,3.7,3.7,8.33
4201307,SC,Sul,2,risco alto e cobertura menor,562,0.518406867980957,0.4954821,740.1398,0.5854166666666667,2.749736315569061,0.0,3.9,5.53,3.89,16.59,28.01,21.39,15.6,4.15,0.93
4201406,SC,Sul,2,risco alto e cobertura menor,634,0.5557080507278442,0.6119638,747.7105,0.7180067950169875,2.802089257881733,0.5933344,4.88,3.95,2.44,10.79,24.56,30.1,15.17,5.56,2.56
4201950,SC,Sul,2,risco alto e cobertura menor,119,0.43724536895751953,0.5112687,739.5174,0.595,2.0755469613925306,0.0,4.17,8.27,8.0,15.8,19.63,21.76,14.2,6.22,1.95
4202057,SC,Sul,2,risco alto e cobertura menor,140,0.6026947498321533,0.5117641,739.81134,0.7142857142857143,2.146128035678238,0.0,3.54,5.78,3.58,17.17,25.0,25.47,14.59,4.87,0.0
4202073,SC,Sul,2,risco alto e cobertura menor,180,0.518937885761261,0.50695425,736.7145,0.7228915662650602,2.255272505103306,0.12087828,8.86,6.81,4.91,12.53,21.73,24.09,14.15,5.77,1.14
4202107,SC,Sul,2,risco alto e cobertura menor,346,0.4820305407047272,0.48691338,736.8892,0.43034825870646765,2.5390760987927767,0.0646952,5.54,7.17,3.85,15.7,26.18,23.63,12.15,4.81,0.96
4202305,SC,Sul,2,risco alto e cobertura menor,581,0.4661058783531189,0.45280623,734.55286,0.5798403193612774,2.7641761323903307,0.619413,7.98,4.76,4.61,18.81,24.04,21.36,13.71,3.76,0.95
4202438,SC,Sul,2,risco alto e cobertura menor,47,0.3911820948123932,0.28084326,721.93726,0.8867924528301887,1.6720978579357175,0.0,4.22,12.85,6.24,23.24,29.54,19.56,4.34,0.0,0.0
4202503,SC,Sul,2,risco alto e cobertura menor,49,0.35903313755989075,0.34514123,729.78424,0.8032786885245902,1.6901960800285136,0.40880802,8.06,2.14,4.03,22.35,34.95,16.12,8.25,4.1,0.0
4202537,SC,Sul,2,risco alto e cobertura menor,40,0.6467029452323914,0.55496687,742.50104,0.9090909090909091,1.6020599913279623,0.0,2.44,10.3,6.82,14.81,17.48,24.59,7.5,16.06,0.0
4202602,SC,Sul,2,risco alto e cobertura menor,107,0.38135266304016113,0.46334094,734.5577,0.8106060606060606,2.0293837776852097,0.3861174,6.34,8.25,7.51,15.07,23.52,19.21,12.55,6.76,0.8
4202800,SC,Sul,2,risco alto e cobertura menor,390,0.5702958703041077,0.5810464,746.2797,0.7572815533980582,2.591064607026499,0.3535541,3.82,4.55,2.74,11.88,27.89,25.37,16.89,5.35,1.51
4203105,SC,Sul,2,risco alto e cobertura menor,64,0.7668250799179077,0.5060621,738.2341,0.8,1.806179973983887,0.47514546,1.83,5.9,5.23,24.27,19.96,28.75,8.44,5.62,0.0
4203402,SC,Sul,2,risco alto e cobertura menor,63,0.2761034369468689,0.4530162,733.79254,0.8513513513513513,1.7993405494535817,0.5129453,4.42,10.25,4.88,15.97,25.38,17.05,19.19,2.87,0.0
4203501,SC,Sul,2,risco alto e cobertura menor,122,0.6089197397232056,0.48292276,742.99615,0.8652482269503546,2.0863598306747484,0.0,2.51,2.22,2.57,12.99,36.95,30.27,9.52,2.97,0.0
4203709,SC,Sul,2,risco alto e cobertura menor,79,0.5927978754043579,0.41171607,729.22516,0.8404255319148937,1.8976270912904414,0.14877571,3.92,6.56,11.47,15.98,27.47,24.43,8.49,1.68,0.0
4203956,SC,Sul,2,risco alto e cobertura menor,223,0.5616655349731445,0.5964588,750.0699,0.6426512968299711,2.3483048630481607,0.33451003,4.09,2.84,1.34,10.1,29.88,29.14,12.21,7.66,2.75
4204178,SC,Sul,2,risco alto e cobertura menor,26,0.28951552510261536,0.49870634,736.55005,0.8666666666666667,1.414973347970818,0.0,7.7,3.89,7.78,15.32,23.25,15.24,23.02,0.0,3.81
4204202,SC,Sul,2,risco alto e cobertura menor,2707,0.5590409636497498,0.5847031,746.0976,0.7901342673671921,3.4324882557705063,0.3020692,3.28,5.71,4.24,11.99,23.73,26.81,15.84,6.55,1.85
4204251,SC,Sul,2,risco alto e cobertura menor,107,0.6356602311134338,0.60600764,739.12354,0.5661375661375662,2.0293837776852097,0.1698385,11.25,5.63,3.2,3.71,23.12,31.63,16.3,4.46,0.69
4204558,SC,Sul,2,risco alto e cobertura menor,168,0.6029836535453796,0.56972885,741.6752,0.7850467289719626,2.225309281725863,0.25739068,4.78,5.02,1.15,11.43,29.46,31.19,12.46,3.04,1.47
4204608,SC,Sul,2,risco alto e cobertura menor,2022,0.5917797684669495,0.59819144,746.4525,0.8256431196406696,3.3057811512549824,0.09766942,5.26,5.4,3.38,11.04,21.36,27.29,16.99,7.0,2.28
4204806,SC,Sul,2,risco alto e cobertura menor,412,0.5455341935157776,0.5697306,745.92084,0.7253521126760564,2.6148972160331345,0.4385415,4.54,4.55,3.25,15.36,23.14,22.19,16.99,7.79,2.18
4205209,SC,Sul,2,risco alto e cobertura menor,49,0.5648528337478638,0.58131176,746.13306,0.7538461538461538,1.6901960800285136,0.0,4.1,2.05,2.15,18.67,23.18,20.21,27.79,1.85,0.0
4205357,SC,Sul,2,risco alto e cobertura menor,24,0.8140782713890076,0.5833334,741.3634,0.9230769230769231,1.380211241711606,0.0,4.17,4.17,0.0,20.83,29.17,29.17,8.33,4.17,0.0
4205407,SC,Sul,2,risco alto e cobertura menor,2861,0.4927007257938385,0.4965442,737.2164,0.608982545764155,3.4565178578052627,0.46636894,5.97,6.95,5.24,15.45,23.78,22.72,13.32,4.99,1.58
4206652,SC,Sul,2,risco alto e cobertura menor,125,0.4811879098415375,0.4293289,729.6165,0.8012820512820513,2.0969100130080562,0.14071856,8.26,7.86,10.07,10.95,25.29,21.94,10.92,3.2,1.52
4207106,SC,Sul,2,risco alto e cobertura menor,188,0.5198973417282104,0.46222487,739.6965,0.6438356164383562,2.27415784926368,0.170912,5.11,4.38,3.32,21.52,25.85,17.8,12.83,8.37,0.8
4207205,SC,Sul,2,risco alto e cobertura menor,111,0.6399487257003784,0.44141632,729.6816,0.7762237762237763,2.0453229787866576,0.1610711,8.08,10.52,5.62,13.76,22.84,21.59,14.98,2.6,0.0
4207304,SC,Sul,2,risco alto e cobertura menor,485,0.5445227026939392,0.5624322,744.5848,0.6440903054448871,2.6857417386022635,0.4101415,4.25,4.92,4.24,12.62,25.99,24.61,15.0,6.6,1.78
4208104,SC,Sul,2,risco alto e cobertura menor,247,0.6101604700088501,0.5600084,743.7314,0.7623456790123457,2.392696953259666,0.490806,2.83,5.76,4.67,14.16,24.57,27.58,15.03,3.44,1.95
4208203,SC,Sul,2,risco alto e cobertura menor,2165,0.563081681728363,0.549837,745.26385,0.625,3.3354579006893843,0.031464156,2.91,4.57,2.76,15.06,27.66,26.01,14.23,5.12,1.69
4208450,SC,Sul,2,risco alto e cobertura menor,233,0.47668853402137756,0.5337095,744.05194,0.5065217391304347,2.367355921026019,0.0,5.3,4.89,3.04,12.14,25.98,24.36,15.24,7.67,1.39
4208807,SC,Sul,2,risco alto e cobertura menor,302,0.5038452744483948,0.5763639,745.6429,0.7294685990338164,2.4800069429571505,0.28974378,4.31,4.84,2.15,13.19,23.76,26.74,18.6,4.94,1.47
4209151,SC,Sul,2,risco alto e cobertura menor,73,0.3709946572780609,0.43466905,737.74115,0.6134453781512605,1.863322860120456,0.29396886,2.43,8.13,2.52,23.83,22.01,25.4,13.25,2.43,0.0
4209300,SC,Sul,2,risco alto e cobertura menor,1478,0.4767872989177704,0.5230105,739.0233,0.7298765432098765,3.1696744340588068,0.4721354,5.37,7.71,3.38,13.75,24.56,24.72,13.97,5.45,1.1
4209409,SC,Sul,2,risco alto e cobertura menor,288,0.5431753993034363,0.52915233,742.80615,0.684085510688836,2.459392487759231,0.7931743,4.89,5.42,3.85,14.28,25.06,22.23,17.93,5.07,1.28
4209508,SC,Sul,2,risco alto e cobertura menor,84,0.642838716506958,0.60310364,744.1427,0.7567567567567568,1.9242792860618816,0.0,7.83,6.39,3.74,8.36,21.71,21.33,23.62,7.01,0.0
4209706,SC,Sul,2,risco alto e cobertura menor,138,0.43092796206474304,0.5930335,748.368,0.7340425531914894,2.1398790864012365,0.09549195,0.0,5.47,4.64,10.9,32.51,23.8,16.07,5.96,0.64
4210704,SC,Sul,2,risco alto e cobertura menor,39,0.7050118446350098,0.37259302,732.1323,0.75,1.591064607026499,0.0,2.78,5.56,8.33,18.65,32.14,24.21,8.33,0.0,0.0
4210803,SC,Sul,2,risco alto e cobertura menor,83,0.5479839444160461,0.48051572,744.084,0.83,1.919078092376074,0.0,2.56,1.14,3.47,23.27,27.68,20.29,16.93,4.66,0.0
4211058,SC,Sul,2,risco alto e cobertura menor,118,0.6376262307167053,0.52662426,737.7054,0.7564102564102564,2.0718820073061255,0.0,6.38,7.51,1.66,18.53,21.79,30.43,8.57,1.75,3.38
4211108,SC,Sul,2,risco alto e cobertura menor,108,0.669763445854187,0.53939724,745.4014,0.75,2.03342375548695,0.43134207,2.65,5.74,0.79,14.38,29.03,24.12,17.4,5.9,0.0
4211306,SC,Sul,2,risco alto e cobertura menor,821,0.5421636700630188,0.5323013,741.6703,0.504920049200492,2.9143431571194407,0.022790352,4.31,5.27,3.6,16.2,25.17,24.75,15.68,3.51,1.51
4211504,SC,Sul,2,risco alto e cobertura menor,108,0.67822265625,0.5574742,748.67377,0.6206896551724138,2.03342375548695,0.30405137,3.34,4.49,1.77,12.08,26.78,25.76,19.54,5.51,0.74
4211892,SC,Sul,2,risco alto e cobertura menor,25,0.639396071434021,0.46428573,730.9428,0.8064516129032258,1.3979400086720377,1.0,0.0,8.09,0.0,30.08,35.32,22.83,3.69,0.0,0.0
4211900,SC,Sul,2,risco alto e cobertura menor,1796,0.5141816735267639,0.47353864,734.2888,0.5710651828298887,3.2543063323312857,0.4081632,6.92,7.61,5.45,14.65,25.27,22.4,11.67,4.7,1.33
4212304,SC,Sul,2,risco alto e cobertura menor,118,0.6306657195091248,0.40024826,729.7615,0.8872180451127819,2.0718820073061255,0.0,5.9,7.7,11.07,12.71,29.27,21.32,6.86,3.46,1.7
4212502,SC,Sul,2,risco alto e cobertura menor,320,0.6519275903701782,0.4850785,736.5223,0.5673758865248227,2.505149978319906,0.0,7.48,5.88,5.34,15.28,22.0,25.34,12.74,3.32,2.64
4212650,SC,Sul,2,risco alto e cobertura menor,120,0.40366479754447937,0.45951524,740.0566,0.9090909090909091,2.0791812460476247,0.0,3.36,5.86,2.52,16.18,29.48,24.61,11.49,5.7,0.8
4212809,SC,Sul,2,risco alto e cobertura menor,374,0.6149990558624268,0.53843915,742.3185,0.700374531835206,2.5728716022004803,0.0,3.76,7.21,2.12,13.27,26.92,26.3,15.61,4.02,0.79
4213302,SC,Sul,2,risco alto e cobertura menor,51,0.3354416489601135,0.55076104,734.5459,0.8225806451612904,1.7075701760979363,0.33892986,2.09,17.59,1.88,3.97,33.19,29.66,7.63,2.09,1.92
4213401,SC,Sul,2,risco alto e cobertura menor,164,0.6635944247245789,0.5361399,740.6589,0.8241206030150754,2.214843848047698,0.57271934,6.42,4.44,4.37,10.29,28.85,26.68,13.54,5.41,0.0
4214003,SC,Sul,2,risco alto e cobertura menor,223,0.5951178073883057,0.5858184,751.054,0.735973597359736,2.3483048630481607,0.46932882,3.01,3.76,1.48,14.61,27.87,20.89,15.19,9.78,3.4
4214409,SC,Sul,2,risco alto e cobertura menor,64,0.5109536051750183,0.44532716,735.46014,0.6881720430107527,1.806179973983887,0.0,6.91,0.0,4.77,12.77,43.24,22.58,7.1,1.31,1.31
4214805,SC,Sul,2,risco alto e cobertura menor,472,0.5861773490905762,0.50473714,743.6315,0.6638537271448663,2.673941998634088,0.38381296,2.38,5.42,4.4,16.62,28.22,21.7,14.25,5.91,1.1
4215455,SC,Sul,2,risco alto e cobertura menor,157,0.5605307817459106,0.4847761,737.5648,0.7008928571428571,2.1958996524092336,0.6694175,4.73,8.24,4.56,17.43,21.93,23.53,10.07,6.8,2.72
4215505,SC,Sul,2,risco alto e cobertura menor,230,0.6637691259384155,0.5741083,741.88617,0.8914728682170543,2.361727836017593,0.0,3.52,7.04,4.82,12.28,26.27,25.68,16.52,3.44,0.43
4216057,SC,Sul,2,risco alto e cobertura menor,50,0.5712570548057556,0.50747865,737.6862,0.5494505494505495,1.6989700043360187,0.0,4.29,14.15,0.0,18.23,19.43,23.09,12.94,6.01,1.86
4216206,SC,Sul,2,risco alto e cobertura menor,439,0.4600791037082672,0.5217369,738.3792,0.5845539280958721,2.6424645202421213,0.27545893,4.49,6.59,4.46,17.24,21.65,28.27,13.17,3.27,0.86
4216503,SC,Sul,2,risco alto e cobertura menor,285,0.42097583413124084,0.4380244,731.8404,0.8456973293768546,2.45484486000851,0.28175187,5.76,8.05,5.05,18.17,26.79,23.16,10.15,1.74,1.13
4216602,SC,Sul,2,risco alto e cobertura menor,1883,0.6255292296409607,0.56353354,744.6148,0.6618629173989455,3.274850320016665,0.34520116,3.67,5.6,3.64,13.45,24.89,25.15,16.61,5.43,1.55
4216800,SC,Sul,2,risco alto e cobertura menor,74,0.6643266677856445,0.5902016,743.7907,0.7956989247311828,1.8692317197309762,0.4830251,1.51,9.17,4.02,12.25,21.67,34.34,11.68,5.36,0.0
4217600,SC,Sul,2,risco alto e cobertura menor,123,0.6230591535568237,0.5606659,750.217,0.8785714285714286,2.089905111439398,0.10003468,3.1,1.47,3.32,21.49,22.75,19.27,16.23,9.4,2.98
4217709,SC,Sul,2,risco alto e cobertura menor,332,0.6575472950935364,0.52229184,741.44806,0.7614678899082569,2.5211380837040362,0.31449476,4.19,5.97,3.29,15.58,25.67,24.65,14.86,3.88,1.91
4218004,SC,Sul,2,risco alto e cobertura menor,100,0.4535112679004669,0.17912081,708.64636,0.13908205841446453,2.0,0.08908054,11.62,14.52,11.48,29.71,16.43,6.16,7.65,2.44,0.0
4218251,SC,Sul,2,risco alto e cobertura menor,81,0.5776342749595642,0.3860984,733.6355,0.6044776119402985,1.9084850188786497,0.0,3.56,6.38,2.16,26.3,27.43,18.05,12.95,3.17,0.0
4218301,SC,Sul,2,risco alto e cobertura menor,234,0.5114734172821045,0.49493212,735.93536,0.7134146341463414,2.369215857410143,0.14954656,5.7,5.94,5.55,12.65,29.35,26.77,10.88,1.87,1.29
4218707,SC,Sul,2,risco alto e cobertura menor,864,0.6577653288841248,0.6048253,747.02856,0.7194004995836802,2.936513742478893,0.59106994,5.79,4.68,3.29,11.57,21.93,24.48,17.54,7.89,2.84
4218954,SC,Sul,2,risco alto e cobertura menor,43,0.8009024262428284,0.33179885,729.48267,0.7818181818181819,1.6334684555795864,0.4544971,2.6,0.0,7.26,34.16,30.05,21.34,4.59,0.0,0.0
4219101,SC,Sul,2,risco alto e cobertura menor,40,0.8087301850318909,0.5271826,745.4713,0.8163265306122449,1.6020599913279623,0.0,4.64,5.04,2.32,15.12,28.32,12.4,27.12,5.04,0.0
4219853,SC,Sul,2,risco alto e cobertura menor,75,0.6505600214004517,0.57579684,744.96606,0.8333333333333334,1.8750612633917,0.0,2.62,4.02,4.04,14.45,27.99,30.66,13.56,2.66,0.0
4220000,SC,Sul,2,risco alto e cobertura menor,209,0.5264341831207275,0.51641494,737.1407,0.7627737226277372,2.3201462861110542,0.20116287,6.61,9.03,2.83,16.37,18.99,23.63,17.52,4.59,0.43
4300034,RS,Sul,2,risco alto e cobertura menor,46,0.6997492909431458,0.52497756,742.3093,0.8679245283018868,1.662757831681574,0.0,2.02,5.8,6.05,14.01,29.2,21.54,15.61,3.9,1.89
4300307,RS,Sul,2,risco alto e cobertura menor,64,0.7070573568344116,0.42411163,734.4056,0.927536231884058,1.806179973983887,0.8115942,0.0,9.45,9.38,21.62,21.78,23.4,9.62,4.76,0.0
4300406,RS,Sul,2,risco alto e cobertura menor,502,0.648824155330658,0.44487393,734.7732,0.7617602427921093,2.7007037171450192,0.62756515,5.05,6.62,9.6,19.98,19.99,18.63,12.79,5.06,2.26
4300604,RS,Sul,2,risco alto e cobertura menor,1974,0.4765080511569977,0.36318147,725.4093,0.7393258426966293,3.295347148333618,0.27454656,5.31,9.85,15.32,17.97,21.24,16.22,9.97,2.8,1.32
4300661,RS,Sul,2,risco alto e cobertura menor,15,0.6875,0.3333333,726.93146,0.7894736842105263,1.1760912590556813,0.0,13.33,0.0,6.67,33.33,13.33,13.33,20.0,0.0,0.0
4300802,RS,Sul,2,risco alto e cobertura menor,87,0.7096893787384033,0.55890393,745.744,0.9157894736842105,1.9395192526186185,0.33684212,2.26,4.57,9.14,17.75,17.09,23.48,11.7,11.71,2.3
4300851,RS,Sul,2,risco alto e cobertura menor,20,0.5745633244514465,0.54999995,733.49915,0.7692307692307693,1.3010299956639813,0.0,0.0,10.0,20.0,15.0,15.0,20.0,15.0,5.0,0.0
4300877,RS,Sul,2,risco alto e cobertura menor,99,0.7569119930267334,0.4345393,735.7561,0.7615384615384615,1.99563519459755,0.0,1.99,6.91,13.09,19.28,20.43,18.89,12.42,5.07,1.92
4300901,RS,Sul,2,risco alto e cobertura menor,60,0.8229189515113831,0.40165624,733.92035,0.9230769230769231,1.7781512503836436,0.3230769,0.0,10.2,11.63,20.04,24.77,16.54,10.02,5.1,1.7
4301057,RS,Sul,2,risco alto e cobertura menor,137,0.6746076941490173,0.4678157,738.7234,0.845679012345679,2.1367205671564067,0.0,4.43,9.64,10.07,14.01,21.17,13.72,17.39,5.85,3.72
4301073,RS,Sul,2,risco alto e cobertura menor,22,0.9458333253860474,0.18205127,713.53503,0.8461538461538461,1.3424226808222062,0.0,9.23,4.49,13.59,27.31,31.67,13.72,0.0,0.0,0.0
4301107,RS,Sul,2,risco alto e cobertura menor,130,0.3225547671318054,0.40837294,727.7182,0.8227848101265823,2.113943352306837,0.29113925,2.4,8.6,14.37,18.78,20.65,23.59,8.23,3.38,0.0
4301305,RS,Sul,2,risco alto e cobertura menor,116,0.5493949055671692,0.43404722,738.3809,0.7435897435897436,2.0644579892269186,0.46153846,1.49,6.38,10.09,17.75,24.58,21.02,13.01,4.83,0.85
4301503,RS,Sul,2,risco alto e cobertura menor,29,0.8862134218215942,0.46010187,736.2095,0.9354838709677419,1.462397997898956,0.32258064,3.23,3.23,16.81,3.23,30.73,24.96,17.83,0.0,0.0
4301602,RS,Sul,2,risco alto e cobertura menor,899,0.5960520505905151,0.43374944,732.0477,0.8347260909935005,2.9537596917332287,0.32904726,4.22,6.82,14.68,17.18,19.94,18.77,12.94,4.26,1.19
4301636,RS,Sul,2,risco alto e cobertura menor,163,0.5838358402252197,0.43639448,732.55383,0.7874396135265701,2.2121876044039577,0.0,4.88,6.93,14.69,12.49,25.33,14.07,17.97,2.94,0.71
4301651,RS,Sul,2,risco alto e cobertura menor,32,0.8639456033706665,0.5515152,741.53107,0.8421052631578947,1.505149978319906,0.0,5.88,0.0,11.76,6.67,34.71,28.43,12.55,0.0,0.0
4301750,RS,Sul,2,risco alto e cobertura menor,25,0.8823298215866089,0.043771047,698.17316,0.9259259259259259,1.3979400086720377,0.0,3.7,19.19,31.65,28.62,12.46,4.38,0.0,0.0,0.0
4301859,RS,Sul,2,risco alto e cobertura menor,12,0.5942702293395996,0.5833334,736.60675,0.75,1.0791812460476249,1.0,0.0,16.67,16.67,0.0,16.67,25.0,25.0,0.0,0.0
4301875,RS,Sul,2,risco alto e cobertura menor,64,0.5385352969169617,0.26606333,721.8446,0.9846153846153847,1.806179973983887,0.2769231,3.08,9.41,15.66,29.59,18.73,14.12,6.33,3.08,0.0
4301909,RS,Sul,2,risco alto e cobertura menor,73,0.6769000887870789,0.31954482,722.60333,0.7448979591836735,1.863322860120456,0.3513203,11.29,8.71,20.47,12.32,19.35,8.66,13.0,3.77,2.44
4301958,RS,Sul,2,risco alto e cobertura menor,23,0.8293062448501587,0.5224359,730.5579,0.9583333333333334,1.3617278360175928,0.41666666,4.49,8.65,8.65,16.99,22.12,30.77,8.33,0.0,0.0
4302105,RS,Sul,2,risco alto e cobertura menor,1035,0.740067720413208,0.49088243,740.3353,0.8546655656482246,3.0149403497929366,0.2812712,2.6,5.59,10.07,15.65,22.86,20.63,15.83,5.51,1.26
4302238,RS,Sul,2,risco alto e cobertura menor,23,0.7129629850387573,0.26602566,721.8172,0.9583333333333334,1.3617278360175928,0.0,0.0,8.97,30.13,12.82,21.47,17.63,8.97,0.0,0.0
4302303,RS,Sul,2,risco alto e cobertura menor,128,0.7526707649230957,0.41566217,734.89307,0.8533333333333334,2.1072099696478683,0.5666667,2.33,7.09,10.55,17.37,29.28,15.33,10.73,6.5,0.81
4302352,RS,Sul,2,risco alto e cobertura menor,171,0.7432810664176941,0.506693,740.7626,0.9095744680851063,2.2329961103921536,0.22872342,3.53,6.98,11.1,10.72,23.6,22.03,10.7,8.52,2.83
4302501,RS,Sul,2,risco alto e cobertura menor,44,0.6109446287155151,0.46924603,734.0037,0.9166666666666666,1.6434526764861874,0.37499997,4.81,12.0,13.84,11.01,22.42,13.49,13.79,4.46,4.17
4302584,RS,Sul,2,risco alto e cobertura menor,22,1.0,0.27272728,727.0937,1.0,1.3424226808222062,0.0,4.54,9.09,13.64,22.73,22.73,13.64,4.55,4.55,4.55
4302600,RS,Sul,2,risco alto e cobertura menor,33,0.5057393312454224,0.41142857,729.0193,0.9428571428571428,1.5185139398778875,0.6571429,0.0,6.86,22.29,17.14,24.57,17.71,2.86,5.71,2.86
4302709,RS,Sul,2,risco alto e cobertura menor,186,0.5951371788978577,0.45097303,732.5275,0.808695652173913,2.2695129442179165,0.3173913,2.41,6.41,22.01,13.37,14.15,24.73,9.73,6.11,1.06
4302808,RS,Sul,2,risco alto e cobertura menor,276,0.602897584438324,0.48015022,737.80444,0.8263473053892215,2.4409090820652177,0.3123976,3.0,7.34,10.93,15.98,21.69,20.16,13.06,6.4,1.44
4302907,RS,Sul,2,risco alto e cobertura menor,71,0.5588035583496094,0.49630192,737.1853,0.7888888888888889,1.8512583487190752,0.44444448,2.67,7.6,8.95,20.99,15.94,23.52,14.14,5.08,1.11
4303004,RS,Sul,2,risco alto e cobertura menor,506,0.5911047458648682,0.40459213,730.5325,0.8447412353923205,2.7041505168397992,0.5776294,3.24,6.65,14.7,19.08,22.33,18.5,11.58,2.59,1.33
4303103,RS,Sul,2,risco alto e cobertura menor,1166,0.5956070423126221,0.40611562,730.76056,0.7691292875989446,3.0666985504229953,0.2250755,2.63,7.19,17.28,18.8,18.76,19.45,10.95,3.69,1.26
4303202,RS,Sul,2,risco alto e cobertura menor,19,0.8864097595214844,0.58191293,741.22754,0.7916666666666666,1.2787536009528289,0.0,0.0,4.92,20.5,5.73,22.11,31.16,4.92,10.65,0.0
4303608,RS,Sul,2,risco alto e cobertura menor,39,0.778419554233551,0.54150194,739.66473,0.8478260869565217,1.591064607026499,0.6956522,2.17,2.72,5.43,22.97,20.26,33.25,13.19,0.0,0.0
4303707,RS,Sul,2,risco alto e cobertura menor,44,0.9198935031890869,0.50333333,742.90436,0.9777777777777777,1.6434526764861874,0.0,0.0,4.44,11.22,22.56,15.89,27.56,11.44,2.33,4.56
4303905,RS,Sul,2,risco alto e cobertura menor,608,0.7744621634483337,0.4592825,735.2168,0.874820143884892,2.783903579272735,0.03602882,4.22,6.83,10.83,17.23,21.5,19.74,13.28,5.11,1.27
4304002,RS,Sul,2,risco alto e cobertura menor,56,0.6600586771965027,0.4610983,738.0226,0.9032258064516129,1.7481880270062005,0.37096778,3.68,7.17,11.1,12.41,19.52,28.74,8.75,8.61,0.0
4304101,RS,Sul,2,risco alto e cobertura menor,43,0.4563378095626831,0.31484374,727.07355,0.8958333333333334,1.6334684555795864,0.27083328,2.21,6.73,16.07,24.9,28.13,11.97,2.5,2.5,5.0
4304200,RS,Sul,2,risco alto e cobertura menor,228,0.751594066619873,0.53012174,742.1324,0.9193548387096774,2.357934847000454,0.2016129,3.16,4.51,11.7,16.55,16.19,21.4,17.76,6.57,2.15
4304358,RS,Sul,2,risco alto e cobertura menor,96,0.5703908205032349,0.3778426,725.595,0.7218045112781954,1.9822712330395684,0.69924814,1.13,11.32,16.86,20.66,17.74,19.63,11.51,0.0,1.16
4304408,RS,Sul,2,risco alto e cobertura menor,467,0.761385977268219,0.47046915,737.4774,0.8221830985915493,2.6693168805661123,0.3516956,4.39,6.39,9.13,15.85,23.72,21.03,12.9,4.78,1.79
4304606,RS,Sul,2,risco alto e cobertura menor,2563,0.5464615821838379,0.43129832,731.22015,0.756047197640118,3.408748606184244,0.20114486,5.46,7.57,13.41,17.1,20.16,17.88,13.26,4.23,0.93
4304630,RS,Sul,2,risco alto e cobertura menor,618,0.4676608741283417,0.37373516,726.50903,0.7392344497607656,2.790988475088816,0.22727273,2.91,9.61,16.68,19.03,20.29,18.63,9.66,2.11,1.08
4304663,RS,Sul,2,risco alto e cobertura menor,241,0.49109065532684326,0.29827726,715.8247,0.7578616352201258,2.3820170425748683,0.14779875,6.28,16.44,18.2,18.81,15.0,13.3,8.06,3.91,0.0
4304671,RS,Sul,2,risco alto e cobertura menor,36,0.41252583265304565,0.43940717,734.212,0.8181818181818182,1.5563025007672873,0.0,2.84,11.49,5.45,19.56,22.17,18.7,11.13,8.65,0.0
4304689,RS,Sul,2,risco alto e cobertura menor,85,0.6709920167922974,0.54304075,747.8494,0.794392523364486,1.9294189257142926,0.0,1.47,4.51,5.5,15.8,28.19,15.74,18.36,7.81,2.64
4304705,RS,Sul,2,risco alto e cobertura menor,547,0.6929980516433716,0.46509808,737.274,0.866877971473851,2.737987326333431,0.5118859,3.15,6.65,11.79,16.67,22.45,18.22,14.16,5.32,1.59
4304853,RS,Sul,2,risco alto e cobertura menor,12,0.5454545617103577,0.5,722.094,1.0,1.0791812460476249,0.0,8.33,16.67,8.33,16.67,8.33,33.33,8.33,0.0,0.0
4304952,RS,Sul,2,risco alto e cobertura menor,20,0.8612515330314636,0.4,736.4407,0.8,1.3010299956639813,0.0,0.0,0.0,20.0,20.0,20.0,30.0,10.0,0.0,0.0
4305108,RS,Sul,2,risco alto e cobertura menor,3664,0.6747561693191528,0.43637612,732.75964,0.8267148014440433,3.563955464995813,0.21006317,4.2,7.55,11.65,18.79,19.65,19.85,12.36,4.57,1.36
4305124,RS,Sul,2,risco alto e cobertura menor,41,0.7504525184631348,0.39745095,719.89496,0.8723404255319149,1.6127838567197355,0.0,4.64,17.09,14.24,14.46,14.67,22.36,12.54,0.0,0.0
4305173,RS,Sul,2,risco alto e cobertura menor,82,0.5845517516136169,0.42788866,729.6711,0.8631578947368421,1.9138138523837167,0.32631576,2.61,11.17,15.46,20.14,15.39,16.79,16.29,2.16,0.0
4305207,RS,Sul,2,risco alto e cobertura menor,113,0.7623021602630615,0.4921342,735.41833,0.9262295081967213,2.0530784434834195,0.18032786,5.0,7.87,10.55,12.41,22.11,22.52,9.95,8.76,0.82
4305306,RS,Sul,2,risco alto e cobertura menor,59,0.753312349319458,0.474582,734.986,0.8939393939393939,1.7708520116421442,0.0,0.0,9.95,8.37,19.16,21.62,29.43,9.88,0.0,1.6
4305355,RS,Sul,2,risco alto e cobertura menor,322,0.6496562957763672,0.51354825,739.6952,0.9333333333333333,2.507855871695831,0.24637681,3.35,4.38,10.35,20.11,16.88,22.73,14.26,6.4,1.54
4305439,RS,Sul,2,risco alto e cobertura menor,33,0.6262134909629822,0.45925626,739.0901,0.8918918918918919,1.5185139398778875,0.4324324,0.0,5.97,17.92,9.06,24.2,24.41,15.34,3.09,0.0
4305454,RS,Sul,2,risco alto e cobertura menor,145,0.47519513964653015,0.3301091,720.6177,0.69377990430622,2.161368002234975,0.2200957,3.39,11.26,19.86,17.27,20.66,17.87,7.16,2.51,0.0
4305587,RS,Sul,2,risco alto e cobertura menor,25,0.8688172101974487,0.39920425,740.2311,0.8620689655172413,1.3979400086720377,0.0,0.0,4.02,8.05,7.96,48.1,19.89,8.0,3.98,0.0
4305801,RS,Sul,2,risco alto e cobertura menor,105,0.8253378868103027,0.48477626,738.2985,0.84,2.0211892990699383,0.18400002,1.6,8.98,12.19,14.92,20.95,19.25,13.33,3.86,4.91
4305850,RS,Sul,2,risco alto e cobertura menor,12,0.8657407164573669,0.41666666,742.2257,0.8,1.0791812460476249,0.0,0.0,0.0,8.33,16.67,33.33,25.0,16.67,0.0,0.0
4305900,RS,Sul,2,risco alto e cobertura menor,77,0.9049581289291382,0.4341103,737.9962,0.9166666666666666,1.8864907251724818,0.5,3.71,8.14,9.12,21.25,17.09,17.93,12.74,5.02,5.0
4305959,RS,Sul,2,risco alto e cobertura menor,34,0.7398934960365295,0.44155094,740.92914,0.9444444444444444,1.5314789170422551,0.0,2.93,2.93,8.8,26.47,17.67,17.63,11.79,8.85,2.93
4305975,RS,Sul,2,risco alto e cobertura menor,40,0.6340507864952087,0.5233333,745.70886,0.8888888888888888,1.6020599913279623,0.0,0.0,7.0,15.33,5.0,22.67,17.0,25.33,5.0,2.67
4306056,RS,Sul,2,risco alto e cobertura menor,65,0.6102805733680725,0.6122825,747.98145,0.6632653061224489,1.8129133566428555,0.622449,0.0,8.03,6.12,11.08,23.78,24.74,15.87,10.39,0.0
4306106,RS,Sul,2,risco alto e cobertura menor,535,0.5894924998283386,0.5469461,740.3445,0.8685064935064936,2.7283537820212285,0.4788961,3.47,6.83,9.43,12.66,19.08,27.87,13.93,4.72,2.02
4306205,RS,Sul,2,risco alto e cobertura menor,59,0.6820724606513977,0.352414,729.2468,0.8194444444444444,1.7708520116421442,0.0,1.56,14.0,16.14,14.74,25.39,4.53,16.25,3.02,4.37
4306379,RS,Sul,2,risco alto e cobertura menor,27,0.6729166507720947,0.53571427,738.71564,0.9642857142857143,1.4313637641589874,0.0,10.71,7.14,10.71,3.57,17.86,11.43,30.71,3.93,3.93
4306502,RS,Sul,2,risco alto e cobertura menor,105,0.6357414126396179,0.43727192,729.10126,0.8823529411764706,2.0211892990699383,0.20168066,5.79,10.81,9.98,11.73,24.66,25.14,9.14,1.88,0.88
4306601,RS,Sul,2,risco alto e cobertura menor,312,0.6221564412117004,0.47799146,736.43726,0.8297872340425532,2.494154594018443,0.5159575,2.78,6.87,10.79,15.97,24.2,20.17,11.98,6.38,0.86
4306700,RS,Sul,2,risco alto e cobertura menor,15,0.7347356081008911,0.26666668,718.82825,0.9375,1.1760912590556813,0.0,13.33,0.0,13.33,33.33,13.33,13.33,6.67,6.67,0.0
4306767,RS,Sul,2,risco alto e cobertura menor,324,0.5024175047874451,0.2864122,716.54584,0.6821052631578948,2.510545010206612,0.031779192,8.15,11.86,20.65,18.17,16.19,13.59,6.95,3.93,0.51
4306908,RS,Sul,2,risco alto e cobertura menor,241,0.6984328031539917,0.5049412,743.87006,0.8546099290780141,2.3820170425748683,0.5283688,1.56,1.68,8.52,21.87,22.04,20.34,17.57,5.34,1.08
4306924,RS,Sul,2,risco alto e cobertura menor,17,0.7692307829856873,0.4117647,734.9196,1.0,1.2304489213782739,0.0,5.88,5.88,0.0,23.53,29.41,17.65,11.76,5.88,0.0
4306932,RS,Sul,2,risco alto e cobertura menor,67,0.42900151014328003,0.47605634,742.9325,0.9436619718309859,1.8260748027008264,0.5915493,2.82,1.97,13.24,15.49,26.48,14.65,13.24,8.17,3.94
4306973,RS,Sul,2,risco alto e cobertura menor,29,0.7188664078712463,0.4516129,731.271,0.9354838709677419,1.462397997898956,0.58064514,3.23,6.45,16.94,13.71,28.23,16.94,14.52,0.0,0.0
4307005,RS,Sul,2,risco alto e cobertura menor,929,0.661349356174469,0.46731472,736.09467,0.9152709359605912,2.968015713993642,0.6403941,3.51,6.78,13.11,15.7,20.31,19.12,14.06,6.03,1.39
4307203,RS,Sul,2,risco alto e cobertura menor,53,0.8459657430648804,0.4698308,737.84564,0.9464285714285714,1.724275869600789,0.25000003,3.76,5.55,9.4,22.96,19.03,9.74,18.4,11.17,0.0
4307302,RS,Sul,2,risco alto e cobertura menor,32,0.6741071343421936,0.5037879,736.6933,0.9696969696969697,1.505149978319906,0.0,6.06,0.0,9.09,28.22,18.75,25.19,6.44,3.22,3.03
4307401,RS,Sul,2,risco alto e cobertura menor,37,0.8443223834037781,0.48351943,732.44055,0.8409090909090909,1.568201724066995,0.0,2.9,7.93,15.86,16.25,14.13,21.27,10.83,10.83,0.0
4307500,RS,Sul,2,risco alto e cobertura menor,138,0.6919131875038147,0.50611275,739.0995,0.9324324324324325,2.1398790864012365,0.7822536,3.52,2.82,8.29,17.99,26.18,24.17,13.61,2.73,0.68
4307559,RS,Sul,2,risco alto e cobertura menor,68,0.7343859672546387,0.45416424,742.18066,0.9714285714285714,1.8325089127062364,0.0,0.0,4.47,16.18,14.7,23.73,17.46,11.74,11.72,0.0
4307609,RS,Sul,2,risco alto e cobertura menor,546,0.6765530705451965,0.43460903,732.121,0.9462738301559792,2.7371926427047373,0.052083336,5.51,10.44,10.91,13.68,20.95,18.53,11.02,8.07,0.89
4307708,RS,Sul,2,risco alto e cobertura menor,636,0.6182724237442017,0.46684635,738.5841,0.7709090909090909,2.803457115648414,0.029128572,2.26,6.14,11.27,17.08,23.91,17.08,15.84,4.49,1.92
4307807,RS,Sul,2,risco alto e cobertura menor,260,0.6536547541618347,0.5037549,739.84314,0.8333333333333334,2.4149733479708178,0.17628206,1.97,3.37,12.04,18.77,20.04,24.6,12.76,4.92,1.53
4307831,RS,Sul,2,risco alto e cobertura menor,14,0.8823529481887817,0.5,739.352,1.0,1.146128035678238,0.0,7.14,14.29,0.0,14.29,28.57,7.14,14.29,14.29,0.0
4308052,RS,Sul,2,risco alto e cobertura menor,14,0.7817740440368652,0.51879704,739.6753,0.7368421052631579,1.146128035678238,0.0,5.26,0.0,15.79,9.02,18.05,32.33,14.29,5.26,0.0
4308102,RS,Sul,2,risco alto e cobertura menor,131,0.72882479429245,0.46046522,738.5579,0.9290780141843972,2.1172712956557644,0.4539007,1.42,6.64,8.99,13.54,31.69,22.36,10.73,4.63,0.0
4308805,RS,Sul,2,risco alto e cobertura menor,39,0.7796317338943481,0.22083335,720.2336,0.8125,1.591064607026499,1.0,2.78,7.5,20.21,28.19,21.53,11.94,7.85,0.0,0.0
4309001,RS,Sul,2,risco alto e cobertura menor,138,0.7781938314437866,0.5262927,743.7346,0.9583333333333334,2.1398790864012365,0.4055944,1.42,5.88,10.92,14.43,23.02,24.1,12.95,4.28,3.01
4309050,RS,Sul,2,risco alto e cobertura menor,68,0.6504688858985901,0.34324324,728.5903,0.918918918918919,1.8325089127062364,0.0,2.7,5.41,20.54,27.16,11.22,15.68,12.84,3.11,1.35
4309159,RS,Sul,2,risco alto e cobertura menor,8,0.714285671710968,0.375,715.20624,0.8,0.9030899869919435,1.0,0.0,37.5,12.5,0.0,12.5,25.0,12.5,0.0,0.0
4309209,RS,Sul,2,risco alto e cobertura menor,2361,0.6299071907997131,0.40551224,730.80164,0.774860518542829,3.373095987078727,0.13952729,3.96,7.17,14.41,18.67,20.61,18.53,11.23,4.26,1.17
4309308,RS,Sul,2,risco alto e cobertura menor,947,0.501424252986908,0.3274785,722.8815,0.8177892918825561,2.9763499790032735,0.21942085,4.44,10.36,19.46,18.94,18.04,15.66,8.76,2.97,1.38
4309407,RS,Sul,2,risco alto e cobertura menor,240,0.7976126074790955,0.49589652,744.0316,0.9022556390977443,2.380211241711606,0.24812031,2.13,4.22,8.07,16.48,23.61,19.28,19.58,5.37,1.27
4309571,RS,Sul,2,risco alto e cobertura menor,17,0.6541731357574463,0.3529412,732.41504,1.0,1.2304489213782739,1.0,11.76,0.0,11.76,11.76,29.41,11.76,17.65,5.88,0.0
4309654,RS,Sul,2,risco alto e cobertura menor,63,0.7281795144081116,0.3643739,730.89276,0.7777777777777778,1.7993405494535817,0.28395063,1.34,7.6,14.18,23.85,25.61,7.5,14.02,5.91,0.0
4309753,RS,Sul,2,risco alto e cobertura menor,41,0.7102040648460388,0.48928708,740.594,0.8723404255319149,1.6127838567197355,0.29787236,2.46,7.41,9.63,17.02,24.43,19.66,9.77,4.82,4.8
4309902,RS,Sul,2,risco alto e cobertura menor,53,0.7846306562423706,0.49129835,746.013,0.9137931034482759,1.724275869600789,0.0,1.86,0.0,5.57,28.26,20.82,20.88,13.2,9.41,0.0
4310108,RS,Sul,2,risco alto e cobertura menor,375,0.777204692363739,0.4764597,737.4414,0.9168704156479217,2.574031267727719,0.12469438,2.38,7.92,10.16,17.37,20.11,21.08,15.28,3.81,1.88
4310207,RS,Sul,2,risco alto e cobertura menor,767,0.7205994129180908,0.56050366,746.0819,0.9152744630071599,2.884795363948981,0.3890215,2.16,5.49,11.32,12.71,16.53,22.92,18.7,7.2,2.97
4310306,RS,Sul,2,risco alto e cobertura menor,29,0.9092158079147339,0.48310292,745.0464,0.9354838709677419,1.462397997898956,0.0,0.0,0.0,3.44,34.45,20.69,27.59,6.91,3.46,3.46
4310330,RS,Sul,2,risco alto e cobertura menor,291,0.6514922976493835,0.37755892,726.63416,0.7046004842615012,2.4638929889859074,0.05892407,6.6,11.97,18.84,14.26,16.28,12.1,11.13,5.37,3.45
4310413,RS,Sul,2,risco alto e cobertura menor,17,0.6265431642532349,0.3529412,721.4841,0.7727272727272727,1.2304489213782739,0.0,0.0,0.0,47.06,17.65,5.88,17.65,11.76,0.0,0.0
4310462,RS,Sul,2,risco alto e cobertura menor,18,0.8235294222831726,0.44444445,745.9472,1.0,1.255272505103306,0.0,0.0,0.0,22.22,5.56,27.78,16.67,16.67,5.56,5.56
4310538,RS,Sul,2,risco alto e cobertura menor,53,0.5893745422363281,0.38476595,727.2712,0.7464788732394366,1.724275869600789,0.0,1.69,15.45,11.45,12.42,23.87,23.65,8.13,1.66,1.69
4310553,RS,Sul,2,risco alto e cobertura menor,10,0.8806735873222351,0.42857143,731.9467,0.45454545454545453,1.0,0.0,6.49,12.99,6.49,24.68,6.49,24.68,0.0,18.18,0.0
4310603,RS,Sul,2,risco alto e cobertura menor,327,0.6377737522125244,0.47913408,736.07684,0.7431818181818182,2.514547752660286,0.425,2.65,4.41,12.37,18.34,23.4,21.86,11.81,4.64,0.53
4310702,RS,Sul,2,risco alto e cobertura menor,29,0.8677614331245422,0.38026318,732.10693,0.90625,1.462397997898956,0.37499997,3.29,3.29,14.54,23.49,17.37,20.66,10.33,7.04,0.0
4310801,RS,Sul,2,risco alto e cobertura menor,226,0.7740315794944763,0.5685023,744.08716,0.9149797570850202,2.3541084391474008,0.0,1.33,3.33,10.54,14.6,24.28,24.43,12.41,8.17,0.91
4310850,RS,Sul,2,risco alto e cobertura menor,35,0.9055892825126648,0.4,723.7143,1.0,1.5440680443502757,0.31428573,11.43,5.71,8.57,14.29,25.71,22.86,11.43,0.0,0.0
4311007,RS,Sul,2,risco alto e cobertura menor,205,0.6352978348731995,0.4732681,737.35596,0.8401639344262295,2.311753861055754,0.4385246,3.31,3.89,12.7,18.64,21.04,20.55,12.22,6.7,0.94
4311122,RS,Sul,2,risco alto e cobertura menor,42,0.6939820647239685,0.36375663,730.46136,0.7777777777777778,1.6232492903979006,0.27777782,9.85,7.56,11.94,14.31,22.74,6.44,14.46,12.7,0.0
4311130,RS,Sul,2,risco alto e cobertura menor,21,0.612031102180481,0.36423075,740.9924,0.84,1.3222192947339193,0.0,0.0,4.92,9.42,34.46,19.27,0.0,18.42,4.5,9.0
4311205,RS,Sul,2,risco alto e cobertura menor,132,0.5960562825202942,0.41715467,734.1235,0.7292817679558011,2.12057393120585,0.2596685,0.0,9.06,14.78,18.03,17.64,20.72,14.43,4.47,0.87
4311239,RS,Sul,2,risco alto e cobertura menor,11,0.7083333134651184,0.5416667,748.5176,0.9166666666666666,1.0413926851582251,0.0,0.0,0.0,18.06,8.33,37.5,8.33,9.72,18.06,0.0
4311270,RS,Sul,2,risco alto e cobertura menor,25,0.6190475821495056,0.35999998,726.3513,0.9615384615384616,1.3979400086720377,0.0,0.0,8.0,16.0,36.0,12.0,16.0,4.0,4.0,4.0
4311304,RS,Sul,2,risco alto e cobertura menor,268,0.6610763072967529,0.5268018,743.63745,0.8454258675078864,2.428134794028789,0.6344048,1.89,5.1,9.92,13.58,24.52,22.08,15.39,6.12,1.39
4311403,RS,Sul,2,risco alto e cobertura menor,734,0.7219135761260986,0.48334736,738.6745,0.8686390532544379,2.8656960599160706,0.22064057,3.26,4.79,10.14,17.88,21.83,22.09,13.48,5.32,1.19
4311502,RS,Sul,2,risco alto e cobertura menor,40,0.5789048671722412,0.4573678,738.23987,0.7843137254901961,1.6020599913279623,0.0,0.0,5.28,11.99,24.49,18.17,17.65,22.42,0.0,0.0
4311627,RS,Sul,2,risco alto e cobertura menor,80,0.6964138746261597,0.38960207,733.4307,0.975609756097561,1.9030899869919435,0.25609756,3.79,7.7,8.79,17.2,31.26,12.58,13.8,2.44,2.44
4311643,RS,Sul,2,risco alto e cobertura menor,17,1.0,0.4117647,740.1751,1.0,1.2304489213782739,0.0,0.0,5.88,11.76,29.41,23.53,5.88,11.76,5.88,5.88
4311718,RS,Sul,2,risco alto e cobertura menor,51,0.6854581832885742,0.5090207,743.56604,0.7727272727272727,1.7075701760979363,0.1701031,5.45,3.8,8.33,15.98,24.39,19.61,14.15,4.17,4.1
4311759,RS,Sul,2,risco alto e cobertura menor,48,0.6076582074165344,0.47998482,745.2925,0.8421052631578947,1.6812412373755872,0.7192983,0.0,8.68,6.07,20.97,24.97,8.41,14.62,14.35,1.94
4311775,RS,Sul,2,risco alto e cobertura menor,50,0.45605388283729553,0.368523,721.9006,0.847457627118644,1.6989700043360187,1.0,2.2,14.84,20.8,19.88,9.32,17.17,12.06,3.73,0.0
4311809,RS,Sul,2,risco alto e cobertura menor,432,0.678253173828125,0.46145326,738.7727,0.8762677484787018,2.635483746814912,0.2616633,3.17,4.22,12.22,17.65,23.13,16.99,13.34,7.03,2.24
4311981,RS,Sul,2,risco alto e cobertura menor,20,0.6188568472862244,0.21875,711.66,0.625,1.3010299956639813,0.0,5.47,4.3,26.17,32.42,9.77,16.41,5.47,0.0,0.0
4312054,RS,Sul,2,risco alto e cobertura menor,25,0.7587248682975769,0.4775641,742.8329,0.8928571428571429,1.3979400086720377,0.0,0.0,0.0,11.86,16.35,32.05,32.05,3.85,0.0,3.85
4312104,RS,Sul,2,risco alto e cobertura menor,22,0.7913008332252502,0.5,738.0849,0.8461538461538461,1.3424226808222062,0.5,4.55,9.09,13.64,4.55,18.18,22.73,22.73,4.55,0.0
4312138,RS,Sul,2,risco alto e cobertura menor,28,0.7648608684539795,0.38709676,732.6754,0.9032258064516129,1.4471580313422192,0.0,0.0,7.66,10.89,17.34,35.89,13.71,14.52,0.0,0.0
4312203,RS,Sul,2,risco alto e cobertura menor,37,0.874060332775116,0.43243244,739.4369,1.0,1.568201724066995,0.5945946,2.7,5.41,8.11,16.22,27.03,21.62,8.11,10.81,0.0
4312302,RS,Sul,2,risco alto e cobertura menor,54,0.7936297059059143,0.4679938,739.8035,0.8852459016393442,1.7323937598229686,0.36065573,2.19,1.72,19.91,14.25,20.31,15.17,19.1,1.73,5.63
4312377,RS,Sul,2,risco alto e cobertura menor,33,0.6327037811279297,0.36243385,727.1865,0.7857142857142857,1.5185139398778875,0.0,6.08,11.64,9.26,24.6,15.08,11.9,18.52,2.91,0.0
4312401,RS,Sul,2,risco alto e cobertura menor,651,0.6442862153053284,0.43028265,730.72614,0.9079497907949791,2.813580988568192,0.46025103,5.28,8.26,14.95,17.96,15.97,18.01,12.94,4.7,1.94
4312450,RS,Sul,2,risco alto e cobertura menor,61,0.7295048236846924,0.49497715,745.8229,0.8356164383561644,1.7853298350107671,0.26027393,1.6,1.45,9.91,17.71,22.92,20.95,15.69,7.85,1.92
4312500,RS,Sul,2,risco alto e cobertura menor,130,0.4968339800834656,0.40304384,728.6762,0.8783783783783784,2.113943352306837,0.31756756,5.1,6.65,13.89,23.74,14.73,20.06,12.07,3.02,0.74
4312609,RS,Sul,2,risco alto e cobertura menor,38,0.5087783932685852,0.4729887,742.36096,0.8444444444444444,1.5797835966168101,0.26666662,0.0,5.28,5.24,18.42,29.06,21.01,18.36,0.0,2.63
4312617,RS,Sul,2,risco alto e cobertura menor,36,0.7110361456871033,0.5481464,740.6877,0.9230769230769231,1.5563025007672873,0.5128206,2.87,2.87,14.33,14.0,16.53,27.49,19.23,0.0,2.7
4312708,RS,Sul,2,risco alto e cobertura menor,136,0.5468412637710571,0.4454675,736.6944,0.9379310344827586,2.1335389083702174,0.4827586,2.92,3.79,12.48,23.16,19.04,21.86,11.68,4.38,0.69
4313060,RS,Sul,2,risco alto e cobertura menor,244,0.7314395904541016,0.45123592,735.23047,0.8776978417266187,2.387389826338729,0.08992806,3.16,9.29,9.67,17.02,20.57,20.05,12.18,7.08,0.98
4313334,RS,Sul,2,risco alto e cobertura menor,25,0.8696969151496887,0.28,714.9629,0.9615384615384616,1.3979400086720377,0.0,8.0,16.0,8.0,24.0,24.0,8.0,8.0,4.0,0.0
4313409,RS,Sul,2,risco alto e cobertura menor,2045,0.6248032450675964,0.37015948,725.85333,0.8313008130081301,3.3106933123433606,0.04593496,4.9,10.0,16.39,17.23,19.65,16.47,10.27,3.68,1.41
4313441,RS,Sul,2,risco alto e cobertura menor,19,0.8080928921699524,0.47368422,733.23083,1.0,1.2787536009528289,0.0,10.53,5.26,10.53,15.79,10.53,31.58,10.53,0.0,5.26
4313490,RS,Sul,2,risco alto e cobertura menor,35,0.6221944093704224,0.36829835,736.66064,0.8974358974358975,1.5440680443502757,0.30769235,0.0,5.77,14.36,14.55,34.48,8.33,16.94,5.57,0.0
4313508,RS,Sul,2,risco alto e cobertura menor,467,0.6366948485374451,0.42480218,730.71796,0.8384201077199281,2.6693168805661123,0.2917084,5.09,9.74,15.36,13.53,18.17,19.65,11.98,5.13,1.34
4313656,RS,Sul,2,risco alto e cobertura menor,151,0.5726767778396606,0.5032259,742.50354,0.7905759162303665,2.1789769472931693,0.33507854,1.1,3.05,12.36,15.86,22.76,21.72,16.17,3.81,3.17
4313706,RS,Sul,2,risco alto e cobertura menor,281,0.5682533383369446,0.5185569,743.26764,0.8144927536231884,2.44870631990508,0.742029,2.82,2.61,9.93,19.57,22.05,20.22,11.97,9.24,1.6
4313953,RS,Sul,2,risco alto e cobertura menor,103,0.7529388070106506,0.29043838,724.2513,0.8373983739837398,2.012837224705172,0.08943089,4.75,6.81,7.85,29.9,28.54,15.33,5.07,1.73,0.0
4314035,RS,Sul,2,risco alto e cobertura menor,48,0.7301066517829895,0.53953284,741.2066,0.9056603773584906,1.6812412373755872,0.0,3.77,4.15,6.17,21.17,17.08,29.04,10.29,2.02,6.29
4314050,RS,Sul,2,risco alto e cobertura menor,630,0.5827532410621643,0.3814252,726.6131,0.9130434782608695,2.7993405494535817,0.02170996,5.61,9.32,12.91,21.71,18.72,16.86,9.59,3.81,1.46
4314100,RS,Sul,2,risco alto e cobertura menor,1804,0.5867485404014587,0.36583054,726.46564,0.8282828282828283,3.256236533205923,0.34922257,5.14,8.97,16.55,19.11,18.37,15.99,10.06,4.54,1.27
4314134,RS,Sul,2,risco alto e cobertura menor,20,0.625,0.5,738.45715,0.9523809523809523,1.3010299956639813,0.0,10.0,0.0,10.0,20.0,10.0,20.0,25.0,5.0,0.0
4314159,RS,Sul,2,risco alto e cobertura menor,60,0.6946557760238647,0.4748258,738.29474,0.9523809523809523,1.7781512503836436,0.23809524,3.17,4.76,11.3,14.96,23.42,20.0,13.62,8.76,0.0
4314175,RS,Sul,2,risco alto e cobertura menor,20,0.6470588445663452,0.559069,743.6768,0.8695652173913043,1.3010299956639813,0.0,0.0,4.83,4.83,24.77,19.94,20.25,20.55,4.83,0.0
4314209,RS,Sul,2,risco alto e cobertura menor,51,0.6796236634254456,0.34282678,723.98096,0.8360655737704918,1.7075701760979363,0.32786882,5.8,5.88,23.88,14.18,17.9,15.34,13.32,3.69,0.0
4314407,RS,Sul,2,risco alto e cobertura menor,1967,0.5150303840637207,0.3941662,728.5808,0.7189327485380117,3.2938043599193367,0.35674,5.5,8.68,15.48,16.59,19.64,17.03,11.12,4.31,1.65
4314456,RS,Sul,2,risco alto e cobertura menor,24,0.5644918084144592,0.3323077,735.2134,0.96,1.380211241711606,0.0,4.31,4.31,16.92,24.62,16.62,12.31,8.0,8.62,4.31
4314464,RS,Sul,2,risco alto e cobertura menor,17,0.7413793206214905,0.3529412,741.36304,0.85,1.2304489213782739,0.0,0.0,5.88,5.88,35.29,17.65,5.88,11.76,17.65,0.0
4314472,RS,Sul,2,risco alto e cobertura menor,41,0.6363636255264282,0.44020203,734.31415,0.9111111111111111,1.6127838567197355,0.46666667,2.33,7.11,14.22,25.02,9.92,19.59,9.74,12.07,0.0
4314506,RS,Sul,2,risco alto e cobertura menor,81,0.6615411043167114,0.45723525,737.1162,0.9,1.9084850188786497,0.28888887,1.17,3.62,18.29,17.54,18.36,22.68,12.4,1.17,4.79
4314779,RS,Sul,2,risco alto e cobertura menor,22,0.7753086090087891,0.46913582,732.0158,0.6111111111111112,1.3424226808222062,0.0,10.19,0.0,7.35,24.88,31.54,15.37,6.67,4.01,0.0
4314803,RS,Sul,2,risco alto e cobertura menor,317,0.5604900121688843,0.39799803,730.47754,0.8498659517426274,2.5010592622177517,0.02680965,4.42,8.45,13.6,17.54,21.2,17.89,11.19,4.53,1.18
4314902,RS,Sul,2,risco alto e cobertura menor,7424,0.45590367913246155,0.2750785,714.39514,0.718266253869969,3.8706379632108057,0.6375509,8.17,12.26,21.07,18.78,16.72,12.18,7.15,2.66,1.0
4315305,RS,Sul,2,risco alto e cobertura menor,244,0.6586558222770691,0.46809182,734.9918,0.9037037037037037,2.387389826338729,0.732342,2.86,8.72,14.58,14.61,16.37,23.46,14.65,3.49,1.26
4315313,RS,Sul,2,risco alto e cobertura menor,15,0.529411792755127,0.4,730.678,0.7894736842105263,1.1760912590556813,0.0,0.0,20.0,6.67,20.0,13.33,13.33,20.0,6.67,0.0
4315321,RS,Sul,2,risco alto e cobertura menor,8,0.800000011920929,0.25,723.2139,0.6666666666666666,0.9030899869919435,1.0,0.0,25.0,0.0,12.5,50.0,0.0,12.5,0.0,0.0
4315503,RS,Sul,2,risco alto e cobertura menor,117,0.6093252301216125,0.4238861,729.4014,0.8013698630136986,2.0681858617461617,0.36301374,1.42,10.17,13.54,23.46,13.21,22.26,12.9,3.05,0.0
4315602,RS,Sul,2,risco alto e cobertura menor,1519,0.5409331321716309,0.43580076,733.64136,0.7817807514153371,3.1815577738627865,0.21629415,4.52,7.0,14.45,16.98,18.92,16.43,14.19,5.05,2.48
4315800,RS,Sul,2,risco alto e cobertura menor,83,0.7563800811767578,0.4497465,740.2934,0.8469387755102041,1.919078092376074,0.0,0.0,8.24,12.22,21.66,17.8,20.37,9.06,6.1,4.54
4316402,RS,Sul,2,risco alto e cobertura menor,280,0.5355750918388367,0.3669608,725.66766,0.8092485549132948,2.4471580313422194,0.6127168,3.88,10.08,15.52,19.9,18.82,19.36,8.3,3.39,0.75
4316600,RS,Sul,2,risco alto e cobertura menor,160,0.7403298616409302,0.5325603,746.15546,0.9195402298850575,2.2041199826559246,0.3678161,1.89,4.49,9.91,13.95,20.87,23.54,14.02,8.18,3.15
4316709,RS,Sul,2,risco alto e cobertura menor,84,0.6819108724594116,0.42824677,729.0393,0.9230769230769231,1.9242792860618816,0.13186814,4.72,10.71,13.3,15.26,21.56,17.4,9.97,7.09,0.0
4316733,RS,Sul,2,risco alto e cobertura menor,22,0.75,0.40909088,733.3013,0.9565217391304348,1.3424226808222062,0.0,0.0,4.55,9.09,27.27,22.73,22.73,13.64,0.0,0.0
4316758,RS,Sul,2,risco alto e cobertura menor,79,0.9092137813568115,0.4729721,737.95825,0.9518072289156626,1.8976270912904414,0.21686745,1.2,5.04,12.52,18.72,24.04,19.19,12.86,6.42,0.0
4316808,RS,Sul,2,risco alto e cobertura menor,1033,0.697838306427002,0.48443183,738.7402,0.8644351464435146,3.0141003215196207,0.44643262,3.37,6.06,13.05,15.24,19.21,20.17,13.98,6.55,2.38
4316907,RS,Sul,2,risco alto e cobertura menor,1694,0.6486068367958069,0.40450704,729.51917,0.7759963353183692,3.228913405994688,0.33998466,4.62,8.41,14.46,16.99,20.84,17.91,12.09,3.07,1.61
4316972,RS,Sul,2,risco alto e cobertura menor,35,0.42410165071487427,0.25737908,722.33655,0.9459459459459459,1.5440680443502757,0.0,5.72,11.38,8.56,28.66,19.94,11.41,8.59,5.74,0.0
4317004,RS,Sul,2,risco alto e cobertura menor,42,0.5365919470787048,0.33886057,730.0943,0.8571428571428571,1.6232492903979006,0.3877551,2.68,2.68,15.16,29.04,25.17,13.97,6.99,4.31,0.0
4317103,RS,Sul,2,risco alto e cobertura menor,682,0.5624606609344482,0.4800493,738.7113,0.8197115384615384,2.833784374656479,0.7111861,2.96,5.03,10.19,19.01,21.48,21.2,14.02,3.61,2.52
4317202,RS,Sul,2,risco alto e cobertura menor,710,0.7013089060783386,0.51260966,741.0403,0.9354413702239789,2.8512583487190755,0.4881535,3.08,3.58,12.27,16.47,21.4,19.46,15.64,6.25,1.84
4317301,RS,Sul,2,risco alto e cobertura menor,254,0.5373514294624329,0.46111473,736.8701,0.8327868852459016,2.404833716619938,0.3257553,3.9,6.7,11.13,15.99,18.56,22.53,14.64,4.35,2.21
4317509,RS,Sul,2,risco alto e cobertura menor,613,0.6345617771148682,0.42827687,733.1981,0.9190404797601199,2.787460474518415,0.4924925,2.59,6.83,14.31,18.09,21.78,20.85,9.14,5.64,0.76
4317558,RS,Sul,2,risco alto e cobertura menor,26,0.7222222089767456,0.34615386,731.77216,1.0,1.414973347970818,0.0,0.0,7.69,15.38,11.54,34.62,23.08,3.85,0.0,3.85
4317707,RS,Sul,2,risco alto e cobertura menor,97,0.7704592943191528,0.54350394,744.3666,0.8818181818181818,1.9867717342662448,0.2272727,0.96,8.51,9.57,12.25,19.74,21.65,17.69,4.79,4.85
4318002,RS,Sul,2,risco alto e cobertura menor,492,0.6343373656272888,0.4823982,737.97394,0.7735849056603774,2.69196510276736,0.3789308,1.59,6.04,17.46,13.93,18.48,20.55,15.78,3.94,2.25
4318051,RS,Sul,2,risco alto e cobertura menor,20,0.790256142616272,0.4,742.6136,0.8333333333333334,1.3010299956639813,1.0,0.0,0.0,10.0,20.0,35.0,15.0,15.0,0.0,5.0
4318200,RS,Sul,2,risco alto e cobertura menor,247,0.622612476348877,0.43972737,733.87286,0.9114391143911439,2.392696953259666,0.601476,1.63,10.71,12.95,18.84,16.23,20.82,11.89,5.26,1.66
4318309,RS,Sul,2,risco alto e cobertura menor,533,0.6272261142730713,0.39119247,725.0784,0.8063540090771558,2.7267272090265724,0.3207262,7.2,10.03,16.06,15.15,18.36,16.89,9.56,5.31,1.43
4318465,RS,Sul,2,risco alto e cobertura menor,9,0.8666666746139526,0.3333333,725.5292,0.8181818181818182,0.9542425094393249,1.0,11.11,0.0,22.22,11.11,22.22,11.11,22.22,0.0,0.0
4318481,RS,Sul,2,risco alto e cobertura menor,32,0.7875436544418335,0.4375,737.6507,1.0,1.505149978319906,0.0,3.12,6.25,12.5,15.63,21.88,18.75,9.38,9.38,3.13
4318507,RS,Sul,2,risco alto e cobertura menor,243,0.5726333260536194,0.41611058,730.2006,0.8293515358361775,2.385606273598312,0.24708308,4.0,6.52,16.13,21.49,16.01,20.23,10.92,1.66,3.05
4318606,RS,Sul,2,risco alto e cobertura menor,60,0.6781715154647827,0.38289472,736.8007,0.9230769230769231,1.7781512503836436,0.3846154,1.54,3.32,9.81,16.98,36.84,18.28,8.18,3.51,1.54
4318614,RS,Sul,2,risco alto e cobertura menor,16,0.8500000238418579,0.375,726.24976,0.8888888888888888,1.2041199826559248,0.0,0.0,6.25,31.25,12.5,25.0,12.5,6.25,0.0,6.25
4318622,RS,Sul,2,risco alto e cobertura menor,47,0.6159406900405884,0.37121537,733.79944,0.6911764705882353,1.6720978579357175,0.0,2.49,0.0,21.95,19.34,20.88,18.73,14.12,2.49,0.0
4318705,RS,Sul,2,risco alto e cobertura menor,1839,0.5643433332443237,0.37656114,725.8739,0.7243009058684522,3.2645817292380777,0.20463939,5.46,9.63,15.96,18.09,18.77,16.25,11.57,3.19,1.08
4318804,RS,Sul,2,risco alto e cobertura menor,355,0.7454847693443298,0.57587963,748.112,0.801354401805869,2.550228353055094,0.21837644,3.91,5.67,9.39,12.67,16.2,17.58,22.84,7.46,4.28
4318903,RS,Sul,2,risco alto e cobertura menor,368,0.7921905517578125,0.49273503,740.29407,0.9223057644110275,2.5658478186735176,0.52882206,1.86,4.09,10.87,19.55,21.54,20.79,13.73,6.23,1.35
4319000,RS,Sul,2,risco alto e cobertura menor,152,0.8276945352554321,0.44423032,740.1157,0.8888888888888888,2.1818435879447726,0.33918127,1.98,8.08,5.94,18.46,26.46,15.91,14.08,7.84,1.25
4319125,RS,Sul,2,risco alto e cobertura menor,31,0.66508948802948,0.35653234,727.9002,0.8857142857142857,1.4913616938342726,0.5714286,3.17,0.0,22.34,29.18,12.94,12.94,19.41,0.0,0.0
4319158,RS,Sul,2,risco alto e cobertura menor,75,0.7632790207862854,0.50707626,734.04236,0.9615384615384616,1.8750612633917,0.19230771,2.8,8.97,14.89,10.81,21.2,24.23,13.15,3.94,0.0
4319208,RS,Sul,2,risco alto e cobertura menor,41,0.6577868461608887,0.3658624,728.1024,0.8913043478260869,1.6127838567197355,0.6304348,5.28,5.02,15.24,15.44,27.11,18.86,10.87,2.17,0.0
4319505,RS,Sul,2,risco alto e cobertura menor,209,0.7066261768341064,0.44076437,736.7526,0.8931623931623932,2.3201462861110542,0.3717949,2.25,6.35,13.11,18.79,19.64,20.03,11.87,5.79,2.18
4319604,RS,Sul,2,risco alto e cobertura menor,145,0.769019365310669,0.52229834,743.0007,0.8529411764705882,2.161368002234975,0.21925926,2.82,7.03,6.37,15.17,23.77,22.41,15.68,5.39,1.35
4319703,RS,Sul,2,risco alto e cobertura menor,23,0.9175823926925659,0.4848485,746.2766,0.8846153846153846,1.3617278360175928,0.0,0.0,4.17,4.17,21.59,26.14,26.52,8.71,4.17,4.55
4319737,RS,Sul,2,risco alto e cobertura menor,13,0.7142857909202576,0.46153846,738.0636,1.0,1.1139433523068367,0.0,0.0,0.0,7.69,23.08,30.77,30.77,7.69,0.0,0.0
4319752,RS,Sul,2,risco alto e cobertura menor,31,0.9412620067596436,0.41935483,738.6373,1.0,1.4913616938342726,0.48387095,3.23,0.0,16.13,25.81,12.9,16.13,19.35,6.45,0.0
4319802,RS,Sul,2,risco alto e cobertura menor,82,0.7371838092803955,0.4625511,740.83044,0.9010989010989011,1.9138138523837167,0.26373622,2.49,2.29,10.05,19.36,25.61,16.1,18.08,4.68,1.34
4319901,RS,Sul,2,risco alto e cobertura menor,826,0.6982438564300537,0.43792424,734.4743,0.8454452405322416,2.9169800473203824,0.17707267,3.48,8.36,12.22,16.35,22.01,18.63,11.62,4.96,2.37
4320008,RS,Sul,2,risco alto e cobertura menor,1389,0.597403883934021,0.4788271,736.9841,0.9013627514600908,3.1427022457376155,0.20326705,4.18,6.42,11.36,16.43,20.1,19.78,14.2,5.17,2.35
4320107,RS,Sul,2,risco alto e cobertura menor,214,0.7225038409233093,0.4990155,741.5665,0.8458498023715415,2.330413773349191,0.22134387,1.58,4.56,11.18,14.91,25.61,19.79,15.64,5.42,1.31
4320230,RS,Sul,2,risco alto e cobertura menor,19,0.8529412150382996,0.38405797,742.9797,0.9047619047619048,1.2787536009528289,0.0,6.12,0.0,0.0,31.29,26.53,25.17,10.88,0.0,0.0
4320354,RS,Sul,2,risco alto e cobertura menor,30,0.738103449344635,0.23494898,709.41425,0.8571428571428571,1.4771212547196624,0.0,10.05,13.32,16.84,23.24,19.72,10.18,6.66,0.0,0.0
4320404,RS,Sul,2,risco alto e cobertura menor,144,0.8568955063819885,0.53243923,745.585,0.8135593220338984,2.1583624920952498,0.27118644,0.65,5.01,10.45,18.75,15.73,22.8,17.45,7.86,1.3
4320453,RS,Sul,2,risco alto e cobertura menor,18,0.8541291356086731,0.11111111,712.16943,1.0,1.255272505103306,0.0,5.56,0.0,27.78,33.33,22.22,11.11,0.0,0.0,0.0
4320503,RS,Sul,2,risco alto e cobertura menor,28,0.7008506655693054,0.47214857,739.9401,0.9655172413793104,1.4471580313422192,0.0,6.9,6.9,3.71,17.77,21.22,18.3,18.04,3.71,3.45
4320552,RS,Sul,2,risco alto e cobertura menor,13,0.7477390170097351,0.46153846,743.90094,1.0,1.1139433523068367,0.0,0.0,7.69,0.0,7.69,46.15,23.08,15.38,0.0,0.0
4320602,RS,Sul,2,risco alto e cobertura menor,31,0.695380687713623,0.3548387,718.91876,1.0,1.4913616938342726,1.0,16.13,6.45,6.45,16.13,25.81,22.58,6.45,0.0,0.0
4320651,RS,Sul,2,risco alto e cobertura menor,14,0.6666666269302368,0.35714287,724.9917,0.7,1.146128035678238,0.0,0.0,7.14,28.57,21.43,7.14,21.43,14.29,0.0,0.0
4320677,RS,Sul,2,risco alto e cobertura menor,63,0.6964115500450134,0.36340937,723.18524,0.9,1.7993405494535817,0.0,4.62,9.59,17.35,22.83,16.07,14.19,11.07,2.86,1.43
4320859,RS,Sul,2,risco alto e cobertura menor,59,0.5585103034973145,0.22477718,718.5545,0.8676470588235294,1.7708520116421442,0.2794118,5.08,8.85,16.81,23.26,27.05,6.85,8.93,3.17,0.0
4320909,RS,Sul,2,risco alto e cobertura menor,329,0.711250364780426,0.4728471,738.83765,0.9454022988505747,2.5171958979499744,0.123563215,2.05,5.38,12.27,17.17,21.59,22.12,11.67,6.2,1.56
4321105,RS,Sul,2,risco alto e cobertura menor,132,0.6055506467819214,0.5129152,736.50714,0.8516129032258064,2.12057393120585,0.3677419,1.67,8.61,11.75,16.96,19.33,20.24,16.32,3.74,1.37
4321204,RS,Sul,2,risco alto e cobertura menor,490,0.6128415465354919,0.450513,734.9672,0.9459459459459459,2.690196080028514,0.32688588,3.88,5.33,13.07,16.85,22.44,18.65,15.45,3.52,0.82
4321303,RS,Sul,2,risco alto e cobertura menor,226,0.6169187426567078,0.25639635,715.17596,0.8158844765342961,2.3541084391474008,0.700361,4.39,16.41,18.25,20.49,18.12,11.8,8.88,1.2,0.45
4321352,RS,Sul,2,risco alto e cobertura menor,39,0.5859180688858032,0.2888889,717.156,0.8666666666666667,1.591064607026499,0.4,4.44,22.22,12.22,20.0,12.22,20.0,2.22,4.44,2.22
4321493,RS,Sul,2,risco alto e cobertura menor,16,1.0,0.3865546,715.0696,0.9411764705882353,1.2041199826559248,0.0,23.53,0.0,5.88,26.05,19.33,12.61,6.72,5.88,0.0
4321501,RS,Sul,2,risco alto e cobertura menor,439,0.6471065282821655,0.48013216,740.4703,0.8346007604562737,2.6424645202421213,0.39184633,3.79,5.7,12.06,16.9,17.9,19.47,13.5,5.64,5.04
4321600,RS,Sul,2,risco alto e cobertura menor,598,0.5911597609519958,0.40196213,726.8138,0.7786458333333334,2.776701183988411,0.16276042,6.35,9.47,16.13,15.28,18.15,18.28,10.8,3.54,1.99
4321634,RS,Sul,2,risco alto e cobertura menor,15,1.0,0.4,735.3879,1.0,1.1760912590556813,0.0,6.67,0.0,6.67,20.0,40.0,6.67,20.0,0.0,0.0
4321709,RS,Sul,2,risco alto e cobertura menor,239,0.5548465251922607,0.42240083,734.63007,0.8690909090909091,2.3783979009481375,0.0,1.32,6.58,17.48,16.52,21.42,17.69,11.86,5.96,1.17
4321808,RS,Sul,2,risco alto e cobertura menor,211,0.7422756552696228,0.52129394,743.6462,0.9377777777777778,2.3242824552976926,0.2266667,3.38,2.79,9.45,15.26,23.67,18.05,19.38,6.55,1.48
4321832,RS,Sul,2,risco alto e cobertura menor,24,0.6086956858634949,0.5529101,745.16565,0.8888888888888888,1.380211241711606,0.6296296,0.0,3.7,3.7,33.6,16.4,25.4,12.7,0.0,4.5
4322103,RS,Sul,2,risco alto e cobertura menor,47,0.7347115278244019,0.4689394,739.92706,0.8545454545454545,1.6720978579357175,0.6545455,1.93,0.0,13.37,16.97,22.77,30.08,11.14,1.82,1.93
4322152,RS,Sul,2,risco alto e cobertura menor,22,0.7989619374275208,0.41071427,743.1621,0.9166666666666666,1.3424226808222062,0.0,0.0,4.17,5.36,9.52,49.4,13.69,13.69,4.17,0.0
4322202,RS,Sul,2,risco alto e cobertura menor,177,0.6826394200325012,0.42852607,732.8324,0.9123711340206185,2.247973266361807,0.4742268,5.82,1.93,11.29,16.97,29.03,21.82,11.01,1.6,0.52
4322301,RS,Sul,2,risco alto e cobertura menor,76,0.8810234665870667,0.5301842,741.46674,0.8085106382978723,1.8808135922807914,0.11702128,0.0,4.59,12.44,16.15,19.94,28.05,15.07,2.58,1.18
4322376,RS,Sul,2,risco alto e cobertura menor,21,0.6936089992523193,0.5555555,738.4351,0.875,1.3222192947339193,0.41666666,4.63,12.96,0.0,4.17,35.65,21.3,21.3,0.0,0.0
4322400,RS,Sul,2,risco alto e cobertura menor,966,0.609459400177002,0.45734823,734.3449,0.7351598173515982,2.9849771264154934,0.46879756,2.69,6.13,16.57,14.72,19.83,20.82,14.01,4.14,1.09
4322509,RS,Sul,2,risco alto e cobertura menor,716,0.7075297236442566,0.41312215,734.4706,0.8678787878787879,2.8549130223078554,0.34787878,3.97,6.12,10.99,18.85,23.19,18.1,12.07,5.1,1.61
4322525,RS,Sul,2,risco alto e cobertura menor,30,0.8553408980369568,0.47067901,743.82465,0.8333333333333334,1.4771212547196624,0.0,3.94,5.86,2.93,17.67,25.46,20.6,13.73,5.86,3.94
4322541,RS,Sul,2,risco alto e cobertura menor,64,0.7599470615386963,0.4000902,728.4982,0.8888888888888888,1.806179973983887,0.33333334,2.78,9.3,14.52,14.8,36.42,8.08,9.38,4.72,0.0
4322707,RS,Sul,2,risco alto e cobertura menor,202,0.7045486569404602,0.44526482,733.7548,0.9395348837209302,2.305351369446624,0.19534884,4.07,7.01,13.97,14.11,22.96,18.67,15.25,2.95,1.01
4322855,RS,Sul,2,risco alto e cobertura menor,15,0.8125,0.4666667,731.338,0.9375,1.1760912590556813,0.0,0.0,0.0,13.33,26.67,13.33,40.0,6.67,0.0,0.0
4323002,RS,Sul,2,risco alto e cobertura menor,2430,0.5817977786064148,0.3677082,724.74475,0.823728813559322,3.385606273598312,0.14773138,5.79,10.07,15.75,17.34,19.19,17.66,10.29,2.92,1.0
4323200,RS,Sul,2,risco alto e cobertura menor,16,0.8892307281494141,0.5625,736.8845,0.8888888888888888,1.2041199826559248,0.0,0.0,6.25,18.75,12.5,12.5,37.5,12.5,0.0,0.0
4323358,RS,Sul,2,risco alto e cobertura menor,17,0.7120794653892517,0.5294118,747.20483,1.0,1.2304489213782739,0.0,0.0,11.76,5.88,11.76,23.53,17.65,17.65,5.88,5.88
4323457,RS,Sul,2,risco alto e cobertura menor,32,0.5354620218276978,0.43990928,744.29987,0.9142857142857143,1.505149978319906,0.0,0.0,3.06,9.3,15.53,40.82,12.47,9.52,3.06,6.24
4323804,RS,Sul,2,risco alto e cobertura menor,205,0.5683646202087402,0.38097382,728.5168,0.8401639344262295,2.311753861055754,0.0,3.2,11.4,16.09,16.58,19.14,16.61,11.69,3.46,1.83
5000708,MS,Centro-Oeste,2,risco alto e cobertura menor,405,0.3174999952316284,0.41693255,726.65845,0.9101123595505618,2.6074550232146687,0.05388038,5.53,11.86,13.33,15.41,18.02,20.69,10.14,4.28,0.75
5000906,MS,Centro-Oeste,2,risco alto e cobertura menor,145,0.5447761416435242,0.56213707,742.2843,0.9354838709677419,2.161368002234975,0.0,2.08,2.72,13.94,11.2,22.71,23.19,17.88,5.64,0.65
5001003,MS,Centro-Oeste,2,risco alto e cobertura menor,434,0.5145118832588196,0.5750591,746.47003,0.9333333333333333,2.637489729512511,0.0,2.76,4.63,9.22,12.55,18.83,22.69,19.88,7.95,1.51
5001508,MS,Centro-Oeste,2,risco alto e cobertura menor,128,0.2594936788082123,0.52431935,734.8889,0.9078014184397163,2.1072099696478683,0.0,4.51,6.18,16.3,8.58,20.44,26.28,13.06,4.65,0.0
5001904,MS,Centro-Oeste,2,risco alto e cobertura menor,321,0.3765822649002075,0.52316105,734.696,0.9250720461095101,2.506505032404872,0.0,4.64,8.46,15.06,8.42,17.18,24.76,18.7,2.16,0.62
5002100,MS,Centro-Oeste,2,risco alto e cobertura menor,321,0.43910256028175354,0.48182657,734.2288,0.8722826086956522,2.506505032404872,0.0,4.66,6.52,11.69,13.62,23.21,22.66,15.53,2.1,0.0
5002159,MS,Centro-Oeste,2,risco alto e cobertura menor,137,0.44961240887641907,0.46438044,733.7531,0.8253012048192772,2.1367205671564067,0.0,3.53,9.29,13.4,10.58,19.59,23.65,16.36,3.59,0.0
5002209,MS,Centro-Oeste,2,risco alto e cobertura menor,398,0.5364583134651184,0.5879007,743.2977,0.9277389277389277,2.5998830720736876,0.0,2.72,6.2,10.48,10.2,19.39,26.24,19.04,4.73,1.0
5002605,MS,Centro-Oeste,2,risco alto e cobertura menor,182,0.31555554270744324,0.5824335,744.83044,0.91,2.2600713879850747,0.07978404,3.22,5.71,7.12,10.89,19.19,28.7,18.76,5.33,1.08
5002704,MS,Centro-Oeste,2,risco alto e cobertura menor,10001,0.4189576506614685,0.51594895,736.7199,0.8923886856429017,4.000043427276863,0.008468346,4.9,7.52,11.8,11.39,18.93,23.13,16.68,4.51,1.13
5002902,MS,Centro-Oeste,2,risco alto e cobertura menor,230,0.3784722089767456,0.5437573,734.06744,0.8949416342412452,2.361727836017593,0.0,5.85,6.28,13.01,10.46,18.26,30.24,13.37,2.05,0.49
5003108,MS,Centro-Oeste,2,risco alto e cobertura menor,68,0.45652174949645996,0.58665705,739.7839,0.9855072463768116,1.8325089127062364,0.0,2.9,10.22,8.92,5.87,16.48,35.24,18.92,1.45,0.0
5003207,MS,Centro-Oeste,2,risco alto e cobertura menor,1250,0.4167962670326233,0.38296604,724.3304,0.8202099737532809,3.0969100130080562,0.0,5.73,9.13,17.01,15.75,20.47,19.43,9.69,2.49,0.3
5003256,MS,Centro-Oeste,2,risco alto e cobertura menor,451,0.39024388790130615,0.54857004,736.3654,0.9719827586206896,2.6541765418779604,0.0,4.65,5.95,12.65,11.92,19.24,25.48,15.47,3.98,0.65
5003306,MS,Centro-Oeste,2,risco alto e cobertura menor,467,0.4013303816318512,0.39190495,723.427,0.9211045364891519,2.6693168805661123,0.0,6.32,11.12,18.72,11.17,19.04,18.81,11.59,3.02,0.22
5003488,MS,Centro-Oeste,2,risco alto e cobertura menor,204,0.38725489377975464,0.39879042,723.0743,0.9488372093023256,2.3096301674258988,0.0,6.34,7.05,17.77,17.63,17.78,22.81,10.08,0.0,0.54
5003702,MS,Centro-Oeste,2,risco alto e cobertura menor,3216,0.4091055989265442,0.53203875,738.1819,0.8297213622291022,3.5073160400764136,0.047185425,4.78,6.63,10.0,11.61,20.86,24.68,15.86,4.69,0.89
5003801,MS,Centro-Oeste,2,risco alto e cobertura menor,252,0.6100000143051147,0.59585667,743.0924,0.9097472924187726,2.401400540781544,0.0,2.85,4.74,10.79,9.82,19.9,30.17,18.52,2.49,0.72
5004304,MS,Centro-Oeste,2,risco alto e cobertura menor,241,0.38277512788772583,0.6001278,745.6153,0.964,2.3820170425748683,0.0,2.09,6.63,8.72,9.26,22.67,25.81,13.96,8.27,2.58
5004403,MS,Centro-Oeste,2,risco alto e cobertura menor,122,0.34259259700775146,0.51705927,735.22235,0.991869918699187,2.0863598306747484,0.0,5.69,4.88,14.01,9.05,22.06,22.32,16.3,5.69,0.0
5004502,MS,Centro-Oeste,2,risco alto e cobertura menor,243,0.6899224519729614,0.54291666,740.6326,0.8741007194244604,2.385606273598312,0.11892357,1.74,5.85,12.25,13.39,18.32,26.44,17.33,4.23,0.45
5004809,MS,Centro-Oeste,2,risco alto e cobertura menor,121,0.21387283504009247,0.44192067,734.6006,0.8962962962962963,2.0827853703164503,0.20716187,0.0,4.78,11.78,21.53,28.32,19.79,12.97,0.0,0.83
5004908,MS,Centro-Oeste,2,risco alto e cobertura menor,87,0.3883495032787323,0.45212242,724.7776,0.9560439560439561,1.9395192526186185,0.0,7.86,4.56,20.59,12.62,20.6,19.87,11.59,2.3,0.0
5005004,MS,Centro-Oeste,2,risco alto e cobertura menor,360,0.359050452709198,0.53845614,736.732,0.8372093023255814,2.5563025007672873,0.0,4.47,9.28,9.24,11.26,21.02,22.86,16.98,4.09,0.8
5005103,MS,Centro-Oeste,2,risco alto e cobertura menor,68,0.4615384638309479,0.5789766,739.6315,0.9444444444444444,1.8325089127062364,0.77811676,3.12,3.12,12.03,17.68,13.36,30.27,16.26,4.17,0.0
5005152,MS,Centro-Oeste,2,risco alto e cobertura menor,160,0.22794117033481598,0.47667477,733.4986,0.8839779005524862,2.2041199826559246,0.0,2.02,5.64,16.9,12.6,22.21,27.77,10.49,2.36,0.0
5005202,MS,Centro-Oeste,2,risco alto e cobertura menor,332,0.25172412395477295,0.33374572,717.1729,0.8383838383838383,2.5211380837040362,0.0,6.78,16.72,18.12,14.01,16.13,15.56,8.99,3.69,0.0
5005400,MS,Centro-Oeste,2,risco alto e cobertura menor,648,0.40866872668266296,0.46565545,731.7481,0.8382923673997412,2.8115750058705933,0.0,4.54,7.65,13.56,13.88,19.59,24.62,11.17,3.92,1.08
5005608,MS,Centro-Oeste,2,risco alto e cobertura menor,396,0.26753246784210205,0.3878759,719.5979,0.8497854077253219,2.597695185925512,0.0,8.36,10.57,19.03,10.14,22.71,19.55,8.21,1.43,0.0
5005681,MS,Centro-Oeste,2,risco alto e cobertura menor,239,0.824999988079071,0.49428767,733.59467,0.9157088122605364,2.3783979009481375,0.13057815,4.39,5.64,12.82,14.35,22.21,26.26,10.74,3.08,0.5
5005707,MS,Centro-Oeste,2,risco alto e cobertura menor,801,0.6056860089302063,0.5986495,744.0103,0.90304396843292,2.9036325160842376,0.0,3.04,7.28,9.61,9.24,16.91,27.66,18.4,6.85,1.0
5005806,MS,Centro-Oeste,2,risco alto e cobertura menor,183,0.5508474707603455,0.6099358,740.99176,0.8632075471698113,2.2624510897304293,0.0,2.86,7.35,8.15,7.82,21.28,34.58,15.63,2.34,0.0
5006002,MS,Centro-Oeste,2,risco alto e cobertura menor,381,0.37228259444236755,0.5651845,738.5909,0.9621212121212122,2.5809249756756194,0.0,4.58,7.56,9.35,8.55,20.94,28.99,15.68,3.35,1.01
5006309,MS,Centro-Oeste,2,risco alto e cobertura menor,451,0.3083164393901825,0.5519167,741.9103,0.9616204690831557,2.6541765418779604,0.0,2.19,6.48,9.93,12.42,18.9,27.96,15.3,6.41,0.43
5006408,MS,Centro-Oeste,2,risco alto e cobertura menor,110,0.3366336524486542,0.55851644,742.7285,0.859375,2.041392685158225,0.0,3.65,5.59,11.91,10.33,16.26,23.68,20.61,7.98,0.0
5007109,MS,Centro-Oeste,2,risco alto e cobertura menor,419,0.3435294032096863,0.42884982,727.6306,0.8972162740899358,2.622214022966295,0.0,4.97,11.2,14.86,11.26,21.41,20.68,12.91,1.63,1.08
5007208,MS,Centro-Oeste,2,risco alto e cobertura menor,569,0.4038800597190857,0.52764416,736.6402,0.9530988274706867,2.7551122663950713,0.0,4.54,7.51,10.54,13.33,18.41,24.42,16.67,3.55,1.03
5007307,MS,Centro-Oeste,2,risco alto e cobertura menor,81,0.5308641791343689,0.5304581,742.64417,0.9878048780487805,1.9084850188786497,0.0,2.57,4.95,12.26,15.99,13.62,15.99,25.95,7.38,1.29
5007406,MS,Centro-Oeste,2,risco alto e cobertura menor,288,0.47756409645080566,0.4910704,732.60913,0.8495575221238938,2.459392487759231,0.0,4.35,10.78,13.11,11.03,18.36,22.98,14.81,3.92,0.66
5007505,MS,Centro-Oeste,2,risco alto e cobertura menor,90,0.3870967626571655,0.489949,733.95013,0.9,1.954242509439325,0.0,1.26,12.33,15.89,14.85,11.96,20.15,18.11,4.4,1.05
5007554,MS,Centro-Oeste,2,risco alto e cobertura menor,137,0.48275861144065857,0.51305324,737.94543,0.9647887323943662,2.1367205671564067,0.0,2.19,5.23,12.94,12.23,22.52,28.41,13.42,2.36,0.7
5007703,MS,Centro-Oeste,2,risco alto e cobertura menor,162,0.5424836874008179,0.5308642,739.8354,1.0,2.2095150145426308,0.0,0.62,2.47,16.05,16.67,17.9,29.63,14.2,1.85,0.62
5007802,MS,Centro-Oeste,2,risco alto e cobertura menor,97,0.2666666805744171,0.5982644,744.4914,0.9897959183673469,1.9867717342662448,0.0,2.09,5.16,11.28,11.33,19.55,24.76,16.6,8.16,1.07
5007901,MS,Centro-Oeste,2,risco alto e cobertura menor,726,0.3623789846897125,0.39840603,725.84094,0.7798066595059077,2.8609366207000937,0.0,5.16,8.69,15.72,13.52,22.91,22.86,9.59,1.13,0.42
5007950,MS,Centro-Oeste,2,risco alto e cobertura menor,187,0.5189189314842224,0.56605756,740.30273,0.935,2.271841606536499,0.0,2.71,2.16,12.35,15.49,19.12,31.76,11.66,4.75,0.0
5008008,MS,Centro-Oeste,2,risco alto e cobertura menor,277,0.5693950057029724,0.49639818,739.06177,0.9551724137931035,2.4424797690644486,0.12067005,2.11,4.96,9.27,15.58,26.66,22.94,14.35,3.42,0.7
5008404,MS,Centro-Oeste,2,risco alto e cobertura menor,92,0.6477272510528564,0.5439527,735.9119,0.9387755102040817,1.9637878273455553,0.18417297,5.73,4.46,14.04,9.6,22.56,26.28,14.16,2.1,1.08
5100102,MT,Centro-Oeste,2,risco alto e cobertura menor,62,0.3797425627708435,0.40411797,739.4871,0.9538461538461539,1.792391689498254,0.0,0.0,1.69,7.99,25.75,33.93,11.18,14.66,4.79,0.0
5100359,MT,Centro-Oeste,2,risco alto e cobertura menor,96,0.9366963505744934,0.4885845,733.09265,0.9320388349514563,1.9822712330395684,0.0,7.2,8.3,8.34,13.8,19.2,21.91,15.24,6.02,0.0
5100409,MT,Centro-Oeste,2,risco alto e cobertura menor,172,0.4074932932853699,0.52898395,743.50824,0.9347826086956522,2.2355284469075487,0.0,1.81,2.98,12.7,20.35,14.49,24.6,10.86,9.91,2.3
5100508,MT,Centro-Oeste,2,risco alto e cobertura menor,73,0.7065873146057129,0.5245395,750.6342,0.8690476190476191,1.863322860120456,0.0,0.0,7.16,5.56,15.62,23.45,13.13,20.69,10.57,3.83
5101605,MT,Centro-Oeste,2,risco alto e cobertura menor,76,0.6776593327522278,0.522419,745.8283,0.8735632183908046,1.8808135922807914,0.7930558,1.31,3.82,8.54,22.16,17.04,19.0,13.2,12.29,2.64
5102504,MT,Centro-Oeste,2,risco alto e cobertura menor,1038,0.47530093789100647,0.51264113,743.35034,0.9041811846689896,3.016197353512439,0.0,2.27,5.06,11.43,16.47,18.29,18.24,18.06,7.72,2.48
5102603,MT,Centro-Oeste,2,risco alto e cobertura menor,131,0.38790109753608704,0.44150168,730.47864,0.81875,2.1172712956557644,0.0,8.66,15.53,9.59,13.82,10.57,15.63,9.03,11.7,5.48
5102702,MT,Centro-Oeste,2,risco alto e cobertura menor,303,0.34749025106430054,0.42060372,731.6843,0.8393351800554016,2.481442628502305,0.0,3.02,9.4,18.31,16.03,17.12,14.03,14.93,3.84,3.3
5103106,MT,Centro-Oeste,2,risco alto e cobertura menor,86,0.7874861359596252,0.5238613,741.95575,0.9347826086956522,1.9344984512435677,0.0,3.57,4.61,11.83,12.68,19.62,23.18,19.87,4.64,0.0
5103304,MT,Centro-Oeste,2,risco alto e cobertura menor,230,0.5775697231292725,0.47603974,740.7764,0.8984375,2.361727836017593,0.0,2.62,5.65,12.26,17.79,18.88,14.47,18.66,6.55,3.11
5103353,MT,Centro-Oeste,2,risco alto e cobertura menor,583,0.3558558225631714,0.5424908,742.53766,0.9239302694136292,2.765668554759014,0.0,2.26,4.47,11.96,17.92,14.75,21.88,18.27,6.85,1.66
5103403,MT,Centro-Oeste,2,risco alto e cobertura menor,5876,0.5425105690956116,0.4659918,737.8005,0.8400285918513224,3.769081787118219,0.00801286,3.64,7.21,12.68,18.04,16.56,16.61,14.86,7.87,2.53
5103700,MT,Centro-Oeste,2,risco alto e cobertura menor,153,0.651675283908844,0.51130176,749.70685,0.9053254437869822,2.184691430817599,0.0,2.09,3.85,3.81,22.52,20.32,19.44,14.01,7.14,6.82
5103908,MT,Centro-Oeste,2,risco alto e cobertura menor,64,0.5685274004936218,0.5160228,735.00946,0.7032967032967034,1.806179973983887,0.57012737,1.56,5.56,4.71,14.24,14.13,32.97,12.67,12.58,1.56
5104104,MT,Centro-Oeste,2,risco alto e cobertura menor,460,0.6214062571525574,0.54211605,748.39307,0.8897485493230174,2.662757831681574,0.0,2.13,5.51,9.2,16.6,17.53,16.79,17.4,9.61,5.23
5104609,MT,Centro-Oeste,2,risco alto e cobertura menor,207,0.42574626207351685,0.58164746,749.8632,0.8846153846153846,2.315970345456918,0.0,1.0,3.87,5.95,17.02,19.75,25.98,13.89,9.17,3.38
5104807,MT,Centro-Oeste,2,risco alto e cobertura menor,348,0.5342552065849304,0.55266976,746.99915,0.9182058047493403,2.5415792439465807,0.0,0.29,4.31,10.21,18.17,18.29,20.86,19.47,6.07,2.33
5105150,MT,Centro-Oeste,2,risco alto e cobertura menor,484,0.4499586820602417,0.56570315,748.8462,0.8461538461538461,2.6848453616444123,0.0,1.86,4.63,10.18,14.05,17.5,18.61,19.27,11.0,2.91
5105234,MT,Centro-Oeste,2,risco alto e cobertura menor,58,0.4106327295303345,0.51476854,736.8957,0.8529411764705882,1.7634279935629373,0.0,1.89,8.51,10.3,22.54,8.63,25.97,17.3,4.85,0.0
5105309,MT,Centro-Oeste,2,risco alto e cobertura menor,28,0.3764890432357788,0.46428573,741.2897,0.9333333333333333,1.4471580313422192,0.0,10.71,3.57,3.57,17.86,21.43,10.71,17.86,7.14,7.14
5105507,MT,Centro-Oeste,2,risco alto e cobertura menor,200,0.4956277906894684,0.47613078,741.9481,0.8658008658008658,2.3010299956639813,0.26896134,1.86,3.75,14.46,16.4,21.8,16.48,13.83,9.11,2.3
5105606,MT,Centro-Oeste,2,risco alto e cobertura menor,295,0.65643310546875,0.52605194,747.9483,0.8702064896755162,2.469822015978163,0.0,2.01,3.89,10.24,19.07,17.93,18.48,14.96,5.74,7.69
5105622,MT,Centro-Oeste,2,risco alto e cobertura menor,305,0.4903126358985901,0.57485265,750.09503,0.9270516717325228,2.484299839346786,0.10049213,1.75,3.64,8.02,18.23,16.54,18.23,21.28,9.37,2.93
5106257,MT,Centro-Oeste,2,risco alto e cobertura menor,245,0.7160419821739197,0.45119727,739.0118,0.8941605839416058,2.3891660843645326,0.0,1.31,8.16,12.28,15.55,25.95,16.75,10.71,5.59,3.71
5106307,MT,Centro-Oeste,2,risco alto e cobertura menor,308,0.446846067905426,0.6098713,747.04974,0.8555555555555555,2.4885507165004443,0.0,3.92,5.69,6.88,13.51,16.21,23.27,21.14,7.75,1.64
5106422,MT,Centro-Oeste,2,risco alto e cobertura menor,467,0.36045217514038086,0.41784486,730.5065,0.8963531669865643,2.6693168805661123,0.0,3.32,8.11,15.72,18.29,17.76,20.34,11.15,4.89,0.41
5106505,MT,Centro-Oeste,2,risco alto e cobertura menor,371,0.3395947217941284,0.38355795,729.1763,0.9160493827160494,2.569373909615046,0.0,2.95,9.5,11.5,21.04,22.01,19.0,10.79,1.56,1.67
5106653,MT,Centro-Oeste,2,risco alto e cobertura menor,74,0.6965242624282837,0.51186836,739.5977,0.8705882352941177,1.8692317197309762,0.0,6.8,5.46,9.4,19.04,16.17,12.13,20.25,8.07,2.68
5106778,MT,Centro-Oeste,2,risco alto e cobertura menor,158,0.3108599781990051,0.53263086,740.05096,0.8729281767955801,2.1986570869544226,0.0,2.76,6.71,10.46,16.1,16.53,23.45,17.31,4.71,1.97
5106828,MT,Centro-Oeste,2,risco alto e cobertura menor,141,0.43971675634384155,0.49799976,739.2862,0.88125,2.1492191126553797,0.0,3.51,4.06,9.2,19.09,19.82,19.61,18.92,4.37,1.43
5107008,MT,Centro-Oeste,2,risco alto e cobertura menor,242,0.4520070552825928,0.46278107,737.13214,0.8612099644128114,2.383815365980431,0.060276125,3.34,8.5,9.24,20.32,16.24,20.22,14.8,5.71,1.63
5107040,MT,Centro-Oeste,2,risco alto e cobertura menor,1060,0.4871212840080261,0.5874212,748.93646,0.8717105263157895,3.0253058652647704,0.024572445,2.35,6.08,10.24,13.25,15.24,20.16,19.15,10.06,3.47
5107198,MT,Centro-Oeste,2,risco alto e cobertura menor,36,0.489610880613327,0.5272863,747.4535,0.9,1.5563025007672873,0.0,2.79,2.79,13.94,13.91,13.85,24.99,11.08,16.64,0.0
5107354,MT,Centro-Oeste,2,risco alto e cobertura menor,109,0.513095498085022,0.3524672,728.1233,0.8384615384615385,2.037426497940624,0.0,3.79,4.55,15.36,22.17,26.49,16.86,7.16,2.73,0.9
5107578,MT,Centro-Oeste,2,risco alto e cobertura menor,57,0.5243029594421387,0.51262105,742.09845,0.9047619047619048,1.7558748556724915,0.77774256,1.66,8.21,10.14,14.91,15.53,19.81,23.19,1.59,4.97
5107776,MT,Centro-Oeste,2,risco alto e cobertura menor,80,0.4125216007232666,0.40736222,731.02673,0.8888888888888888,1.9030899869919435,0.0,8.58,7.15,8.83,23.71,14.92,15.17,11.44,10.21,0.0
5107800,MT,Centro-Oeste,2,risco alto e cobertura menor,153,0.4251258075237274,0.48063138,737.011,0.8181818181818182,2.184691430817599,1.0,4.38,4.19,15.85,13.06,18.46,21.73,13.71,7.96,0.66
5107859,MT,Centro-Oeste,2,risco alto e cobertura menor,136,0.34842920303344727,0.3336343,723.12164,0.8774193548387097,2.1335389083702174,0.0,5.15,10.04,13.21,21.7,20.73,17.79,8.46,2.92,0.0
5107909,MT,Centro-Oeste,2,risco alto e cobertura menor,2552,0.5552489757537842,0.54013115,746.1101,0.866553480475382,3.4068806700491248,0.043111645,2.58,5.36,9.39,16.54,17.32,18.67,17.92,8.74,3.48
5107958,MT,Centro-Oeste,2,risco alto e cobertura menor,1185,0.4870394170284271,0.58945274,750.0157,0.8751846381093058,3.0737183503461227,0.0,2.21,5.12,8.62,13.78,17.21,19.08,20.52,9.68,3.79
5108055,MT,Centro-Oeste,2,risco alto e cobertura menor,165,0.5871286988258362,0.6114461,750.41785,0.9217877094972067,2.2174839442139063,0.0,4.95,6.87,7.27,12.33,12.13,22.82,13.9,15.63,4.09
5108105,MT,Centro-Oeste,2,risco alto e cobertura menor,21,0.28836509585380554,0.5238095,739.4338,0.8076923076923077,1.3222192947339193,0.0,4.76,4.76,14.29,14.29,14.29,14.29,23.81,9.52,0.0
5108352,MT,Centro-Oeste,2,risco alto e cobertura menor,42,0.48815587162971497,0.23861173,721.27423,0.9130434782608695,1.6232492903979006,0.0,2.5,9.55,11.36,30.91,26.82,16.36,0.0,0.0,2.5
5108402,MT,Centro-Oeste,2,risco alto e cobertura menor,3780,0.4717402756214142,0.6026577,753.2402,0.907563025210084,3.5774917998372255,0.07415735,1.76,4.68,7.77,14.98,15.37,19.55,20.35,9.8,5.74
5108501,MT,Centro-Oeste,2,risco alto e cobertura menor,176,0.34751445055007935,0.52771163,745.7288,0.9119170984455959,2.24551266781415,0.0,1.67,5.72,11.48,14.1,17.68,20.9,16.5,9.65,2.3
5108600,MT,Centro-Oeste,2,risco alto e cobertura menor,275,0.4788112938404083,0.5522801,747.5121,0.8757961783439491,2.439332693830263,0.0,3.34,3.18,8.48,16.06,21.43,13.04,23.91,7.93,2.65
5200258,GO,Centro-Oeste,2,risco alto e cobertura menor,3010,0.4885665774345398,0.5389957,738.36444,0.9041754280564734,3.4785664955938436,0.0,3.19,6.8,11.4,11.61,19.74,27.88,14.93,3.59,0.86
5205497,GO,Centro-Oeste,2,risco alto e cobertura menor,1222,0.5138198137283325,0.61826384,744.9589,0.9554339327599687,3.0870712059065353,0.0,3.09,6.45,7.51,8.67,21.48,28.45,18.0,5.32,1.03
5212956,GO,Centro-Oeste,2,risco alto e cobertura menor,61,0.5971184372901917,0.528389,743.51794,0.9384615384615385,1.7853298350107671,0.0,4.85,0.0,9.41,11.48,27.77,28.13,15.1,1.54,1.72
5215207,GO,Centro-Oeste,2,risco alto e cobertura menor,31,0.8409378528594971,0.5483871,730.6739,1.0,1.4913616938342726,0.0,3.23,12.9,16.13,9.68,9.68,29.03,16.13,3.23,0.0
5215231,GO,Centro-Oeste,2,risco alto e cobertura menor,988,0.5228841304779053,0.5733991,742.4219,0.8681898066783831,2.9947569445876283,0.0,3.42,5.82,10.93,10.5,18.67,25.38,18.38,5.92,0.96
5218003,GO,Centro-Oeste,2,risco alto e cobertura menor,358,0.5166704654693604,0.49921292,735.9003,0.9396325459317585,2.5538830266438746,0.0,3.36,6.27,13.34,13.7,20.96,23.0,15.67,3.7,0.0
5219753,GO,Centro-Oeste,2,risco alto e cobertura menor,919,0.42498961091041565,0.5370809,739.3852,0.9454732510288066,2.9633155113861114,0.0,3.38,6.03,10.64,12.47,20.46,25.11,17.14,4.1,0.66
5220454,GO,Centro-Oeste,2,risco alto e cobertura menor,1917,0.485832154750824,0.6034156,744.54083,0.9198656429942419,3.2826221128780624,0.0,3.49,5.04,9.8,9.77,17.96,27.04,20.41,5.67,0.81
